﻿アカウント名,にこにこ買取＠業界最高の買取価格宣言！
タイムゾーン,'+09:00
ダウンロード日時,2026/02/21 04:35
送信者タイプ,送信者名,送信日,送信時刻,内容
Account,応答メッセージ,2026/01/10,14:16:06,"あーさん
はじめまして！にこにこ買取＠業界最高の買取価格宣言！です。
友だち追加ありがとうございます！
にこにこ買取です(moon big smile)

ポケモンカードなどトレーディングカード全般の買取を行っております。
買取ご希望のお客様はなんでもお気軽に連絡してください(saluting man)

ご郵送買取の流れはメニューから”郵送買取の流れ”をご確認ください(sparkle)

ご郵送買取ご希望の場合にはメニューの”申し込みフォーム”からご申請が可能となっております。

お問い合わせなどはお気にご連絡ください。"
User,あー,2026/01/10,14:42:33,"初めての利用です。
買取依頼お願いしますm(_ _)m

①インフェルノX／②8箱／③96,000円

①スタートデッキ100バトルコレクション／②4箱／③6800円

①ワンピース　ザベストvol.1／②2カートン／③170,000円

よろしくお願いします。"
Account,内藤夏樹,2026/01/10,14:55:40,"①スタートデッキ100バトルコレクション／②4箱／③6800円

こちらは募集しておりませんでしたので除外したお見積りをお送りしてもよろしいでしょうか。"
User,あー,2026/01/10,14:58:16,"スタートデッキに関しては間違いです。大変失礼しましたm(_ _)m
それ以外の査定でお願いします。

また、カートンに関しては写真をお送りしますので、ラインでの状態確認をお願いできますでしょうか？"
Account,内藤夏樹,2026/01/10,14:59:44,もちろん事前確認可能です。
Account,内藤夏樹,2026/01/10,14:59:46,お送りください。
Account,内藤夏樹,2026/01/10,15:00:28,"毎々、お世話になっております。
御見積書を送付いたします。

- 買取見積書 -

・ポケモンカード
インフェルノX BOX
8箱
単価12,000円
小計96,000円

・ワンピースカード
THE BEST vol.1 カートン
2箱
単価85,000円
小計170,000円

減額項目：
・該当なし

合計：266,000円
減額合計：-0円
最終買取金額：266,000円

※20箱以上の分量のため、送料は弊社負担（着払い）でお送りください。

【注意事項】
こちらのお見積もりを印刷して商品に同梱してください。
同梱がない場合には査定が遅れる場合がございます。
ご確認のほど、よろしくお願いいたします。"
User,あー,2026/01/10,15:02:15,写真を送信しました。
User,あー,2026/01/10,15:02:15,写真を送信しました。
User,あー,2026/01/10,15:02:15,写真を送信しました。
User,あー,2026/01/10,15:02:16,写真を送信しました。
User,あー,2026/01/10,15:02:16,写真を送信しました。
User,あー,2026/01/10,15:02:17,"カートン①
伝票剥がし跡あり"
User,あー,2026/01/10,15:02:28,写真を送信しました。
User,あー,2026/01/10,15:02:28,写真を送信しました。
User,あー,2026/01/10,15:02:28,写真を送信しました。
User,あー,2026/01/10,15:02:29,写真を送信しました。
User,あー,2026/01/10,15:02:29,写真を送信しました。
Account,内藤夏樹,2026/01/10,15:02:33,問題ありません。
User,あー,2026/01/10,15:02:43,"カートン②
伝票剥がし跡あり
天面に汚れあり"
Account,内藤夏樹,2026/01/10,15:02:53,いずれも問題ありません。
User,あー,2026/01/10,15:04:04,"ありがとうございますm(_ _)m
では、こちらの内容でフォームを送らせていただきます。"
Account,内藤夏樹,2026/01/10,15:06:13,よろしくお願いいたします。
User,あー,2026/01/10,15:41:37,"大変申し訳ございません。
住民票の取得が時間に間に合わず、お送りできなくなってしまいました。

住民票がない場合は、キャンセルになりますでしょうか？
明日追送などは不可でしょうか？？"
Account,内藤夏樹,2026/01/10,15:44:05,"後日お送りいただければ大丈夫です。
写真で裏表をお願い申し上げます。"
User,あー,2026/01/10,15:45:07,"ありがとうございます。
明日、取得し次第写真を送付し、原本は郵便でお送りします。

対応いただきありがとうございますm(_ _)m"
Account,内藤夏樹,2026/01/10,15:45:18,お手間をおかけしてしまい申し訳ございません。
Account,内藤夏樹,2026/01/10,15:45:19,よろしくお願いいたします。
User,あー,2026/01/10,16:18:26,"すみません、トリプレット2、ホワイト通常box5個ほど追加出来ますか？
可能でしたら状態を確認して確定個数を伝えます"
Account,内藤夏樹,2026/01/10,16:19:53,はい、可能です。
User,あー,2026/01/10,16:27:55,トリプレット2、ホワイト通常box5個追加確定でお願いします🙇‍♀️
Account,内藤夏樹,2026/01/10,16:29:00,今、更新したお見積りをお送りします。
Account,内藤夏樹,2026/01/10,16:29:18,"毎々、お世話になっております。
御見積書を送付いたします。

- 買取見積書 -

・ポケモンカード
インフェルノX BOX
8箱
単価12,000円
小計96,000円

・ワンピースカード
THE BEST vol.1 カートン
2箱
単価85,000円
小計170,000円

・ポケモンカード
トリプレットビート BOX
2箱
単価13,000円
小計26,000円

・ポケモンカード
ホワイトフレア BOX
5箱
単価11,200円
小計56,000円

減額項目：
・該当なし

合計：348,000円
減額合計：-0円
最終買取金額：348,000円

※20箱以上の分量のため、送料は弊社負担（着払い）でお送りください。

【注意事項】
こちらのお見積もりを印刷して商品に同梱してください。
同梱がない場合には査定が遅れる場合がございます。
ご確認のほど、よろしくお願いいたします。"
User,あー,2026/01/10,16:29:36,そちらでお願いします！
Account,内藤夏樹,2026/01/10,16:38:35,では、メニューから申請とはっそうをよろしくお願いいたします。
User,あー,2026/01/10,16:48:44,"ただいまフォームを再申請しました。
また発送し次第、運送会社と追跡番号をお送りしますm(_ _)m"
Account,内藤夏樹,2026/01/10,16:49:47,よろしくお願いいたします。
User,あー,2026/01/10,17:21:16,"ただいま、

ヤマト運輸/289015993910/宮前綾菜

で発送致しました。
よろしくお願いします。"
Account,内藤夏樹,2026/01/10,17:21:45,ありがとうございます。
User,あー,2026/01/11,12:36:37,"大変申し訳ございません。
住民票なのですが、休日に取得できると思っていたサービスセンターが日祝定休でして、最短でご用意できるのが火曜日になってしまいました。

大変恐縮なのですが、こういった場合ですとどのような対応になりますでしょうか？

ご迷惑おかけして大変申し訳ございません。"
Account,内藤夏樹,2026/01/11,12:37:57,"ご連絡有難うございます。
火曜日に取得して写真を送っていただけますでしょうか。"
User,あー,2026/01/11,12:38:34,"わかりました。
大変申し訳ございません。"
User,あー,2026/01/11,17:02:59,"お振込確認しました。ありがとうございます。
火曜日に住民票を取得し次第画像の送信と原本は郵送しますのでよろしくお願いします(よろしく)"
Account,内藤夏樹,2026/01/11,17:03:50,大変お手数をおかけしますが、よろしくお願い申し上げます。
User,あー,2026/01/13,15:07:13,"お待たせしました。
画像をお送り致します。
原本もポストに投函いたしました🙇‍♀️
この度は有難うございました(^O^)"
User,あー,2026/01/13,15:07:17,写真を送信しました。
User,あー,2026/01/13,15:07:17,写真を送信しました。
Account,内藤夏樹,2026/01/13,15:07:43,ありがとうございました。
User,あー,2026/01/21,12:39:27,"こんにちは、
ワンピース
ベスト1 1カートン
神速の拳4box
郵送予約出来ますか？∩^ω^∩"
Account,内藤夏樹,2026/01/21,12:39:58,"毎々お世話になっております。
可能です。
お見積りをお送りしますね。"
User,あー,2026/01/21,12:41:08,よろしくお願いします͛♡꒰ू･･ﾐ ͛꒱ ͟͟͞
Account,内藤夏樹,2026/01/21,12:42:40,"買取見積書 -

・ワンピースカード THE BEST vol.1 カートン 1ケース 単価 92,000円 小計 92,000円

・ワンピースカード 神速の拳 BOX 4箱 単価 13,200円 小計 52,800円

減額項目： ・該当なし

合計：144,800円 減額合計：-0円 最終買取金額：144,800円

【注意事項】 こちらのお見積もりを印刷して商品に同梱してください。 同梱がない場合には査定が遅れる場合がございます。 ご確認のほど、よろしくお願いいたします。"
User,あー,2026/01/21,12:44:10,発送の手配をいたします∩^ω^∩
User,あー,2026/01/21,13:55:26,ヤマト運輸/504993449472/宮前綾菜
User,あー,2026/01/21,13:55:43,発送完了致しました✅
Account,内藤夏樹,2026/01/21,14:16:56,ありがとうございました。
User,あー,2026/01/23,02:27:29,"ただいま、ヤマトの追跡サービスを参照しましたが、荷物が一時保管中になっているようです。

原因がわからないため、明日の日中に一度問い合わせをして、状況を確認してからご連絡させていただきますm(_ _)m"
Account,内藤夏樹,2026/01/23,07:02:51,"毎々お世話になっております。
私の気になり昨日確認しました。

おそらく新潟県周辺の雪の影響で荷積み制限があったと予想しております。"
Account,内藤夏樹,2026/01/23,07:02:57,お手数ですが確認をよろしくお願いします。
User,あー,2026/01/23,09:44:13,"ただいま問い合わせましたが、おっしゃる通り雪の影響だったようです。
先ほどお届けがすんだそうですが、予定から遅くなりましてご迷惑をおかけしましたm(_ _)m
よろしくお願いいたします。"
Account,内藤夏樹,2026/01/23,17:46:33,"御見積書を送付いたします。

買取見積書 -
・ワンピースカード　THE BEST vol.1　1カートン　単価92,000円　小計92,000円
・ワンピースカード　神速の拳　4箱　単価13,200円　小計52,800円

減額項目：
・外観不良：-3,000円 × 1点 = -3,000円
合計箱数：16箱
合計：144,800円
減額合計：3,000円
最終買取金額：141,800円"
User,あー,2026/01/23,18:02:29,かしこまりました、よろしくお願いします🙇‍♀️
User,あー,2026/02/05,15:19:40,"買取お願いしますm(_ _)m

1,メガドリームシュリ有4箱　¥10,100
2,メガドリームシュリ無2箱　¥9,000
3,神速の拳2箱 ¥14,200
4,ホワイトフレア1箱 ¥12,500
5,エッグヘッドクライシス2箱 ¥11,500
6,500年後の未来2箱 ¥8,200
7,ポケモンカード151,7箱 ¥36,300

発送前に画像で状態確認おねがいします。"
User,あー,2026/02/05,15:20:47,写真を送信しました。
User,あー,2026/02/05,15:20:47,写真を送信しました。
User,あー,2026/02/05,15:20:48,写真を送信しました。
User,あー,2026/02/05,15:20:48,写真を送信しました。
User,あー,2026/02/05,15:20:49,写真を送信しました。
User,あー,2026/02/05,15:20:50,写真を送信しました。
User,あー,2026/02/05,15:20:54,↑①④
User,あー,2026/02/05,15:21:18,写真を送信しました。
User,あー,2026/02/05,15:21:19,写真を送信しました。
User,あー,2026/02/05,15:21:19,写真を送信しました。
User,あー,2026/02/05,15:21:19,写真を送信しました。
User,あー,2026/02/05,15:21:20,写真を送信しました。
User,あー,2026/02/05,15:21:37,↑③
Account,内藤夏樹,2026/02/05,16:19:20,"毎々、お世話になっております。
本日お申込み多数につき〆切となりました。"
User,あー,2026/02/05,16:45:39,"承知しました。
また明日金額更新後に依頼しようと思いますm(_ _)m"
