﻿アカウント名,にこにこ買取＠業界最高の買取価格宣言！
タイムゾーン,'+09:00
ダウンロード日時,2026/02/21 04:35
送信者タイプ,送信者名,送信日,送信時刻,内容
Account,応答メッセージ,2025/10/23,16:42:59,"隆さん
はじめまして！にこにこ買取＠業界最高の買取価格宣言！です。
友だち追加ありがとうございます！
にこにこ買取です(moon big smile)

ポケモンカードなどトレーディングカード全般の買取を行っております。
買取ご希望のお客様はなんでもお気軽に連絡してください(saluting man)

ご郵送買取の流れはメニューから”郵送買取の流れ”をご確認ください(sparkle)

ご郵送買取ご希望の場合にはメニューの”申し込みフォーム”からご申請が可能となっております。

お問い合わせなどはお気にご連絡ください。"
User,隆,2025/10/24,15:37:35,送料無料の条件教えてもらいたいです
Account,内藤夏樹,2025/10/24,15:41:15,"毎々、お世話になっております。
送料無料キャンペーンの概要です。

https://x.com/niko_kaitori/status/1981210892042981835?s=46"
User,隆,2025/10/24,15:44:15,ありがとうございます
User,隆,2025/10/24,15:44:17,"メガブレイブ×10
メガシンフォニア×1
ロケット団の栄光×10"
User,隆,2025/10/24,15:44:24,これいけますでしょうか？
Account,内藤夏樹,2025/10/24,15:44:47,大丈夫です。
Account,内藤夏樹,2025/10/24,15:45:16,"毎々、お世話になっております。  
御見積書を送付いたします。

- 買取見積書 -
  ・ポケモンカード　メガブレイブ　10箱　単価11,200円　小計112,000円  
  ・ポケモンカード　メガシンフォニア　1箱　単価7,400円　小計7,400円  
  ・ポケモンカード　ロケット団の栄光　10箱　単価11,700円　小計117,000円

合計：236,400円  
減額合計：0円  
最終買取金額：236,400円

ご確認のほど、よろしくお願いいたします。​​​​​​​​​​​​​​​​"
Account,内藤夏樹,2025/10/24,15:45:24,こちらで申請と発送をよろしくお願い申し上げます。
User,隆,2025/10/24,15:47:44,お願いします
Account,内藤夏樹,2025/10/24,15:48:13,申請をよろしくお願い申し上げます。
User,隆,2025/10/24,15:49:07,写真を送信しました。
User,隆,2025/10/24,15:49:17,これで大丈夫でしょうか？
Account,内藤夏樹,2025/10/24,15:49:45,"大丈夫です。
発送をよろしくお願い申し上げます。"
User,隆,2025/10/24,15:57:36,"この住所でいいんですよね？
新潟県の"
Account,内藤夏樹,2025/10/24,15:59:21,スクリーショットの住所です
User,隆,2025/10/24,15:59:39,ありがとうございます
Account,内藤夏樹,2025/10/24,16:00:32,よろしくお願い申し上げます。
User,隆,2025/10/24,17:17:52,"送り状番号
2890-1233-7014
明日午前中着予定です
よろしくお願いします。"
Account,内藤夏樹,2025/10/24,17:18:23,ありがとうございました。
User,隆,2025/12/23,15:18:41,メガドリームのシュリンクなし買取やってますか？
Account,内藤夏樹,2025/12/23,16:25:33,"毎々、お世話になっております。
本日は〆切となりました。"
User,隆,2026/02/04,12:16:43,メガドリームシュリンクなし✖️60いけますか？
User,隆,2026/02/04,12:57:59,無理そうですか？
Account,内藤夏樹,2026/02/04,13:33:50,"毎々お世話になっております。
お申し込み多数につき一旦〆切となりました。
いつも有り難うございます。"
User,隆,2026/02/05,15:53:03,"バイオレット×30BOX
いけますか？"
Account,内藤夏樹,2026/02/05,16:20:01,"毎々、お世話になっております。
本日お申込み多数につき〆切となりました。"
User,隆,2026/02/05,16:30:57,またお願いします
