﻿アカウント名,にこにこ買取＠業界最高の買取価格宣言！
タイムゾーン,'+09:00
ダウンロード日時,2026/02/21 04:35
送信者タイプ,送信者名,送信日,送信時刻,内容
Account,応答メッセージ,2024/10/01,10:00:55,"かごさん
はじめまして！にこにこ買取＠業界最高の買取価格宣言！です。
友だち追加ありがとうございます！
にこにこ買取です(moon big smile)

ポケモンカードなどトレーディングカード全般の買取を行っております。
買取ご希望のお客様はなんでもお気軽に連絡してください(saluting man)

ご郵送買取の流れは以下の”郵送買取の流れ”をご確認ください(sparkle)

お問い合わせなどはお気軽にメッセージからご連絡ください(phone)"
Account,応答メッセージ,2024/10/01,10:00:55,写真を送信しました。
Account,応答メッセージ,2024/10/01,10:00:55,写真を送信しました。
User,かご,2024/10/01,12:29:32,"新たなる皇帝
22box買取り希望"
User,かご,2024/10/01,12:29:45,持ち込みも可能ですか？
Account,内藤夏樹,2024/10/01,12:47:16,"毎々、お世話になっております。
ご連絡ありがとうございました。

もちろん可能です。
店舗がないのでお待ち合わせで大丈夫でしょうか？"
User,かご,2024/10/01,12:50:19,"1box7000円ですよね？
三条市なんですがどこに行ったらいいですか？
遠いようでしたら郵送でも大丈夫です。"
Account,内藤夏樹,2024/10/01,12:58:52,"はい、一箱7000円で買取させていただきたいです。

長岡市となります。
郵送していただけますと嬉しく思います。"
User,かご,2024/10/01,13:09:56,郵送でお願いします
Account,内藤夏樹,2024/10/01,13:10:25,"ありがとうございました。
メニューよりフォーム入力をお願いします。
また発送をよろしくお願い申し上げます。"
Account,内藤夏樹,2024/10/01,13:10:50,"'

お買取希望の商品は以下の住所へ発送をお願い申し上げます(saluting man)
ご利用方法に記載のある梱包に関する注意事項を改めてご確認ください。

また発送は原則ヤマト運輸さんよりお願い申し上げます(sparkle)

【発送先】
株式会社AiGIVE 内藤宛
〒940-0081
新潟県長岡市南町1-6-13
050-5470-3570

また発送されましたら以下の情報をご連絡ください(explaining)
①　追跡番号
②　発送日・到着指定時間"
User,かご,2024/10/01,13:26:12,フォーム入力しましたが商品名やその数量など記入欄がありませんでしたが大丈夫ですか？
Account,内藤夏樹,2024/10/01,13:30:55,マニュアルの通り、商品名、個数、価格見積を送付していただければ大丈夫です。
User,かご,2024/10/01,13:33:13,了解致しました
Account,内藤夏樹,2024/10/01,13:46:22,よろしくお願い申し上げます。
User,かご,2024/10/01,15:40:05,"398368297375
発送10/1
到着10/2am"
Account,内藤夏樹,2024/10/01,15:40:14,ありがとうございました。
Account,内藤夏樹,2024/10/02,21:24:44,"毎々、お世話になっております。
検品が無事に終わり、振込みが完了しました。

ご確認をよろしくお願い申し上げます。"
Account,内藤夏樹,2024/10/02,21:24:50,またのご利用をよろしくお願い申し上げます。
User,かご,2024/10/03,01:24:10,"確認出来ました
ありがとうございました。"
User,かご,2024/10/22,15:36:44,"151シュリ付き
12box買取り希望"
Account,内藤夏樹,2024/10/22,15:37:05,毎々、お世話になっております。　大変申し訳ございません、〆切ました。
User,かご,2025/12/19,13:38:53,"スタートデッキ100
21個
郵送にて買い取り希望"
Account,内藤夏樹,2025/12/19,13:41:36,毎々、お世話になっております。
Account,内藤夏樹,2025/12/19,13:41:42,"ありがとうございました。
見積もりをお送りします。"
Account,内藤夏樹,2025/12/19,13:42:23,"毎々、お世話になっております。  
御見積書を送付いたします。

- 買取見積書 -
  ・ポケモンカード　スタートデッキ100バトルコレクション　21箱　単価3,500円　小計73,500円

合計箱数：21箱
合計：73,500円  
減額合計：0円  
最終買取金額：73,500円

20箱以上のため、送料は弊社負担でお送りください。

**配送希望：20日午前中必着**
**予約後キャンセル不可**
**利用規約を必ず確認してください**

ご確認のほど、よろしくお願いいたします。​​​​​​​​​​​​​​​​"
User,かご,2025/12/19,14:31:36,"まだ入力フォーム入れてませんが数変更できますか？
25個買取り希望
郵送にて"
Account,内藤夏樹,2025/12/19,14:39:32,25個に変更を賜りました。
Account,内藤夏樹,2025/12/19,14:39:47,"毎々、お世話になっております。
御見積書を送付いたします。
	•	買取見積書 -
・ポケモンカード　スタートデッキ100バトルコレクション　25箱　単価3,500円　小計87,500円

合計箱数：25箱
合計：87,500円
減額合計：0円
最終買取金額：87,500円

20箱以上のため、送料は弊社負担でお送りください。

【スタートデッキ100バトルコレクション 専用注意事項】
・配送希望：20日午前中必着
・予約後キャンセル不可
・利用規約を必ずご確認ください

ご確認のほど、よろしくお願いいたします。"
User,かご,2025/12/19,17:10:57,"送りました
ヤマト
498055148942
神子島　勝紀"
User,かご,2026/02/05,15:35:09,"郵送にて買い取り希望
EGGHEAD CRISIS　EB-04
19box
ムニキスゼロ　
シュリンクあり　2box"
Account,内藤夏樹,2026/02/05,16:19:29,"毎々、お世話になっております。
本日お申込み多数につき〆切となりました。"
