﻿アカウント名,にこにこ買取＠業界最高の買取価格宣言！
タイムゾーン,'+09:00
ダウンロード日時,2026/02/21 04:35
送信者タイプ,送信者名,送信日,送信時刻,内容
Account,応答メッセージ,2025/10/27,14:17:11,"阪口達哉さん
はじめまして！にこにこ買取＠業界最高の買取価格宣言！です。
友だち追加ありがとうございます！
にこにこ買取です(moon big smile)

ポケモンカードなどトレーディングカード全般の買取を行っております。
買取ご希望のお客様はなんでもお気軽に連絡してください(saluting man)

ご郵送買取の流れはメニューから”郵送買取の流れ”をご確認ください(sparkle)

ご郵送買取ご希望の場合にはメニューの”申し込みフォーム”からご申請が可能となっております。

お問い合わせなどはお気にご連絡ください。"
User,阪口達哉,2025/10/27,14:31:19,"メガブレイブ22箱
インフェルノ2箱
本日発送
着払い
お願いします。"
Account,内藤夏樹,2025/10/27,14:32:20,毎々お世話になっております。
Account,内藤夏樹,2025/10/27,14:32:37,"毎々、お世話になっております。
御見積書を送付いたします。

買取見積書 -
・ポケモンカード　メガブレイブ　22箱　単価11,200円　小計246,400円
・ポケモンカード　インフェルノX　2箱　単価16,000円　小計32,000円

合計：278,400円
減額合計：0円
最終買取金額：278,400円
ご確認のほど、よろしくお願いいたします。"
User,阪口達哉,2025/10/27,14:32:48,ありがとうございます。
Account,内藤夏樹,2025/10/27,14:32:49,よろしければ、ご申請と発送をよろしくお願いします。
User,阪口達哉,2025/10/27,15:09:39,"初取引です。
住民票は同梱する予定ですが免許証のコピーは同梱必要でしょうか？
2回目以降についてもご教授頂けると嬉しいです。
eKYC登録済みになります。
ご確認よろしくお願い致します。"
Account,内藤夏樹,2025/10/27,15:16:11,"免許証のコピーもよろしくお願い申し上げます。

2回目以降は免許証のコピーのみ同梱をよろしくお願い申し上げます。"
User,阪口達哉,2025/10/27,15:17:52,"'
承知しました。"
Account,内藤夏樹,2025/10/27,15:23:13,ありがとうございます。
User,阪口達哉,2025/10/27,16:45:37,写真を送信しました。
Account,内藤夏樹,2025/10/27,16:55:43,ありがとうございました。
User,阪口達哉,2025/10/31,13:54:24,"インフェルノx7箱
ロケット団3箱
本日発送
着払い
お願い致します。"
Account,内藤夏樹,2025/10/31,13:56:24,"毎々、お世話になっております。
本日は〆切となりました🙇🏻‍♂️"
User,阪口達哉,2025/10/31,13:56:47,承知しました。
User,阪口達哉,2025/11/02,14:23:17,"インフェルノ　7箱
ロケット団　3箱
本日発送
着払い
お願いします。"
Account,内藤夏樹,2025/11/02,14:28:47,インフェルノは大口申し込みがあり終了となりました。
User,阪口達哉,2025/11/02,14:29:18,"ありがとうございます。
また次回にお願いします。"
User,阪口達哉,2025/11/06,14:32:48,"ロケット団25箱
本日発送
着払い
お願いします。"
Account,内藤夏樹,2025/11/06,15:14:33,"毎々、お世話になっております。
承知しました。"
Account,内藤夏樹,2025/11/06,15:15:02,"毎々、お世話になっております。  
御見積書を送付いたします。

- 買取見積書 -
  ・ポケモンカード　ロケット団の栄光　25箱　単価11,700円　小計292,500円

合計箱数：25箱
合計：292,500円  
減額合計：0円  
最終買取金額：292,500円

20箱以上のため、送料は弊社負担でお送りください。

ご確認のほど、よろしくお願いいたします。​​​​​​​​​​​​​​​​"
User,阪口達哉,2025/11/06,16:35:21,写真を送信しました。
User,阪口達哉,2025/12/09,10:18:07,"ロケット団15
メガドリーム5
本日発送
着払い
よろしくお願いします。"
Account,AIチャットボット(β),2025/12/09,10:18:08,情報利用許可のお願い
Account,内藤夏樹,2025/12/09,10:37:42,"毎々、お世話になっております。  
御見積書を送付いたします。

- 買取見積書 -
  ・ポケモンカード　ロケット団の栄光　15箱　単価11,600円　小計174,000円  
  ・ポケモンカード　メガドリームex　5箱　単価11,500円　小計57,500円

合計箱数：20箱
合計：231,500円  
減額合計：0円  
最終買取金額：231,500円

20箱のため、送料は弊社負担でお送りください。

ご確認のほど、よろしくお願いいたします。​​​​​​​​​​​​​​​​"
User,阪口達哉,2025/12/09,16:00:59,写真を送信しました。
Account,AIチャットボット(β),2025/12/09,16:01:00,"メッセージありがとうございます。
申し訳ありませんが、テキストメッセージのみに対応しています。お手数ですがテキストメッセージでお問い合わせください。"
User,阪口達哉,2025/12/09,16:01:17,写真を送信しました。
Account,AIチャットボット(β),2025/12/09,16:01:18,"メッセージありがとうございます。
申し訳ありませんが、テキストメッセージのみに対応しています。お手数ですがテキストメッセージでお問い合わせください。"
User,阪口達哉,2025/12/09,16:01:18,発送しました
Account,AIチャットボット(β),2025/12/09,16:01:20,"お問い合わせありがとうございます！
適切な回答が見つかりませんでした。
追って有人対応しますのでこのままお待ちいただけますようお願い申し上げます。"
Account,内藤夏樹,2025/12/09,17:37:06,ありがとうございました。
User,阪口達哉,2026/01/08,12:16:09,"メガドリーム有20box
本日発送
着払い
可能でしょうか？"
Account,内藤夏樹,2026/01/08,12:16:58,毎々お世話になっております。
Account,内藤夏樹,2026/01/08,12:17:09,"ありがとうございます。
いまお見積りをお送りします。"
Account,内藤夏樹,2026/01/08,12:17:51,"・ポケモンカード　メガドリームex BOX 20箱　単価11,200円 小計224,000円

減額項目（ある場合）： ・該当なし

合計：224,000円 減額合計：-0円 最終買取金額：224,000円

20箱以上のため、送料は弊社負担でお送りください。

【注意事項】 こちらのお見積もりを印刷して商品に同梱してください。 同梱がない場合には査定が遅れる場合がございますので、ご協力をお願いいたします。 ご確認のほど、よろしくお願いいたします。"
User,阪口達哉,2026/01/08,12:18:14,"すいません40box
に変更お願いします。"
User,阪口達哉,2026/01/08,12:21:45,"さらに変更で
2個口 40boxずつの
計80box
着払いは可能でしょうか？"
Account,内藤夏樹,2026/01/08,12:23:29,ありがたいのですが、ついさきほど、20箱分で当日分は〆切となりました。
Account,内藤夏樹,2026/01/08,12:23:35,申し訳ございません。
User,阪口達哉,2026/01/08,12:30:44,承知しました。
Account,内藤夏樹,2026/01/08,12:32:50,申し訳ございません。
User,阪口達哉,2026/01/08,16:55:53,写真を送信しました。
Account,内藤夏樹,2026/01/08,17:08:12,ありがとうございました。
User,阪口達哉,2026/02/05,14:32:59,"メガドリーム有　11box
メガドリーム無　3box
テラスタルex無　6box
本日発送
着払い
お願いします。"
Account,内藤夏樹,2026/02/05,14:39:17,"毎々、お世話になっております。
本日お申込み多数につき〆切となりました。"
