﻿アカウント名,にこにこ買取＠業界最高の買取価格宣言！
タイムゾーン,'+09:00
ダウンロード日時,2026/02/21 04:35
送信者タイプ,送信者名,送信日,送信時刻,内容
Account,応答メッセージ,2025/12/20,18:30:05,"石森明優夢さん
はじめまして！にこにこ買取＠業界最高の買取価格宣言！です。
友だち追加ありがとうございます！
にこにこ買取です(moon big smile)

ポケモンカードなどトレーディングカード全般の買取を行っております。
買取ご希望のお客様はなんでもお気軽に連絡してください(saluting man)

ご郵送買取の流れはメニューから”郵送買取の流れ”をご確認ください(sparkle)

ご郵送買取ご希望の場合にはメニューの”申し込みフォーム”からご申請が可能となっております。

お問い合わせなどはお気にご連絡ください。"
User,石森明優夢,2026/02/05,12:28:33,"はじめまして。
THE BEST vol.2 30BOX 4900円
EGGHEAD CRISIS 2BOX 11500円
の買取をお願い致します。"
Account,内藤夏樹,2026/02/05,12:37:04,"毎々お世話になっております。
ベスト２が〆切となってしまいました。"
User,石森明優夢,2026/02/05,12:38:05,"了解致しました。
また募集開始した際は宜しくお願い致します。"
Account,内藤夏樹,2026/02/05,12:38:16,よろしくお願いします。
