﻿アカウント名,にこにこ買取＠業界最高の買取価格宣言！
タイムゾーン,'+09:00
ダウンロード日時,2026/02/21 04:35
送信者タイプ,送信者名,送信日,送信時刻,内容
Account,応答メッセージ,2025/06/01,18:24:57,"Nguyễn Phúc Dũngさん
はじめまして！にこにこ買取＠業界最高の買取価格宣言！です。
友だち追加ありがとうございます！
にこにこ買取です(moon big smile)

ポケモンカードなどトレーディングカード全般の買取を行っております。
買取ご希望のお客様はなんでもお気軽に連絡してください(saluting man)

ご郵送買取の流れはメニューから”郵送買取の流れ”をご確認ください(sparkle)

お問い合わせなどはお気軽にメッセージからご連絡ください(phone)"
User,Nguyễn Phúc Dũng,2025/10/12,16:31:00,おはようございます
User,Nguyễn Phúc Dũng,2025/10/12,16:31:24,インフェルノXシュリンクありまだ買取しますか？
Account,内藤夏樹,2025/10/12,16:34:41,今は1.4万円です
Account,内藤夏樹,2025/10/12,16:34:44,いかがですか
User,Nguyễn Phúc Dũng,2025/10/12,16:34:57,わかりました
Account,内藤夏樹,2025/10/12,16:35:11,何箱ですか？
User,Nguyễn Phúc Dũng,2025/10/12,16:35:29,14300と思った
User,Nguyễn Phúc Dũng,2025/10/12,16:35:43,下がったので
User,Nguyễn Phúc Dũng,2025/10/12,16:36:10,まだ売りません
User,Nguyễn Phúc Dũng,2025/10/12,16:36:17,すみません
Account,内藤夏樹,2025/10/12,16:36:49,"おけです
14100はどうですか"
User,Nguyễn Phúc Dũng,2025/10/12,16:37:47,14300なら売ります
Account,内藤夏樹,2025/10/12,16:59:17,何箱ですか？
User,Nguyễn Phúc Dũng,2025/10/12,17:02:02,90個ぐらい
Account,内藤夏樹,2025/10/12,17:02:20,"おけ、いきましょう。
今日発送してくださいね。"
Account,内藤夏樹,2025/10/12,17:02:26,"請求先および発送先
株式会社AiGIVE 内藤宛
940-0833
新潟県長岡市笹崎1-8-22 1階
070-9126-7304"
Account,内藤夏樹,2025/10/12,17:02:31,ここまで送ってください
User,Nguyễn Phúc Dũng,2025/10/12,17:03:18,明後日に届きます
User,Nguyễn Phúc Dũng,2025/10/12,17:03:46,明日まにあわない思います
User,Nguyễn Phúc Dũng,2025/10/12,17:04:01,大丈夫ですか？
User,Nguyễn Phúc Dũng,2025/10/12,17:06:58,今すぐヤマトに行ってる
Account,内藤夏樹,2025/10/12,17:08:26,"おけです。
よろしくお願い申し上げます。"
Account,内藤夏樹,2025/10/12,17:08:31,"できたら
あした"
User,Nguyễn Phúc Dũng,2025/10/12,17:08:47,わかりました
Account,内藤夏樹,2025/10/12,17:09:07,あとでメニューの申請してください
User,Nguyễn Phúc Dũng,2025/10/12,17:09:23,了解です
User,Nguyễn Phúc Dũng,2025/10/12,17:30:36,さっきの申請消していただきますか
Account,内藤夏樹,2025/10/12,17:31:26,間違えた？
User,Nguyễn Phúc Dũng,2025/10/12,17:31:42,ゆうちょ銀行ちょっとヤバいから
Account,内藤夏樹,2025/10/12,17:31:46,もう一度やって大丈夫
Account,内藤夏樹,2025/10/12,17:31:51,おけおけ
User,Nguyễn Phúc Dũng,2025/10/12,17:31:54,おねがいします
Account,内藤夏樹,2025/10/12,17:32:34,大丈夫ですよ
User,Nguyễn Phúc Dũng,2025/10/12,17:46:06,今めっちゃ混んでる
User,Nguyễn Phúc Dũng,2025/10/12,17:46:23,6時すぎちゃう
User,Nguyễn Phúc Dũng,2025/10/12,17:46:33,明後日に届け
User,Nguyễn Phúc Dũng,2025/10/12,17:46:38,おねがいします
Account,内藤夏樹,2025/10/12,17:59:41,明日欲しいです
User,Nguyễn Phúc Dũng,2025/10/12,18:11:05,もう6時過ぎたので
User,Nguyễn Phúc Dũng,2025/10/12,18:11:21,明日無理ですね
User,Nguyễn Phúc Dũng,2025/10/12,18:13:08,あああ
User,Nguyễn Phúc Dũng,2025/10/12,18:13:11,明日
User,Nguyễn Phúc Dũng,2025/10/12,18:13:14,できますか
User,Nguyễn Phúc Dũng,2025/10/12,18:13:31,できます
User,Nguyễn Phúc Dũng,2025/10/12,18:26:48,午前中で
User,Nguyễn Phúc Dũng,2025/10/12,18:26:54,いいですか？
Account,内藤夏樹,2025/10/12,18:27:12,ありがとうございます
Account,内藤夏樹,2025/10/12,18:27:14,助かります
User,Nguyễn Phúc Dũng,2025/10/12,18:27:31,よろしくお願いします
User,Nguyễn Phúc Dũng,2025/10/12,18:33:46,写真を送信しました。
User,Nguyễn Phúc Dũng,2025/10/12,18:34:09,おねがいします
Account,内藤夏樹,2025/10/12,18:50:15,ありがとうございました。
User,Nguyễn Phúc Dũng,2025/10/12,19:34:42,スタンプを送信しました。
Account,内藤夏樹,2025/10/13,10:21:33,"毎々、お世話になっております。
御見積書を送付いたします。

買取見積書 -
・ポケモンカード　インフェルノX　90箱　単価14,300円　小計1,287,000円

減額項目：
・凹み：-700円 × 5点 = -3,500円
・値札：-100円 × 10点 = -1,000円
合計：1,287,000円
減額合計：-4,500円
最終買取金額：1,282,500円
ご確認のほど、よろしくお願いいたします。"
Account,内藤夏樹,2025/10/13,10:21:42,"振込しました。
ありがとうございます。"
User,Nguyễn Phúc Dũng,2025/10/13,10:22:08,了解致しました
User,Nguyễn Phúc Dũng,2025/10/13,10:22:18,ありがとうございます
User,Nguyễn Phúc Dũng,2025/10/13,12:25:09,了解です
User,Nguyễn Phúc Dũng,2025/10/17,17:14:23,おはようございます
User,Nguyễn Phúc Dũng,2025/10/17,17:17:50,メガブレイブ、ホワイト、シンフォニア買取したい
User,Nguyễn Phúc Dũng,2025/10/17,17:23:39,"ホワイト10個
メガシンフォニア19
メガブレイブ　9"
User,Nguyễn Phúc Dũng,2025/10/17,17:24:48,テラスタレフェス3
Account,内藤夏樹,2025/10/17,17:26:08,はい、よろしくお願い申し上げます。
Account,内藤夏樹,2025/10/17,17:26:16,写真を送信しました。
User,Nguyễn Phúc Dũng,2025/10/17,17:28:03,新しい
User,Nguyễn Phúc Dũng,2025/10/17,17:28:14,今から
User,Nguyễn Phúc Dũng,2025/10/17,17:30:41,"ホワイト10個
ブラック15
メガシンフォニア19
"
User,Nguyễn Phúc Dũng,2025/10/17,17:30:51,これでおねがいします
User,Nguyễn Phúc Dũng,2025/10/17,17:32:23,写真を送信しました。
Account,内藤夏樹,2025/10/17,17:32:27,よろしくお願い申し上げます。
User,Nguyễn Phúc Dũng,2025/10/17,17:32:37,これそのまま大丈夫ですか？
Account,内藤夏樹,2025/10/17,17:32:41,大丈夫です
User,Nguyễn Phúc Dũng,2025/10/17,17:32:54,了解です
Account,内藤夏樹,2025/10/17,17:53:36,よろしくお願い申し上げます。
Account,内藤夏樹,2025/10/17,17:54:28,"毎々、お世話になっております。  
御見積書を送付いたします。

- 買取見積書 -
  ・ポケモンカード　ホワイトフレア　10箱　単価8,700円　小計87,000円  
  ・ポケモンカード　ブラックボルト　15箱　単価9,600円　小計144,000円  
  ・ポケモンカード　メガシンフォニア　19箱　単価7,600円　小計144,400円

合計：375,400円  
減額合計：0円  
最終買取金額：375,400円

ご確認のほど、よろしくお願いいたします。​​​​​​​​​​​​​​​​"
Account,内藤夏樹,2025/10/17,17:54:33,申請もよろしくお願い申し上げます。
User,Nguyễn Phúc Dũng,2025/10/17,19:03:38,写真を送信しました。
User,Nguyễn Phúc Dũng,2025/10/17,19:03:43,おねがいします
Account,内藤夏樹,2025/10/17,19:04:07,ありがとうございました。
User,Nguyễn Phúc Dũng,2025/10/17,19:04:44,スタンプを送信しました。
User,Nguyễn Phúc Dũng,2025/10/18,11:28:28,おはようございます
User,Nguyễn Phúc Dũng,2025/10/18,11:28:50,荷物届いたか？
Account,内藤夏樹,2025/10/18,11:30:31,"おはようございます。
届いて検査中です。"
User,Nguyễn Phúc Dũng,2025/10/18,11:31:06,よろしくお願いします
User,Nguyễn Phúc Dũng,2025/10/18,13:24:12,今日の買取表見せてくれる
Account,内藤夏樹,2025/10/18,13:55:25,振込みしましたよ
User,Nguyễn Phúc Dũng,2025/10/18,14:05:48,もらいました
Account,内藤夏樹,2025/10/18,14:05:58,ありがとうございました。
User,Nguyễn Phúc Dũng,2025/10/18,14:06:33,今日の値段
User,Nguyễn Phúc Dũng,2025/10/18,14:06:43,まだですか？
Account,内藤夏樹,2025/10/18,14:06:46,何が売りたいでか
Account,内藤夏樹,2025/10/18,14:06:51,昨日とあまり変わりません
Account,内藤夏樹,2025/10/18,14:06:56,インフェルノはどうするか
User,Nguyễn Phúc Dũng,2025/10/18,14:07:16,これそのままですか？
Account,内藤夏樹,2025/10/18,14:08:41,変わらないです
Account,内藤夏樹,2025/10/18,14:08:43,なにあります
User,Nguyễn Phúc Dũng,2025/10/18,14:09:12,写真を送信しました。
Account,内藤夏樹,2025/10/18,14:10:58,いいですね
User,Nguyễn Phúc Dũng,2025/10/18,14:30:56,🤣
User,Nguyễn Phúc Dũng,2025/10/18,14:31:11,まだ待っている
User,Nguyễn Phúc Dũng,2025/10/19,15:16:17,"おはようございます
今日変わってないですか"
Account,内藤夏樹,2025/10/19,17:10:44,インフェルノは〆切しています
User,Nguyễn Phúc Dũng,2025/10/19,17:44:47,わかりました
User,Nguyễn Phúc Dũng,2025/10/22,12:54:29,ありがとうございます
User,Nguyễn Phúc Dũng,2025/10/22,17:13:28,"メガブレイブ　11個
メガシンフォニア　14個
ブラック　13個
ホワイト　12個
買取したい"
Account,内藤夏樹,2025/10/22,17:13:37,はい
Account,内藤夏樹,2025/10/22,17:14:01,"毎々、お世話になっております。  
御見積書を送付いたします。

- 買取見積書 -
  ・ポケモンカード　メガブレイブ　11箱　単価11,200円　小計123,200円  
  ・ポケモンカード　メガシンフォニア　14箱　単価7,600円　小計106,400円  
  ・ポケモンカード　ブラックボルト　13箱　単価9,500円　小計123,500円  
  ・ポケモンカード　ホワイトフレア　12箱　単価8,700円　小計104,400円

合計：457,500円  
減額合計：0円  
最終買取金額：457,500円

ご確認のほど、よろしくお願いいたします。​​​​​​​​​​​​​​​​"
User,Nguyễn Phúc Dũng,2025/10/22,17:14:18,よろしくお願いします
Account,内藤夏樹,2025/10/22,17:14:30,申請してくださいね
User,Nguyễn Phúc Dũng,2025/10/22,17:26:27,やった
User,Nguyễn Phúc Dũng,2025/10/22,17:28:09,これ着払いで大丈夫ですね
Account,内藤夏樹,2025/10/22,17:32:43,いいですよ☺️
User,Nguyễn Phúc Dũng,2025/10/22,17:50:16,すみません今電車に乗っているのに止まっているので
User,Nguyễn Phúc Dũng,2025/10/22,17:50:26,間に合わないかもしれない
Account,内藤夏樹,2025/10/22,17:50:56,残念です
User,Nguyễn Phúc Dũng,2025/10/22,17:51:13,事故あった
User,Nguyễn Phúc Dũng,2025/10/22,17:51:24,😢
Account,内藤夏樹,2025/10/22,17:56:28,今日発送してくれたら大丈夫ですよ
Account,内藤夏樹,2025/10/22,17:56:31,安心して
User,Nguyễn Phúc Dũng,2025/10/22,17:56:43,ありがとうございます😭
User,Nguyễn Phúc Dũng,2025/10/22,17:56:53,本当にありがとう
Account,内藤夏樹,2025/10/22,17:56:56,"大丈夫。
気をつけてくださいね。"
Account,内藤夏樹,2025/10/22,17:57:06,急いで事故にならないようにしてください
User,Nguyễn Phúc Dũng,2025/10/22,17:57:17,わかりました
User,Nguyễn Phúc Dũng,2025/10/22,18:48:19,写真を送信しました。
User,Nguyễn Phúc Dũng,2025/10/22,18:48:32,間に合います
User,Nguyễn Phúc Dũng,2025/10/22,18:48:47,明日午前中で
User,Nguyễn Phúc Dũng,2025/10/22,18:48:50,おねがいします
Account,内藤夏樹,2025/10/22,19:18:51,ありがとうございます。
User,Nguyễn Phúc Dũng,2025/10/23,12:24:39,荷物届きましたか？
Account,内藤夏樹,2025/10/23,13:22:29,届いて検査待ちです。
User,Nguyễn Phúc Dũng,2025/10/23,13:23:00,今日の金額変わってないですか
Account,内藤夏樹,2025/10/23,13:27:16,変わりました
User,Nguyễn Phúc Dũng,2025/10/23,13:37:07,スノーハザードのカトンはいくらですか？
User,Nguyễn Phúc Dũng,2025/10/23,13:37:25,2カトンある
Account,内藤夏樹,2025/10/23,13:56:47,要らないですw
User,Nguyễn Phúc Dũng,2025/10/23,14:19:49,わかりました
User,Nguyễn Phúc Dũng,2025/10/23,17:17:51,まだ終わっていないですか？
Account,内藤夏樹,2025/10/23,17:24:02,はい、まだです。
User,Nguyễn Phúc Dũng,2025/10/23,19:42:22,わかりました
Account,内藤夏樹,2025/10/23,22:47:40,"毎々、お世話になっております。
遅くに申し訳ございません。

お振込みを完了しております。
ありがとうございました。"
User,Nguyễn Phúc Dũng,2025/10/24,07:21:58,ありがとうございます😊
Account,内藤夏樹,2025/10/27,12:49:50,トウホクあります？
User,Nguyễn Phúc Dũng,2025/10/27,13:15:50,いくらですか？
User,Nguyễn Phúc Dũng,2025/10/27,13:16:29,友達聞いてみます
Account,内藤夏樹,2025/10/27,13:20:37,23000円
User,Nguyễn Phúc Dũng,2025/10/27,13:50:03,今ベトナム人が24000円だから無理と思う
Account,内藤夏樹,2025/10/27,13:56:15,"24500円でも大丈夫ですよ。
あなたが設けてください。"
User,Nguyễn Phúc Dũng,2025/10/27,13:56:50,わかりました
User,Nguyễn Phúc Dũng,2025/10/27,13:57:05,もしあれば連絡します
Account,内藤夏樹,2025/10/27,13:57:29,よろしくお願いします
User,Nguyễn Phúc Dũng,2025/10/27,13:57:41,スタンプを送信しました。
User,Nguyễn Phúc Dũng,2025/10/28,11:32:47,今日のボックス買取したい
User,Nguyễn Phúc Dũng,2025/10/28,11:33:03,金額変わってないですか？
Account,内藤夏樹,2025/10/28,11:44:40,おはようございます
Account,内藤夏樹,2025/10/28,11:44:44,なにがありますか？
Account,内藤夏樹,2025/10/28,11:44:49,更新まだです
User,Nguyễn Phúc Dũng,2025/10/28,13:00:47,ブレイブ　シンフォニア
User,Nguyễn Phúc Dũng,2025/10/28,13:00:53,ある
Account,内藤夏樹,2025/10/28,13:02:43,最高ですね
User,Nguyễn Phúc Dũng,2025/10/28,13:05:50,11200-7600ですね
Account,内藤夏樹,2025/10/28,13:06:54,"今日は
11000
7600"
User,Nguyễn Phúc Dũng,2025/10/28,13:09:32,了解です🫡
User,Nguyễn Phúc Dũng,2025/10/28,13:11:30,インフェルノXはいくらですか？
Account,内藤夏樹,2025/10/28,13:12:44,15800でめちゃほしい
Account,内藤夏樹,2025/10/28,13:12:56,これ何個ですか？
User,Nguyễn Phúc Dũng,2025/10/28,13:12:59,了解です
User,Nguyễn Phúc Dũng,2025/10/28,13:13:31,今10個から20個ある
User,Nguyễn Phúc Dũng,2025/10/28,13:13:41,まだ数えない
Account,内藤夏樹,2025/10/28,13:13:49,おけ
Account,内藤夏樹,2025/10/28,13:13:55,教えてください
User,Nguyễn Phúc Dũng,2025/10/28,13:13:59,また連絡します
Account,内藤夏樹,2025/10/28,13:40:44,よろしくお願い申し上げます。
User,Nguyễn Phúc Dũng,2025/10/28,13:41:33,スタンプを送信しました。
User,Nguyễn Phúc Dũng,2025/10/28,13:58:41,ブラックとホワイトはいくらですか？
Account,内藤夏樹,2025/10/28,14:01:30,"ブラック　9200
ホワイト　8200"
User,Nguyễn Phúc Dũng,2025/10/28,14:03:29,了解です🫡
Account,内藤夏樹,2025/10/28,14:57:08,全部売ってください
Account,内藤夏樹,2025/10/28,14:57:12,数教えてください
User,Nguyễn Phúc Dũng,2025/10/28,14:57:56,まだ安いので、
Account,内藤夏樹,2025/10/28,14:58:12,ブレイブとシンフォニアも？
User,Nguyễn Phúc Dũng,2025/10/28,14:58:28,そう
Account,内藤夏樹,2025/10/29,07:35:29,"インフェルノX	M2	¥15,800
メガブレイブ	M1L	¥11,000
メガシンフォニア	M1S	¥7,700
ブラックボルト	SV11	¥9,300
ホワイトフレア	SV12	¥8,300
メガシンフォニアは100箱ほしいです。"
User,Nguyễn Phúc Dũng,2025/10/29,09:37:42,わかりました
Account,内藤夏樹,2025/10/29,09:51:31,メガシンフォニアいけます？
User,Nguyễn Phúc Dũng,2025/10/29,09:52:07,友達に来てみる
User,Nguyễn Phúc Dũng,2025/10/29,09:52:22,聞いてみます
Account,内藤夏樹,2025/10/29,10:02:42,はい
User,Nguyễn Phúc Dũng,2025/11/02,12:24:26,おはようございます
User,Nguyễn Phúc Dũng,2025/11/02,12:25:17,今日のボックス金額はどうですか？
Account,内藤夏樹,2025/11/02,14:15:49,なにがありますか
Account,内藤夏樹,2025/11/02,14:15:54,ナイトワンダラとステラミラクル
User,Nguyễn Phúc Dũng,2025/11/02,14:16:57,さっき返事しないから
User,Nguyễn Phúc Dũng,2025/11/02,14:18:13,買取しない思って、他の人に売っちゃった
User,Nguyễn Phúc Dũng,2025/11/02,14:18:21,いくらですか？
Account,内藤夏樹,2025/11/02,14:18:37,ごめん
Account,内藤夏樹,2025/11/02,14:18:47,7000円
User,Nguyễn Phúc Dũng,2025/11/02,14:18:54,一緒
Account,内藤夏樹,2025/11/02,14:18:56,100ずつあると嬉しい
User,Nguyễn Phúc Dũng,2025/11/02,14:19:04,聞いてみます
User,Nguyễn Phúc Dũng,2025/11/02,14:19:09,あれば連絡します
User,Nguyễn Phúc Dũng,2025/11/02,14:23:06,今日のみですか？
User,Nguyễn Phúc Dũng,2025/11/02,14:23:58,それとも明日、明後日でもいいですか？
Account,内藤夏樹,2025/11/02,14:25:23,明日明後日OKです。
Account,内藤夏樹,2025/11/02,14:25:27,お願いします。
Account,内藤夏樹,2025/11/02,14:25:36,ナイトワンダラーも同じです。
User,Nguyễn Phúc Dũng,2025/11/02,14:25:45,了解です🫡
User,Nguyễn Phúc Dũng,2025/11/02,14:40:44,メガブレイブ55個とシンフォニア40個あります
User,Nguyễn Phúc Dũng,2025/11/02,14:41:13,金額ちょっと上がってくれますか？
Account,内藤夏樹,2025/11/02,14:43:00,100円ずつあげていい？
User,Nguyễn Phúc Dũng,2025/11/02,14:44:09,いいです
User,Nguyễn Phúc Dũng,2025/11/02,14:44:13,と
User,Nguyễn Phúc Dũng,2025/11/02,14:46:48,ブラックとホワイト
Account,内藤夏樹,2025/11/02,14:47:06,もほしいね
Account,内藤夏樹,2025/11/02,14:47:18,先にステラミラクルとナイトワンダラ決めたい
User,Nguyễn Phúc Dũng,2025/11/02,14:48:16,探した
User,Nguyễn Phúc Dũng,2025/11/02,14:48:25,5個あった
User,Nguyễn Phúc Dũng,2025/11/02,14:49:43,今日あの人は発送しても明後日私にもらうから
Account,内藤夏樹,2025/11/02,14:53:10,5個は少なすぎるよ、、、笑
User,Nguyễn Phúc Dũng,2025/11/02,14:59:09,まだ探しているので
Account,内藤夏樹,2025/11/02,14:59:19,ありがとうございました。
Account,内藤夏樹,2025/11/02,14:59:34,"あなた
なんて呼べばいい？
いつも有難う。"
User,Nguyễn Phúc Dũng,2025/11/02,15:00:15,ズンです😄
User,Nguyễn Phúc Dũng,2025/11/02,15:14:51,ブラック　11個　ホワイト13個
Account,内藤夏樹,2025/11/02,15:15:06,"ズンね。
ナツキって呼んでください"
Account,内藤夏樹,2025/11/02,15:15:11,おけ
User,Nguyễn Phúc Dũng,2025/11/02,15:15:19,わかりました
Account,内藤夏樹,2025/11/02,15:15:32,"9400,8400ね"
User,Nguyễn Phúc Dũng,2025/11/02,15:17:05,オケです
User,Nguyễn Phúc Dũng,2025/11/02,15:17:10,ありがとうございます
User,Nguyễn Phúc Dũng,2025/11/02,15:46:48,"メガブレイブ55個11100
メガシンフォニア40個7700
ブラック11個9400
ホワイト13個8400 
"
User,Nguyễn Phúc Dũng,2025/11/02,15:47:08,確認していいですか？
Account,内藤夏樹,2025/11/02,15:47:25,オーケイ。
User,Nguyễn Phúc Dũng,2025/11/02,15:48:24,写真を送信しました。
User,Nguyễn Phúc Dũng,2025/11/02,15:48:38,今発送します
Account,内藤夏樹,2025/11/02,15:48:46,送料はご負担いただけますか。
Account,内藤夏樹,2025/11/02,15:48:55,値上げしているので
Account,内藤夏樹,2025/11/02,15:49:10,どこから出しますか？
User,Nguyễn Phúc Dũng,2025/11/02,15:49:24,ヤマトで
User,Nguyễn Phúc Dũng,2025/11/02,15:49:42,2km
Account,内藤夏樹,2025/11/02,15:49:43,送料は半分にしましょう
User,Nguyễn Phúc Dũng,2025/11/02,15:49:51,じはい
User,Nguyễn Phúc Dũng,2025/11/02,15:50:01,いいです
Account,内藤夏樹,2025/11/02,15:50:01,"値上げしているので
理解してください"
User,Nguyễn Phúc Dũng,2025/11/02,15:50:22,半分で
User,Nguyễn Phúc Dũng,2025/11/02,15:50:32,1個着払い
User,Nguyễn Phúc Dũng,2025/11/02,15:50:47,1個元払い
User,Nguyễn Phúc Dũng,2025/11/02,15:50:56,大丈夫ですね
Account,内藤夏樹,2025/11/02,15:51:03,ありがとうございました。
User,Nguyễn Phúc Dũng,2025/11/02,15:51:11,また連絡します
User,Nguyễn Phúc Dũng,2025/11/02,16:23:27,写真を送信しました。
User,Nguyễn Phúc Dũng,2025/11/02,16:24:21,1個ずつ持ってくるので
User,Nguyễn Phúc Dũng,2025/11/02,16:25:04,ちょっと待ってください
User,Nguyễn Phúc Dũng,2025/11/02,16:57:11,写真を送信しました。
User,Nguyễn Phúc Dũng,2025/11/02,16:57:21,これでおねがいします🙇
Account,内藤夏樹,2025/11/02,16:58:50,ありがとうございました。
Account,内藤夏樹,2025/11/03,11:36:24,"御見積書を送付いたします。

買取見積書 -
・ポケモンカード　メガブレイブ　55箱　単価11,100円　小計610,500円
・ポケモンカード　メガシンフォニア　40箱　単価7,700円　小計308,000円
・ポケモンカード　ブラックボルト　11箱　単価9,400円　小計103,400円
・ポケモンカード　ホワイトフレア　13箱　単価8,400円　小計109,200円

減額項目：
・凹み：-500円 × 4点 = -2,000円
・店舗シール：-200円 × 6点 = -1,200円
合計：1,131,100円
減額合計：-3,200円
最終買取金額：1,127,900円"
User,Nguyễn Phúc Dũng,2025/11/03,11:53:49,シールも減ってますか？
Account,内藤夏樹,2025/11/03,11:54:22,"ポケモンセンター以外のものです。
レシートとかくっついていましたよ"
User,Nguyễn Phúc Dũng,2025/11/03,11:54:28,大丈夫言われたけど
User,Nguyễn Phúc Dũng,2025/11/03,11:55:02,今度外します
User,Nguyễn Phúc Dũng,2025/11/03,11:59:07,"今回の2000だけ減ってもらいますか？
次からちゃんとシール外すので"
User,Nguyễn Phúc Dũng,2025/11/03,12:01:28,いいですか？
User,Nguyễn Phúc Dũng,2025/11/03,12:09:21,振り込みましたか
Account,内藤夏樹,2025/11/03,12:10:43,これは減額していません。
User,Nguyễn Phúc Dũng,2025/11/03,12:10:58,了解です🫡
Account,内藤夏樹,2025/11/03,12:11:10,"このままで、よろしく。
振込みはあとでします。"
User,Nguyễn Phúc Dũng,2025/11/03,12:11:35,オケです
User,Nguyễn Phúc Dũng,2025/11/03,12:11:44,ありがとうございます
User,Nguyễn Phúc Dũng,2025/11/03,17:00:18,まだ振り込んでないですか？
Account,内藤夏樹,2025/11/03,19:22:36,順番にやっています
User,Nguyễn Phúc Dũng,2025/11/03,19:58:05,了解です🫡
User,Nguyễn Phúc Dũng,2025/11/04,12:15:32,送信が取り消されたメッセージです
User,Nguyễn Phúc Dũng,2025/11/04,12:15:45,送信が取り消されたメッセージです
User,Nguyễn Phúc Dũng,2025/11/04,12:16:06,おはようございます
User,Nguyễn Phúc Dũng,2025/11/04,12:16:19,今日のボックスは変わってないですか？
Account,内藤夏樹,2025/11/04,12:20:10,"毎々お世話になっております。
本日分の価格表はまもなく更新予定です。"
User,Nguyễn Phúc Dũng,2025/11/04,12:20:24,おねがいします
User,Nguyễn Phúc Dũng,2025/11/09,11:45:22,おはようございます
User,Nguyễn Phúc Dũng,2025/11/09,13:09:46,今日の値段はどうですか？
Account,内藤夏樹,2025/11/09,13:46:34,更新しました
User,Nguyễn Phúc Dũng,2025/11/13,13:17:40,今日メガシンフォニアはいくらですか？
User,Nguyễn Phúc Dũng,2025/11/17,15:55:49,おはようございます
User,Nguyễn Phúc Dũng,2025/11/17,15:56:14,ブラックとホワイトあるけど
User,Nguyễn Phúc Dũng,2025/11/17,15:56:31,今家にいないから
User,Nguyễn Phúc Dũng,2025/11/17,15:56:56,明日発送していいですか？
Account,内藤夏樹,2025/11/17,15:59:05,わかりました
User,Nguyễn Phúc Dũng,2025/11/18,15:23:14,おはようございます
User,Nguyễn Phúc Dũng,2025/11/18,15:23:50,ブラック11個　ホワイト30
User,Nguyễn Phúc Dũng,2025/11/18,15:35:14,インフェルノX10個
User,Nguyễn Phúc Dũng,2025/11/18,15:35:22,売ります
User,Nguyễn Phúc Dũng,2025/11/18,15:53:35,どうですか？
User,Nguyễn Phúc Dũng,2025/11/18,15:54:10,6個で
Account,内藤夏樹,2025/11/18,15:54:23,今日終わりました
User,Nguyễn Phúc Dũng,2025/11/18,15:54:47,早い
User,Nguyễn Phúc Dũng,2025/11/18,15:55:11,ブラックとホワイトだけ
User,Nguyễn Phúc Dũng,2025/11/18,15:55:25,大丈夫ですか？
Account,内藤夏樹,2025/11/18,15:55:47,"終わったね。
有難う"
User,Nguyễn Phúc Dũng,2025/11/18,15:56:21,了解です🫡
User,Nguyễn Phúc Dũng,2025/11/19,14:02:41,今日買取しますか？
Account,内藤夏樹,2025/11/19,14:03:23,今日終わりました笑
User,Nguyễn Phúc Dũng,2025/11/19,14:03:38,わかりました
User,Nguyễn Phúc Dũng,2025/11/25,10:22:04,今日何か買取しますか
Account,内藤夏樹,2025/11/25,12:15:09,しません。
User,Nguyễn Phúc Dũng,2025/12/01,15:52:05,おはようございます
Account,AIチャットボット(β),2025/12/01,15:52:06,情報利用許可のお願い
User,Nguyễn Phúc Dũng,2025/12/01,15:53:02,ドリームドリーム100個個売ります
Account,AIチャットボット(β),2025/12/01,15:53:04,"お問い合わせありがとうございます！
適切な回答が見つかりませんでした。ほかの聞き方をお試しください。"
User,Nguyễn Phúc Dũng,2025/12/01,15:54:37,ポケモンカードドリーム100個売ります
Account,AIチャットボット(β),2025/12/01,15:54:39,"ご利用方法の詳細は、当サイトの**メニューにある「ご利用方法」**をご参照いただけますと幸いです。

ご不明な点がございましたら、LINEにてお気軽にお問い合わせください。"
Account,AIチャットボット(β),2025/12/01,15:54:39,回答内容はいかがでしたか？[Good]または[Bad]をタップして、フィードバックにご協力ください。
Account,内藤夏樹,2025/12/01,15:56:45,"毎々、お世話になっております。
本日は〆切となりました。"
User,Nguyễn Phúc Dũng,2025/12/12,13:36:14,メガドリームシュリンクあり50
User,Nguyễn Phúc Dũng,2025/12/12,13:36:41,シュリンクなし15ぐらい
Account,内藤夏樹,2025/12/12,13:53:27,やります
Account,内藤夏樹,2025/12/12,13:53:32,何個か教えてくださいね
User,Nguyễn Phúc Dũng,2025/12/12,13:59:08,今帰るので
User,Nguyễn Phúc Dũng,2025/12/12,13:59:33,ちょっと待ってください
Account,内藤夏樹,2025/12/12,14:00:13,はい
User,Nguyễn Phúc Dũng,2025/12/12,14:07:16,これオケ
User,Nguyễn Phúc Dũng,2025/12/12,14:07:23,13
User,Nguyễn Phúc Dũng,2025/12/12,14:07:31,おねがいします
User,Nguyễn Phúc Dũng,2025/12/12,14:07:49,17時発送します
Account,内藤夏樹,2025/12/12,14:19:22,"毎々、お世話になっております。  
御見積書を送付いたします。

- 買取見積書 -
  ・ポケモンカード　メガドリームex（シュリンク付き）　50箱　単価11,800円　小計590,000円  
  ・ポケモンカード　メガドリームex（シュリンク無し）　13箱　単価10,800円　小計140,400円

合計箱数：63箱
合計：730,400円  
減額合計：0円  
最終買取金額：730,400円

20箱以上のため、送料は弊社負担でお送りください。

ご確認のほど、よろしくお願いいたします。​​​​​​​​​​​​​​​​"
User,Nguyễn Phúc Dũng,2025/12/12,18:18:13,写真を送信しました。
User,Nguyễn Phúc Dũng,2025/12/12,18:18:16,おねがいします
User,Nguyễn Phúc Dũng,2025/12/13,15:21:35,おはようございます
User,Nguyễn Phúc Dũng,2025/12/13,15:22:02,振り込みまだですか？
Account,内藤夏樹,2025/12/13,16:33:56,振込みしました
User,Nguyễn Phúc Dũng,2025/12/13,16:42:56,ありがとうございます
User,Nguyễn Phúc Dũng,2025/12/14,12:48:37,今日の値段はどうですか？
Account,内藤夏樹,2025/12/14,14:30:20,終わりました
User,Nguyễn Phúc Dũng,2025/12/20,12:04:06,おはようございます
User,Nguyễn Phúc Dũng,2025/12/20,12:04:31,今日はやりますか？
User,Nguyễn Phúc Dũng,2026/01/03,10:29:14,あけましておめでとうございます
User,Nguyễn Phúc Dũng,2026/01/03,10:29:48,今日のワンピース買取しますか？
Account,内藤夏樹,2026/01/03,10:30:05,本年もよろしくお願いいたします。
Account,内藤夏樹,2026/01/03,10:30:09,本日も買取します。
Account,内藤夏樹,2026/01/03,10:30:13,なにが売りたいですか。
Account,内藤夏樹,2026/01/03,10:30:19,メガドリームもありますか
User,Nguyễn Phúc Dũng,2026/01/03,10:41:29,ドリームもない
User,Nguyễn Phúc Dũng,2026/01/03,10:41:32,😅😅
User,Nguyễn Phúc Dũng,2026/01/03,10:41:52,op14
User,Nguyễn Phúc Dũng,2026/01/03,10:41:58,売る
Account,内藤夏樹,2026/01/03,10:43:42,OK。
Account,内藤夏樹,2026/01/03,10:43:45,何個ですか。
User,Nguyễn Phúc Dũng,2026/01/03,10:45:58,まだ買ってるから
User,Nguyễn Phúc Dũng,2026/01/03,10:46:12,30ボックス
Account,内藤夏樹,2026/01/03,10:46:40,OK
Account,内藤夏樹,2026/01/03,10:59:49,"蒼海の七傑	OP-14	¥5,400	¥67,000"
User,Nguyễn Phúc Dũng,2026/01/03,14:17:40,op14 44個
User,Nguyễn Phúc Dũng,2026/01/03,14:17:54,thebesst1 10個
Account,内藤夏樹,2026/01/03,14:19:15,カートンはなしですか？
User,Nguyễn Phúc Dũng,2026/01/03,14:19:42,カートン無理
Account,内藤夏樹,2026/01/03,14:20:16,カートンほしい
Account,内藤夏樹,2026/01/03,14:22:31,"毎々、お世話になっております。
御見積書を送付いたします。
最新の価格表に基づき、ご依頼いただいた内容で作成いたしました。合計数量が20箱を超えておりますので、送料は弊社負担となります。
 * 買取見積書 -
   ・ワンピースカード　蒼海の七傑 BOX　44箱　単価5,400円　小計237,600円
   ・ワンピースカード　THE BEST vol.1 BOX　10箱　単価6,200円　小計62,000円
減額項目（ある場合）：
・該当なし
合計：299,600円
減額合計：-0円
最終買取金額：299,600円
20箱以上のため、送料は弊社負担でお送りください。
【注意事項】
こちらのお見積もりを印刷して商品に同梱してください。
同梱がない場合には査定が遅れる場合がございますので、ご協力をお願いいたします。"
User,Nguyễn Phúc Dũng,2026/01/03,15:09:25,写真を送信しました。
User,Nguyễn Phúc Dũng,2026/01/03,15:09:30,お願いします
Account,内藤夏樹,2026/01/03,15:12:25,有難うございました
Account,内藤夏樹,2026/01/03,15:12:39,"受け継がれる意思
op-13
のカートンが10個どうしても欲しい"
User,Nguyễn Phúc Dũng,2026/01/03,15:20:52,探してみる
Account,内藤夏樹,2026/01/03,15:21:34,"有難うございます
10.5万円"
User,Nguyễn Phúc Dũng,2026/01/04,17:00:44,こんにちは
User,Nguyễn Phúc Dũng,2026/01/04,17:01:20,荷物届いたけど、まだ振り込んでないですか？
Account,内藤夏樹,2026/01/04,17:23:34,まだ検査しています
User,Nguyễn Phúc Dũng,2026/01/04,17:24:27,わかりました
Account,内藤夏樹,2026/01/05,16:21:52,"メガドリーム
10800円
300個ありますか"
User,Nguyễn Phúc Dũng,2026/01/05,16:29:45,今ない
Account,内藤夏樹,2026/01/05,16:42:46,わかりました
User,Nguyễn Phúc Dũng,2026/01/06,12:27:34,おはようございます
User,Nguyễn Phúc Dũng,2026/01/06,12:27:44,まだ振り込んでないですか？
Account,内藤夏樹,2026/01/06,12:37:02,一昨年振り込んでいますよ
User,Nguyễn Phúc Dũng,2026/01/06,13:02:55,まだもらってない
Account,内藤夏樹,2026/01/06,13:14:55,確認しますね
User,Nguyễn Phúc Dũng,2026/01/06,13:28:58,お願いします🙇
Account,内藤夏樹,2026/01/06,16:30:43,インフェルノありますか？
User,Nguyễn Phúc Dũng,2026/01/06,16:34:52,今も無い
User,Nguyễn Phúc Dũng,2026/01/06,16:35:18,さっき確認した？
Account,内藤夏樹,2026/01/06,16:37:49,今しています
User,Nguyễn Phúc Dũng,2026/01/06,18:23:12,どうですか？
Account,内藤夏樹,2026/01/06,18:24:45,"銀行から戻っていました、確認が遅くなり申し訳ございません。
今夜振込みしますね。"
Account,内藤夏樹,2026/01/06,18:24:52,ご連絡頂き有難うございました
User,Nguyễn Phúc Dũng,2026/01/06,18:25:09,わかりました
Account,内藤夏樹,2026/01/06,19:38:10,お振込みを行いました。
User,Nguyễn Phúc Dũng,2026/01/06,19:38:28,もらいました
User,Nguyễn Phúc Dũng,2026/01/06,19:38:36,ありがとうございます😭
User,Nguyễn Phúc Dũng,2026/01/08,11:53:23,今日の値段はどうですか？
Account,内藤夏樹,2026/01/08,11:54:18,なにがいいですか？
Account,内藤夏樹,2026/01/08,11:54:26,ブラックボルトデラックス買えますか？
User,Nguyễn Phúc Dũng,2026/01/08,11:54:29,メガドリーム
Account,内藤夏樹,2026/01/08,11:54:42,まだ見ています
User,Nguyễn Phúc Dũng,2026/01/08,11:55:09,無いですね
Account,内藤夏樹,2026/01/08,12:01:02,わかりました
User,Nguyễn Phúc Dũng,2026/01/08,15:33:52,ドリーム79個売る
User,Nguyễn Phúc Dũng,2026/01/08,15:34:27,写真を送信しました。
User,Nguyễn Phúc Dũng,2026/01/08,15:35:21,これ黄色袋だけでいいですね？
User,Nguyễn Phúc Dũng,2026/01/08,15:35:31,写真を送信しました。
User,Nguyễn Phúc Dũng,2026/01/08,15:35:50,写真を送信しました。
User,Nguyễn Phúc Dũng,2026/01/08,15:36:00,これ10個
User,Nguyễn Phúc Dũng,2026/01/08,15:36:10,これ4
Account,内藤夏樹,2026/01/08,15:37:29,"ドリーム
10600円です"
Account,内藤夏樹,2026/01/08,15:37:41,大丈夫です
Account,内藤夏樹,2026/01/08,15:38:06,"マガジン
12500円

2025
12000円"
Account,内藤夏樹,2026/01/08,15:38:18,ドリームは〆切していました
User,Nguyễn Phúc Dũng,2026/01/08,15:38:24,わかりました
User,Nguyễn Phúc Dũng,2026/01/08,15:38:31,また連絡します
Account,内藤夏樹,2026/01/08,15:38:34,これはやりますか？
User,Nguyễn Phúc Dũng,2026/01/08,15:38:58,全部売りたいけど
Account,内藤夏樹,2026/01/08,15:39:22,買いますよ
Account,内藤夏樹,2026/01/08,15:39:26,大丈夫です
Account,内藤夏樹,2026/01/08,15:39:42,"マガジン
12500円
4個

2025
12000円
10個"
Account,内藤夏樹,2026/01/08,15:39:48,OK？
User,Nguyễn Phúc Dũng,2026/01/08,15:39:56,ドリーム10600まだ売りたく無い
User,Nguyễn Phúc Dũng,2026/01/08,15:40:05,すみません
Account,内藤夏樹,2026/01/08,15:40:40,大丈夫ですよ
Account,内藤夏樹,2026/01/08,15:40:48,これだけやりましょう
Account,内藤夏樹,2026/01/08,15:41:00,"ブラック
ホワイト
は集まりますか"
Account,内藤夏樹,2026/01/08,15:41:06,"セット
23000円"
User,Nguyễn Phúc Dũng,2026/01/08,15:41:24,もうないです😅
Account,内藤夏樹,2026/01/08,15:41:38,集めてくださいw
User,Nguyễn Phúc Dũng,2026/01/08,15:41:50,わかりました
User,Nguyễn Phúc Dũng,2026/01/08,15:41:58,また連絡します
User,Nguyễn Phúc Dũng,2026/01/08,15:42:18,これだけ少ないので
User,Nguyễn Phúc Dũng,2026/01/08,15:42:24,あとで連絡します
Account,内藤夏樹,2026/01/08,15:42:31,欲しいからお願いしたい
User,Nguyễn Phúc Dũng,2026/01/08,15:43:17,ドリーム11000してくれますか？
Account,内藤夏樹,2026/01/08,15:44:35,厳しいですね
User,Nguyễn Phúc Dũng,2026/01/31,12:01:39,こんにちは
User,Nguyễn Phúc Dũng,2026/01/31,12:01:59,ワンピースPRB02売ります
Account,内藤夏樹,2026/02/05,10:05:58,"今日は
ブラックボルトとホワイトフレア
27500円で買取しています。"
