﻿アカウント名,にこにこ買取＠業界最高の買取価格宣言！
タイムゾーン,'+09:00
ダウンロード日時,2026/02/21 04:35
送信者タイプ,送信者名,送信日,送信時刻,内容
Account,応答メッセージ,2025/11/05,16:32:42,"HICAさん
はじめまして！にこにこ買取＠業界最高の買取価格宣言！です。
友だち追加ありがとうございます！
にこにこ買取です(moon big smile)

ポケモンカードなどトレーディングカード全般の買取を行っております。
買取ご希望のお客様はなんでもお気軽に連絡してください(saluting man)

ご郵送買取の流れはメニューから”郵送買取の流れ”をご確認ください(sparkle)

ご郵送買取ご希望の場合にはメニューの”申し込みフォーム”からご申請が可能となっております。

お問い合わせなどはお気にご連絡ください。"
User,HICA,2025/11/05,16:33:11,写真を送信しました。
User,HICA,2025/11/05,16:33:23,36 個
User,HICA,2025/11/05,16:33:33,予約すると思います
User,HICA,2025/11/05,16:33:55,確定してもらいませんか
Account,内藤夏樹,2025/11/05,16:39:21,"毎々、お世話になっております。
36箱
15000円
賜りました。"
Account,内藤夏樹,2025/11/05,16:39:26,申請と発送をよろしくお願い申し上げます。
User,HICA,2025/11/05,16:49:51,届ける住所，電話　は　教えてもらえますか
Account,内藤夏樹,2025/11/05,16:57:24,"メニューから申請したら
案内されます"
User,HICA,2025/11/05,17:52:09,写真を送信しました。
User,HICA,2025/11/05,17:52:14,写真を送信しました。
User,HICA,2025/11/05,17:52:19,写真を送信しました。
User,HICA,2025/11/05,17:52:27,送りました
User,HICA,2025/11/05,17:52:33,よろしくお願いします
Account,内藤夏樹,2025/11/05,18:26:43,ありがとうございました。
Account,内藤夏樹,2025/11/05,20:23:43,"毎々、お世話になっております。  
御見積書を送付いたします。

- 買取見積書 -
・ポケモンカード　インフェルノX　36箱　単価15,000円　小計540,000円

合計：540,000円  
減額合計：0円  
最終買取金額：540,000円

ご確認のほど、よろしくお願いいたします。"
User,HICA,2025/11/05,20:24:38,はい，よろしくお願いします
User,HICA,2025/11/06,16:45:14,今日振り込みもらえますか
Account,内藤夏樹,2025/11/06,19:41:12,順番にしています🙇🏻‍♂️
User,HICA,2025/11/06,20:07:27,はい　よろしくお願いします🙇
Account,内藤夏樹,2025/11/06,20:41:47,送信が取り消されたメッセージです
Account,内藤夏樹,2025/11/06,20:42:00,"御見積書を送付いたします。

買取見積書 -
・ポケモンカード　インフェルノX　36箱　単価15,000円　小計540,000円

減額項目：
・凹み：-1,000円 × 1点 = -1,000円
合計箱数：36箱
合計：540,000円
減額合計：-1,000円
最終買取金額：539,000円"
Account,内藤夏樹,2025/11/06,20:46:45,"毎々、お世話になっております。
お振込みをしました。
ありがとうございます。"
User,HICA,2025/11/20,22:17:35,"	すみませんが
インフェルノX 
今日値段は教えてもらえますか"
User,HICA,2025/11/27,23:14:53,"メガドリームex 値段は　教えてもらえますか
100 個　あります"
User,HICA,2025/11/28,09:50:56,発送ので値段教えていただきますか
User,HICA,2025/12/18,20:07:51,、
User,HICA,2025/12/18,20:08:03,写真を送信しました。
User,HICA,2025/12/18,20:08:18,150個
User,HICA,2025/12/18,20:08:26,予約させていただきます
User,HICA,2025/12/18,20:18:49,よろしくお願い🙇
Account,内藤夏樹,2025/12/18,20:32:25,"土曜日午前中必着です。
大丈夫？"
User,HICA,2025/12/18,20:32:37,はい
Account,内藤夏樹,2025/12/18,20:32:57,"大丈夫です。

150×4000円"
User,HICA,2025/12/18,20:33:20,Ok です
Account,内藤夏樹,2025/12/18,20:33:35,すぐに申請をよろしくお願い申し上げます。
User,HICA,2025/12/18,20:33:50,やりました
User,HICA,2025/12/18,20:34:01,確認してください
Account,内藤夏樹,2025/12/18,20:34:55,"はい、有難うございました。
明日出荷してください。"
User,HICA,2025/12/19,18:38:10,写真を送信しました。
User,HICA,2025/12/19,18:38:41,明日午前中届けると思います
User,HICA,2025/12/19,18:38:47,よろしくお願いします🙇
Account,内藤夏樹,2025/12/20,15:49:36,"１３２個しか届いていません。
間違いありませんか？"
User,HICA,2025/12/20,17:23:20,合計　１３２個になります
Account,内藤夏樹,2025/12/20,17:23:41,"オーケイです。
よかった。"
User,HICA,2025/12/20,17:24:48,"ありがとうございました😊, 今日振り込みもらえますか"
Account,内藤夏樹,2025/12/20,17:25:08,次少なくなる時は連絡してください
Account,内藤夏樹,2025/12/20,17:25:12,驚きましたから
User,HICA,2025/12/20,17:27:18,はい，申し訳ありません
Account,内藤夏樹,2025/12/20,19:09:51,"毎々、お世話になっております。
御見積書を送付いたします。

買取見積書 -
・ポケモンカード　スタートデッキ100バトルコレクション　132箱　単価4,000円　小計528,000円

減額項目：
・店舗シール：-200円 × 31点 = -6,200円
・送料（過剰に大きな梱包）：-500円 × 1件 = -500円

合計箱数：132箱
合計：528,000円
減額合計：6,700円
最終買取金額：521,300円

振込みしました。"
User,HICA,2025/12/20,19:17:22,"毎々、お世話になっております。
御見積書およびお振込みのご対応、誠にありがとうございます。
恐れ入りますが、減額項目の
「店舗シール：-200円 × 31点」につきまして、
再度ご確認をお願いしたく存じます。
31点という数量は当方の認識としてはかなり多く、
記憶している限りでは、
店舗シールが付いた箱は3～4箱程度であったかと存じます。
また、発送前にすべてのシールを剥がし切れていなかった可能性はございますが、
31箱分に相当する数ではない認識です。
恐れ入りますが、
数量のカウントに誤りがないか、
改めてご確認いただくことは可能でしょうか。
もし該当する商品や判断基準がございましたら、
内訳をご教示いただけますと幸いです。
お手数をおかけいたしますが、
何卒よろしくお願いいたします。
TRAN"
Account,内藤夏樹,2025/12/20,19:19:22,非常に多かったです。
Account,内藤夏樹,2025/12/20,19:19:52,"ご容赦いただけますと幸甚に存じます。
利用規約にも記載の通りです。"
User,HICA,2026/01/19,22:33:02,写真を送信しました。
User,HICA,2026/01/19,22:33:21,２３日に　ほしいですか
User,HICA,2026/01/19,22:33:29,１５０-３００　個
User,HICA,2026/01/19,22:33:40,あります
Account,内藤夏樹,2026/01/19,23:54:46,いくらご希望ですか
User,HICA,2026/01/20,00:04:35,"正直なところ、1万円以上を希望しています。
数量も多いので、そのあたりでご相談できればと思っています。"
Account,内藤夏樹,2026/01/20,07:21:33,1万円以上は難しいですね
User,HICA,2026/01/20,07:54:21,"そうですね、相場が下がっているのは理解しています。
ただ、新弾で数量も150～300BOXとまとまっているので、
できれば9,000円後半でご相談できればと思っています。"
Account,内藤夏樹,2026/01/20,09:02:30,いつ出荷ですか
User,HICA,2026/01/20,15:52:10,"23日に商品が入荷予定です。
数量が多いため、間に合えば23日中にすべて出荷し、24日着予定です。
もし一部間に合わない場合は、残りを24日に出荷し、25日着になります。
できる限り、23日中にすべて出荷できるよう調整します。"
User,HICA,2026/01/20,16:06:37,写真を送信しました。
User,HICA,2026/01/20,16:06:39,"ちなみに、同日発売の
スペシャルカードセット メガエルレイドex も
80～100セットほど確保予定があります。
こちらについても、買取のご予定はありますでしょうか。"
User,HICA,2026/01/21,19:38:04,"	メガドリームex	
M2a
 ほしいですか"
User,HICA,2026/01/21,19:40:29,あした100-200 個　が　あります
User,HICA,2026/01/21,19:40:42,10200 ほしいです
User,HICA,2026/01/21,21:34:33,もしもし
Account,内藤夏樹,2026/01/24,19:26:56,もしもし
Account,内藤夏樹,2026/01/24,19:27:01,メガドリームありましたから？
User,HICA,2026/01/24,20:50:43,今日　値段は教えてもらえますか
Account,内藤夏樹,2026/01/24,20:51:01,"200箱
明日出荷してほいし"
Account,内藤夏樹,2026/01/24,20:51:13,9200円ではどうですか
User,HICA,2026/01/24,20:54:57,"ご連絡ありがとうございます。
現時点では、もう少し相場の動きを見たいと考えており、
大変恐縮ですが、今回は見送らせてください。
1週間ほど様子を見て、改めてご相談させていただければと思います。
よろしくお願いいたします。
"
Account,内藤夏樹,2026/01/24,21:04:38,わかりました
User,HICA,2026/01/31,12:13:40,写真を送信しました。
User,HICA,2026/01/31,12:14:14,希望は9000円と思います
User,HICA,2026/01/31,12:14:26,ほしいでしょうか
Account,内藤夏樹,2026/01/31,15:03:19,何箱でしょうか。
User,HICA,2026/01/31,15:03:44,200個
User,HICA,2026/01/31,15:04:16,です
User,HICA,2026/01/31,17:27:40,どうですか
User,HICA,2026/02/04,12:56:56,"お世話になっております。
メガシンフォニア M1S を約100BOXほど売却予定です。
現在の買取価格が ¥8,700 と伺っておりますが、
もし可能でしたら、希望価格 ¥8,800 での買取はご対応いただけますでしょうか。
これまで他の商品について何度かご相談させていただきましたが、
可否だけでもご回答いただけると大変助かります。
予定の都合上、お返事をお待ちした上で次の対応を決めたいと考えております。
お忙しいところ恐れ入りますが、ご確認のほどよろしくお願いいたします。"
Account,内藤夏樹,2026/02/04,12:57:56,メガシンフォニアは不要です。
User,HICA,2026/02/04,13:00:04,"お世話になっております。
先ほどのご連絡ありがとうございます。
メガシンフォニア M1S につきまして、
買取価格 ¥8,700 にて問題ございません。
約100BOXの売却を希望しております。
本日中に発送可能ですが、
念のため、到着予定日や発送方法について
ご都合のよろしい内容がございましたらご教示いただけますでしょうか。
問題なければ、こちらで手配のうえ発送いたします。
ご確認のほど、よろしくお願いいたします。"
Account,内藤夏樹,2026/02/04,14:02:59,"ブラックボルトとホワイトフレア
27300円で買取しています。"
User,HICA,2026/02/04,15:25:57,"お世話になっております。
梱包について教えていただきたいことがございます。
ポケモンカード（1BOX＝30パック）の発送は今回があまり慣れておらず、
通常、1箱（ヤマト120サイズ）に
どの程度のBOX数までが一般的か、ご教示いただけますでしょうか。
御社の基準に沿って梱包したいと考えておりますので、
おすすめの数量がございましたら、その通りに対応いたします。
お手数をおかけしますが、よろしくお願いいたします。"
User,HICA,2026/02/04,16:20:00,"お世話になっております。
何度も恐れ入ります。
メガシンフォニア M1S につきまして、
現在、買取価格 ¥8,700 にて掲載されているのを拝見し、
発送の準備を進めたいと考えております。
① 本日の発送予約（約100BOX）につきまして、
　ご対応可能かどうかご確認いただけますでしょうか。
② もし100BOXが多い場合、
　現在ご対応可能な数量の目安がございましたら、
　併せてご教示いただけますと幸いです。
可否・数量のみのご回答でも問題ございません。
判断のため、ご一報いただけますと助かります。
何卒よろしくお願いいたします。"
Account,内藤夏樹,2026/02/05,10:05:24,"今日は
ブラックボルトとホワイトフレア
27500円で買取しています。"
