﻿アカウント名,にこにこ買取＠業界最高の買取価格宣言！
タイムゾーン,'+09:00
ダウンロード日時,2026/02/21 04:36
送信者タイプ,送信者名,送信日,送信時刻,内容
Account,応答メッセージ,2026/01/10,12:17:00,"tomoyaさん
はじめまして！にこにこ買取＠業界最高の買取価格宣言！です。
友だち追加ありがとうございます！
にこにこ買取です(moon big smile)

ポケモンカードなどトレーディングカード全般の買取を行っております。
買取ご希望のお客様はなんでもお気軽に連絡してください(saluting man)

ご郵送買取の流れはメニューから”郵送買取の流れ”をご確認ください(sparkle)

ご郵送買取ご希望の場合にはメニューの”申し込みフォーム”からご申請が可能となっております。

お問い合わせなどはお気にご連絡ください。"
User,tomoya,2026/01/15,13:39:14,"初めまして。お世話になります。
郵送買取をお願いいたします。
金額はX投稿と同額でしょうか。量や内容によって増額はありますでしょうか。

MEGAドリーム シュリンク有り 1BOX 10,000

師弟の絆 1カートン 73,000

王族の血統 1カートン 66,000

王族の血統　24BOX 4,900

蒼海の七傑　3BOX 6,300

ご確認の程よろしくお願いいたします。"
Account,内藤夏樹,2026/01/15,13:47:22,"毎々、お世話になっております。
増額については場合によっては異なるため都度お問い合わせいただけますと幸甚に存じます。"
User,tomoya,2026/01/15,13:56:41,"承知いたしました。
こちらの内容でお見積りをお願いいたします🙇"
Account,内藤夏樹,2026/01/15,14:09:22,"ありがとうございました。
メガドリームのみ
👉9800円に変更になっております。"
Account,内藤夏樹,2026/01/15,14:10:22,"毎々、お世話になっております。
御見積書を送付いたします。
• 買取見積書 -
・ポケモンカード
メガドリームex BOX
1箱
単価 9,800円
小計 9,800円
・ワンピースカード
師弟の絆 カートン
1箱
単価 73,000円
小計 73,000円
・ワンピースカード
王族の血統 カートン
1箱
単価 66,000円
小計 66,000円
・ワンピースカード
王族の血統 BOX
24箱
単価 4,900円
小計 117,600円
・ワンピースカード
蒼海の七傑 BOX
3箱
単価 6,300円
小計 18,900円
減額項目：
・該当なし
合計：285,300円
減額合計：-0円
最終買取金額：285,300円
※20点以上の分量のため、送料は弊社負担（着払い）でお送りください。
【注意事項】
こちらのお見積もりを印刷して商品に同梱してください。
同梱がない場合には査定が遅れる場合がございます。
ご確認のほど、よろしくお願いいたします。"
User,tomoya,2026/01/15,14:12:48,承知いたしました。全て予約をお願いします。
Account,内藤夏樹,2026/01/15,14:35:12,よろしくお願い申し上げます。
Account,内藤夏樹,2026/01/15,14:36:00,買取申請をよろしくお願い申し上げます。
User,tomoya,2026/01/15,14:43:58,申し込みフォームの申請が完了いたしましたのでご確認のの程よろしくお願いいたします。
Account,内藤夏樹,2026/01/15,14:44:42,"ありがとうございました。
ご発送をよろしくお願い申し上げます。"
User,tomoya,2026/01/15,17:32:24,クロネコヤマトより発送いたしました！引き続き宜しくお願いいたします！
Account,内藤夏樹,2026/01/15,18:17:50,ありがとうございました。
Account,内藤夏樹,2026/01/16,21:51:57,"毎々、お世話になっております。
夜分遅くに失礼いたします。
お振込みを行いました。
ご利用ありがとうございました。"
User,tomoya,2026/01/23,13:10:50,"お世話になります。
郵送買取予約をお願いいたします。
ムニキスゼロシュリンク付き　13BOX 8,600
以上です。よろしくお願いいたします。"
Account,内藤夏樹,2026/01/23,13:12:54,"毎々、お世話になっております。
お見積もりします。"
Account,内藤夏樹,2026/01/23,13:14:18,"• 買取見積書 -
・ポケモンカード
ムニキスゼロ BOX
13箱
単価 8,600円
小計 111,800円
減額項目：
・該当なし
合計：111,800円
減額合計：-0円
最終買取金額：111,800円


【注意事項】
こちらのお見積もりを印刷して商品に同梱してください。
同梱がない場合には査定が遅れる場合がございます。
ご確認のほど、よろしくお願いいたします。"
User,tomoya,2026/01/23,13:28:17,お買取品の申込書・承諾書の申請が終わりましたのでご確認の程よろしくお願いいたします。
Account,内藤夏樹,2026/01/23,13:29:41,ありがとうございます。
Account,内藤夏樹,2026/01/23,13:29:45,ご発送をよろしくお願いします。
User,tomoya,2026/01/23,21:28:19,"お世話になります。
クロネコヤマトから明日の午前中着で発送したのですが、今回数量に誤りがあり12BOXとなってしまいましたのでご連絡させていただきました。
大変申し訳ありません。
どのようにしたら良いでしょうか。。"
Account,内藤夏樹,2026/01/25,11:24:35,"毎々、お世話になっております。
12箱で賜りました。
ご連絡が遅くなり申し訳ございません。"
User,tomoya,2026/01/25,11:40:44,"お手数をおかけし申し訳ありません。
正12×8,600＝103,200
ご対応ありがとうございます。
引き続き宜しくお願いいたします。"
Account,内藤夏樹,2026/01/25,11:41:56,"とんでもないです。
ご連絡有難うございます。
本日着しましたのでお振込みは早めに行います。"
User,tomoya,2026/01/30,11:29:21,"お世話になっております。
郵送買取予約をお願いいたします。
師弟の絆14BOX 5,800
二つの伝説3BOX 5,400
ご確認の程よろしくお願いいたします。"
Account,内藤夏樹,2026/01/30,11:32:11,"毎々、お世話になっております。  
御見積書を送付いたします。

- 買取見積書 -

・ワンピースカード　師弟の絆  
14箱　単価5,800円　小計81,200円

・ワンピースカード　二つの伝説  
3箱　単価5,400円　小計16,200円

合計箱数：17箱  
合計：97,400円  
減額合計：0円  
最終買取金額：97,400円

【注意事項】
* この見積もりを印刷して商品に同梱してください。
* 1枚の印刷が難しい場合は、スクリーンショットの分割でも可能です。
* 同梱がない場合、査定が遅れることがあります。
* 同梱物などの詳細は、メニューの「ご利用方法」を確認してください。
* メニューから申請と発送を行い、発送後は必ず追跡番号を連絡してください。

ご確認のほど、よろしくお願いいたします。"
User,tomoya,2026/01/30,11:52:16,お買取品の申込書・承諾書の申請が終わりましたのでご確認の程よろしくお願いいたします。
Account,内藤夏樹,2026/01/30,11:56:18,よろしくお願い申し上げます。
Account,内藤夏樹,2026/01/30,11:56:30,お手数ですが、発送をよろしくお願い申し上げます。
User,tomoya,2026/01/30,17:33:06,"クロネコヤマトから発送いたしました。
追跡番号は3308-9568-0894
よろしくお願いいたします。"
Account,内藤夏樹,2026/01/30,19:43:01,ありがとうございました。
User,tomoya,2026/02/02,08:08:09,"お世話になっております。
依頼した最終買取金額に対して振込金額が少ないです。
ご確認の程よろしくお願いいたします。"
Account,内藤夏樹,2026/02/02,08:19:50,"毎々、お世話になっております。
すぐに確認させていただきます。"
User,tomoya,2026/02/02,08:21:31,よろしくお願いいたします。
Account,内藤夏樹,2026/02/02,08:25:41,"お振込金額についてご説明させていただきます。
買取金額97,400円から振込手数料300円を差し引いた97,100円をお振込みさせていただいております。
振込手数料につきましては、ご利用規約に記載のとおり、お客様ご負担とさせていただいております。
ご確認いただけますと幸いです。
ご不明な点がございましたら、お気軽にお申し付けください。"
User,tomoya,2026/02/02,08:28:45,10万円未満の振込で-300円の所を見落としていました。申し訳ありません。ご説明ありがとうございました。
Account,内藤夏樹,2026/02/02,08:29:09,"とんでもないです。
今後ともよろしくお願いします🙇🏻‍♂️"
