﻿アカウント名,にこにこ買取＠業界最高の買取価格宣言！
タイムゾーン,'+09:00
ダウンロード日時,2026/02/21 04:36
送信者タイプ,送信者名,送信日,送信時刻,内容
Account,応答メッセージ,2026/01/17,16:20:55,"ひろとさん
はじめまして！にこにこ買取＠業界最高の買取価格宣言！です。
友だち追加ありがとうございます！
にこにこ買取です(moon big smile)

ポケモンカードなどトレーディングカード全般の買取を行っております。
買取ご希望のお客様はなんでもお気軽に連絡してください(saluting man)

ご郵送買取の流れはメニューから”郵送買取の流れ”をご確認ください(sparkle)

ご郵送買取ご希望の場合にはメニューの”申し込みフォーム”からご申請が可能となっております。

お問い合わせなどはお気にご連絡ください。"
User,ひろと,2026/01/17,16:24:46,"下記の内容で買取をお願いしたいのですが可能でしょうか
① メガドリームEX② 6箱③ 10600円"
User,ひろと,2026/01/17,16:25:14,またスタートデッキ100単体の買取はしておりますでしょうか
Account,内藤夏樹,2026/01/17,16:27:55,スタートデッキの単体は買取しておりませんでした。。。
User,ひろと,2026/01/17,16:28:11,"承知しました！
ご確認ありがとうございます。"
User,ひろと,2026/01/17,16:34:21,写真を送信しました。
User,ひろと,2026/01/17,16:34:33,この箱の状態は買取可能でしょうか
User,ひろと,2026/01/18,11:16:36,お世話になっております。先日送付させていただいておりました、箱の状態について買取に問題ありませんでしょうか。
Account,内藤夏樹,2026/01/18,11:17:14,"毎々、お世話になっております。
ご連絡が漏れており申し訳ございません。

この箱状態ですと買取することは難しいです。"
User,ひろと,2026/01/18,11:19:45,"ご連絡ありがとうございます。承知いたしました。
それでは下記の内容で買取をお願いしたいのですが可能でしょうか
① メガドリームEXシュリンク有② 6箱③ 10600円"
User,ひろと,2026/01/18,11:20:05,申し訳ございません。5箱の誤りです。
User,ひろと,2026/01/18,11:20:23,"① メガドリームEX② 5箱③ 10600円
が正しい内容となります。"
Account,内藤夏樹,2026/01/18,11:20:53,本日のポケモンカード更新はもう少しお待ちいただけますでしょうか。
User,ひろと,2026/01/18,11:21:14,"承知いたしました。
何時ごろ更新されますでしょうか。"
Account,内藤夏樹,2026/01/18,11:27:45,"毎々、お世話になっております。
御見積書を送付いたします。

- 買取見積書 -

・ポケモンカード
メガドリームex BOX
5箱
単価 10,400円
小計 52,000円

減額項目：
・該当なし

合計：52,000円
減額合計：-0円
最終買取金額：52,000円

【注意事項】
こちらのお見積もりを印刷して商品に同梱してください。
同梱がない場合には査定が遅れる場合がございます。
ご確認のほど、よろしくお願いいたします。"
User,ひろと,2026/01/18,11:34:51,"内容につきまして合意させていただきたいのですが、今後の流れについてご確認させてください。
進め方としてまして下記の内容であっておりますでしょうか。
・申し込みフォームにて申請
・郵送
また郵送の際は下記を同梱であっておりますでしょうか。
見積もり書、身分証コピー、住民票"
Account,内藤夏樹,2026/01/18,11:35:58,"ご確認ありがとうございます。
進め方間違いございません、ありがとうございます。

同封物もおっしゃる通りでございます。
住民票は2回目以降不要となります。"
User,ひろと,2026/01/18,11:37:16,"ありがとうございます。
申請等進めさせていただきます。"
Account,内藤夏樹,2026/01/18,11:37:20,よろしくお願いいたします。
User,ひろと,2026/01/18,11:42:06,申請フォームの申請完了しました。本日中に発送させていただきます。
Account,内藤夏樹,2026/01/18,11:43:15,よろしくお願い申し上げます。
User,ひろと,2026/01/18,17:45:50,"先ほど発送させていただきました。
ヤマト運輸/2790-8587-4266/廣戸誠也"
User,ひろと,2026/01/19,15:08:28,お世話になっております。昨日ご依頼させていただきました買取につきまして、貴社に買取品は到着しておりますでしょうか。
User,ひろと,2026/02/01,09:37:35,"お世話になっております。
ポケモンセンターフクオカボックスですが、準備中とのことですが買取可能となりますでしょうか。"
