﻿アカウント名,にこにこ買取＠業界最高の買取価格宣言！
タイムゾーン,'+09:00
ダウンロード日時,2026/02/21 04:36
送信者タイプ,送信者名,送信日,送信時刻,内容
Account,応答メッセージ,2026/01/26,13:03:26,"荒野さん
はじめまして！にこにこ買取＠業界最高の買取価格宣言！です。
友だち追加ありがとうございます！
にこにこ買取です(moon big smile)

ポケモンカードなどトレーディングカード全般の買取を行っております。
買取ご希望のお客様はなんでもお気軽に連絡してください(saluting man)

ご郵送買取の流れはメニューから”郵送買取の流れ”をご確認ください(sparkle)

ご郵送買取ご希望の場合にはメニューの”申し込みフォーム”からご申請が可能となっております。

お問い合わせなどはお気にご連絡ください。"
User,荒野,2026/01/26,13:06:30,"初めまして！
次弾のONE PIECEカード
EB04.買取される予定ありますか？
予約買取とかはされてますか？"
Account,内藤夏樹,2026/01/26,13:07:16,予約させていただけますか！？
User,荒野,2026/01/26,13:08:06,買取の予約はされてますか？
Account,内藤夏樹,2026/01/26,13:47:01,予約自体は今はしておりません。
User,荒野,2026/01/26,13:57:17,承知しました
User,荒野,2026/01/31,11:07:10,本日のEB04の買取価格おいくらでしょうか？
Account,内藤夏樹,2026/01/31,11:34:23,"EGGHEAD CRISIS	EB-04	¥8,000	115,000

こちらの予定です。"
User,荒野,2026/01/31,11:38:19,7カートン買取お願いできますか？
Account,内藤夏樹,2026/01/31,11:41:08,"承知しました。
お見積もりを送ります。"
Account,内藤夏樹,2026/01/31,11:41:37,"毎々、お世話になっております。御見積書を送付いたします。
	∙	買取見積書 -
・ワンピースカード　EGGHEAD CRISIS7カートン　単価115,000円　小計805,000円
合計箱数：84箱合計：805,000円減額合計：0円最終買取金額：805,000円
【注意事項】
	∙	この見積もりを印刷して商品に同梱してください。
	∙	1枚の印刷が難しい場合は、スクリーンショットの分割でも可能です。
	∙	同梱がない場合、査定が遅れることがあります。
	∙	同梱物などの詳細は、メニューの「ご利用方法」を確認してください。
	∙	メニューから申請と発送を行い、発送後は必ず追跡番号を連絡してください。
ご確認のほど、よろしくお願いいたします。​​​​​​​​​​​​​​​​"
User,荒野,2026/01/31,12:03:20,"申し訳ございません、6カートンの間違いでした。
また、着払いにてダンボール2個分で送らせてもらってもよろしいでしょうか？"
User,荒野,2026/01/31,12:13:12,"あと、隙間が空いていたので
七傑4ボックス追加したいです。
よろしくお願い致します"
Account,内藤夏樹,2026/01/31,13:18:46,"大丈夫です。
よろしくお願い申し上げます。"
Account,内藤夏樹,2026/01/31,13:18:57,後ほどお見積もり更新します🙇🏻‍♂️
User,荒野,2026/01/31,13:19:00,見積もりよろしくお願い致します。
Account,内藤夏樹,2026/01/31,13:52:03,"すみません。
バタバタしており。
上のお見積もりで申請と発送をよろしくお願い申し上げます。"
User,荒野,2026/01/31,13:58:27,了解です
Account,内藤夏樹,2026/01/31,14:15:26,すみません
User,荒野,2026/01/31,15:04:49,"2890-1695-7983

2890-1695-7784

上記の2点、ヤマト
着払い、明日到着予定になります。
取引終了までよろしくお願い致します。"
Account,内藤夏樹,2026/01/31,16:00:21,ありがとうございます。
Account,内藤夏樹,2026/01/31,16:00:38,"・ワンピースカード　EGGHEAD CRISIS
7カートン　単価115,000円　小計805,000円
・ワンピースカード　蒼海の七傑
4箱　単価6,600円　小計26,400円
合計箱数：88箱
合計：831,400円
減額合計：0円
最終買取金額：831,400円"
