﻿アカウント名,にこにこ買取＠業界最高の買取価格宣言！
タイムゾーン,'+09:00
ダウンロード日時,2026/02/21 04:36
送信者タイプ,送信者名,送信日,送信時刻,内容
Account,応答メッセージ,2026/01/31,15:30:30,"ryu_さん
はじめまして！にこにこ買取＠業界最高の買取価格宣言！です。
友だち追加ありがとうございます！
にこにこ買取です(moon big smile)

ポケモンカードなどトレーディングカード全般の買取を行っております。
買取ご希望のお客様はなんでもお気軽に連絡してください(saluting man)

ご郵送買取の流れはメニューから”郵送買取の流れ”をご確認ください(sparkle)

ご郵送買取ご希望の場合にはメニューの”申し込みフォーム”からご申請が可能となっております。

お問い合わせなどはお気にご連絡ください。"
User,ryu_,2026/01/31,15:39:51,初めまして。ワンピースカードの買取をお願いしようと検討しております。以下の画像3枚のダメージですと買取不可でしょうか？それとも減額でしょうか？
User,ryu_,2026/01/31,15:40:07,写真を送信しました。
User,ryu_,2026/01/31,15:40:07,写真を送信しました。
User,ryu_,2026/01/31,15:40:07,写真を送信しました。
