﻿アカウント名,にこにこ買取＠業界最高の買取価格宣言！
タイムゾーン,'+09:00
ダウンロード日時,2026/02/21 04:36
送信者タイプ,送信者名,送信日,送信時刻,内容
Account,応答メッセージ,2026/01/11,13:04:35,"ああさん
はじめまして！にこにこ買取＠業界最高の買取価格宣言！です。
友だち追加ありがとうございます！
にこにこ買取です(moon big smile)

ポケモンカードなどトレーディングカード全般の買取を行っております。
買取ご希望のお客様はなんでもお気軽に連絡してください(saluting man)

ご郵送買取の流れはメニューから”郵送買取の流れ”をご確認ください(sparkle)

ご郵送買取ご希望の場合にはメニューの”申し込みフォーム”からご申請が可能となっております。

お問い合わせなどはお気にご連絡ください。"
User,ああ,2026/01/11,13:05:26,"はじめまして！
ワンピースboxの減額基準を教えていただきたいです🙇🏻‍♂️
角潰れ、上面の部分が外れてる、微傷など…
よろしくお願いします！"
Account,内藤夏樹,2026/01/11,15:21:16,"毎々、お世話になっております。
事前に画像で簡易的な査定が可能です。"
Account,内藤夏樹,2026/01/11,15:21:31,上部の部分は基準にはなっていません。
User,ああ,2026/01/11,15:38:48,"ご返信ありがとうございます！
かしこまりました！！"
User,ああ,2026/01/30,22:05:27,写真を送信しました。
User,ああ,2026/01/30,22:05:28,写真を送信しました。
User,ああ,2026/01/30,22:05:52,"お世話になっております。
それぞれ別のboxなのですが、どのくらいの減額になりすでしょうか？"
User,ああ,2026/01/31,02:38:06,それと本日、EBは3boxは確定してるのですが、確定次第査定に出すことは可能でしょうか？
User,ああ,2026/01/31,02:38:41,他のbox込みで20以上あります！
Account,内藤夏樹,2026/01/31,09:45:05,"毎々、お世話になっております。
-1000円から買取不可となる可能性が見て取れます。"
User,ああ,2026/01/31,10:18:07,"かしこまりました。
ありがとうございます🙇🏻‍♂️"
User,ああ,2026/01/31,13:09:26,box表面の傷(擦り傷等)も減額対象ですか？
