﻿アカウント名,にこにこ買取＠業界最高の買取価格宣言！
タイムゾーン,'+09:00
ダウンロード日時,2026/02/21 04:36
送信者タイプ,送信者名,送信日,送信時刻,内容
Account,応答メッセージ,2025/06/09,20:14:25,"原 真澄さん
はじめまして！にこにこ買取＠業界最高の買取価格宣言！です。
友だち追加ありがとうございます！
にこにこ買取です(moon big smile)

ポケモンカードなどトレーディングカード全般の買取を行っております。
買取ご希望のお客様はなんでもお気軽に連絡してください(saluting man)

ご郵送買取の流れはメニューから”郵送買取の流れ”をご確認ください(sparkle)

お問い合わせなどはお気軽にメッセージからご連絡ください(phone)"
Account,応答メッセージ,2025/06/09,20:14:25,写真を送信しました。
Account,応答メッセージ,2025/06/09,20:14:25,写真を送信しました。
Account,応答メッセージ,2025/06/09,20:14:25,写真を送信しました。
User,原 真澄,2025/11/30,20:54:14,"はじめまして！
Xで見ましたがメガドリーム明日持込でも13000円買取ですか？"
Account,内藤夏樹,2025/12/01,13:49:42,"毎々お世話になっております。
本日はまだ価格を更新しておりません。"
User,原 真澄,2025/12/01,13:51:13,本日の価格はいつ頃わかりますか？
Account,内藤夏樹,2025/12/01,13:51:54,"毎々お世話になっております。
このあと14時頃に更新予定となっております。"
User,原 真澄,2025/12/01,13:52:57,そこでまたLINEで見積もりでいいんですか？
Account,内藤夏樹,2025/12/01,14:11:05,はい、お買取の要領に従いメッセージをお願い申し上げます。
User,原 真澄,2025/12/01,14:12:56,送信が取り消されたメッセージです
User,原 真澄,2025/12/01,14:14:21,"「①メガドリーム／②6箱／③13700」
お願いします。"
Account,内藤夏樹,2025/12/01,14:15:46,"毎々、お世話になっております。  
御見積書を送付いたします。

- 買取見積書 -
・ポケモンカード　メガドリームex　6箱　単価13,700円　小計82,200円

合計箱数：6箱
合計：82,200円  
減額合計：0円  
最終買取金額：82,200円

ご確認のほど、よろしくお願いいたします。"
User,原 真澄,2025/12/01,15:38:33,「ヤマト運輸／503460222451」
Account,AIチャットボット(β),2025/12/01,15:38:34,情報利用許可のお願い
User,原 真澄,2025/12/01,15:38:48,発送しました。
Account,AIチャットボット(β),2025/12/01,15:38:49,情報利用許可のお願い
Account,内藤夏樹,2025/12/01,15:39:41,ありがとうございました。
User,原 真澄,2025/12/01,15:41:51,査定終わり次第連絡もらえるんですか？
Account,内藤夏樹,2025/12/01,15:56:25,はい、査定後ご連絡を差し上げております。
User,原 真澄,2025/12/01,15:57:00,了解しました。よろしくお願いします。
Account,内藤夏樹,2025/12/02,20:26:07,"お振込みをしました。
ありがとうございました。"
User,原 真澄,2025/12/02,20:30:31,またよろしくお願いします！
User,原 真澄,2025/12/06,13:13:37,"メガドリーム　7箱
買取いくらですか？"
Account,AIチャットボット(β),2025/12/06,13:13:39,"買取価格は日々変動するため、メニューより買取価格表をご確認ください。
個別見積りは、商品名・数量・単価を記載のうえご連絡ください。

商品名：
数買取希望数量：
買取単価："
User,原 真澄,2025/12/06,14:30:00,"商品名：メガドリーム
数買取希望数量：7
買取単価：13200"
Account,AIチャットボット(β),2025/12/06,14:30:02,"買取価格は日々変動するため、メニューより買取価格表をご確認ください。
個別見積りは、商品名・数量・単価を記載のうえご連絡ください。

商品名：
数買取希望数量：
買取単価："
User,原 真澄,2025/12/06,17:05:51,価格表更新されてませんがメガドリーム買取いくらですか？
Account,AIチャットボット(β),2025/12/06,17:05:54,"買取価格は日々変動するため、メニューより買取価格表をご確認ください。
個別見積りは、商品名・数量・単価を記載のうえご連絡ください。

商品名：
数買取希望数量：
買取単価："
User,原 真澄,2025/12/12,12:42:18,"「①メガドリーム　シュリンクあり／②10箱／③11800円

本日夕方発送でも大丈夫ですか？"
Account,内藤夏樹,2025/12/12,12:46:37,明日到着でしたら問題がございません。
Account,内藤夏樹,2025/12/12,12:46:58,"毎々、お世話になっております。  
御見積書を送付いたします。

- 買取見積書 -
・ポケモンカード　メガドリームex（シュリンク付き）　10箱　単価11,800円　小計118,000円

合計箱数：10箱
合計：118,000円  
減額合計：0円  
最終買取金額：118,000円

ご確認のほど、よろしくお願いいたします。"
User,原 真澄,2025/12/12,12:48:35,前回利用しているんですけど今回は本人確認のコピーだけでいいんですか？
Account,内藤夏樹,2025/12/12,12:49:04,はい、大丈夫です。
User,原 真澄,2025/12/12,12:49:21,了解しました！
Account,内藤夏樹,2025/12/12,12:51:18,よろしくお願いします。
User,原 真澄,2025/12/12,19:25:03,"発送したのでよろしくお願いします。
「ヤマト運輸／503499873251」"
User,原 真澄,2026/01/31,12:54:28,ロケット団のアタッシュケース買取してますか？
