﻿アカウント名,にこにこ買取＠業界最高の買取価格宣言！
タイムゾーン,'+09:00
ダウンロード日時,2026/02/21 04:36
送信者タイプ,送信者名,送信日,送信時刻,内容
Account,応答メッセージ,2025/10/02,19:44:30,"s&dさん
はじめまして！にこにこ買取＠業界最高の買取価格宣言！です。
友だち追加ありがとうございます！
にこにこ買取です(moon big smile)

ポケモンカードなどトレーディングカード全般の買取を行っております。
買取ご希望のお客様はなんでもお気軽に連絡してください(saluting man)

ご郵送買取の流れはメニューから”郵送買取の流れ”をご確認ください(sparkle)

ご郵送買取ご希望の場合にはメニューの”申し込みフォーム”からご申請が可能となっております。

お問い合わせなどはお気にご連絡ください。"
User,s&d,2025/11/01,14:24:24,"お世話になります。
インフェルノ、今幾らですか？"
Account,内藤夏樹,2025/11/01,15:34:16,"毎々、お世話になっております。
本日はお休みとなります。"
User,s&d,2025/11/01,15:36:50,"かしこまりました！
有難うございます"
User,s&d,2025/11/05,13:01:24,"お世話になります。
トウホクの買取はいくらですか？"
Account,内藤夏樹,2025/11/05,13:27:12,やっていません
User,s&d,2025/11/05,16:51:31,"わかりました。
有難うございます"
User,s&d,2025/11/27,19:33:00,"お世話になります。
明日のハイクラス、買取ありますか？"
User,s&d,2026/01/25,00:30:30,"お世話になります。
メガドリームの買取はありますか？

また可能であれば、お聞きしますが、何箱買取可能でしょうか？
1000箱以上はまだあります。"
Account,内藤夏樹,2026/01/25,08:36:32,"毎々、お世話になっております。
欲しいです。
価格を聞いても良いですか"
User,s&d,2026/01/25,09:41:22,"川崎さんのご紹介で、
9200と伺っておりました。"
Account,内藤夏樹,2026/01/25,09:43:08,"お！川崎さん、、、ありがたい。

9200円賜ります。
200箱くらい探しておりました。"
User,s&d,2026/01/25,09:43:39,200箱のみでしょうか？
Account,内藤夏樹,2026/01/25,09:44:13,300までは本日可能です。
Account,内藤夏樹,2026/01/25,11:17:52,ご連絡をお待ちしております。
User,s&d,2026/01/25,12:14:48,畏まりました。
User,s&d,2026/01/25,12:15:05,こちら法人なのですが、謄本など必要でしょうか？
Account,内藤夏樹,2026/01/25,12:37:20,"ご連絡有難うございます。
法人様の場合にはご請求書を同封いただけますでしょうか。

ご申請だけ、代表様のお名前でしていただければあとは不要でございます。"
User,s&d,2026/01/25,12:37:25,畏まりました
Account,内藤夏樹,2026/01/25,12:37:27,"請求先および発送先
株式会社AiGIVE 内藤宛
940-0833
新潟県長岡市笹崎1-8-22 1階
070-9126-7304"
User,s&d,2026/01/25,12:37:41,本日、発送します
Account,内藤夏樹,2026/01/25,12:37:43,お手数をお掛けしますが、何卒よろしくお願いします。
User,s&d,2026/01/25,13:00:32,"489684185222 
519910103731 
519910103742 
519910103753 
519910103764 
519910103775 

ヤマト発送になります
"
User,s&d,2026/01/25,13:05:07,宜しくお願い致します。
Account,内藤夏樹,2026/01/25,13:05:45,ありがとうございました。
User,s&d,2026/01/25,13:06:06,来週、ヒロシマも届く予定ですが、買取はありますか？
Account,内藤夏樹,2026/01/25,16:26:00,"ご連絡が遅くなりました。
現在は未定です。
数量はかなり多いですか？"
User,s&d,2026/01/25,16:26:40,"はい。
こちらも1000個ほどはあります"
Account,内藤夏樹,2026/01/25,16:26:53,すごい量ですね、、、。
User,s&d,2026/01/25,16:27:34,他所にも送ってて、残った分ですね
Account,内藤夏樹,2026/01/25,16:28:10,すごいです。。。
User,s&d,2026/01/25,16:29:01,是非、今後とも大口で買取をお願い致します🙇‍♂️
Account,内藤夏樹,2026/01/25,17:10:06,弊社ではどれだけご要望にお応えできるかといった不安はありますが、貢献できたら幸いです。
Account,内藤夏樹,2026/01/26,19:07:48,"いつも当店をご利用いただき、誠にありがとうございます。

お預かりしておりましたお品物の検品が完了いたしましたので、ご指定の口座へお振り込みの手続きをさせていただきました。 併せてご確認いただけますと幸いです。

この度はご利用いただき、重ねて御礼申し上げます。 またの機会がございましたら、ぜひお手伝いをさせていただけますと幸いです"
User,s&d,2026/01/26,19:10:21,送信が取り消されたメッセージです
User,s&d,2026/01/26,19:10:46,"お世話になります。
有難う御座います🙇‍♂️

今回のメガドリ、インフェルノも買取できる数多ければ、また発送したいと思います。

宜しくお願い致します。"
Account,内藤夏樹,2026/01/26,19:11:39,"ありがとうございます。
いつでもご連絡いただければ幸いです。

ワンピースカードはあまり取り扱いがありませんでしょうか。"
User,s&d,2026/01/26,19:12:49,"ワンピースは、前回の高騰時は大量に買っていましたが、
今はやってないです。
やろうとしてないです。

すいません🙇‍♂️"
User,s&d,2026/01/26,19:13:03,ポケモンが弱くなりましたら、やります。
Account,内藤夏樹,2026/01/26,19:15:26,承知しました！
User,s&d,2026/01/28,21:33:17,"お世話になります。
ヒロシマの買取価格、また教えて下さい。
お願い致します"
Account,内藤夏樹,2026/01/29,15:51:27,"毎々、お世話になっております。
承知しました。"
User,s&d,2026/01/31,11:51:13,送信が取り消されたメッセージです
User,s&d,2026/01/31,11:53:16,送信が取り消されたメッセージです
User,s&d,2026/01/31,11:57:21,"お世話になります。
ヒロシマの買取価格教えて下さい。
宜しくお願い致します。"
Account,内藤夏樹,2026/01/31,11:57:52,"お世話になります。ご連絡ありがとうございます。現在は買取未定でございます。ご期待に添えず申し訳ございません。
"
User,s&d,2026/01/31,11:58:06,"畏まりました。
有難うございます"
