﻿アカウント名,にこにこ買取＠業界最高の買取価格宣言！
タイムゾーン,'+09:00
ダウンロード日時,2026/02/21 04:36
送信者タイプ,送信者名,送信日,送信時刻,内容
Account,応答メッセージ,2024/10/24,02:22:40,"ラムさん
はじめまして！にこにこ買取＠業界最高の買取価格宣言！です。
友だち追加ありがとうございます！
にこにこ買取です(moon big smile)

ポケモンカードなどトレーディングカード全般の買取を行っております。
買取ご希望のお客様はなんでもお気軽に連絡してください(saluting man)

ご郵送買取の流れは以下の”郵送買取の流れ”をご確認ください(sparkle)

お問い合わせなどはお気軽にメッセージからご連絡ください(phone)"
Account,応答メッセージ,2024/10/24,02:22:40,写真を送信しました。
Account,応答メッセージ,2024/10/24,02:22:40,写真を送信しました。
User,ラム,2025/11/09,18:22:17,こんにちは
User,ラム,2025/11/09,18:22:49,ポケモンバトルパートナーズ買取しますか？
User,ラム,2026/01/31,11:20:13,こんにちは
User,ラム,2026/01/31,11:20:21,メガドリームボックス買取しますか？
User,ラム,2026/01/31,11:20:45,大口があります
Account,内藤夏樹,2026/01/31,11:20:51,いくらですか何個ですか
User,ラム,2026/01/31,11:21:03,1500ボックスがあり
User,ラム,2026/01/31,11:23:51,9800円いけますか？
