﻿アカウント名,にこにこ買取＠業界最高の買取価格宣言！
タイムゾーン,'+09:00
ダウンロード日時,2026/02/21 04:36
送信者タイプ,送信者名,送信日,送信時刻,内容
Account,応答メッセージ,2025/06/09,18:22:53,"Huu Tuさん
はじめまして！にこにこ買取＠業界最高の買取価格宣言！です。
友だち追加ありがとうございます！
にこにこ買取です(moon big smile)

ポケモンカードなどトレーディングカード全般の買取を行っております。
買取ご希望のお客様はなんでもお気軽に連絡してください(saluting man)

ご郵送買取の流れはメニューから”郵送買取の流れ”をご確認ください(sparkle)

お問い合わせなどはお気軽にメッセージからご連絡ください(phone)"
Account,応答メッセージ,2025/06/09,18:22:53,写真を送信しました。
Account,応答メッセージ,2025/06/09,18:22:53,写真を送信しました。
Account,応答メッセージ,2025/06/09,18:22:53,写真を送信しました。
User,Tu Ani,2025/06/24,17:14:51,すみません、買取の住所はどこですか？
Account,内藤夏樹,2025/06/24,17:29:04,"毎々、お世話になっております。
新潟です"
User,Tu Ani,2025/10/02,13:33:38,写真を送信しました。
User,Tu Ani,2025/10/02,13:33:53,これはまだ買取しますか
Account,内藤夏樹,2025/10/02,13:48:55,終わりました
User,Tu Ani,2025/10/03,14:15:21,写真を送信しました。
User,Tu Ani,2025/10/03,14:16:44,#インフェルx 予約したい
Account,内藤夏樹,2025/10/03,14:16:59,終わりました
User,Tu Ani,2025/10/03,14:17:32,はやいですね
Account,内藤夏樹,2025/10/03,14:20:47,大口ありました
Account,内藤夏樹,2025/10/03,14:20:50,12800です
Account,内藤夏樹,2025/10/03,14:20:52,よろしくお願い申し上げます。
User,Tu Ani,2025/10/27,15:26:37,こんにちは
User,Tu Ani,2025/10/27,15:33:21,メガブレイブのカートン　買取しますか
Account,内藤夏樹,2025/10/27,15:33:56,"こんにちは。
買取します。"
Account,内藤夏樹,2025/10/27,15:33:59,何個あります
User,Tu Ani,2025/10/27,15:34:23,2 カートン　あります
Account,内藤夏樹,2025/10/27,15:34:57,136800円でどうですか？
User,Tu Ani,2025/10/27,15:40:48,はい　分かりました
User,Tu Ani,2025/10/27,15:40:52,うりたい
User,Tu Ani,2025/10/27,15:41:43,やる方どんなんですか
Account,内藤夏樹,2025/10/27,15:52:16,ありがとうございました。
Account,内藤夏樹,2025/10/27,15:52:21,申請フォームを送信
Account,内藤夏樹,2025/10/27,15:52:23,発送です
User,Tu Ani,2026/01/30,23:26:08,こんにちは
User,Tu Ani,2026/01/30,23:27:34,EB 04 31日に郵便配達を予約したいのですが、可能ですか？
Account,内藤夏樹,2026/01/31,09:44:25,"毎々、お世話になっております。
のちほど価格を提示します。"
