﻿アカウント名,にこにこ買取＠業界最高の買取価格宣言！
タイムゾーン,'+09:00
ダウンロード日時,2026/02/21 04:36
送信者タイプ,送信者名,送信日,送信時刻,内容
Account,応答メッセージ,2025/10/08,13:39:10,"Keangnamさん
はじめまして！にこにこ買取＠業界最高の買取価格宣言！です。
友だち追加ありがとうございます！
にこにこ買取です(moon big smile)

ポケモンカードなどトレーディングカード全般の買取を行っております。
買取ご希望のお客様はなんでもお気軽に連絡してください(saluting man)

ご郵送買取の流れはメニューから”郵送買取の流れ”をご確認ください(sparkle)

ご郵送買取ご希望の場合にはメニューの”申し込みフォーム”からご申請が可能となっております。

お問い合わせなどはお気にご連絡ください。"
User,Keangnam,2025/11/28,20:42:48,"こんばんは🌆
本日買取予約まだやってませんか？"
Account,内藤夏樹,2025/11/29,10:43:37,"毎々、お世話になっております。
本日分はすでに予約で〆切となりました。
ありがとうございました。"
User,Keangnam,2025/12/18,18:30:58,"こんばんは🌇
明日スタートデッキ100買取予約したいですが、受け付け可能でしょうか？"
Account,内藤夏樹,2025/12/18,18:31:22,"毎々、お世話になっております。
大丈夫です。"
User,Keangnam,2025/12/18,18:32:24,"100個予約したいです。
発送期限いつまでにですか？"
Account,内藤夏樹,2025/12/18,18:32:53,"土曜日に新潟に到着です。
大丈夫ですか？"
User,Keangnam,2025/12/18,18:36:23,念のため日曜日大丈夫ですか？
Account,内藤夏樹,2025/12/18,18:36:37,ダメですね。
User,Keangnam,2025/12/18,18:37:50,"間に合ったら、土曜日に到着頑張ります。
東京から発送しますので、よろしくお願いします(お願いします)"
Account,内藤夏樹,2025/12/18,18:40:42,約束できないとダメです。
User,Keangnam,2025/12/18,18:43:06,それとは100個予約お願いします。
Account,内藤夏樹,2025/12/18,18:43:23,申請できますか？
User,Keangnam,2025/12/18,18:43:29,郵送先送ってもらえませんか？
Account,内藤夏樹,2025/12/18,18:43:37,申請したら出てきます。
User,Keangnam,2025/12/18,18:43:53,"はい
できます。よろしくお願いします🙇"
Account,内藤夏樹,2025/12/18,18:45:26,よろしくお願い申し上げます。
Account,内藤夏樹,2025/12/18,18:47:17,"毎々、お世話になっております。  
御見積書を送付いたします。

- 買取見積書 -
  ・ポケモンカード　スタートデッキ100バトルコレクション　100箱　単価4,000円　小計400,000円

合計箱数：100箱
合計：400,000円  
減額合計：0円  
最終買取金額：400,000円

20箱以上のため、送料は弊社負担でお送りください。

**配送希望：土曜日午前中必着**

ご確認のほど、よろしくお願いいたします。​​​​​​​​​​​​​​​​"
User,Keangnam,2025/12/18,18:56:20,"はい
よろしくお願いします(お願いします)"
Account,内藤夏樹,2025/12/18,18:56:30,申請してください。
Account,内藤夏樹,2025/12/18,19:00:32,19:30までに申請をよろしくお願い申し上げます。
User,Keangnam,2025/12/18,19:03:53,写真を送信しました。
User,Keangnam,2025/12/18,19:04:02,確認お願いします🙇
Account,内藤夏樹,2025/12/18,19:46:44,ありがとうございました。
Account,内藤夏樹,2025/12/18,19:46:51,では、明日の発送をよろしくお願い申し上げます。
User,Keangnam,2025/12/18,19:49:18,"はい
よろしくお願いします(よろしく)"
User,Keangnam,2025/12/19,12:36:02,"おはようございます
150個行けますか？"
Account,内藤夏樹,2025/12/19,12:37:04,"毎々、お世話になっております。
大丈夫です。
明日必着となります🙇🏻‍♂️"
Account,内藤夏樹,2025/12/19,12:38:03,追加で100箱でよろしいでしょうか。、
User,Keangnam,2025/12/19,12:43:55,追加50個です。
Account,内藤夏樹,2025/12/19,12:50:24,"承知しました。
では、3500円＊50個を賜りました。"
Account,内藤夏樹,2025/12/19,12:50:28,本日の発送をよろしくお願いします。
User,Keangnam,2025/12/19,12:50:35,"はい
よろしくお願いします🙇"
User,Keangnam,2025/12/19,12:51:05,"それとは100個お願いします。
追加しないです。"
Account,内藤夏樹,2025/12/19,12:52:27,"100箱　4000円 
150箱　3500円

であっておりますでしょうか？ "
User,Keangnam,2025/12/19,12:54:33,"100箱4000円でお願いします。
追加50箱5000円なら追加しないです"
Account,内藤夏樹,2025/12/19,12:57:43,"100箱4000円のみ（昨日）ですね。
このままでよろしくお願いします。"
User,Keangnam,2025/12/19,13:00:07,"はい
このままお願いします。"
Account,内藤夏樹,2025/12/19,13:01:21,わかりました。
User,Keangnam,2025/12/19,17:26:15,お疲れ様です
User,Keangnam,2025/12/19,17:26:32,写真を送信しました。
User,Keangnam,2025/12/19,17:26:55,発送しましたので、届いたら検品お願いします
Account,内藤夏樹,2025/12/19,17:27:20,ありがとうございました。
User,Keangnam,2025/12/19,17:28:34,108箱お願いします。
Account,内藤夏樹,2025/12/19,18:25:06,"追加の8個は
3500円です。"
User,Keangnam,2025/12/19,18:25:19,"はい
大丈夫です"
User,Keangnam,2025/12/19,18:25:41,配送料は助けてくれますか？
Account,内藤夏樹,2025/12/19,18:26:16,もちろんです。
User,Keangnam,2025/12/19,18:29:00,"はい
ありがとうございます(ありがとう)"
User,Keangnam,2025/12/20,15:44:11,お疲れ様です
User,Keangnam,2025/12/20,15:44:44,本日商品を検品完了されましたか？
User,Keangnam,2025/12/20,15:46:36,本日もスタートデッキ100は150個予約したいですが、よろしでしょうか？
Account,内藤夏樹,2025/12/20,15:51:04,"しております。

箱ですか？
2700円です。
よいですか？"
User,Keangnam,2025/12/20,15:54:29,150箱ならアップ可能でしょうか？
Account,内藤夏樹,2025/12/20,16:00:16,２８００円にします。
User,Keangnam,2025/12/20,16:02:53,今考えます。
Account,内藤夏樹,2025/12/20,16:03:24,すぐ〆切になります。
Account,内藤夏樹,2025/12/20,16:03:29,送料は弊社負担。
Account,内藤夏樹,2025/12/20,16:20:45,決めましょう。
Account,内藤夏樹,2025/12/20,16:20:55,送信が取り消されたメッセージです
User,Keangnam,2025/12/20,16:30:19,写真を送信しました。
Account,内藤夏樹,2025/12/20,16:30:31,最高ですね。
User,Keangnam,2025/12/20,16:30:34,まだ集めてますので、間に合いませんかもしれないです。
Account,内藤夏樹,2025/12/20,16:30:35,サーチしないでほしい。
User,Keangnam,2025/12/20,16:30:44,全然しないです。
Account,内藤夏樹,2025/12/20,16:30:51,白箱は高く買います。
Account,内藤夏樹,2025/12/20,16:30:56,今日発送してほしい。
Account,内藤夏樹,2025/12/20,16:31:03,価格は頑張ります。
User,Keangnam,2025/12/20,16:35:43,白箱は予約しましたので、まだ募集されますか？
Account,内藤夏樹,2025/12/20,16:46:37,"それなら大丈夫です。
バラを売ってください。"
User,Keangnam,2025/12/20,16:54:38,今間に合いませんので、まだ予約しませんでお願いします
User,Keangnam,2025/12/20,16:56:26,120箱でお願いします。
User,Keangnam,2025/12/20,16:56:41,本日発送させていただきます。
Account,内藤夏樹,2025/12/20,16:57:30,"120箱
2800円
オーケイです。"
User,Keangnam,2025/12/20,17:00:44,"はい
よろしくお願いします🙇"
Account,内藤夏樹,2025/12/20,17:01:52,明日到着ね
User,Keangnam,2025/12/20,17:03:37,はい頑張ります
User,Keangnam,2025/12/20,17:13:23,150箱お願いします。
Account,内藤夏樹,2025/12/20,17:21:26,わかりました
User,Keangnam,2025/12/20,17:33:25,まだ欲しいですか？
Account,内藤夏樹,2025/12/20,17:39:08,いったん〆切しました
User,Keangnam,2025/12/20,18:03:15,"はい
これから発送します。"
User,Keangnam,2025/12/20,18:19:45,写真を送信しました。
User,Keangnam,2025/12/20,18:20:11,"発送しました
明日到着ので、検品終わったら、連絡お願い致しす。"
Account,内藤夏樹,2025/12/22,10:54:39,申請してください。
Account,内藤夏樹,2025/12/22,10:54:42,振り込みします。
User,Keangnam,2025/12/22,11:00:49,"おはようございます🌞
今から申請します"
User,Keangnam,2025/12/22,11:01:48,写真を送信しました。
User,Keangnam,2025/12/22,11:02:00,ここはどうやってますか？
Account,内藤夏樹,2025/12/22,11:02:49,"スタートデッキ100
2800*150箱"
Account,内藤夏樹,2025/12/22,11:02:54,こちらをUPしてください。
User,Keangnam,2025/12/22,11:06:47,そっちは文字入力できないのため、ファイルのみです。
Account,内藤夏樹,2025/12/22,11:07:38,スクリーンショットを撮影してください
User,Keangnam,2025/12/22,11:08:18,"はい
出来ました"
User,Keangnam,2025/12/22,11:08:22,よろしくお願いします🙇
Account,内藤夏樹,2025/12/22,11:08:37,"ありがとうございます。
お振込みしますね。"
User,Keangnam,2025/12/22,11:08:48,"はい
よろしくお願いします(お願いします)"
User,Keangnam,2025/12/22,15:47:44,"お疲れ様です
まだ振り込まてないでしょうか？"
Account,内藤夏樹,2025/12/22,15:57:26,"夜までにします。
少しお待ちください"
User,Keangnam,2025/12/22,16:10:11,"はい
畏まりました。"
User,Keangnam,2026/01/09,13:55:52,こんにちは🌞
Account,内藤夏樹,2026/01/09,13:56:04,毎々、お世話になっております。
User,Keangnam,2026/01/09,13:56:25,メガドリーム100個買取予約したいですがUP可能でしょうか？
User,Keangnam,2026/01/09,13:58:38,もう〆切でしょうか？
Account,内藤夏樹,2026/01/09,14:02:01,〆切になりました🙇🏻‍♂️
User,Keangnam,2026/01/09,14:02:56,"はい
畏まりました。
また今度もよろしくお願い致します(お願いします)"
Account,内藤夏樹,2026/01/09,14:10:27,"ブラックとホワイト
ありませんでしょうか"
User,Keangnam,2026/01/09,14:11:37,今在庫ないです相場で高いですが、集めれないです。
User,Keangnam,2026/01/09,14:11:51,セットはいくら買取でしょうか？
Account,内藤夏樹,2026/01/09,14:14:02,"そうですね
24000円まで大丈夫"
User,Keangnam,2026/01/09,14:16:58,"畏まりました。
集めてみます。"
Account,内藤夏樹,2026/01/09,14:34:50,有難うございます
User,Keangnam,2026/01/30,16:57:42,"お世話になります
明日ワンピースEB-04予約したいですが、何個まで募集されますか？"
Account,内藤夏樹,2026/01/30,16:58:37,"毎々、お世話になっております。
明日の状況は確定的には言えませんがそこそこ集めたい印象です。"
Account,内藤夏樹,2026/01/30,16:58:43,どれくらいになりそうでしょうか？
User,Keangnam,2026/01/30,17:07:59,70個予約したいですが、よろしでしょうか？
Account,内藤夏樹,2026/01/30,17:12:18,"現在は7500円ですが、予約されますか？

明日出荷です。"
User,Keangnam,2026/01/30,17:29:15,ちょっと考えます。
Account,内藤夏樹,2026/01/30,17:29:29,はい
