﻿アカウント名,にこにこ買取＠業界最高の買取価格宣言！
タイムゾーン,'+09:00
ダウンロード日時,2026/02/21 04:36
送信者タイプ,送信者名,送信日,送信時刻,内容
Account,応答メッセージ,2025/11/02,17:02:13,"aymさん
はじめまして！にこにこ買取＠業界最高の買取価格宣言！です。
友だち追加ありがとうございます！
にこにこ買取です(moon big smile)

ポケモンカードなどトレーディングカード全般の買取を行っております。
買取ご希望のお客様はなんでもお気軽に連絡してください(saluting man)

ご郵送買取の流れはメニューから”郵送買取の流れ”をご確認ください(sparkle)

ご郵送買取ご希望の場合にはメニューの”申し込みフォーム”からご申請が可能となっております。

お問い合わせなどはお気にご連絡ください。"
User,aym,2025/11/05,13:37:12,"はじめまして(！！)
お忙しいところ失礼致します(Brown bow)

•ワンピースヒロインスペシャルセット

•ポケモンスペシャルボックス　トウホク

•ポケなで

(上)上記商品の買取は行っておりますでしょうか？？
買取額を教えて頂きたいので、お手隙の際にお返事宜しくお願いします🤲"
Account,内藤夏樹,2025/11/05,13:38:50,"毎々、お世話になっております。
現在は受付しておりませんでした。"
User,aym,2025/11/05,13:44:32,"ご確認頂き有難うございます(ありがとう)承知致しました(ありがとう)

ちなみに、テラスタルフェスexは現在買取価格１２,400円でしょうか？？"
Account,内藤夏樹,2025/11/05,14:59:03,12400円です。
User,aym,2025/11/05,16:38:17,ご返信有難うございます(ありがとう)
User,aym,2025/11/05,16:38:20,スタンプを送信しました。
User,aym,2025/11/16,14:10:11,"お世話になっております(ぺこり)

ご質問になります。

本日の買取価格は
画像に記載されている
価格で変更ないでしょうか(?)"
User,aym,2025/11/16,14:10:17,写真を送信しました。
Account,内藤夏樹,2025/11/16,14:11:29,"毎々、お世話になっております。
現在出張につき買取を停止させていただいております🙇🏻‍♂️

明日以降再開予定でございます🙇🏻‍♂️"
User,aym,2025/11/16,14:14:12,"承知致しました(emoji)

お忙しいところご返信有難うございました(ぺこり)(ぺこり)"
User,aym,2025/11/19,13:01:09,写真を送信しました。
User,aym,2025/11/19,13:01:19,"お世話になっております(よろしく)

本日買取価格は
画像ので変更ないでしょうか？(お願いします)"
User,aym,2025/11/19,13:02:49,写真を送信しました。
User,aym,2025/11/19,13:03:21,"こちらでしたね(！！)
失礼いたしました(よろしく)

ご変更ないでしょうか？？"
Account,内藤夏樹,2025/11/19,13:37:26,"毎々、お世話になっております。
本日はお休みとなります。
またよろしくお願いいたします。"
User,aym,2025/11/19,13:38:42,"かしこまりました(よろしく)

また宜しくお願い致します(お願いします)"
User,aym,2025/11/20,12:36:51,"お世話になっております(OK)

本日は営業しておりますでしょうか？(happy)"
Account,内藤夏樹,2025/11/20,13:41:18,"毎々、お世話になっております。
本日はお休みとなります。
またよろしくお願いいたします。"
User,aym,2025/11/20,13:42:34,"承知致しました(!)

把握の為に、次回営業日または定休日などございましたら
教えて頂きたいです(OK)"
Account,内藤夏樹,2025/11/20,13:49:59,ワンピース新作の落ち着き次第ですが、メガドリームまで再開を見送る可能性があります🙇🏻‍♂️
User,aym,2025/11/21,10:12:43,スタンプを送信しました。
User,aym,2025/12/03,13:06:41,"お世話になります(ありがとう)

本日買取営業しておりますでしょうか？(happy)"
Account,AIチャットボット(β),2025/12/03,13:06:41,情報利用許可のお願い
Account,内藤夏樹,2025/12/03,13:48:37,"毎々、お世話になっております！
本日は在庫整理のため買取を停止しております。"
User,aym,2025/12/03,13:49:32,承知致しました(ありがとう)
User,aym,2025/12/03,13:49:38,スタンプを送信しました。
User,aym,2025/12/05,13:06:37,"お世話になります(!)

本日買取営業しておりますでしょうか？(happy)"
Account,AIチャットボット(β),2025/12/05,13:06:39,"ご利用方法の詳細は、当サイトの**メニューにある「ご利用方法」**をご参照いただけますと幸いです。

ご不明な点がございましたら、LINEにてお気軽にお問い合わせください。"
Account,内藤夏樹,2025/12/05,14:54:40,"毎々、お世話になっております。
メガドリームのみ
本日は12400円でご案内しております。"
User,aym,2025/12/06,16:12:15,ご返信有難うございます(お願いします)(お願いします)(お願いします)
Account,AIチャットボット(β),2025/12/06,16:12:17,"お問い合わせありがとうございます！
適切な回答が見つかりませんでした。ほかの聞き方をお試しください。"
User,aym,2025/12/13,12:33:12,"お世話になっております(happy)

本日は営業しておりますでしょうか？(よろしく)(キラキラ)"
Account,内藤夏樹,2025/12/13,12:49:25,"毎々、お世話になっております。
メガドリームのみお受付しております♪"
User,aym,2025/12/13,13:17:35,"ご返信有難うございます(happy)

メガドリシュリ有

1BOXの買取価格
１２,０００は可能でしょうか…？(ありがとう)"
User,aym,2025/12/13,16:33:47,"お忙しいところすみません(大変)(大変)

流石に厳しいでしょうか？(ありがとう)"
User,aym,2025/12/19,11:56:07,お世話になっております🙇‍♀️
User,aym,2025/12/19,11:56:19,写真を送信しました。
User,aym,2025/12/19,11:56:45,"郵送になるのですが、
条件や制限などはございますでしょうか？(どうしよう)"
Account,内藤夏樹,2025/12/19,12:15:20,"毎々、お世話になっております。
ただいま準備しております🙇🏻‍♂️"
User,aym,2025/12/19,12:20:19,かしこまりました(おねがいいたします)
User,aym,2025/12/19,12:20:31,スタンプを送信しました。
User,aym,2025/12/19,12:34:41,X拝見しました(!)
User,aym,2025/12/19,12:34:46,写真を送信しました。
User,aym,2025/12/19,12:35:19,お願いしたいです(お願いします)
User,aym,2025/12/19,12:36:48,20箱以上で送料無料でしょうか？(お願いします)
Account,内藤夏樹,2025/12/19,12:37:38,"毎々、お世話になっております。
20個から着払い可能です🙇🏻‍♂️"
User,aym,2025/12/19,12:39:41,"スタートデッキと同梱させたい商品があります！

ちなみに、メガドリの
買取価格教えてほしいです(おねがいいたします)(おねがいいたします)
"
User,aym,2025/12/19,12:41:10,スタートデッキ20箱はお願いしたいです(happy)
Account,内藤夏樹,2025/12/19,12:43:40,"承知しました。
メガドリームは本日受付しておりませんでした。"
User,aym,2025/12/19,12:43:50,承知いたしました❣️
User,aym,2025/12/19,12:43:58,スタートデッキお願いします！！
User,aym,2025/12/19,12:44:06,スタンプを送信しました。
Account,内藤夏樹,2025/12/19,12:48:52,"毎々、お世話になっております。  
御見積書を送付いたします。

- 買取見積書 -
  ・ポケモンカード　スタートデッキ100バトルコレクション　20箱　単価3,500円　小計70,000円

合計箱数：20箱
合計：70,000円  
減額合計：0円  
最終買取金額：70,000円

20箱のため、送料は弊社負担でお送りください。

**配送希望：20日午前中必着**
**予約後キャンセル不可**
**利用規約を必ず確認してください**

ご確認のほど、よろしくお願いいたします。​​​​​​​​​​​​​​​​"
User,aym,2025/12/19,12:50:35,見積書の送付有難うございます(おねがいいたします)
User,aym,2025/12/19,12:51:20,"ご利用が初めてなのですが、
申し込みフォームから記載で
大丈夫でしょうか？(よろしく)(よろしく)"
Account,内藤夏樹,2025/12/19,12:51:39,はい、メニューから申請と発送をよろしくお願いします。
User,aym,2025/12/19,13:08:35,"フォーム送信致しました(おねがいいたします)

商品に住民票原本同梱し
ヤマト▶︎明日午前中着便で
本日発送ささて頂きます(よろしく)

発送致しましたら
ヤマトの追跡番号送らせて頂きます(happy)"
User,aym,2025/12/19,13:10:09,写真を送信しました。
Account,内藤夏樹,2025/12/19,13:19:07,ありがとうございました。
User,aym,2025/12/19,16:36:10,"お世話になっております(ありがとう)

発送致しました(!)

60サイズで収まりましたので
60サイズで送らせて頂きました(お願いします)

宜しくお願い致します(おねがいいたします)"
User,aym,2025/12/19,16:36:28,写真を送信しました。
Account,内藤夏樹,2025/12/19,16:46:55,ありがとうございました。
User,aym,2025/12/20,21:38:31,"夜分遅くに失礼致します(お願いします)

先日買取商品分の
着金確認できました❕

迅速な対応有難うございます(頼む)ぜひ、また宜しくお願い致します(お願いします)"
User,aym,2025/12/20,21:38:55,写真を送信しました。
Account,内藤夏樹,2025/12/21,11:35:29,"毎々、お世話になっております。
御連絡が遅くなり申し訳ありません。

またよろしくお願いいたします。"
User,aym,2025/12/21,12:06:01,"日々お忙しいかと思うのでお気になさらずに(どうしよう)(どうしよう)

迅速な対応感謝致します(よろしく)(よろしく)"
User,aym,2025/12/21,12:06:04,スタンプを送信しました。
User,aym,2025/12/21,13:36:14,"お世話になっております(happy)

にこにこさん、本日は休業でしょうか(?)"
User,aym,2025/12/21,13:36:23,写真を送信しました。
User,aym,2025/12/21,13:36:46,"営業しておりましたら、
本日の買取価格知りたいです(頼む)"
Account,内藤夏樹,2025/12/21,14:08:31,本日はお休みとなります。
User,aym,2025/12/21,14:10:42,"承知いたしました(happy)

お休みの中ご返信有難うございました(頼む)(頼む)"
User,aym,2025/12/27,11:52:29,"お世話になっております🙇‍♀️

にこにこさん
年内営業はいつまでしょうか？(お願いします)"
Account,内藤夏樹,2025/12/27,19:21:46,"毎々、お世話になっております。
29日までやっております☺️"
User,aym,2025/12/28,11:49:08,"お世話になっております(happy)

本日の買取価格知りたいです(よろしく)また、郵送の場合は明日着までの対応という認識であってますでしょうか？(お願いします)"
Account,内藤夏樹,2025/12/29,11:44:51,"毎々、お世話になっております。
ご連絡が遅くなり申し訳ありません。
本日価格を掲載します。"
User,aym,2025/12/29,11:51:19,"ご返信有難うございます(happy)

承知いたしました(Cony hope)
確認させて頂きます(よろしく)"
User,aym,2026/01/28,12:43:25,"お世話になっております(おねがいいたします)

本日ポケモンカードの買取
ムニキスゼロのみでしょうか？(大変)"
Account,内藤夏樹,2026/01/28,12:51:45,ムニキスゼロのみとなっております。
User,aym,2026/01/28,14:53:45,"ご返信有難うございます(おねがいいたします)

ムニキスゼロのみ、承知致しました(お願いします)(お願いします)"
User,aym,2026/01/30,17:13:13,"お世話になっております(おねがいいたします)

他社対抗は可能でしょうか？？(ありがとう)

インフェルノ(有)×(1)
インフェルノ(無)×(1)"
User,aym,2026/01/30,17:13:31,写真を送信しました。
Account,内藤夏樹,2026/01/30,17:14:02,"毎々、お世話になっております。
本日は難しいです。
申し訳ございません。"
User,aym,2026/01/30,17:16:11,"承知致しました(おねがいいたします)

ご無理をお伝えしてしまい
すみませんでした(大変)(大変)"
