﻿アカウント名,にこにこ買取＠業界最高の買取価格宣言！
タイムゾーン,'+09:00
ダウンロード日時,2026/02/21 04:36
送信者タイプ,送信者名,送信日,送信時刻,内容
Account,応答メッセージ,2025/03/22,19:25:52,"そらさん
はじめまして！にこにこ買取＠業界最高の買取価格宣言！です。
友だち追加ありがとうございます！
にこにこ買取です(moon big smile)

ポケモンカードなどトレーディングカード全般の買取を行っております。
買取ご希望のお客様はなんでもお気軽に連絡してください(saluting man)

ご郵送買取の流れは以下の”郵送買取の流れ”をご確認ください(sparkle)

お問い合わせなどはお気軽にメッセージからご連絡ください(phone)"
Account,応答メッセージ,2025/03/22,19:25:52,写真を送信しました。
Account,応答メッセージ,2025/03/22,19:25:52,写真を送信しました。
User,そら,2025/03/22,19:30:51,"はじめまして！今度買取お願いしようと検討しているのですが発送先はどちらになるのか知りたくご連絡しました。
よろしくお願いいたします。"
Account,内藤夏樹,2025/03/22,20:24:43,"毎々、お世話になっております。

新潟県となります。"
User,そら,2025/03/22,20:29:36,"ありがとうございます
こちら青森県からの発送なので最短翌日14時～の指定なのですがご利用できますでしょうか？"
Account,内藤夏樹,2025/03/22,20:30:14,"もちろん大丈夫です。
中一かかるお客様でも事前に言っていただければ応じております。"
User,そら,2025/03/22,20:32:13,"ありがとうございます
ご利用する際にはよろしくお願いいたします。"
Account,内藤夏樹,2025/03/22,20:32:21,はい、よろしくお願いします🙇
User,そら,2025/12/29,13:37:03,"こんにちは。
ワンピースカードザベスト2
ボックス買取してますでしょうか？"
Account,内藤夏樹,2025/12/29,13:40:52,しておりませんでした。
User,そら,2025/12/29,13:41:19,ご返信ありがとうございます。
User,そら,2026/01/08,13:06:40,"こんにちは
ワンピースカード
・THEBEST vol.1 16ボックス
・受け継がれる意志　1ボックス
・蒼海の七傑　2ボックス
ポケモンカード
・メガドリームex 4ボックス
現在の買取査定お願いいたします。"
Account,内藤夏樹,2026/01/08,13:15:20,"毎々、お世話になっております。
有難うございます。
今お見積もりをお送りします。"
Account,内藤夏樹,2026/01/08,13:17:39,"・ワンピースカード
THE BEST vol.1 BOX
16箱
単価7,100円
小計113,600円
・ワンピースカード
受け継がれる意志 BOX
1箱
単価9,200円
小計9,200円
・ワンピースカード
蒼海の七傑 BOX
2箱
単価5,600円
小計11,200円
・ポケモンカード
メガドリームex BOX
4箱
単価11,000円
小計44,000円
減額項目（ある場合）：
・該当なし
合計：178,000円
減額合計：-0円
最終買取金額：178,000円
20箱以上のため、送料は弊社負担でお送りください。
【注意事項】
こちらのお見積もりを印刷して商品に同梱してください。
同梱がない場合には査定が遅れる場合がございますので、ご協力をお願いいたします。
ご確認のほど、よろしくお願いいたします。"
User,そら,2026/01/08,13:21:38,"承知しました。
発表はヤマト運輸を使用するのですが青森県からの発送の為、最短到着指定日な明日1/9の14時～にしかできないのでさが明後日1/10午前中着指定の方がよろしいでしょうか？"
Account,内藤夏樹,2026/01/08,13:49:40,最短指定をよろしくお願い申し上げます。
User,そら,2026/01/08,13:56:10,"承知しました。
申し込みフォーム入力しましたのでこれより発送作業に移ります。
発送完了いたしましたらご連絡しますので引き続きよろしくお願いいたします。"
Account,内藤夏樹,2026/01/08,14:26:25,"有難うございます。
よろしくお願い申し上げます。"
User,そら,2026/01/08,17:22:48,"お世話になっております。
只今発送完了いたしました。
配送業者　ヤマト運輸
追跡番号　4615-9110-2700
発送者名　櫻庭　慎太郎
到着予定日は最短の明日1/9
14時～16時指定しています。
引き続きよろしくお願いいたします。"
Account,内藤夏樹,2026/01/08,17:45:18,ありがとうございました。
User,そら,2026/01/18,13:03:03,"こんにちは
ワンピースカード
・ベスト2 16ボックス　
・蒼海の七傑12ボックス
・二つの伝説　6ボックス
・王族の血統　3ボックス
現在の買取査定お願いいたします。　"
Account,内藤夏樹,2026/01/18,13:11:20,"毎々、お世話になっております。
ワンピース箱がお申込み多数につき一旦〆切となりました🙇🏻‍♂️"
User,そら,2026/01/18,13:12:05,承知しました。再開しましたらお願いいたします。
User,そら,2026/01/29,13:17:18,"こんにちは。本日の
ポケモンカード
・ムニキスゼロシュリンク有6box
・ムニキスゼロシュリンク無5box
ワンピースカード
・蒼海の七傑11box
・THEBEST2box
box買取額お知らせ願います。"
User,そら,2026/01/29,13:18:30,スペシャルセットメガエルレイドも一箱あります🙇
Account,内藤夏樹,2026/01/29,15:48:21,毎々、お世話になっております。本日から明日にかけてお休みとなります🙇🏻‍♂️
User,そら,2026/01/29,15:48:46,承知しました。
User,そら,2026/01/30,14:14:45,"こんにちは。
ポケモンカード
・ムニキスゼロシュリンク有6box
・ムニキスゼロシュリンク無5box
・メガエルレイドスペシャルセット1box
ワンピースカード
・蒼海の七傑11box
・THEBEST2 12box
買取査定お願いいたします。"
Account,内藤夏樹,2026/01/30,14:32:27,"毎々、お世話になっております。
本日は申し込み多数につき〆切とさせていただきました。
また、よろしくお願い申し上げます。"
User,そら,2026/01/30,14:47:25,また機会あればよろしくお願いいたします。
