﻿アカウント名,にこにこ買取＠業界最高の買取価格宣言！
タイムゾーン,'+09:00
ダウンロード日時,2026/02/21 04:36
送信者タイプ,送信者名,送信日,送信時刻,内容
Account,応答メッセージ,2024/10/22,15:55:57,"Dykiさん
はじめまして！にこにこ買取＠業界最高の買取価格宣言！です。
友だち追加ありがとうございます！
にこにこ買取です(moon big smile)

ポケモンカードなどトレーディングカード全般の買取を行っております。
買取ご希望のお客様はなんでもお気軽に連絡してください(saluting man)

ご郵送買取の流れは以下の”郵送買取の流れ”をご確認ください(sparkle)

お問い合わせなどはお気軽にメッセージからご連絡ください(phone)"
Account,応答メッセージ,2024/10/22,15:55:57,写真を送信しました。
Account,応答メッセージ,2024/10/22,15:55:57,写真を送信しました。
User,Dyki,2024/10/22,15:57:36,"はじめまして、買取をお願いします。

①151シュリンク有
②10
③11500"
Account,内藤夏樹,2024/10/22,15:58:05,"〆切となりました。
申し訳ございません。"
User,Dyki,2024/10/22,15:58:26,承知いたしました。
Account,内藤夏樹,2024/10/22,16:00:36,申し訳ございません。
User,Dyki,2024/10/22,16:04:23,いえ、タイミング悪かったです！また機会があればよろしくお願いいたします🙇
Account,内藤夏樹,2024/10/22,19:31:11,10000円でいかがでしょうか？
User,Dyki,2024/10/22,19:49:03,"申し訳ございません。
もう売ってしまいました🙏"
Account,内藤夏樹,2024/10/22,19:50:05,全然です。また機会があればぜひよろしくお願い申し上げます。
User,Dyki,2024/10/22,19:50:25,よろしくお願いします🙇‍♂️
User,Dyki,2024/11/13,10:04:40,このようなお知らせは有難いです！ありがとうございます🙇‍♂️
Account,内藤夏樹,2024/11/13,10:08:39,"毎々、お世話になっております。

ぜひ、よろしくお願いします🙇"
User,Dyki,2025/07/24,12:47:18,"お世話になります。
買取をお願いします。"
Account,内藤夏樹,2025/07/24,12:49:55,毎々お世話になっております！ありがとうございます！
Account,内藤夏樹,2025/07/24,12:50:02,なにをお見積りしましょうか？
User,Dyki,2025/07/24,12:55:19,送料無料サービスはいまやっていないですか？
Account,内藤夏樹,2025/07/24,12:55:35,やっていません。
User,Dyki,2025/07/24,13:11:07,"承知いたしました。
ありがとうございます！
(ポケカ)
・ブラック
シュリ有   5 
・ホワイト
シュリ有   4
・黒DX   3
・白DX   2
テラスタルフェスex 1"
User,Dyki,2025/07/24,13:12:23,"（ワンピース）
新たなる皇帝
1カートン"
User,Dyki,2025/07/24,13:12:35,よろしくお願いします。
User,Dyki,2025/07/24,13:15:44,"わかりにくかったので、
まとめ直しました↓

(ポケカ)
・ブラック　5 
・ホワイト　4
・ブラックDX   3
・ホワイトDX   2
テラスタルフェスex 1

（ワンピース）
新たなる皇帝
1カートン

以上、よろしくお願いいたします。"
Account,内藤夏樹,2025/07/24,13:56:14,"ありがとうございました。
デラックスが終了してしまいましたので、それ以外をお伝えします。"
Account,内藤夏樹,2025/07/24,13:57:06,"毎々、お世話になっております。  
御見積書を送付いたします。

- 買取見積書 -
【ポケモンカード】
・ブラックボルト　5箱　単価8,900円　小計44,500円  
・ホワイトフレア　4箱　単価8,200円　小計32,800円  
・テラスタルフェスex　1箱　単価10,300円　小計10,300円  

【ワンピースカード】
・新たなる皇帝（カートン）　1カートン　単価64,000円　小計64,000円

減額項目：なし

合計：151,600円  
減額合計：0円  
最終買取金額：151,600円

ご確認のほど、よろしくお願いいたします。"
User,Dyki,2025/07/24,16:12:06,"ありがとうございます！
デラックスもまとめてが希望でしたので、また改めてお願いさせていただきます。
せっかくお見積もりしていただいたのに大変申し訳ございません🙇‍♂️"
Account,内藤夏樹,2025/07/24,16:16:16,承知しました。また明日ですね、募集するかと思います。
User,Dyki,2025/07/24,16:30:15,"承知いたしました！
時間の関係上、明日は難しいのでまた機会があればぜひよろしくお願いいたします🙇‍♂️"
Account,内藤夏樹,2025/07/24,16:38:32,"そうでしたか。
でしたら、提示した価格でデラックスを買わせたください。
よろしくお願い申し上げます。"
User,Dyki,2025/07/24,16:42:04,"いいのですか！？
ありがとうございます🙇‍♂️
改めて見積もりをいただいてもよろしいでしょうか。"
Account,内藤夏樹,2025/07/24,16:45:27,"大丈夫です！
こちらこそ、ありがとうございました。"
Account,内藤夏樹,2025/07/24,16:46:25,"毎々、お世話になっております。  
御見積書を送付いたします。

- 買取見積書 -

【ポケモンカード】
・ブラックボルト　5箱　単価8,900円　小計44,500円  
・ホワイトフレア　4箱　単価8,200円　小計32,800円  
・テラスタルフェスex　1箱　単価10,300円　小計10,300円  
・ブラックボルト（デラックス）　3箱　単価13,900円　小計41,700円  
・ホワイトフレア（デラックス）　2箱　単価13,900円　小計27,800円  

【ワンピースカード】
・新たなる皇帝（カートン）　1カートン　単価64,000円　小計64,000円

減額項目：なし

合計：221,100円  
減額合計：0円  
最終買取金額：221,100円

ご確認のほど、よろしくお願いいたします。"
User,Dyki,2025/07/24,16:51:33,"ありがとうございます。
申込フォームより申請すればよろしいでしょうか？"
Account,内藤夏樹,2025/07/24,17:00:25,はい、申請と発送をよろしくお願い申し上げます。
Account,内藤夏樹,2025/07/24,17:00:47,"発送先は申請後に表示されます。
または、ご利用方法にも記載がございます。"
User,Dyki,2025/07/24,17:05:58,"ありがとうございます！
後ほど申請させていただきます。"
Account,内藤夏樹,2025/07/24,17:10:30,よろしくお願い申し上げます。
User,Dyki,2025/07/24,17:44:53,"新たなる皇帝のカートンに微細な穴がありました、減額対象でしょうか。
ご確認宜しくお願いいたします。"
User,Dyki,2025/07/24,17:45:00,写真を送信しました。
Account,内藤夏樹,2025/07/24,17:45:08,大丈夫です！
Account,内藤夏樹,2025/07/24,17:45:16,ご安心ください😊
User,Dyki,2025/07/24,17:45:19,ありがとうございます！
User,Dyki,2025/07/24,17:45:36,いま検品してるので、また何かあればご連絡させていただきます。
User,Dyki,2025/07/24,18:49:18,"お世話になります。
申込フォームを入力して
明日午前着で発送させていただきました。ご確認宜しくお願いいたします。"
User,Dyki,2025/07/24,18:49:37,写真を送信しました。
Account,内藤夏樹,2025/07/24,20:20:13,ありがとうございました。
User,Dyki,2025/07/25,17:12:00,"お世話になっております。
振込予定日をご教授いただければ幸いです🙇‍♂️"
Account,内藤夏樹,2025/07/25,17:14:06,明日の計画となります。
User,Dyki,2025/07/25,17:20:55,"承知いたしました。
お待ちしております。
引き続きよろしくお願いいたします。"
Account,内藤夏樹,2025/07/26,11:48:45,"毎々、お世話になっております。
こちら満額査定にてお振込みを行います。

21時まで銀行振り込みができず、その時間以降に対応させていただきます。
お待たせすることになり申し訳ございません。

https://www.netbk.co.jp/contents/company/info/maintenance/"
User,Dyki,2025/07/26,11:59:30,"承知いたしました！
時間は全然問題ございません！
よろしくお願いいたします🙇‍♂️"
Account,内藤夏樹,2025/07/26,20:57:03,振り込みしました。
User,Dyki,2025/07/26,22:20:32,ありがとうございました！確認しました。
User,Dyki,2025/11/17,15:41:57,"お世話になります！
ヒロイン2カートンお願いできますか？"
Account,内藤夏樹,2025/11/17,15:42:09,"毎々、お世話になっております。
はい、よろしくお願い申し上げます。"
Account,内藤夏樹,2025/11/17,15:42:38,"毎々、お世話になっております。  
御見積書を送付いたします。

- 買取見積書 -
  ・ワンピースカード　ヒロインズエディション（EB-03）　2カートン　単価71,000円　小計142,000円

合計：142,000円  
減額合計：0円  
最終買取金額：142,000円

ご確認のほど、よろしくお願いいたします。​​​​​​​​​​​​​​​​"
User,Dyki,2025/11/17,15:43:02,ボックスも数ボックスあるのですが、帰宅しないと数がわからないのですが余裕はありますか？
Account,内藤夏樹,2025/11/17,15:43:44,"箱はほぼ〆切となりました🙇🏻‍♂️
今わかる分だけ入れておきますか？"
User,Dyki,2025/11/17,15:44:05,ありがとうございます。では5BOXお願いします！
Account,内藤夏樹,2025/11/17,15:44:36,"承知しました。
"
Account,内藤夏樹,2025/11/17,15:44:39,"毎々、お世話になっております。  
御見積書を送付いたします。

- 買取見積書 -
  ・ワンピースカード　ヒロインズエディション（EB-03）　2カートン　単価71,000円　小計142,000円  
  ・ワンピースカード　ヒロインズエディション（EB-03）　5箱　単価5,500円　小計27,500円

合計：169,500円  
減額合計：0円  
最終買取金額：169,500円

ご確認のほど、よろしくお願いいたします。​​​​​​​​​​​​​​​​"
Account,内藤夏樹,2025/11/17,15:44:45,こちらで、本日の発送をよろしくお願い申し上げます。
User,Dyki,2025/11/17,20:26:52,"お世話になります。
461589845673
上記の送り状番号にて発送いたしました。
明日午前中到着予定です。
ご確認のほど、よろしくお願いいたします。"
User,Dyki,2025/12/14,11:24:46,"お世話になります！
メガドリーム買取はいまいくらでしょうか？"
User,Dyki,2025/12/14,11:25:18,"11800であればお願いしたいと考えております。
よろしくお願いいたします。"
Account,内藤夏樹,2025/12/14,14:30:12,"ご連絡が遅くなり申し訳ございません。

本日は買取終了となりました。
また、よろしくお願い申し上げます。"
User,Dyki,2025/12/15,14:20:58,メガドリームの買取をお願いします！
Account,内藤夏樹,2025/12/15,14:25:24,"毎々、お世話になっております。
数量を伺ってもよろしいでしょうか。"
User,Dyki,2025/12/15,14:33:29,シュリあり62です！
Account,内藤夏樹,2025/12/15,14:36:46,"承知しました。
毎々、お世話になっております。  
御見積書を送付いたします。

- 買取見積書 -
  ・ポケモンカード　メガドリームex（シュリンク付き）　62箱　単価10,800円　小計669,600円

合計箱数：62箱
合計：669,600円  
減額合計：0円  
最終買取金額：669,600円

20箱以上のため、送料は弊社負担でお送りください。

ご確認のほど、よろしくお願いいたします。​​​​​​​​​​​​​​​​"
User,Dyki,2025/12/15,14:37:13,すみません、単価下がったんですか？
Account,内藤夏樹,2025/12/15,14:38:21,はい、1時間ほど前に変更になっております。
User,Dyki,2025/12/15,14:39:23,"承知いたしました。
ではやめときます。
申し訳ございません。"
Account,内藤夏樹,2025/12/15,14:41:29,承知しました。
Account,内藤夏樹,2025/12/15,14:42:45,"失礼します。

社内確認の結果，11000円にて対応可能です。
ご検討頂けますとありがたいです。"
Account,内藤夏樹,2025/12/15,14:43:11,よろしければご申請と発送をよろしくお願い申し上げます🙇
User,Dyki,2025/12/15,14:49:51,"他に頼んでしまったため、
キャンセルできるか聞いてみます"
Account,内藤夏樹,2025/12/15,14:50:13,即判断できず、大変申し訳ございません。
User,Dyki,2025/12/15,14:56:47,怒られましたがキャンセルできました。
Account,内藤夏樹,2025/12/15,15:05:03,"大変ありがたいです。
有難うございます。

怒られてしまい申し訳ございません🙇🏻‍♂️"
User,Dyki,2025/12/15,15:09:22,いえ、やはりお世話になっているところにお願いしたいので。
Account,内藤夏樹,2025/12/15,15:10:21,"助かります。
有難うございました。

ちなみに、どちらさんに出す予定でしたでしょうか。"
User,Dyki,2025/12/15,15:13:08,買取サムライです
User,Dyki,2025/12/15,15:13:15,写真を送信しました。
Account,内藤夏樹,2025/12/15,15:13:33,"強いですね。
有難うございます。"
User,Dyki,2025/12/15,15:14:02,申請に必要なので見積もりいただけますか？
Account,内藤夏樹,2025/12/15,15:15:44,"毎々、お世話になっております。  
御見積書を送付いたします。

- 買取見積書 -
  ・ポケモンカード　メガドリームex（シュリンク付き）　62箱　単価11,000円　小計682,000円

合計箱数：62箱
合計：682,000円  
減額合計：0円  
最終買取金額：682,000円

20箱以上のため、送料は弊社負担でお送りください。

ご確認のほど、よろしくお願いいたします。​​​​​​​​​​​​​​​​"
User,Dyki,2025/12/15,15:16:26,ありがとうございます。
Account,内藤夏樹,2025/12/15,15:25:28,よろしくお願い申し上げます。
User,Dyki,2025/12/15,18:24:19,"先ほど発送いたしました。
伝票番号:461590575736
"
User,Dyki,2025/12/15,18:31:33,"次回のために教えてください。
免許証のコピーの同梱は初回のみでしょうか？"
Account,内藤夏樹,2025/12/15,18:31:44,ありがとうございました。
Account,内藤夏樹,2025/12/15,18:31:57,免許証のコピーは毎度お願いするものとなります。
User,Dyki,2025/12/15,18:33:19,承知いたしました。
User,Dyki,2026/01/08,12:25:47,所属してるグループで宣伝しときました
Account,内藤夏樹,2026/01/08,12:32:27,"毎々お世話になっております。
ありがとうございます。

良い報告でしたでしょうか・・・？"
User,Dyki,2026/01/08,12:34:31,"もちろんです！
割と強者が多いグループなので良い宣伝しときました"
Account,内藤夏樹,2026/01/08,12:35:23,"ありがとうございます。
Dyki様のご紹介であることをぜひメッセージいただける際にはお伝えいただけると助かります。"
User,Dyki,2026/01/08,12:36:21,グループでは名前出してないので中々難しいですが、おすすめはしといたのでお客さん増えるといいですね🙏
User,Dyki,2026/01/08,12:36:53,"横の繋がりもある人たちなので
よければ連鎖的に増えていく思いますよ"
Account,内藤夏樹,2026/01/08,12:36:57,いつもありがとうございます。
Account,内藤夏樹,2026/01/08,12:37:25,みなさまのお役に立てるよう精進します。
User,Dyki,2026/01/08,12:38:34,"ぜひよろしくお願いいたします。
有益な買取情報あればまた教えてください。"
Account,内藤夏樹,2026/01/08,12:44:59,"ありがとうございます。
今、どうしても欲しいものは
ブラックボルトとホワイトフレアのデラックス
謀略の王国（箱）
ロマンスドーン（箱）

このあたりは少々値が張っても買わせていただきたいものです。"
User,Dyki,2026/01/08,12:51:19,みなさんにお伝えしときます！
Account,内藤夏樹,2026/01/08,12:51:36,助かります🙇🏻‍♂️
User,Dyki,2026/01/24,08:37:08,"お世話になります。
本日買取しておりますか？"
Account,内藤夏樹,2026/01/24,14:09:10,"本日は買取お申込を一旦停止とさせていただきました。

雪の影響で停滞していた荷物が一気に来てしまったためです・・・。"
User,Dyki,2026/01/24,14:23:01,承知しました！また再開したらお願いいたします。
User,Dyki,2026/01/27,12:01:34,"お世話になります。
ワンピースの3rd ANNIVERSARY SETは買取されてませんか？"
Account,内藤夏樹,2026/01/27,12:10:36,"毎々お世話になっております！
スミマセン、買取していませんでした。。。"
User,Dyki,2026/01/27,12:12:58,"承知いたしました！
ありがとうございます。
近々ワンピースのBOX等をまとめて買取に出す予定なのですが、値段等の交渉は可能でしょうか？"
Account,内藤夏樹,2026/01/27,12:20:00,"スミマセン・・・。

もちろん可能です！
できるものとできないものがあるかもしれないですが前向きに検討させていただきます！"
User,Dyki,2026/01/27,12:40:14,"ありがとうございます！
詳しい個数がわからないのでまとめてまたご相談します！"
Account,内藤夏樹,2026/01/27,12:56:20,承知しました。
User,Dyki,2026/01/28,12:52:50,これは対面必須ですよね…？
Account,内藤夏樹,2026/01/28,12:53:18,"毎々お世話になっております。
リピーター様かつ数量に応じて郵送も可能です。"
User,Dyki,2026/01/28,12:55:28,ありがとうございます。カートンとバラBOXで20弱はあると思うので帰宅次第個数確認します。
Account,内藤夏樹,2026/01/28,12:56:02,よろしくお願いします。
User,Dyki,2026/01/28,21:02:13,送信が取り消されたメッセージです
User,Dyki,2026/01/30,12:01:27,"返事がこないなと思い見たところ何故かメッセージが消えてしまっていました。
egg headの予約買取はまだ可能でしょうか？"
Account,内藤夏樹,2026/01/30,12:04:10,お世話になります。弊社も気がつかず申し訳ございません。もちろん可能でございます。
User,Dyki,2026/01/30,12:08:19,"よかったです！
ぜひお願いしたいです。
本日追加でBOXが入る分があるのですが、何時まででしたら追加いけますか？"
Account,内藤夏樹,2026/01/30,12:14:11,"数量ご連絡をお願いします！
続々と集まっているのでお早めにお願いしたいです🙇‍♂️"
User,Dyki,2026/01/30,12:23:27,"承知いたしました。
では確定分で1カートンと20ボックスお願いします🙇‍♂️
今夜には追加分わかります、余裕あれば追加お願いいたします。"
Account,内藤夏樹,2026/01/30,12:25:14,承知しました！
Account,内藤夏樹,2026/01/30,12:25:24,先に確定分の申請をおねがいしてよろしでしょうか
Account,内藤夏樹,2026/01/30,12:25:54,"毎々、お世話になっております。  
御見積書を送付いたします。

- 買取見積書 -

・ワンピースカード　EGGHEAD CRISIS  
1カートン　単価120,000円　小計120,000円

・ワンピースカード　EGGHEAD CRISIS  
20箱　単価8,000円　小計160,000円

合計箱数：32箱  
合計：280,000円  
減額合計：0円  
最終買取金額：280,000円

【注意事項】
* この見積もりを印刷して商品に同梱してください。
* 1枚の印刷が難しい場合は、スクリーンショットの分割でも可能です。
* 同梱がない場合、査定が遅れることがあります。
* 同梱物などの詳細は、メニューの「ご利用方法」を確認してください。
* メニューから申請と発送を行い、発送後は必ず追跡番号を連絡してください。

ご確認のほど、よろしくお願いいたします。"
User,Dyki,2026/01/30,12:33:35,"【リピーター様限定特別価格】
EB-04『EGGHEAD CRISIS』予約受付

いつもお取引いただきありがとうございます。
リピーター様限定の特別価格でご案内いたします。

━━━━━━━━━━━━━━━
【特別価格】
・Box: ¥9,500
・Carton (12 Boxes): ¥125,000

【条件】
✓ 20箱以上〜
✓ 発売日(1/31)当日までにお持ち込み or 対面引取
✓ 事前申請必須
━━━━━━━━━━━━━━━

ご希望数量をお知らせください。"
User,Dyki,2026/01/30,12:33:58,この価格ではないですか…？
Account,内藤夏樹,2026/01/30,12:41:25,スミマセン・・・。
User,Dyki,2026/01/30,12:43:41,"承知いたしました。
ではやめておきます。
申し訳ございません。"
Account,内藤夏樹,2026/01/30,12:56:01,承知しました。
