﻿アカウント名,にこにこ買取＠業界最高の買取価格宣言！
タイムゾーン,'+09:00
ダウンロード日時,2026/02/21 04:36
送信者タイプ,送信者名,送信日,送信時刻,内容
Account,応答メッセージ,2025/10/21,22:56:23,"まつもとさん
はじめまして！にこにこ買取＠業界最高の買取価格宣言！です。
友だち追加ありがとうございます！
にこにこ買取です(moon big smile)

ポケモンカードなどトレーディングカード全般の買取を行っております。
買取ご希望のお客様はなんでもお気軽に連絡してください(saluting man)

ご郵送買取の流れはメニューから”郵送買取の流れ”をご確認ください(sparkle)

ご郵送買取ご希望の場合にはメニューの”申し込みフォーム”からご申請が可能となっております。

お問い合わせなどはお気にご連絡ください。"
User,まつもと,2025/12/12,12:38:46,ユニオンアリーナのBOXは買取されてますか？
Account,内藤夏樹,2025/12/12,12:39:28,"毎々お世話になっております。
現在のところはしておりません。"
User,まつもと,2025/12/21,13:47:10,今日は買取されてますか？
User,まつもと,2026/01/06,12:22:18,"王族の血統
師弟の絆
は買取されてますか？"
User,まつもと,2026/01/06,12:40:58,"買取北斎
買取博士
がワンピース買取価格高いです"
Account,内藤夏樹,2026/01/06,12:41:26,"情報提供ありがとうございます！
よくチェックしてみます。"
User,まつもと,2026/01/10,14:23:19,"郵送買取お願い致します
七傑 21ボックス
ヒロイン 4ボックス
ワンピースデイ24 3個
ワンピースマガジン 2冊
お願い致します"
Account,内藤夏樹,2026/01/10,14:26:16,毎々、お世話になっております。
Account,内藤夏樹,2026/01/10,14:26:23,ありがとうございます。今お見積りをお送りいたします。
Account,内藤夏樹,2026/01/10,14:26:53,"毎々、お世話になっております。
御見積書を送付いたします。

- 買取見積書 -

・ワンピースカード
蒼海の七傑 BOX
21箱
単価6,500円
小計136,500円

・ワンピースカード
Heroines Edition BOX
4箱
単価7,700円
小計30,800円

・ワンピースカード
ワンピースDAY2024
3点
単価6,600円
小計19,800円

・ワンピースカード
ワンピースマガジン
2冊
単価15,000円
小計30,000円

減額項目：
・該当なし

合計：217,100円
減額合計：-0円
最終買取金額：217,100円

※20箱以上の分量のため、送料は弊社負担（着払い）でお送りください。

【注意事項】
こちらのお見積もりを印刷して商品に同梱してください。
同梱がない場合には査定が遅れる場合がございます。
ご確認のほど、よろしくお願いいたします。"
User,まつもと,2026/01/10,14:28:46,見積書はこのLINEのメッセージをプリントアウトですか？
Account,内藤夏樹,2026/01/10,14:29:08,はい、お手間をおかけしてしまいますがよろしくお願いいたします。
User,まつもと,2026/01/10,14:29:40,ちなみに申し込みフォームも入力したらよろしいですか？
Account,内藤夏樹,2026/01/10,14:29:59,ご入力後に発送手続きを宜しくお願い致します。
User,まつもと,2026/01/10,14:30:23,"かしこまりました。
ちなみに見積書は分をコピーして印刷とかでも大丈夫ですか？"
Account,内藤夏樹,2026/01/10,14:30:46,もちろん大丈夫です。
User,まつもと,2026/01/10,14:36:34,写真を送信しました。
User,まつもと,2026/01/10,14:36:53,ちなみにこの写真を印刷してでも有効でしょうか？
Account,内藤夏樹,2026/01/10,14:55:12,大丈夫です。
User,まつもと,2026/01/10,16:14:56,先程発送の準備をしていたら、時間指定が翌日午前中が出来ず、14時から16時しか出来ないですがよろしいでしょうか？
Account,内藤夏樹,2026/01/10,16:17:16,大丈夫です。
User,まつもと,2026/01/10,16:17:22,ありがとうございます🙇‍♂️
User,まつもと,2026/01/10,18:01:46,ヤマト運輸/松本 文伯/289015993906
User,まつもと,2026/01/20,12:36:22,今日は買取されてますか？
Account,内藤夏樹,2026/01/20,12:42:51,"毎々お世話になっております。
本日出張買取で郵送のお申し込みを停止させていただきます。
申し訳ございません。"
User,まつもと,2026/01/28,12:14:58,今日はメガドリームは買取なしでしょうか？
Account,内藤夏樹,2026/01/28,12:15:18,本日は準備中となっております。
User,まつもと,2026/01/28,12:15:35,"かしこまりました！
ありがとうございます🙇‍♂️"
User,まつもと,2026/01/28,12:23:41,"では今回
郵送
受け継がれる意志10ボックス
七傑 2ボックス
ムニキス シュリ有り 5
お願い致します"
Account,内藤夏樹,2026/01/28,12:26:45,"毎々、お世話になっております。  
御見積書を送付いたします。

- 買取見積書 -

・ワンピースカード　受け継がれる意志  
10箱　単価14,200円　小計142,000円

・ワンピースカード　蒼海の七傑  
2箱　単価6,700円　小計13,400円

・ポケモンカード　ムニキスゼロ  
5箱　単価7,800円　小計39,000円

合計箱数：17箱  
合計：194,400円  
減額合計：0円  
最終買取金額：194,400円

【注意事項】
* この見積もりを印刷して商品に同梱してください。
* 1枚の印刷が難しい場合は、スクリーンショットの分割でも可能です。
* 同梱がない場合、査定が遅れることがあります。
* 同梱物などの詳細は、メニューの「ご利用方法」を確認してください。
* メニューから申請と発送を行い、発送後は必ず追跡番号を連絡してください。

ご確認のほど、よろしくお願いいたします。"
User,まつもと,2026/01/28,12:38:23,今回着払い対応は難しいですかね？
Account,内藤夏樹,2026/01/28,12:39:35,利用方法に記載の通りとなっております🙇‍♂️
User,まつもと,2026/01/28,16:38:07,本日発送するのですが、ヤマトの指定が14時から16時が最短の指定しか出来ないのでこちらで発送します
Account,内藤夏樹,2026/01/28,19:38:48,ありがとうございます。
