﻿アカウント名,にこにこ買取＠業界最高の買取価格宣言！
タイムゾーン,'+09:00
ダウンロード日時,2026/02/21 04:36
送信者タイプ,送信者名,送信日,送信時刻,内容
Account,応答メッセージ,2025/03/24,17:35:41,"ちゃーさん
はじめまして！にこにこ買取＠業界最高の買取価格宣言！です。
友だち追加ありがとうございます！
にこにこ買取です(moon big smile)

ポケモンカードなどトレーディングカード全般の買取を行っております。
買取ご希望のお客様はなんでもお気軽に連絡してください(saluting man)

ご郵送買取の流れは以下の”郵送買取の流れ”をご確認ください(sparkle)

お問い合わせなどはお気軽にメッセージからご連絡ください(phone)"
Account,応答メッセージ,2025/03/24,17:35:41,写真を送信しました。
Account,応答メッセージ,2025/03/24,17:35:41,写真を送信しました。
User,ちゃー,2025/08/08,13:09:46,"こんにちは。

本日は郵送買取をされておりますか？"
Account,内藤夏樹,2025/08/08,13:10:37,"毎々、お世話になっております。
ご連絡ありがとうございます。

しております。"
User,ちゃー,2025/08/08,13:40:02,"ありがとうございます。

① 商品名 ② 数量 ③ 買取価格

「①メガブレイブ、メガシンフォニアセット

②8セット

③18000円」

こちらをお願い出来ないでしょうか？"
Account,内藤夏樹,2025/08/08,13:43:01,"毎々、お世話になっております。
ありがとうございました。
よろしくお願い申し上げます。

メガセット　18000円
8セット"
Account,内藤夏樹,2025/08/08,13:43:09,ご申請と発送をよろしくお願いします
User,ちゃー,2025/08/08,13:45:36,"承知しました。

本日発送、明日着の場合のお振り込み日の目安は何日頃になりますか？"
Account,内藤夏樹,2025/08/08,13:54:15,可能な限り明日のお振込み計画です。
User,ちゃー,2025/08/08,13:57:46,"承知しました。
引き続き宜しく申し上げます。"
User,ちゃー,2025/08/08,16:08:15,"お世話になります。

発送させていただきました。

ヤマト運輸さま

追跡番号
3074-7544-7241

引き続きよろしくお願い致します。"
Account,内藤夏樹,2025/08/08,16:10:41,ありがとうございました。
Account,内藤夏樹,2025/08/09,11:50:20,"毎々、お世話になっております。  
御見積書を送付いたします。

- 買取見積書 -
・メガブレイブ＆メガシンフォニア　セット　8セット　単価18,000円　小計144,000円

減額項目：なし

合計：144,000円  
減額合計：0円  
最終買取金額：144,000円

ご確認のほど、よろしくお願いいたします。
振込しました。"
User,ちゃー,2025/08/10,16:37:26,"お世話になります。
先日はありがとうございました。

本日マクドナルドのプロモカードの買い取りはされていらっしゃいますか？"
User,ちゃー,2025/08/29,16:38:21,"お世話になります。
本日は郵送買い取りはされていらっしゃいますか？

① 商品名 ② 数量 ③ 買取価格
例文：「①マクドナルドピカチュウプロモ／②20パック③3600円」

①クレイバースト /
②1BOX
③10800円

以上を希望です。
"
Account,内藤夏樹,2025/08/29,16:43:24,"毎々、お世話になっております。
マクドナルドは規定数に達したため、買取を終了しました。"
User,ちゃー,2025/08/29,16:46:44,"かしこまりました。

また、ご縁がございましたら是非よろしくお願い致します。"
Account,内藤夏樹,2025/08/29,16:47:38,よろしくお願い申し上げます。
User,ちゃー,2025/10/01,16:24:28,"お世話になります。
本日は郵送買取をまだ受け付けておりますか？"
Account,内藤夏樹,2025/10/01,16:28:22,"毎々、お世話になっております。
しております！"
User,ちゃー,2025/10/01,16:36:17,"かしこまりました。

① 商品名 ② 数量 ③ 買取価格
例文：「①インフェルノx／②4箱／③12900円」


①ロケット団の栄光／②4箱／③8900円」

こちらをお願い致します。


また、インフェルノxのシュリンク無しの買い取りはされておりますか？"
Account,内藤夏樹,2025/10/01,16:36:44,"ありがとうございました。
こちらで受付します。

シュリンクなしは買取しておりませんでした。"
Account,内藤夏樹,2025/10/01,16:37:16,送信が取り消されたメッセージです
Account,内藤夏樹,2025/10/01,16:37:57,"毎々、お世話になっております。
御見積書を送付いたします。
• 買取見積書 -
・ポケモンカード　インフェルノX　4箱　単価12,900円　小計51,600円
・ポケモンカード　ロケット団の栄光　4箱　単価8,900円　小計35,600円
減額項目（ある場合）：
・減額項目：-円 × 点 = -円
合計：87,200円
減額合計：0円
最終買取金額：87,200円"
User,ちゃー,2025/10/01,16:48:44,"こちらの商品全て承知いたしました。

ワンピースの受け継がれる意志のBOXは買い取りされておりますか？"
Account,内藤夏樹,2025/10/01,17:15:04,よろしくお願い申し上げます。
Account,内藤夏樹,2025/10/01,17:15:19,受け継がれる意思は本日は買取しておりませんでした。
User,ちゃー,2025/10/01,17:16:26,"承知いたしました。
以上の物を本日はよろしくお願い致します。"
Account,内藤夏樹,2025/10/01,17:17:08,よろしくお願い申し上げます。
User,ちゃー,2025/10/01,17:49:23,"お世話になります。

ヤマト運輸様で発送の方をさせていただきました。

3304-3987-1016

引き続き宜しくお願い致します。
"
Account,内藤夏樹,2025/10/01,17:58:43,ありがとうございました。
Account,内藤夏樹,2025/10/02,12:52:18,"お振込しました。
ありがとうございます。"
User,ちゃー,2025/10/08,16:48:06,"お世話になります。
先日さお取引きいただきありがとうございました。

本日は郵送買取はされておりますか？"
Account,内藤夏樹,2025/10/08,16:59:56,"毎々、お世話になっております。
こちらこそ有難うございました。

本日もしております。"
User,ちゃー,2025/10/08,17:34:31,"かしこまりました。


かしこまりました。

① 商品名 ② 数量 ③ 買取価格
例文：「①インフェルノx／②10箱／③13500円」

こちらをよろしくお願い致します。





"
Account,内藤夏樹,2025/10/08,17:47:34,"承知しました。
よろしくお願い申し上げます。"
Account,内藤夏樹,2025/10/08,17:47:51,"① 商品名 ② 数量 ③ 買取価格
例文：「①インフェルノx／②10箱／③13500円」





"
User,ちゃー,2025/10/08,18:30:21,"お世話になります。

ヤマト運輸様で発送致しました

送り状番号
3304-4065-2146

よろしくお願い申し上げます。"
Account,内藤夏樹,2025/10/08,18:31:28,ありがとうございました
User,ちゃー,2025/10/09,18:54:02,"お世話になります。
お品物の方は無事に到着しましたでしょうか？"
Account,内藤夏樹,2025/10/10,06:44:18,"毎々、お世話になっております。
振込が完了しております。
ありがとうございました。"
User,ちゃー,2025/10/10,10:14:04,"確認致しました。

どうもお取引きいただきありがとうございました。

また、ご縁がございましたらぜひよろしくお願い致します。"
Account,内藤夏樹,2025/10/10,10:34:43,"ありがとうございました。
よろしくお願い申し上げます。"
User,ちゃー,2025/10/14,13:39:30,"先日はお取引きいただきありがとうございました。

本日は買い取りの方はされておりますか？"
Account,内藤夏樹,2025/10/14,13:46:47,"毎々、お世話になっております。

しておりますが限定的です🙇🏻‍♂️"
User,ちゃー,2025/10/14,14:03:22,"かしこまりました。

ポケモンセンターセット
フクオカ

こちらはされておりますか？"
Account,内藤夏樹,2025/10/14,14:09:27,していますよ☺️
User,ちゃー,2025/10/14,14:35:54,こちらの価格は昨日更新の価格表からお変わりないでしょうか？
Account,内藤夏樹,2025/10/14,14:42:51,フクオカは昨日と同じです。
User,ちゃー,2025/10/15,17:53:28,"お世話になります。

本日の郵送買取はまだされておりますか？"
Account,内藤夏樹,2025/10/15,18:08:17,"毎々、お世話になっております。
まだ受付しております💁‍♀️"
User,ちゃー,2025/10/15,18:16:02,"ご返信ありがとうございます。


① 商品名 ② 数量 ③ 買取価格
例文：「①ブラックボルト／②1箱／③9200円」


① 商品名 ② 数量 ③ 買取価格
例文：「①ホワイトフレア／②1箱／③8300円」

① 商品名 ② 数量 ③ 買取価格
例文：「①ロケット団の栄光／②2箱／③11000円」


以上をお願い出来ますか？


"
Account,内藤夏樹,2025/10/15,18:19:14,はい、よろしくお願い申し上げます。
Account,内藤夏樹,2025/10/15,18:19:29,"① 商品名 ② 数量 ③ 買取価格
例文：「①ブラックボルト／②1箱／③9200円」


① 商品名 ② 数量 ③ 買取価格
例文：「①ホワイトフレア／②1箱／③8300円」

① 商品名 ② 数量 ③ 買取価格
例文：「①ロケット団の栄光／②2箱／③11000円」
"
User,ちゃー,2025/10/15,18:59:28,"お世話になります。

ヤマト運輸様で発送致しました

送り状番号
3304-4146-5185

引き続きよろしくお願い申し上げます。"
Account,内藤夏樹,2025/10/15,19:01:33,ありがとうございました。
Account,内藤夏樹,2025/10/17,07:02:41,"毎々、お世話になっております。
お振込済みでございます。
有り難うございました。"
User,ちゃー,2025/10/17,11:04:20,こちらこそ、どうもお取引きいただきありがとうございました。
Account,内藤夏樹,2025/10/17,11:14:58,ありがとうございました。
User,ちゃー,2025/10/22,17:44:50,"お世話になります。
本日の郵送買取のお受け付けはされておりますか？"
Account,内藤夏樹,2025/10/22,17:50:45,"毎々、お世話になっております。
本日は終了となりました。"
User,ちゃー,2025/10/22,17:51:37,"かしこまりました。
また、ご縁がございましたらよろしくお願い致します。"
Account,内藤夏樹,2025/10/22,17:56:36,よろしくお願い申し上げます。
User,ちゃー,2025/10/23,16:17:11,"お世話になります。

ポケモンカード151の買い取りを検討しているのですが、カートン単位ではされておりますか？"
Account,内藤夏樹,2025/10/23,16:19:46,"毎々、お世話になっております。
しております。
設定はしていないためご相談のうえ価格は決定できたらと思います"
User,ちゃー,2025/10/23,16:22:17,"かしこまりました。

未開封カートンを1つ考えております。"
User,ちゃー,2025/10/23,17:08:44,いかがでしょうか？
Account,内藤夏樹,2025/10/23,17:12:18,38万円ではいかがでしょうか？
User,ちゃー,2025/10/23,17:28:07,"大変恐縮でございますが、1BOXあたり32000円

1カートン　384000円でお願いできないでしょうか？

ご検討いただけましたら幸いです。"
Account,内藤夏樹,2025/10/23,17:28:59,"毎々、お世話になっております。
可能です。

よろしくお願い申し上げます。"
User,ちゃー,2025/10/23,17:35:26,"ご対応いただきありがとうございます。
本日は以上の商品をよろしくお願いいたします。"
Account,内藤夏樹,2025/10/23,17:38:33,"はい、ありがとうございます。
申請と発送をよろしくお願い申し上げます。"
Account,内藤夏樹,2025/10/23,17:39:10,"毎々、お世話になっております。  
御見積書を送付いたします。

- 買取見積書 -
  ・ポケモンカード　ポケモンカード151　1カートン　単価384,000円　小計384,000円

合計：384,000円  
減額合計：0円  
最終買取金額：384,000円

ご確認のほど、よろしくお願いいたします。​​​​​​​​​​​​​​​​"
User,ちゃー,2025/10/23,17:42:57,"はい。
確認いたしました。

ご確認でございます。
カートンを発送させていただく場合、送料のキャンペーンは適用されますか？

"
Account,内藤夏樹,2025/10/23,17:49:45,もちろんです☺️
User,ちゃー,2025/10/23,18:12:30,"かしこまりました！
"
User,ちゃー,2025/10/23,19:04:21,"お世話になります。

ヤマト運輸様で発送いたしました。

送り状番号
4615-8922-9286


引き続きよろしくお願い申し上げます。"
Account,内藤夏樹,2025/10/25,10:47:38,"買取見積書 -
・ポケモンカード　ポケモンカード151　1カートン　単価384,000円　小計384,000円

減額項目：
・送料ご負担：-790円 × 1回 = -790円
合計：384,000円
減額合計：-790円
最終買取金額：383,210円"
User,ちゃー,2025/10/25,11:16:49,"お世話になります。
確認いたしました。
引き続き宜しく申し上げます。"
User,ちゃー,2025/10/29,16:25:24,"いつもお世話になります。
本日の郵送買取はされておりますか？"
Account,内藤夏樹,2025/10/29,16:33:10,"毎々、お世話になっております。
〆切させて頂きました🙇🏻‍♂️"
User,ちゃー,2025/10/29,16:34:26,"かしこまりました。
また、機会がございましたらよろしくお願いいたします。"
User,ちゃー,2025/10/31,13:44:43,"こんにちは。
本日は郵送買取のお受け付けされておりますか？"
Account,内藤夏樹,2025/10/31,13:47:33,はい、しています
User,ちゃー,2025/10/31,13:55:24,"① 商品名 ② 数量 ③ 買取価格
例文：「①ブラックボルト／②1箱／③9200円」


① 商品名 ② 数量 ③ 買取価格
例文：「①ホワイトフレア／②4箱／③8300円」

① 商品名 ② 数量 ③ 買取価格
例文：「①ブラックボルト／②4箱／③9300円」

① 商品名 ② 数量 ③ 買取価格
例文：「①テラスタルフェスex／②10箱／③13200円」

こちらをお願い出来ますか？"
Account,内藤夏樹,2025/10/31,13:56:38,承知しました。
Account,内藤夏樹,2025/10/31,13:56:44,"① 商品名 ② 数量 ③ 買取価格
例文：「①ブラックボルト／②1箱／③9200円」


① 商品名 ② 数量 ③ 買取価格
例文：「①ホワイトフレア／②4箱／③8300円」

① 商品名 ② 数量 ③ 買取価格
例文：「①ブラックボルト／②4箱／③9300円」

① 商品名 ② 数量 ③ 買取価格
例文：「①テラスタルフェスex／②10箱／③13200円」

こちらをお願い出来ますか？"
Account,内藤夏樹,2025/10/31,13:56:48,こちらでご申請をよろしくお願い申し上げます。
User,ちゃー,2025/10/31,15:57:37,"お世話になります。

ヤマト運輸様で発送致しました

送り状番号
4615-8942-2210

引き続きよろしくお願い申し上げます。"
Account,内藤夏樹,2025/10/31,16:02:32,ありがとうございます
Account,内藤夏樹,2025/11/01,20:21:49,"買取見積書 -
・ポケモンカード　ホワイトフレア　4箱　単価8,300円　小計33,200円
・ポケモンカード　ブラックボルト　4箱　単価9,300円　小計37,200円
・ポケモンカード　テラスタルフェスex　10箱　単価13,200円　小計132,000円

減額項目：
・ホワイトフレア　凹み：-800円 × 1点 = -800円
合計：202,400円
減額合計：-800円
最終買取金額：201,600円"
User,ちゃー,2025/11/01,20:37:11,"お世話になります。
減額の件について承知いたしました。

引き続き宜しくお願いいたします。
"
Account,内藤夏樹,2025/11/01,20:49:59,"ありがとうございました。
お振込みします🙇🏻‍♂️"
User,ちゃー,2025/11/01,21:19:11,かしこまりました🙇‍♂️
User,ちゃー,2025/11/20,15:05:17,"いつもお世話になります。

本日は郵送買取の方はされていらっしゃいますか？"
Account,内藤夏樹,2025/11/20,15:29:55,"毎々、お世話になっております。
本日お休みいただいております。"
User,ちゃー,2025/11/20,15:39:02,"かしこまりました。
明日の営業はされるご予定はございますか？"
Account,内藤夏樹,2025/11/20,17:30:36,再開は週末の予定です🙇🏻‍♂️
User,ちゃー,2025/11/25,14:19:33,"お世話になります。

本日の郵送買取の方はされていらっしゃいますか？
"
Account,内藤夏樹,2025/11/25,14:32:10,"毎々お世話になっております。
価格表は更新しました。"
User,ちゃー,2025/11/25,14:40:30,"かしこまりました。

インフェルノxとテラスタルフェスexのBOXを検討しております。

大変恐縮でございますが、他店さまに対抗していただいたりは出来ないですよね。"
Account,内藤夏樹,2025/11/25,15:18:40,"ご連絡有難うございます。
現在は他店対抗はできない状況となっております。
申し訳ございません。"
Account,内藤夏樹,2025/11/25,15:19:11,ご希望があればお聞きしてもよろしいでしょうか
User,ちゃー,2025/11/25,15:58:54,"かしこまりました。

インフェルノx
@12500円

テラスタルフェスex
@11500円

こちらで希望です。
ご検討くださりましたら幸いです。


"
Account,内藤夏樹,2025/11/25,16:13:02,ご期待に沿うことができず申し訳ございません。
User,ちゃー,2025/11/25,16:17:15,"かしこまりました。
また、ご縁がございましたらよろしくお願いいたします。"
User,ちゃー,2025/12/16,14:46:17,"お世話になります。

本日の買い取りはされておりますか？"
Account,内藤夏樹,2025/12/16,15:01:09,"毎々お世話になっております。
本日はすべて〆切となりました。
またよろしくお願いします。"
User,ちゃー,2025/12/19,13:22:09,"お世話になります。

本日郵送買い取りでスタートデッキ100はされておりますか？"
Account,内藤夏樹,2025/12/19,13:36:21,"毎々、お世話になっております。
3500円にて買取可能です。"
User,ちゃー,2025/12/19,14:16:28,"かしこまりました。

こちらを16個お願いできますでしょうか？"
Account,内藤夏樹,2025/12/19,14:17:35,"毎々、お世話になっております。
御見積書を送付いたします。
	•	買取見積書 -
・ポケモンカード　スタートデッキ100バトルコレクション　16箱　単価3,500円　小計56,000円

合計箱数：16箱
合計：56,000円
減額合計：0円
最終買取金額：56,000円

【スタートデッキ100バトルコレクション 専用注意事項】
・配送希望：20日午前中必着
・予約後キャンセル不可
・利用規約を必ずご確認ください

ご確認のほど、よろしくお願いいたします。"
User,ちゃー,2025/12/19,16:58:06,"お世話になります。

スタートデッキの個数ですが、15個に個数の変更は可能でしょうか？

申し訳ございませんが、お手数おかけいたします。
"
Account,内藤夏樹,2025/12/19,17:05:25,承知しました。
Account,内藤夏樹,2025/12/19,17:05:49,"基本的にはご予約変更は賜れません。
次回以降お気をつけて頂けますと有難いです。"
User,ちゃー,2025/12/19,17:13:52,"かしこまりました。
ご対応いただきありがとうございました。

今回は、大変ご迷惑をおかけしてしまい申し訳ございませんでした。

"
Account,内藤夏樹,2025/12/19,17:19:10,ご連絡有難うございました
User,ちゃー,2025/12/19,17:41:00,"お世話になります。

先程はご対応いただきありがとうございました。

ヤマト運輸様で発送致しました

送り状番号
3303-8899-4316

引き続きよろしくお願い申し上げます。"
Account,内藤夏樹,2025/12/20,10:42:24,"毎々お世話になっております。
20日午前中に到着しませんでした。"
User,ちゃー,2025/12/20,13:41:55,"お世話になります。

お荷物が遅れまして申し訳ございません。

ヤマト運輸様に出す前にお聞きしたところ、遅延等が無ければ20日の午前中に到着するとの事を確認して出しました。

この場合はどういたしましょうか？"
User,ちゃー,2025/12/20,13:50:00,写真を送信しました。
User,ちゃー,2025/12/20,13:50:53,ヤマト運輸様で20日の午前中着の指定をさせていただいております。
Account,内藤夏樹,2025/12/20,14:50:51,"ご連絡有難うございます。
本日に到着するようですので問題ありません。

ご確認、ありがとうございました。"
User,ちゃー,2025/12/20,14:52:08,"かしこまりました。

お届けできるようで良かったです。
引き続き宜しくお願いいたします。"
User,ちゃー,2026/01/18,13:45:02,"お世話になります。
先日はお取引きいただきありがとうございました。

① 商品名 ② 数量 ③ 買取価格

「①ワンピース蒼海の七傑②10箱／③6700円」


「①ワンピースthe best vol.1／②1箱／③7800円」


「①ポケモンカードインフェルノx／②3箱／③12000円」

こちらを買取りお願いできますか？"
Account,内藤夏樹,2026/01/18,13:51:51,"毎々、お世話になっております。
お申込み多数につき一旦〆切となりました🙇🏻‍♂️"
User,ちゃー,2026/01/18,13:55:15,"かしこまりました。
本日再度募集はされない感じでしょうか？
"
User,ちゃー,2026/01/27,14:52:04,"お世話になります。

本日はワンピースカードの郵送買取はされていらっしゃいますか？"
Account,内藤夏樹,2026/01/27,14:52:51,"毎々、お世話になっております。
しております。"
User,ちゃー,2026/01/27,15:02:50,"かしこまりました。

① 商品名 ② 数量 ③ 買取価格

「①ワンピース蒼海の七傑②10箱／③6800円」


「①ワンピース受け継がれる意志②1箱／③13800円」

こちらをお願いできますか？"
User,ちゃー,2026/01/27,16:02:17,よろしくお願いいたします
Account,内藤夏樹,2026/01/27,16:03:31,"毎々、お世話になっております。
承知しました。"
Account,内藤夏樹,2026/01/27,16:03:53,"毎々、お世話になっております。御見積書を送付いたします。
	∙	買取見積書 -
・ワンピースカード　蒼海の七傑10箱　単価6,800円　小計68,000円
・ワンピースカード　受け継がれる意志1箱　単価13,800円　小計13,800円
合計箱数：11箱合計：81,800円減額合計：0円最終買取金額：81,800円
【注意事項】
	∙	この見積もりを印刷して商品に同梱してください。
	∙	1枚の印刷が難しい場合は、スクリーンショットの分割でも可能です。
	∙	同梱がない場合、査定が遅れることがあります。
	∙	同梱物などの詳細は、メニューの「ご利用方法」を確認してください。
	∙	メニューから申請と発送を行い、発送後は必ず追跡番号を連絡してください。
ご確認のほど、よろしくお願いいたします。​​​​​​​​​​​​​​​​"
User,ちゃー,2026/01/27,20:05:48,"お世話になります。

ヤマト運輸様から発送させていただきました。

送り状番号
3303-9546-9681

1月28日午前中着の予定でございます。

引き続き宜しく申し上げます。"
User,ちゃー,2026/01/28,12:31:20,"こんにちは。
お世話になります。

EB-04『EGGHEAD CRISIS』

こちらの発売日1月31日
店頭持ち込みの受け付け時間は何時まででしょうか？
"
Account,内藤夏樹,2026/01/28,12:32:35,"毎々お世話になっております。
何時でも大丈夫です。
遠方から来ていただけるんでしょうか？"
User,ちゃー,2026/01/28,12:41:16,"お店が開いている時間次第では持ち込みが出来そうなのでお伺いさせていただきました。

持ち込みが1月31日中であれば大丈夫なのでしょうか？"
Account,内藤夏樹,2026/01/28,12:51:32,"どちらから来られますか？
また、どのくらいの数量を見込んでいますか。"
User,ちゃー,2026/01/28,13:03:39,"数量などは未定でして、お持ち込みをするのであれば山形方面から伺います。
"
Account,内藤夏樹,2026/01/28,13:09:46,"承知しました。
事前に数量を確定していただく必要があります。"
User,ちゃー,2026/01/28,13:16:30,"かしこまりました。
数量の方が分かり次第改めてご連絡させていただきます。"
Account,内藤夏樹,2026/01/28,19:28:04,"買取見積書 -

・ワンピースカード　蒼海の七傑
10箱　単価6,700円　小計67,000円
・ワンピースカード　受け継がれる意志
1箱　単価14,200円　小計14,200円
減額項目：
・蒼海の七傑：-500円 × 1点 = -500円
合計箱数：11箱
合計：81,200円
減額合計：500円
最終買取金額：80,700円"
User,ちゃー,2026/01/28,19:30:42,"お世話になります。
金額の確認いたしました。"
