﻿アカウント名,にこにこ買取＠業界最高の買取価格宣言！
タイムゾーン,'+09:00
ダウンロード日時,2026/02/21 04:36
送信者タイプ,送信者名,送信日,送信時刻,内容
Account,応答メッセージ,2025/11/29,16:20:38,"佐々木幹明さん
はじめまして！にこにこ買取＠業界最高の買取価格宣言！です。
友だち追加ありがとうございます！
にこにこ買取です(moon big smile)

ポケモンカードなどトレーディングカード全般の買取を行っております。
買取ご希望のお客様はなんでもお気軽に連絡してください(saluting man)

ご郵送買取の流れはメニューから”郵送買取の流れ”をご確認ください(sparkle)

ご郵送買取ご希望の場合にはメニューの”申し込みフォーム”からご申請が可能となっております。

お問い合わせなどはお気にご連絡ください。"
User,佐々木幹明,2025/12/02,10:53:12,"買取希望です。

①メガドリームex／②5箱／③13700円"
Account,AIチャットボット(β),2025/12/02,10:53:13,情報利用許可のお願い
User,佐々木幹明,2025/12/02,10:54:59,"買取希望です。

①メガドリームex／②5箱／③13700円"
Account,AIチャットボット(β),2025/12/02,10:55:01,"お問い合わせありがとうございます！
適切な回答が見つかりませんでした。ほかの聞き方をお試しください。"
User,佐々木幹明,2025/12/02,10:55:30,①メガドリームex／②5箱／③13700円
Account,AIチャットボット(β),2025/12/02,10:55:32,"お問い合わせありがとうございます！
適切な回答が見つかりませんでした。ほかの聞き方をお試しください。"
User,佐々木幹明,2025/12/02,10:56:36,①ポケモンカードメガドリームex／②5箱／③13700円
Account,AIチャットボット(β),2025/12/02,10:56:38,"ご利用方法の詳細は、当サイトの**メニューにある「ご利用方法」**をご参照いただけますと幸いです。

ご不明な点がございましたら、LINEにてお気軽にお問い合わせください。"
Account,AIチャットボット(β),2025/12/02,10:56:38,回答内容はいかがでしたか？[Good]または[Bad]をタップして、フィードバックにご協力ください。
Account,AIチャットボット(β),2025/12/02,10:57:00,ご協力ありがとうございました。
User,佐々木幹明,2025/12/02,10:57:44,「①メガドリームex／②5箱／③13700円」
Account,AIチャットボット(β),2025/12/02,10:57:47,"ご利用方法の詳細は、当サイトの**メニューにある「ご利用方法」**をご参照いただけますと幸いです。

ご不明な点がございましたら、LINEにてお気軽にお問い合わせください。"
User,佐々木幹明,2025/12/02,10:59:47,「①ハイクラスパックMEGAドリームex／②5箱／③13700円」
Account,AIチャットボット(β),2025/12/02,10:59:49,"ご利用方法の詳細は、当サイトの**メニューにある「ご利用方法」**をご参照いただけますと幸いです。

ご不明な点がございましたら、LINEにてお気軽にお問い合わせください。"
User,佐々木幹明,2025/12/02,11:01:34,買取希望です！！
Account,AIチャットボット(β),2025/12/02,11:01:37,"誠に申し訳ございませんが、弊社ではシュリンク（外装フィルム）がついていない製品の買取は一切行っておりません。

ご要望にお応えできず大変恐縮ですが、シュリンク付きの製品の買取をご検討いただけますようお願い申し上げます。"
User,佐々木幹明,2025/12/02,11:01:55,シュリンク付きです
Account,AIチャットボット(β),2025/12/02,11:01:57,"お問い合わせありがとうございます！
適切な回答が見つかりませんでした。ほかの聞き方をお試しください。"
Account,内藤夏樹,2025/12/02,12:28:14,"毎々お世話になっております。
本日の買取価格はこれから更新予定です。"
User,佐々木幹明,2026/01/27,15:26:52,"ONE PIECE 受け継がれる意思　2BOX 27600円

ONE PIECE Heroines Edition 2BOX 21200円

買取お願いしたいです！！"
User,佐々木幹明,2026/01/27,16:48:10,"間に合わなそうなので明日以降にします！！
また連絡しますのでよろしくお願いします。"
Account,内藤夏樹,2026/01/27,17:05:41,"毎々、お世話になっております。
ご連絡が遅くなり申し訳ございません。
また、よろしくお願い申し上げます。"
User,佐々木幹明,2026/01/28,12:43:33,"ONE PIECE 受け継がれる意思　2BOX  14200円

ONE PIECE Heroines Edition 2BOX  10800円

買取お願いしたいです！！"
Account,内藤夏樹,2026/01/28,12:52:16,"毎々、お世話になっております。  
御見積書を送付いたします。

- 買取見積書 -

・ワンピースカード　受け継がれる意志  
2箱　単価14,200円　小計28,400円

・ワンピースカード　Heroines Edition  
2箱　単価10,800円　小計21,600円

合計箱数：4箱  
合計：50,000円  
減額合計：0円  
最終買取金額：50,000円

【注意事項】
* この見積もりを印刷して商品に同梱してください。
* 1枚の印刷が難しい場合は、スクリーンショットの分割でも可能です。
* 同梱がない場合、査定が遅れることがあります。
* 同梱物などの詳細は、メニューの「ご利用方法」を確認してください。
* メニューから申請と発送を行い、発送後は必ず追跡番号を連絡してください。

ご確認のほど、よろしくお願いいたします。"
User,佐々木幹明,2026/01/28,14:22:44,ヤマト運輸　386177216482 
User,佐々木幹明,2026/01/28,14:23:20,明日の午前中着の予定ですが、天候により遅れるかもとのことでした。よろしくお願いします！！
Account,内藤夏樹,2026/01/28,14:23:34,承知しました
