﻿アカウント名,にこにこ買取＠業界最高の買取価格宣言！
タイムゾーン,'+09:00
ダウンロード日時,2026/02/21 04:36
送信者タイプ,送信者名,送信日,送信時刻,内容
Account,応答メッセージ,2026/01/28,12:44:56,"一星さん
はじめまして！にこにこ買取＠業界最高の買取価格宣言！です。
友だち追加ありがとうございます！
にこにこ買取です(moon big smile)

ポケモンカードなどトレーディングカード全般の買取を行っております。
買取ご希望のお客様はなんでもお気軽に連絡してください(saluting man)

ご郵送買取の流れはメニューから”郵送買取の流れ”をご確認ください(sparkle)

ご郵送買取ご希望の場合にはメニューの”申し込みフォーム”からご申請が可能となっております。

お問い合わせなどはお気にご連絡ください。"
User,一星,2026/01/28,12:51:04,写真を送信しました。
User,一星,2026/01/28,12:51:23,質問させていただきます。このようなシュリンクの裂け目がある商品は買取不可ですか？
Account,内藤夏樹,2026/01/28,12:52:28,毎々お世話になっております
Account,内藤夏樹,2026/01/28,12:52:40,画像程度の破れは問題がございません。
Account,内藤夏樹,2026/01/28,12:52:51,輸送時に広がる場合があるためご注意ください。
Account,内藤夏樹,2026/01/28,12:53:01,大きくなった場合には不可または減額のご提案をさせていただきます。
User,一星,2026/01/28,12:53:49,かしこまりました。検討させていただきます。
User,一星,2026/01/28,13:10:13,"ムニキスゼロ シュリ有 2box ¥15600
受け継がれる意志 1box ¥14200
蒼海の七傑 1box ￥6700"
Account,内藤夏樹,2026/01/28,13:14:13,"毎々、お世話になっております。御見積書を送付いたします。
	∙	買取見積書 -
・ポケモンカード　ムニキスゼロ2箱　単価7,800円　小計15,600円
・ワンピースカード　受け継がれる意志1箱　単価14,200円　小計14,200円
・ワンピースカード　蒼海の七傑1箱　単価6,700円　小計6,700円
合計箱数：4箱合計：36,500円減額合計：0円最終買取金額：36,500円
【注意事項】
	∙	この見積もりを印刷して商品に同梱してください。
	∙	1枚の印刷が難しい場合は、スクリーンショットの分割でも可能です。
	∙	同梱がない場合、査定が遅れることがあります。
	∙	同梱物などの詳細は、メニューの「ご利用方法」を確認してください。
	∙	メニューから申請と発送を行い、発送後は必ず追跡番号を連絡してください。
ご確認のほど、よろしくお願いいたします。​​​​​​​​​​​​​​​​"
