﻿アカウント名,にこにこ買取＠業界最高の買取価格宣言！
タイムゾーン,'+09:00
ダウンロード日時,2026/02/21 04:36
送信者タイプ,送信者名,送信日,送信時刻,内容
Account,応答メッセージ,2025/05/26,20:28:48,"ヨシヒロさん
はじめまして！にこにこ買取＠業界最高の買取価格宣言！です。
友だち追加ありがとうございます！
にこにこ買取です(moon big smile)

ポケモンカードなどトレーディングカード全般の買取を行っております。
買取ご希望のお客様はなんでもお気軽に連絡してください(saluting man)

ご郵送買取の流れは以下の”郵送買取の流れ”をご確認ください(sparkle)

お問い合わせなどはお気軽にメッセージからご連絡ください(phone)"
Account,応答メッセージ,2025/05/26,20:28:48,写真を送信しました。
Account,応答メッセージ,2025/05/26,20:28:48,写真を送信しました。
User,ヨシヒロ,2025/08/22,13:30:20,"神速1カートンありますが
1カートンでも少しアップ可能ですか？"
Account,内藤夏樹,2025/08/22,13:31:04,"毎々、お世話になっております。

もちろんです！
61000でやらせていただけますか？"
User,ヨシヒロ,2025/08/22,13:33:02,お願いします！
Account,内藤夏樹,2025/08/22,13:34:52,"有難うございます！
このままご申請と発送をよろしくお願い申し上げます。"
User,ヨシヒロ,2025/08/22,13:57:48,ヤマト運輸にいかないとわからないですが、新潟だと明日着ができないかもしれないです。発送の際確認します。
Account,内藤夏樹,2025/08/22,13:58:24,"大丈夫です。
よろしくお願い申し上げます🙇"
User,ヨシヒロ,2025/08/22,18:15:33,"5049-8806-5525
ヤマト運輸にて発送いたしました。
新潟は最短24日でした。
よろしくお願いします🙇"
Account,内藤夏樹,2025/08/22,19:36:35,ありがとうございました。
Account,内藤夏樹,2025/08/22,19:36:38,助かります。
User,ヨシヒロ,2025/08/24,10:20:55,おはようございます☀受け継がれる意志2カートン買取いけますか？
Account,内藤夏樹,2025/08/24,10:41:33,"毎々、お世話になっております！

ぜひ！よろしくお願い申し上げます。"
Account,内藤夏樹,2025/08/24,10:41:40,67000×2です
Account,内藤夏樹,2025/08/24,14:13:53,"毎々、お世話になっております。  
御見積書を送付いたします。

- 買取見積書 -
・ワンピースカード　神速の拳（カートン）　1カートン　単価61,000円　小計61,000円  

減額項目：なし  

合計：61,000円  
減額合計：0円  
最終買取金額：61,000円  

ご確認のほど、よろしくお願いいたします。
お振込みをしました。"
User,ヨシヒロ,2025/08/24,16:28:39,"4538-6521-9150
ヤマト運輸にて発送いたしました。よろしくお願いします🙇

振込のほうも確認いたしました！ありがとうございます。
引き続き宜しくお願いします🙇"
Account,内藤夏樹,2025/08/24,16:29:30,ありがとうございます😊
Account,内藤夏樹,2025/08/25,18:59:19,"毎々、お世話になっております。  
御見積書を送付いたします。

- 買取見積書 -
・ワンピースカード　受け継がれる意思（カートン）　2カートン　単価67,000円　小計134,000円  

減額項目：なし  

合計：134,000円  
減額合計：0円  
最終買取金額：134,000円  

ご確認のほど、よろしくお願いいたします。"
User,ヨシヒロ,2025/08/25,19:02:24,"確認しました。
ありがとうございます！
またよろしくお願いします"
User,ヨシヒロ,2025/09/11,12:37:33,"ブレイブ　5
シンフォニア　4
ブラックボルト　1
ロケット団　3
テラフェス　2
変幻　1
全てシュリンク付きです。
郵送買取お願いします"
Account,内藤夏樹,2025/09/11,12:42:17,毎々、お世話になっております。
Account,内藤夏樹,2025/09/11,12:42:36,"毎々、お世話になっております。  
御見積書を送付いたします。

- 買取見積書 -
・ポケモンカード　メガブレイブ　5箱　単価10,500円　小計52,500円  
・ポケモンカード　メガシンフォニア　4箱　単価7,500円　小計30,000円  
・ポケモンカード　ブラックボルト　1箱　単価10,100円　小計10,100円  
・ポケモンカード　ロケット団の栄光　3箱　単価9,600円　小計28,800円  
・ポケモンカード　テラスタルフェスex　2箱　単価12,900円　小計25,800円  
・ポケモンカード　変幻の仮面　1箱　単価7,900円　小計7,900円

合計：155,100円  
減額合計：0円  
最終買取金額：155,100円

ご確認のほど、よろしくお願いいたします。"
User,ヨシヒロ,2025/09/11,12:43:11,はい、これでよろしくお願いします
Account,内藤夏樹,2025/09/11,12:43:54,よろしくお願い申し上げます。
User,ヨシヒロ,2025/09/11,17:58:00,"お世話になります。
発送いたしましたのでよろしくお願い致します。
5049-8786-8803です"
Account,内藤夏樹,2025/09/11,19:02:36,ありがとうございました。
Account,内藤夏樹,2025/09/12,20:44:38,本日到着しませんでしたので明日検品の予定です。
User,ヨシヒロ,2025/09/12,20:51:48,すみません。広島からなので翌日にはつかないの忘れてました。申し訳ありません。よろしくお願いします
Account,内藤夏樹,2025/09/12,21:25:20,承知しました
Account,内藤夏樹,2025/09/14,09:10:50,"毎々、お世話になっております。
振り込みを行いました。"
Account,内藤夏樹,2025/09/14,09:10:51,ありがとうございます。
User,ヨシヒロ,2025/10/01,12:25:50,ワンピのBOX買取は今日は行っていませんか？
Account,内藤夏樹,2025/10/01,12:30:08,"申し訳ございません。
本日は行っておりませんでした。"
User,ヨシヒロ,2025/10/01,12:30:24,わかりました！ありがとうございます。またお願いします
User,ヨシヒロ,2026/01/08,12:53:38,"ワンピースカード
新たなる皇帝　6
受け継がれる意志　5
ヒロイン　23
郵送買取お願いしたいのですが。
広島発送なので明後日の午前中指定しかできないのですがいかがでしょうか？"
Account,内藤夏樹,2026/01/08,12:56:06,"毎々お世話になっております。
賜ります。"
Account,内藤夏樹,2026/01/08,12:56:11,今お見積りをお送ります。
Account,内藤夏樹,2026/01/08,12:57:07,"買取見積書 -

・ワンピースカード 新たなる皇帝 BOX 6箱 単価8,100円 小計48,600円

・ワンピースカード 受け継がれる意志 BOX 5箱 単価9,200円 小計46,000円

・ワンピースカード Heroines Edition BOX 23箱 単価7,100円 小計163,300円

減額項目（ある場合）： ・該当なし

合計：257,900円 減額合計：-0円 最終買取金額：257,900円

20箱以上のため、送料は弊社負担でお送りください。

【注意事項】 こちらのお見積もりを印刷して商品に同梱してください。 同梱がない場合には査定が遅れる場合がございますので、ご協力をお願いいたします。 ご確認のほど、よろしくお願いいたします。"
User,ヨシヒロ,2026/01/08,16:14:45,"4998-8005-1661
ヤマト運輸
藤川 佳洋
1/10 午前中着です
よろしくお願いします"
Account,内藤夏樹,2026/01/08,16:16:05,ありがとうございました。
User,ヨシヒロ,2026/01/11,15:35:19,"ワンピースカード
ヒロイン10
蒼海　20
郵送買取お願いします。
広島発送なので明後日午前が最短だと思いますがいかがでしょうか？"
Account,内藤夏樹,2026/01/11,15:39:01,"毎々、お世話になっております。
御見積書を送付いたします。

- 買取見積書 -

・ワンピースカード
Heroines Edition BOX
10箱
単価7,700円
小計77,000円

・ワンピースカード
蒼海の七傑 BOX
20箱
単価6,100円
小計122,000円

減額項目：
・該当なし

合計：199,000円
減額合計：-0円
最終買取金額：199,000円

※20箱以上の分量のため、送料は弊社負担（着払い）でお送りください。

【注意事項】
こちらのお見積もりを印刷して商品に同梱してください。
同梱がない場合には査定が遅れる場合がございます。
ご確認のほど、よろしくお願いいたします。"
Account,内藤夏樹,2026/01/11,15:39:14,明後日着の件も承知しました。
User,ヨシヒロ,2026/01/11,16:55:08,"5000-2178-4861
ヤマト運輸
1/13 午前中指定
雪の影響で遅延するかもしれないと言われましたので
よろしくお願い致します"
Account,内藤夏樹,2026/01/11,17:01:55,承知しました
User,ヨシヒロ,2026/01/18,11:59:22,"蒼海　8
師弟　9
王族　1
二つの伝説　2
本日発送で広島からなので明後日午前中着なら発送できますが？"
Account,内藤夏樹,2026/01/18,12:06:49,"毎々、お世話になっております。
お申込み多数につき一旦〆切とさせていただきました🙇🏻‍♂️"
User,ヨシヒロ,2026/01/18,12:07:07,わかりました。またお願いします
User,ヨシヒロ,2026/01/25,17:11:25,蒼海8ボックスとカートン1買取できますか？
User,ヨシヒロ,2026/01/25,17:11:45,写真を送信しました。
User,ヨシヒロ,2026/01/25,17:11:45,写真を送信しました。
User,ヨシヒロ,2026/01/25,17:11:46,写真を送信しました。
User,ヨシヒロ,2026/01/25,17:11:46,写真を送信しました。
User,ヨシヒロ,2026/01/25,17:11:46,写真を送信しました。
User,ヨシヒロ,2026/01/25,17:11:46,写真を送信しました。
User,ヨシヒロ,2026/01/25,17:12:09,ショップ購入時からガムテープ剥いだあとがこんな感じなんですが
Account,内藤夏樹,2026/01/25,17:15:19,"大丈夫ですよ！
価格は
箱7000円
カートン
87000円

でいかがでしょうか？"
User,ヨシヒロ,2026/01/25,17:16:13,"買取でお願いします！
広島からなので明後日午前が最速です。"
Account,内藤夏樹,2026/01/25,17:16:48,"承知しました。
よろしくお願い申し上げます。"
Account,内藤夏樹,2026/01/25,17:17:45,"毎々、お世話になっております。御見積書を送付いたします。
	∙	買取見積書 -
・ワンピースカード　蒼海の七傑　8箱　単価7,000円　小計56,000円・ワンピースカード　蒼海の七傑　1カートン　単価87,000円　小計87,000円
合計箱数：20箱
合計：143,000円減額合計：0円最終買取金額：143,000円
20箱以上のため、送料は弊社負担でお送りください。
【注意事項】
こちらのお見積もりを印刷して商品に同梱してください。
同梱がない場合には査定が遅れる場合がございますので、ご協力をお願いいたします。
ご確認のほど、よろしくお願いいたします。​​​​​​​​​​​​​​​​"
User,ヨシヒロ,2026/01/25,17:18:39,蒼海9に変更大丈夫ですか？
Account,内藤夏樹,2026/01/25,17:19:04,もちろん大丈夫です。
User,ヨシヒロ,2026/01/25,18:02:52,"ただ今発送致しました。
ヤマト運輸
4989-9903-4262
1/27午前中指定ですがかなり遅れがでてるとのことです。
よろしくお願い致します"
Account,内藤夏樹,2026/01/25,20:07:44,ありがとうございました。
Account,内藤夏樹,2026/01/27,20:07:19,"いつも当店をご利用いただき、誠にありがとうございます。

お預かりしておりましたお品物の検品が完了いたしましたので、ご指定の口座へお振り込みの手続きをさせていただきました。 併せてご確認いただけますと幸いです。

この度はご利用いただき、重ねて御礼申し上げます。 またの機会がございましたら、ぜひお手伝いをさせていただけますと幸いです。

もしよろしければ、X（旧Twitter）にてご利用の感想や口コミを投稿していただけますと、スタッフ一同大変励みになります。

なお、万が一サービス内容にご満足いただけなかった点や、お気づきの点がございましたら、誠意を持って対応させていただきます。 大変お手数ですが、投稿の前に一度ダイレクトメッセージ等でご連絡いただけますと助かります。

今後ともよろしくお願い申し上げます。"
User,ヨシヒロ,2026/01/27,20:11:42,蒼海の七傑を9箱にしてもらったんですがその分が反映されてなくて振込されてないです
User,ヨシヒロ,2026/01/27,20:12:05,送信が取り消されたメッセージです
User,ヨシヒロ,2026/01/27,20:12:37,写真を送信しました。
Account,内藤夏樹,2026/01/27,20:14:03,"大変申し訳ございません。
すぐに不足分をお振込みします。"
User,ヨシヒロ,2026/01/27,20:20:00,"確認しました！
ありがとうございます！
またお願いします！"
