﻿アカウント名,にこにこ買取＠業界最高の買取価格宣言！
タイムゾーン,'+09:00
ダウンロード日時,2026/02/21 04:36
送信者タイプ,送信者名,送信日,送信時刻,内容
Account,応答メッセージ,2025/10/26,17:05:16,"kuniyuki.Tさん
はじめまして！にこにこ買取＠業界最高の買取価格宣言！です。
友だち追加ありがとうございます！
にこにこ買取です(moon big smile)

ポケモンカードなどトレーディングカード全般の買取を行っております。
買取ご希望のお客様はなんでもお気軽に連絡してください(saluting man)

ご郵送買取の流れはメニューから”郵送買取の流れ”をご確認ください(sparkle)

ご郵送買取ご希望の場合にはメニューの”申し込みフォーム”からご申請が可能となっております。

お問い合わせなどはお気にご連絡ください。"
User,kuniyuki.T,2025/11/29,13:15:09,「①メガドリーム／②20箱／③12600円」
Account,内藤夏樹,2025/11/29,13:16:37,"毎々、お世話になっております。  
御見積書を送付いたします。

- 買取見積書 -
・ポケモンカード　メガドリームex　20箱　単価12,600円　小計252,000円

合計箱数：20箱
合計：252,000円  
減額合計：0円  
最終買取金額：252,000円

20箱のため、送料は弊社負担でお送りください。

ご確認のほど、よろしくお願いいたします。"
User,kuniyuki.T,2025/11/29,13:17:18,お世話になっております。持ち込みも可能なのですが発送の方がよろしいでしょうか？
Account,内藤夏樹,2025/11/29,13:17:51,"お持ち込み提案ありがとうございます。
本日は郵送をお願いできますでしょうか。"
User,kuniyuki.T,2025/11/29,14:33:14,"返信ありがとうございます。
規約を読ませていただきました。
当人初めての郵送取引になるのですが、マイナンバーカードの電子暗証番号の期限切れのため住民票のコピーが土曜日のため取れず、本日での郵送が厳しいため持ち込みでの提案でしたので、またの機会にお願いさせていただいてもよろしいでしょうか。"
Account,内藤夏樹,2025/11/29,14:37:16,"承知しました。
住民票は後日でも構いません。"
User,kuniyuki.T,2025/11/29,15:14:10,商品発送後、月曜日に住民票別で発送でも大丈夫ということでしょうか？
Account,内藤夏樹,2025/11/29,15:14:46,"大丈夫です。
写真を撮影して送ってください。"
User,kuniyuki.T,2025/11/29,16:32:42,"承知しました。
買取をお願いしてもよろしいでしょうか。"
Account,内藤夏樹,2025/11/29,16:35:43,はい、よろしくお願い申し上げます。
User,kuniyuki.T,2025/11/29,16:41:02,"不備等ないよう気をつけます。
よろしくお願いします。また後日住民票の写真送られせていただきます"
Account,内藤夏樹,2025/11/29,16:41:34,"ありがとうございました。
よろしくお願い申し上げます。"
Account,内藤夏樹,2025/11/29,16:41:40,メニューから申請と発送をよろしくお願い申し上げます。
User,kuniyuki.T,2025/11/29,16:59:03,写真を送信しました。
User,kuniyuki.T,2025/11/29,16:59:19,発送しましたので届き次第確認お願いします
Account,内藤夏樹,2025/11/29,16:59:25,"ありがとうございました。
"
User,kuniyuki.T,2025/12/01,13:44:04,"お世話になっております。
住民票取りましたので写真添付いたします"
User,kuniyuki.T,2025/12/01,13:44:12,写真を送信しました。
Account,内藤夏樹,2025/12/01,13:50:28,毎々お世話になっております。ありがとうございます。
Account,内藤夏樹,2025/12/01,13:50:37,裏面も撮影をお願いできますでしょうか。
User,kuniyuki.T,2025/12/01,13:51:56,写真を送信しました。
User,kuniyuki.T,2025/12/01,13:52:12,"かしこまりました。
こちらでよろしいでしょうか。"
Account,内藤夏樹,2025/12/01,14:10:42,"大丈夫です。
ありがとうございます。"
User,kuniyuki.T,2026/01/26,13:28:39,"お世話になっております
「①ムニキスゼロ／②12箱／③8300円」"
Account,内藤夏樹,2026/01/26,13:30:33,"毎々、お世話になっております。
ありがとうございました。"
Account,内藤夏樹,2026/01/26,13:31:18,"買取見積書 -
・ポケモンカード
ムニキスゼロ BOX
12箱
単価 8,300円
小計 99,600円
減額項目：
・該当なし
合計：99,600円
減額合計：-0円
最終買取金額：99,600円
※合計数量が12点のため、現時点では送料はお客様負担となります。
あと8点追加で合計20点となり、弊社負担（着払い）が可能となります。
【注意事項】
• この見積もりを印刷して商品に同梱してください。
• 1枚の印刷が難しい場合は、スクリーンショットの分割でも可能です。
• 同梱がない場合、査定が遅れることがあります。
• 同梱物などの詳細は、メニューの「ご利用方法」を確認してください。
• メニューから申請と発送を行い、発送後は必ず追跡番号を連絡してください。"
User,kuniyuki.T,2026/01/26,13:56:10,写真を送信しました。
User,kuniyuki.T,2026/01/26,13:56:42,"発送させていただきました。
よろしくお願いいたします
します"
Account,内藤夏樹,2026/01/26,13:57:38,ありがとうございました。
Account,内藤夏樹,2026/01/27,20:07:14,"いつも当店をご利用いただき、誠にありがとうございます。

お預かりしておりましたお品物の検品が完了いたしましたので、ご指定の口座へお振り込みの手続きをさせていただきました。 併せてご確認いただけますと幸いです。

この度はご利用いただき、重ねて御礼申し上げます。 またの機会がございましたら、ぜひお手伝いをさせていただけますと幸いです。

もしよろしければ、X（旧Twitter）にてご利用の感想や口コミを投稿していただけますと、スタッフ一同大変励みになります。

なお、万が一サービス内容にご満足いただけなかった点や、お気づきの点がございましたら、誠意を持って対応させていただきます。 大変お手数ですが、投稿の前に一度ダイレクトメッセージ等でご連絡いただけますと助かります。

今後ともよろしくお願い申し上げます。"
