﻿アカウント名,にこにこ買取＠業界最高の買取価格宣言！
タイムゾーン,'+09:00
ダウンロード日時,2026/02/21 04:36
送信者タイプ,送信者名,送信日,送信時刻,内容
Account,応答メッセージ,2025/10/30,15:06:24,"藤田祐生さん
はじめまして！にこにこ買取＠業界最高の買取価格宣言！です。
友だち追加ありがとうございます！
にこにこ買取です(moon big smile)

ポケモンカードなどトレーディングカード全般の買取を行っております。
買取ご希望のお客様はなんでもお気軽に連絡してください(saluting man)

ご郵送買取の流れはメニューから”郵送買取の流れ”をご確認ください(sparkle)

ご郵送買取ご希望の場合にはメニューの”申し込みフォーム”からご申請が可能となっております。

お問い合わせなどはお気にご連絡ください。"
User,藤田祐生,2025/11/24,15:29:13,今日は買取してますか？
Account,内藤夏樹,2025/11/24,16:25:27,"毎々、お世話になっております。
本日は休暇を頂戴しておりました。"
User,藤田祐生,2025/12/01,15:53:59,"お疲れ様です。
メガドリーム13700 42個買取お願いします。"
Account,AIチャットボット(β),2025/12/01,15:54:00,情報利用許可のお願い
User,藤田祐生,2025/12/01,15:55:01,長岡市に住んでるのですが持込みは可能でしょうか？
Account,AIチャットボット(β),2025/12/01,15:55:03,"お問い合わせありがとうございます！
適切な回答が見つかりませんでした。ほかの聞き方をお試しください。"
User,藤田祐生,2025/12/01,15:55:36,"お疲れ様です。
メガドリーム13700 42個買取お願いします。"
Account,AIチャットボット(β),2025/12/01,15:55:37,情報利用許可のお願い
Account,内藤夏樹,2025/12/01,15:56:58,"毎々、お世話になっております。
本日は〆切となりました。"
User,藤田祐生,2025/12/01,15:58:37,ありがとうございます。かしこまりました。
Account,内藤夏樹,2025/12/01,15:59:59,申し訳ございません。
User,藤田祐生,2025/12/01,16:00:49,ちなみに持込み買取は開始する予定はありますか？
Account,内藤夏樹,2025/12/01,16:02:09,現在は郵送をお願いしております🙇🏻‍♂️
User,藤田祐生,2026/01/26,15:30:50,"買取お願いします。
ムニキスゼロ　27
メガドリーム　6
全てシュリンク有りです。"
Account,内藤夏樹,2026/01/26,15:34:47,"毎々、お世話になっております。
有難うございます。"
Account,内藤夏樹,2026/01/26,15:35:22,"• 買取見積書 -
・ポケモンカード
ムニキスゼロ BOX
27箱
単価 8,300円
小計 224,100円
・ポケモンカード
メガドリームex BOX
6箱
単価 9,400円
小計 56,400円
減額項目：
・該当なし
合計：280,500円
減額合計：-0円
最終買取金額：280,500円
【注意事項】
• この見積もりを印刷して商品に同梱してください。
• 1枚の印刷が難しい場合は、スクリーンショットの分割でも可能です。
• 同梱がない場合、査定が遅れることがあります。
• 同梱物などの詳細は、メニューの「ご利用方法」を確認してください。
• メニューから申請と発送を行い、発送後は必ず追跡番号を連絡してください。"
User,藤田祐生,2026/01/26,15:37:26,"すみません。
ムニキスゼロ一つ追加で全部で28でお願いします。"
Account,内藤夏樹,2026/01/26,15:39:04,承知いたしました。ご連絡ありがとうございます。よろしければメニューから申請等発送手続きをお願いいたします。よろしくお願いします。
User,藤田祐生,2026/01/26,15:40:01,かしこまりました。
User,藤田祐生,2026/01/26,16:45:16,"発送しました。
ヤマト運輸着払い
467715512596"
User,藤田祐生,2026/01/26,16:45:30,大雪の為遅延あるかもしれないです。
Account,内藤夏樹,2026/01/26,16:46:07,発送のお手続きありがとうございます。また遅延の件も承知いたしました。ご連絡ありがとうございます。
User,藤田祐生,2026/01/26,17:24:55,"すみません。もしかしたらムニキスゼロ29個かもしれないです。
届いたら確認お願い致します。"
Account,内藤夏樹,2026/01/26,17:25:32,承知いたしました。
User,藤田祐生,2026/01/26,17:28:07,申し訳ありません。
Account,内藤夏樹,2026/01/27,19:42:32,"買取見積書 -

・ポケモンカード　ムニキスゼロ
29箱　単価8,300円　小計240,700円
・ポケモンカード　メガドリームex
6箱　単価9,400円　小計56,400円
合計箱数：35箱
合計：297,100円
減額合計：0円
最終買取金額：297,100円"
User,藤田祐生,2026/01/27,19:58:44,ありがとうございます。
Account,内藤夏樹,2026/01/27,20:06:30,"いつも当店をご利用いただき、誠にありがとうございます。

お預かりしておりましたお品物の検品が完了いたしましたので、ご指定の口座へお振り込みの手続きをさせていただきました。 併せてご確認いただけますと幸いです。

この度はご利用いただき、重ねて御礼申し上げます。 またの機会がございましたら、ぜひお手伝いをさせていただけますと幸いです。

もしよろしければ、X（旧Twitter）にてご利用の感想や口コミを投稿していただけますと、スタッフ一同大変励みになります。

なお、万が一サービス内容にご満足いただけなかった点や、お気づきの点がございましたら、誠意を持って対応させていただきます。 大変お手数ですが、投稿の前に一度ダイレクトメッセージ等でご連絡いただけますと助かります。

今後ともよろしくお願い申し上げます。"
