﻿アカウント名,にこにこ買取＠業界最高の買取価格宣言！
タイムゾーン,'+09:00
ダウンロード日時,2026/02/21 04:36
送信者タイプ,送信者名,送信日,送信時刻,内容
Account,応答メッセージ,2025/12/12,13:40:14,"梁東日さん
はじめまして！にこにこ買取＠業界最高の買取価格宣言！です。
友だち追加ありがとうございます！
にこにこ買取です(moon big smile)

ポケモンカードなどトレーディングカード全般の買取を行っております。
買取ご希望のお客様はなんでもお気軽に連絡してください(saluting man)

ご郵送買取の流れはメニューから”郵送買取の流れ”をご確認ください(sparkle)

ご郵送買取ご希望の場合にはメニューの”申し込みフォーム”からご申請が可能となっております。

お問い合わせなどはお気にご連絡ください。"
User,梁東日,2025/12/12,13:46:51,新たなる皇帝のボックス買取はまだ行なってますでしょうか？
Account,内藤夏樹,2025/12/12,13:53:17,終わりました
User,梁東日,2026/01/24,12:24:00,"初めまして。
本日ワンピースカードの買取は行ってありますでしょうか？"
Account,内藤夏樹,2026/01/24,14:08:49,本日は買取お申込を一旦停止とさせていただきました。
User,梁東日,2026/01/24,15:22:58,蒼海の七傑の買取希望します。
Account,内藤夏樹,2026/01/24,15:26:09,"毎々、お世話になっております。
ご連絡有難うございます。

数量を教えていただけますか"
User,梁東日,2026/01/24,15:26:19,19boxです。
User,梁東日,2026/01/24,15:26:28,その他は本日買取はなしでしょうか？
Account,内藤夏樹,2026/01/24,15:34:57,"有難うございます。
そのほかは記載の通り買取を中止しております。"
Account,内藤夏樹,2026/01/24,15:35:11,"7000円✖️19箱
こちらでご申請をよろしくお願い申し上げます。"
User,梁東日,2026/01/24,19:13:16,写真を送信しました。
User,梁東日,2026/01/24,19:13:21,発送完了しました。
User,梁東日,2026/01/24,19:30:51,最短の着日が1/26の午前中怒鳴ってしまうのですが、可能でしょうか？
Account,内藤夏樹,2026/01/25,16:11:32,"ありがとうございました。
承知しました。"
Account,内藤夏樹,2026/01/25,16:11:42,"次回以降で構いません。
ヤマト運輸様にて発送を宜しくお願い致します。"
User,梁東日,2026/01/26,18:41:32,"かしこまりました。
よろしくお願い致します。"
User,梁東日,2026/01/27,17:26:12,こちら査定結果はいつ頃になりますか？
Account,内藤夏樹,2026/01/27,17:27:39,お世話になります。ご連絡ありがとうございます。おそらく本日到着しているかと思いますので、検品待ちのステータスとなります。少々お待ちいただけますと幸いでございます。
User,梁東日,2026/01/27,17:50:07,かしこまりました、よろしくお願い致します。
Account,内藤夏樹,2026/01/27,19:28:05,"買取見積書 -

・ワンピースカード　蒼海の七傑
17箱　単価7,000円　小計119,000円
減額項目：
・蒼海の七傑（ハードケースと店舗シール）：-200円 × 17点 = -3,400円
合計箱数：17箱
合計：119,000円
減額合計：3,400円
最終買取金額：115,600円"
Account,内藤夏樹,2026/01/27,19:28:38,"・買取不可（返却）蒼海の七傑：2点
・買取不可（返却）二つの伝説：1点
・買取不可（返却）師弟の絆：1点"
User,梁東日,2026/01/27,19:58:35,かしこまりました、こちらでお願い致します。
