﻿アカウント名,にこにこ買取＠業界最高の買取価格宣言！
タイムゾーン,'+09:00
ダウンロード日時,2026/02/21 04:35
送信者タイプ,送信者名,送信日,送信時刻,内容
Account,応答メッセージ,2024/10/22,16:02:05,"カズヤさん
はじめまして！にこにこ買取＠業界最高の買取価格宣言！です。
友だち追加ありがとうございます！
にこにこ買取です(moon big smile)

ポケモンカードなどトレーディングカード全般の買取を行っております。
買取ご希望のお客様はなんでもお気軽に連絡してください(saluting man)

ご郵送買取の流れは以下の”郵送買取の流れ”をご確認ください(sparkle)

お問い合わせなどはお気軽にメッセージからご連絡ください(phone)"
Account,応答メッセージ,2024/10/22,16:02:05,写真を送信しました。
Account,応答メッセージ,2024/10/22,16:02:05,写真を送信しました。
User,カズヤ,2025/05/08,14:13:57,"お世話になっております。

本日、ロケット団の栄光の買取は可能でしょう？"
Account,内藤夏樹,2025/05/08,14:18:15,"毎々、お世話になっております。
ご連絡ありがとうございました。

はい、可能です。"
User,カズヤ,2025/05/08,14:22:09,"ご返信ありがとうございます。

10BOX程依頼したいと思っているのですが、本日発送の場合ご入金は明日もしくは明後日は厳しいでしょうか？"
Account,内藤夏樹,2025/05/08,14:22:41,"ありがとうございます。

お約束はできかねますが、なるべく早くご入金します。"
User,カズヤ,2025/05/08,14:26:32,"了解致しました。
土日に関わらず、入金の作業自体は行っているという認識でよろしかったですか？"
User,カズヤ,2025/05/08,14:27:49,"・ロケット団の栄光　12BOX

・熱風のアリーナ　1BOX

以上を依頼したいと思っております。"
Account,内藤夏樹,2025/05/08,14:29:43,土曜日は行っております。
User,カズヤ,2025/05/08,14:48:17,"了解致しました。
金額はXで案内している

ロケット団の栄光　15000円
熱風のアリーナ　7900円

で間違いないでしょうか？"
Account,内藤夏樹,2025/05/08,14:49:18,"大変申し訳ございません。
ロケット団の栄光は 14700円　に変更となりました。"
Account,内藤夏樹,2025/05/08,14:49:33,熱風のアリーナは7900円で間違いありません。
User,カズヤ,2025/05/08,15:07:29,"了解致しました。
そちらで大丈夫です。"
Account,内藤夏樹,2025/05/08,15:13:13,"ありがとうございました。
お見積もりをお送りします。"
Account,内藤夏樹,2025/05/08,15:15:28,"📅 2025/05/08 - No.6
	•	買取見積書 -

・ポケモンカード　ロケット団の栄光　12箱　単価14,700円　小計176,400円
・ポケモンカード　熱風のアリーナ　1箱　単価7,900円　小計7,900円

合計：184,300円"
User,カズヤ,2025/05/08,16:31:43,"お見積もりありがとうございます。

ちなみにですが、テラスタルフェスは変わらず11300円で買取しているのでしょうか？"
Account,内藤夏樹,2025/05/08,16:32:32,"はい。
11300にてお買取させていただきたいです。"
User,カズヤ,2025/05/08,16:35:18,"了解致しました。
追加したい場合は再度ご連絡をさせて頂きます。"
Account,内藤夏樹,2025/05/08,16:35:31,はい、よろしくお願い申し上げます。
User,カズヤ,2025/05/08,16:41:30,後、初回買取の際に住民票は必須でしょうか？
Account,応答メッセージ,2025/05/08,16:46:22,"カズヤさん
はじめまして！にこにこ買取＠業界最高の買取価格宣言！です。
友だち追加ありがとうございます！
にこにこ買取です(moon big smile)

ポケモンカードなどトレーディングカード全般の買取を行っております。
買取ご希望のお客様はなんでもお気軽に連絡してください(saluting man)

ご郵送買取の流れは以下の”郵送買取の流れ”をご確認ください(sparkle)

お問い合わせなどはお気軽にメッセージからご連絡ください(phone)"
Account,応答メッセージ,2025/05/08,16:46:22,写真を送信しました。
Account,応答メッセージ,2025/05/08,16:46:22,写真を送信しました。
Account,内藤夏樹,2025/05/08,16:47:10,必要になります。
User,カズヤ,2025/05/08,16:55:51,了解致しました。
Account,内藤夏樹,2025/05/08,17:04:02,お手数をおかけしますが、よろしくお願い申し上げます。
User,カズヤ,2025/05/08,17:46:44,申込用紙などは特に同封する必要はございませんか？
Account,内藤夏樹,2025/05/08,17:48:31,申し込み用紙の同梱は不要です。
User,カズヤ,2025/05/08,18:15:18,配送先のご住所を控え忘れたのですが、もう一度フォームを入力したほうが良いでしょうか？
Account,内藤夏樹,2025/05/08,18:17:09,今お送りします。
Account,内藤夏樹,2025/05/08,18:17:24,"1. このチャンネルにて買取希望の商品名・数量・希望価格をご連絡ください。（スタッフが確認し、回答します）
2. 個人情報等をフォームより送信してください。
　 https://forms.gle/gAwrrfLYxm83u9Nr7
3. フォーム送信後は下記住所へご発送ください：
〒940-0871
新潟県長岡市北陽1-53-61
株式会社AiGIVE 内藤宛（ヤマト運輸 北陽センター気付）
TEL: 050-5470-3570"
Account,内藤夏樹,2025/05/08,18:17:35,3.項に記載がございます。
User,カズヤ,2025/05/08,23:35:48,"お世話になります。
本日発送が完了致しました。
明日の午前到着で発送しております。"
User,カズヤ,2025/05/08,23:36:51,"・ヤマト運輸
・3861-5116-2740
・伊藤和也

以上になります。"
User,カズヤ,2025/05/08,23:37:00,ご査定のほどよろしくお願い致します。
Account,内藤夏樹,2025/05/09,08:38:34,ありがとうございました。
User,カズヤ,2025/05/09,14:58:23,"お世話になっております。

本日テラスタルフェスの買取は行っておりますか？"
Account,内藤夏樹,2025/05/09,15:00:10,"毎々、お世話になっております。
11000円にて買取させていただいております。"
User,カズヤ,2025/05/09,15:01:49,"ご返信ありがとうございます。

ロケット団の栄光はおいくらでしょうか？"
Account,内藤夏樹,2025/05/09,15:03:31,14000円となります
User,カズヤ,2025/05/09,16:56:52,本日テラスタルフェスの買取を依頼を考えておりますが可能でしょうか？
Account,内藤夏樹,2025/05/09,16:57:27,"毎々、お世話になっております。
はい、ぜひよろしくお願い申し上げます。"
User,カズヤ,2025/05/09,16:58:02,本日受付の場合、入金は週明けの可能性が高いですよね？
Account,内藤夏樹,2025/05/09,16:59:58,"明日到着していただけたら、明日のお振込み自体は可能かと思います。

着金はわかりかねます。"
User,カズヤ,2025/05/09,17:05:53,"了解致しました。

15BOX依頼したいと考えております。
昨日の買取分に住民票を同封したのですが、その場合本日は必要ないですよね？"
Account,内藤夏樹,2025/05/09,17:23:30,"ありがとうございました。
テラスタルフェスex
11000円
15箱
承りました。

はい、不要でございます。"
Account,内藤夏樹,2025/05/09,17:23:41,ご申請は改めて起票いただきたくお願い申し上げます。
User,カズヤ,2025/05/09,17:31:00,"了解致しました。
申し込みフォームと発送のほう進めさせて頂きます。"
User,カズヤ,2025/05/09,17:35:55,ちなみにですが、昨日分のご査定は完了しておりますか？
Account,内藤夏樹,2025/05/09,17:39:34,"ありがとうございました。

今夜対応させていただきます。"
User,カズヤ,2025/05/09,17:51:16,"了解致しました。
よろしくお願い致します。"
User,カズヤ,2025/05/09,17:51:51,申込みフォーム記入してよろしいでしょうか？
Account,内藤夏樹,2025/05/09,17:56:50,よろしくお願い申し上げます。
Account,内藤夏樹,2025/05/09,19:32:46,"毎々、お世話になっております。

本日分の査定の結果、凹みが3点見つかりました。

大きい凹み -1000円 x1点
小さい凹み -500円x2点

合計3点
-2000円

となりました。
よろしいでしょうか。"
User,カズヤ,2025/05/09,19:36:21,"ご査定ありがとうございます。

了解致しました。
そちらで問題ございません。"
User,カズヤ,2025/05/09,19:53:47,"もし可能ならば、減額になった商品の画像を撮影頂くことは出来るでしょうか？
既に難しいようならば、大丈夫です。"
Account,内藤夏樹,2025/05/09,19:54:26,送付しておらず申し訳ございませんでした。こちらが画像になります。
Account,内藤夏樹,2025/05/09,19:54:34,写真を送信しました。
Account,内藤夏樹,2025/05/09,19:54:34,写真を送信しました。
User,カズヤ,2025/05/09,19:55:40,"ありがとうございます。
確認が取れました。
状態に問題がありご迷惑をお掛けします。"
User,カズヤ,2025/05/09,19:56:07,ご査定結果は問題ありませんので、ご入金の方よろしくお願い致します。
Account,内藤夏樹,2025/05/09,20:01:55,"ご理解いただきありがとうございました。
振込みします。"
Account,内藤夏樹,2025/05/09,20:44:48,"182300円をお振込みしました。
ご確認をよろしくお願い申し上げます。"
User,カズヤ,2025/05/10,12:34:41,"こんにちは。
お世話になっております。

昨日発送した荷物のご連絡をするを忘れておりました。
ご迷惑をお掛けして申し訳ございません。"
User,カズヤ,2025/05/10,12:35:29,"・ヤマト運輸
・3861-5127-5613
・伊藤和也

以上になります。"
User,カズヤ,2025/05/10,12:35:51,既に到着済みかもしれませんが、ご査定の方よろしくお願い致します。
Account,内藤夏樹,2025/05/10,13:14:52,承知しました。
Account,内藤夏樹,2025/05/10,22:42:57,"買取見積書 -

・ポケモンカード　テラスタルフェスex　15箱　単価11,000円　小計165,000円

合計：165,000円

【査定による減額】
・凹み　　　　　　-1,000円 × 4点 = -4,000円
・シュリンク破れ　-1,000円 × 1点 = -1,000円

減額合計：-5,000円
最終買取金額：160,000円"
Account,内藤夏樹,2025/05/10,22:43:04,"毎々、お世話になっております。
遅くなり申し訳ございません。"
Account,内藤夏樹,2025/05/10,22:43:17,よろしければお振込みいたします。
User,カズヤ,2025/05/10,23:48:19,画像をもらっても良いでしょうか？
User,カズヤ,2025/05/10,23:49:17,"前回減額されましたので、今回発送前に全てのBOXを事前に確認しました。

そのような傷は見当たらなかったと存じます。"
User,カズヤ,2025/05/10,23:52:14,ご連絡をお待ちしております。
Account,内藤夏樹,2025/05/11,05:12:55,"代表的なものになりますが
こちらの画像となります。"
Account,内藤夏樹,2025/05/11,05:13:04,写真を送信しました。
Account,内藤夏樹,2025/05/11,05:13:04,写真を送信しました。
User,カズヤ,2025/05/11,09:46:24,"了解致しました。
そちらの金額でよろしいので本日中には振込をお願い致します。"
Account,内藤夏樹,2025/05/11,09:48:16,"ご理解いただきありがとうございました。
すぐにお振込みします。"
User,カズヤ,2025/05/11,09:53:37,後、念の為に配送に使われた段ボールの写真と、代表的なものではなく5点分の状態も画像をお願い致します。
Account,内藤夏樹,2025/05/11,10:01:21,"写真の件承知しました。
今日明日と休暇のため後日送付します。

ダンボールは畳んでしまいましたが、探して写真を撮影します。
外装に大きな破損、凹みはありませんでしたので元々あったものではないかと思います。"
Account,内藤夏樹,2025/05/11,16:43:45,"毎々、お世話になっております。
すべての写真をお送りします。

段ボールも畳む前の写真を送ります。
角に若干の凹みはあることが見つかりました。

ヤマト運輸様へご請求されるようならば商品と段ボールを引き渡すように準備をしておきます。
引き渡す際には商品代金をすでに振り込んでしまいましたのでご返金等をいただく可能性があります。

弊社で協力できることがあれば、いつでもおっしゃってください。"
Account,内藤夏樹,2025/05/11,16:44:10,写真を送信しました。
Account,内藤夏樹,2025/05/11,16:44:10,写真を送信しました。
Account,内藤夏樹,2025/05/11,16:44:10,写真を送信しました。
Account,内藤夏樹,2025/05/11,16:44:10,写真を送信しました。
Account,内藤夏樹,2025/05/11,16:44:10,写真を送信しました。
Account,内藤夏樹,2025/05/11,16:44:10,写真を送信しました。
Account,内藤夏樹,2025/05/11,16:44:11,写真を送信しました。
Account,内藤夏樹,2025/05/11,16:44:11,写真を送信しました。
Account,内藤夏樹,2025/05/11,16:44:11,写真を送信しました。
Account,内藤夏樹,2025/05/11,16:44:11,写真を送信しました。
Account,内藤夏樹,2025/05/11,16:44:12,写真を送信しました。
User,カズヤ,2025/06/01,15:02:44,"お世話になっております。

ナイトワンダラーの買取はまだ行っておりますか？"
Account,内藤夏樹,2025/06/01,15:03:50,"毎々、お世話になっております。
価格表に誤りがありました。申し訳ございません。"
User,カズヤ,2025/06/01,15:04:49,"了解致しました。
正しい買取表の方お待ちしております。"
Account,内藤夏樹,2025/06/01,15:07:17,"今ほど価格表を更新しました。
メニューの価格表よりご確認をお願いします。"
User,カズヤ,2025/08/09,15:38:44,"お世話になっております。

メガブレイブ、メガシンフォニアは本日いくらで買取しておりますか？"
Account,内藤夏樹,2025/08/09,15:39:32,"毎々、お世話になっております。
価格表を更新しています。"
User,カズヤ,2025/08/25,16:41:37,"お世話になっております。

ロケット団の栄光のアタッシュケースとポケモンカード151ファイルセットは買取しておりますか？"
Account,内藤夏樹,2025/08/25,17:27:17,"毎々、お世話になっております。
しておりませんでした。
申し訳ございません"
User,カズヤ,2026/01/19,14:53:51,"お世話になります。

・THE BEST vol.2 PRB-02　

以上の商品は本日おいくらで買取しておりますか？"
Account,内藤夏樹,2026/01/19,15:07:22,"毎々、お世話になっております。
本日はお休みとなります。
またよろしくお願いいたします。"
User,カズヤ,2026/01/19,15:07:55,"了解です。
お忙しい中、ご返信ありがとうございました。"
User,カズヤ,2026/02/20,16:00:57,"お世話になります。

本日
・BASE SHOPリミテッドカードコレクションvol.1

以上の商品は買取しておりますか？"
Account,内藤夏樹,2026/02/20,16:28:30,"毎々、お世話になっております。
そちらの商品買取受付しております。"
User,カズヤ,2026/02/20,16:30:04,"ご返信ありがとうございます。

本日おいくらで買取しておりますか？"
Account,内藤夏樹,2026/02/20,16:30:45,15500円となります🙇🏻‍♂️
