﻿アカウント名,にこにこ買取＠業界最高の買取価格宣言！
タイムゾーン,'+09:00
ダウンロード日時,2026/02/21 04:36
送信者タイプ,送信者名,送信日,送信時刻,内容
Account,応答メッセージ,2025/06/20,10:13:00,"ashidaさん
はじめまして！にこにこ買取＠業界最高の買取価格宣言！です。
友だち追加ありがとうございます！
にこにこ買取です(moon big smile)

ポケモンカードなどトレーディングカード全般の買取を行っております。
買取ご希望のお客様はなんでもお気軽に連絡してください(saluting man)

ご郵送買取の流れはメニューから”郵送買取の流れ”をご確認ください(sparkle)

お問い合わせなどはお気軽にメッセージからご連絡ください(phone)"
Account,応答メッセージ,2025/06/20,10:13:00,写真を送信しました。
Account,応答メッセージ,2025/06/20,10:13:00,写真を送信しました。
Account,応答メッセージ,2025/06/20,10:13:00,写真を送信しました。
User,ashida,2025/06/20,10:13:29,"初めまして、お世話になります。
ブラホワ各種買取希望です。
よろしくお願いします"
Account,内藤夏樹,2025/06/20,10:27:15,"毎々お世話になっております。
何箱ございますでしょうか。"
User,ashida,2025/06/20,10:28:01,20BOXずつくらいです。
Account,内藤夏樹,2025/06/20,10:29:12,"申し訳ございません。
さきほど締め切りとなりました。
また再開したらアナウンスします。"
User,ashida,2025/06/20,10:29:47,数BOXでも厳しいでしょうか？
Account,内藤夏樹,2025/06/20,10:35:21,はい、申し訳ございません。
User,ashida,2025/06/20,13:40:43,わかりました。
User,ashida,2026/01/26,12:32:01,"お世話になっております。
ワンピースカードの買取希望です。
25thコレクション2箱
蒼海の七傑　4箱
ヒロインズザベスト1箱
王族の血統1箱
双璧の覇者 1箱
ロマンスドーン　1箱
新たなる皇帝　3箱

以上になります。"
Account,内藤夏樹,2026/01/26,12:41:07,"毎々お世話になっております。
今お見積もりを送付します。"
Account,内藤夏樹,2026/01/26,12:41:13,よろしければ申請と発送をよろしくお願いします。
Account,内藤夏樹,2026/01/26,12:41:25,"買取見積書 -

・ワンピースカード Anime 25th collection BOX 2箱 単価 10,400円 小計 20,800円

・ワンピースカード 蒼海の七傑 BOX 4箱 単価 7,000円 小計 28,000円

・ワンピースカード Heroines Edition BOX 1箱 単価 10,300円 小計 10,300円

・ワンピースカード 王族の血統 BOX 1箱 単価 4,800円 小計 4,800円

・ワンピースカード 双璧の覇者 BOX 1箱 単価 12,100円 小計 12,100円

・ワンピースカード ROMANCE DAWN BOX 1箱 単価 24,000円 小計 24,000円

・ワンピースカード 新たなる皇帝 BOX 3箱 単価 8,700円 小計 26,100円

減額項目： ・該当なし

合計：126,100円 減額合計：-0円 最終買取金額：126,100円

【注意事項】 こちらのお見積もりを印刷して商品に同梱してください。 同梱がない場合には査定が遅れる場合がございます。"
User,ashida,2026/01/26,13:54:30,ご確認なのですが一部ダメージがある商品があるので状態を確認頂きたいです。
User,ashida,2026/01/26,13:54:35,写真を送信しました。
User,ashida,2026/01/26,13:54:36,写真を送信しました。
User,ashida,2026/01/26,13:54:36,写真を送信しました。
User,ashida,2026/01/26,13:54:53,"上2枚は双璧
下がロマドンです"
User,ashida,2026/01/26,13:55:12,後皇帝に値札シールが直に貼られてるものがあります。
Account,内藤夏樹,2026/01/26,13:58:04,"画像ありがとうございました。
こちらの商品は買取不可となります。"
User,ashida,2026/01/26,14:23:21,"かしこました。
それではこの2つは無しでお願いします。
値札シールは問題ないでしょうか？"
Account,内藤夏樹,2026/01/26,14:43:56,値札シールのお写真もいただけますか
User,ashida,2026/01/26,15:57:01,仕事ですぐにアップできない為、夕方に写真送ります。
User,ashida,2026/01/26,17:56:41,写真を送信しました。
User,ashida,2026/01/26,17:56:42,写真を送信しました。
User,ashida,2026/01/26,17:57:01,"お待たせしました。
こちらの値札になります"
Account,内藤夏樹,2026/01/26,18:08:20,ご連絡ありがとうございます。こちらの値札シールについては大幅な減額がございませんが、利用規約に記載の通り− 200円の減額をさせていただく対象のものとなります。
User,ashida,2026/01/26,18:16:22,"かしこました。
それは大丈夫です"
User,ashida,2026/01/26,18:17:54,写真を送信しました。
User,ashida,2026/01/26,18:18:22,ポケカのムニキスゼロですがこちらのシュリンクでの買取は大丈夫でしょうか？
User,ashida,2026/01/26,18:39:53,"すみません、当日発送の時間が迫ってますのでご返信頂けると助かります。
ムニキスゼロ2箱追加と王族の血統のキャンセルをお願いしたいです。"
Account,内藤夏樹,2026/01/26,18:41:41,お写真の送付ありがとうございます。こちらのシュリンクの状態は破れていなければ、特に減額といった対応にはなりませんのでご安心ください。ただし、最終的には現品を見させていただき、査定の結果をお伝えしたいと思います。
Account,内藤夏樹,2026/01/26,18:42:15,こちらのお見積もりでミニキスゼロは8300円を後ほど追加してお送りします。メニューからご申請いただくのですが、スクリーンショットはわかる範囲で結構ですので添付していただけると助かります。
Account,内藤夏樹,2026/01/26,18:43:22,"買取見積書 -
・ワンピースカード
Anime 25th collection BOX
2箱
単価 10,400円
小計 20,800円
・ワンピースカード
蒼海の七傑 BOX
4箱
単価 7,000円
小計 28,000円
・ワンピースカード
Heroines Edition BOX
1箱
単価 10,300円
小計 10,300円
・ワンピースカード
双璧の覇者 BOX
1箱
単価 12,100円
小計 12,100円
・ワンピースカード
ROMANCE DAWN BOX
1箱
単価 24,000円
小計 24,000円
・ワンピースカード
新たなる皇帝 BOX
3箱
単価 8,700円
小計 26,100円
・ポケモンカード
ムニキスゼロ BOX
2箱
単価 8,300円
小計 16,600円
減額項目：
・該当なし
合計：138,200円
減額合計：-0円
最終買取金額：138,200円
【注意事項】
• この見積もりを印刷して商品に同梱してください。
• 1枚の印刷が難しい場合は、スクリーンショットの分割でも可能です。
• 同梱がない場合、査定が遅れることがあります。
• 同梱物などの詳細は、メニューの「ご利用方法」を確認してください。
• メニューから申請と発送を行い、発送後は必ず追跡番号を連絡してください。"
User,ashida,2026/01/26,18:46:22,"双璧の覇者とロマンストーンは先程買取不可と言われましたが入ったままでよろしいのでしょうか？
またこの見積書をスクショして印刷したものと身分証（免許証）と同封でよろしいでしょうか？"
Account,内藤夏樹,2026/01/26,18:50:25,"'- 買取見積書 -

・ワンピースカード
Anime 25th collection BOX
2箱
単価 10,400円
小計 20,800円

・ワンピースカード
蒼海の七傑 BOX
4箱
単価 7,000円
小計 28,000円

・ワンピースカード
Heroines Edition BOX
1箱
単価 10,300円
小計 10,300円

・ワンピースカード
新たなる皇帝 BOX
3箱
単価 8,700円
小計 26,100円

・ポケモンカード
ムニキスゼロ BOX
2箱
単価 8,300円
小計 16,600円

減額項目：
・該当なし

合計：101,800円
減額合計：-0円
最終買取金額：101,800円

【注意事項】
* この見積もりを印刷して商品に同梱してください。
* 1枚の印刷が難しい場合は、スクリーンショットの分割でも可能です。
* 同梱がない場合、査定が遅れることがあります。
* 同梱物などの詳細は、メニューの「ご利用方法」を確認してください。
* メニューから申請と発送を行い、発送後は必ず追跡番号を連絡してください。
"
Account,内藤夏樹,2026/01/26,18:50:43,はじめてのお取引の場合には、住民票または印鑑証明の同封をお願いしております
User,ashida,2026/01/26,18:53:11,すみません、こちらが本日準備が出来ません。
Account,内藤夏樹,2026/01/26,18:58:11,それではまた後日よろしくお願いいたします
User,ashida,2026/01/26,18:59:46,"かしこました。
後日準備しておきます。
またよろしくお願いいたします。"
