﻿アカウント名,にこにこ買取＠業界最高の買取価格宣言！
タイムゾーン,'+09:00
ダウンロード日時,2026/02/21 04:36
送信者タイプ,送信者名,送信日,送信時刻,内容
Account,応答メッセージ,2026/01/26,15:06:29,"健太さん
はじめまして！にこにこ買取＠業界最高の買取価格宣言！です。
友だち追加ありがとうございます！
にこにこ買取です(moon big smile)

ポケモンカードなどトレーディングカード全般の買取を行っております。
買取ご希望のお客様はなんでもお気軽に連絡してください(saluting man)

ご郵送買取の流れはメニューから”郵送買取の流れ”をご確認ください(sparkle)

ご郵送買取ご希望の場合にはメニューの”申し込みフォーム”からご申請が可能となっております。

お問い合わせなどはお気にご連絡ください。"
User,健太,2026/01/26,15:07:48,"初めまして。
郵送買取(本日発送)をお願いしたいのですが、到着が最短で翌々日午前になります。
受け継がれる意志のカートン買取をお願いしたいのですが、難しいでしょうか？"
Account,内藤夏樹,2026/01/26,15:10:23,"毎々、お世話になっております。
可能です。"
User,健太,2026/01/26,15:22:11,"ありがとうございます。
では1カートン申し込みさせていただきます🙇"
User,健太,2026/01/26,15:27:04,"①受け継がれる意志
②1カートン
③195000円"
User,健太,2026/01/26,15:27:50,送信が取り消されたメッセージです
User,健太,2026/01/26,15:27:50,送信が取り消されたメッセージです
User,健太,2026/01/26,15:28:09,写真を送信しました。
User,健太,2026/01/26,15:28:09,写真を送信しました。
User,健太,2026/01/26,15:28:09,写真を送信しました。
User,健太,2026/01/26,15:28:19,こちら状態になりますが問題ないでしょうか？
Account,内藤夏樹,2026/01/26,15:36:18,画像送信していただきありがとうございます。いただいた画像を見る限り、特段気になる点は見つかりませんでした。最終的には現品を確認させていただき査定していただければと思います。
User,健太,2026/01/26,16:19:45,"ヤマト
4896-9166-6704

よろしくお願いいたします。"
