﻿アカウント名,にこにこ買取＠業界最高の買取価格宣言！
タイムゾーン,'+09:00
ダウンロード日時,2026/02/21 04:36
送信者タイプ,送信者名,送信日,送信時刻,内容
Account,応答メッセージ,2026/01/23,18:45:14,"亮太さん
はじめまして！にこにこ買取＠業界最高の買取価格宣言！です。
友だち追加ありがとうございます！
にこにこ買取です(moon big smile)

ポケモンカードなどトレーディングカード全般の買取を行っております。
買取ご希望のお客様はなんでもお気軽に連絡してください(saluting man)

ご郵送買取の流れはメニューから”郵送買取の流れ”をご確認ください(sparkle)

ご郵送買取ご希望の場合にはメニューの”申し込みフォーム”からご申請が可能となっております。

お問い合わせなどはお気にご連絡ください。"
User,亮太,2026/01/24,18:32:15,"はじめまして。
今度利用させてもらいたいと考えております

土日も営業されてるのでしょうか？
もししてない場合休日に到着予定にしても大丈夫なのでしょうか？"
User,亮太,2026/01/26,12:56:20,写真を送信しました。
User,亮太,2026/01/26,12:56:55,あと申し込む時に公式ライン上のスクリーンショットとありますが、ラインのやり取りで価格を相談すればよいのでしょうか？
Account,内藤夏樹,2026/01/26,12:57:31,"お問い合わせありがとうございます。 返信が遅くなり申し訳ございません。
ご質問いただいた件について回答いたします。"
Account,内藤夏樹,2026/01/26,12:57:58,"土日の営業は基本的にしております。
弊社の場合は原則としては翌日到着となります。"
Account,内藤夏樹,2026/01/26,12:58:30,ライン上でお見積もりをお送りしますのでそのスクリーンショットを添付頂ければ大丈夫です。
User,亮太,2026/01/26,13:05:19,"ありがとうございます！

申し込みする前に、まずライン上で売りたいものを書くということでよろしいでしょうか！？"
Account,内藤夏樹,2026/01/26,13:06:46,その通りでございます😊
Account,内藤夏樹,2026/01/26,13:07:03,ご希望商品をご連絡いただけたらお見積もりを作成させて頂きます。
User,亮太,2026/01/26,13:10:42,"ありがとうございます！
本日は仕事のためまた明日以降に連絡させていただきます"
Account,内藤夏樹,2026/01/26,13:46:51,よろしくお願い申し上げます。
