﻿アカウント名,にこにこ買取＠業界最高の買取価格宣言！
タイムゾーン,'+09:00
ダウンロード日時,2026/02/21 04:35
送信者タイプ,送信者名,送信日,送信時刻,内容
Account,応答メッセージ,2026/01/03,13:12:28,"kousukeさん
はじめまして！にこにこ買取＠業界最高の買取価格宣言！です。
友だち追加ありがとうございます！
にこにこ買取です(moon big smile)

ポケモンカードなどトレーディングカード全般の買取を行っております。
買取ご希望のお客様はなんでもお気軽に連絡してください(saluting man)

ご郵送買取の流れはメニューから”郵送買取の流れ”をご確認ください(sparkle)

ご郵送買取ご希望の場合にはメニューの”申し込みフォーム”からご申請が可能となっております。

お問い合わせなどはお気にご連絡ください。"
User,kousuke,2026/02/20,14:49:17,"郵送買取希望です。

インフェルノX3box
ムニキスゼロ12box

師弟の絆3box
二つの伝説17box
王族の血統28box
蒼海の七傑11box
Heroines edition 1box
EGGHEAD CRISIS 32box"
User,kousuke,2026/02/20,14:49:46,The best2 20box
Account,内藤夏樹,2026/02/20,14:51:22,"毎々、お世話になっております。
本日の買取価格は終了させていただきました🙇🏻‍♂️
申し訳ございません。"
User,kousuke,2026/02/20,14:53:06,一番早い時間だと何時にLINEすれば宜しいでしょうか？
Account,内藤夏樹,2026/02/20,15:04:59,その日毎に異なるため一概に回答が難しいですが、価格表は13時前後にこうしんされます。
User,kousuke,2026/02/20,15:08:56,"ありがとうございます！
初回買取に必要な書面は身分証明証コピーのみでしょうか？"
Account,内藤夏樹,2026/02/20,15:09:36,"こちらこそ有難うございます。

メニューのご利用方法に詳しく書いてございますのでご確認頂けますとありがたいです。"
User,kousuke,2026/02/20,15:34:37,明日の買取予約は現状厳しいでしょうか？
Account,内藤夏樹,2026/02/20,15:43:53,申し訳ございません。
Account,内藤夏樹,2026/02/20,15:44:12,土日はお休みしているケースが多くございます。
User,kousuke,2026/02/20,15:52:31,畏まりました！
