﻿アカウント名,にこにこ買取＠業界最高の買取価格宣言！
タイムゾーン,'+09:00
ダウンロード日時,2026/02/21 04:36
送信者タイプ,送信者名,送信日,送信時刻,内容
Account,応答メッセージ,2025/03/22,11:48:10,"源川和貴さん
はじめまして！にこにこ買取＠業界最高の買取価格宣言！です。
友だち追加ありがとうございます！
にこにこ買取です(moon big smile)

ポケモンカードなどトレーディングカード全般の買取を行っております。
買取ご希望のお客様はなんでもお気軽に連絡してください(saluting man)

ご郵送買取の流れは以下の”郵送買取の流れ”をご確認ください(sparkle)

お問い合わせなどはお気軽にメッセージからご連絡ください(phone)"
Account,応答メッセージ,2025/03/22,11:48:10,写真を送信しました。
Account,応答メッセージ,2025/03/22,11:48:10,写真を送信しました。
User,源川和貴,2025/06/04,12:37:53,"お世話になります
ロケット団の栄光21箱買取りお願いしたいのですが大丈夫ですか？"
Account,内藤夏樹,2025/06/04,12:38:31,本日から明後日まで休暇となります。
User,源川和貴,2025/06/04,12:40:03,"了解です。
またよろしくお願いします。"
User,源川和貴,2025/06/06,15:49:01,"お世話になります
ロケット団の栄光21箱買取りお願いしたいのですが大丈夫ですか？"
Account,内藤夏樹,2025/06/06,15:54:59,"毎々、お世話になっております。
よろしくお願い申し上げます。"
Account,内藤夏樹,2025/06/06,15:55:13,"ロケット団の栄光
12000円
21箱"
User,源川和貴,2025/06/06,15:57:11,前回見附のヴィームで持ち込みをお願いした者ですが今回も持ち込みを希望しています。いつ頃が都合よろしいでしょうか？
Account,内藤夏樹,2025/06/06,15:58:26,すみません、、、本日からずっと埋まっていて、、、
User,源川和貴,2025/06/06,16:05:08,"新弾も発売なので忙しいですよね！
価格保証していただければいつでも大丈夫ですけれどもよろしいですか？"
Account,内藤夏樹,2025/06/06,16:05:51,"申し訳ございません。
発送頂けるとありがたく思います。"
Account,内藤夏樹,2025/06/06,16:14:35,今夜一件リスケがありましたので、20:00ころいけます！
Account,内藤夏樹,2025/06/06,16:16:16,テラスタルフェスexと熱風もあると喜びます🙇🏻‍♂️
Account,内藤夏樹,2025/06/06,16:39:44,"19時頃だと助かります。
いかがでしょうか。

明日も夜少し空きました。"
User,源川和貴,2025/06/06,17:32:19,今日については仕事の関係で21時以降でないと厳しいので明日の夜の方が助かります。21時以降でもよろしければ今日でもかまいません！
Account,内藤夏樹,2025/06/06,17:33:13,"22：00近くなら行けるかもです！
また連絡しても良いですか？"
Account,内藤夏樹,2025/06/06,17:33:21,テラスタルフェスexとか熱風もあれば、よろしくお願い申し上げます。
User,源川和貴,2025/06/06,17:36:31,大丈夫ですよ！
User,源川和貴,2025/06/06,17:37:09,熱風は手持ち6しかないですが買取り出しても構いません！
Account,内藤夏樹,2025/06/06,17:50:41,めちゃくちゃ助かります。
Account,内藤夏樹,2025/06/06,21:15:23,"毎々、お世話になっております。
先のお客様がおしてしまっていて、、、。

明日以降で調整させてください。
価格はもちろん保証します。"
User,源川和貴,2025/06/06,21:20:04,"お世話になります。
いえいえお気になさらず大丈夫です！
価格保証ありがとうございます。
また夜の何時くらいがちょうどいいか教えていただきたいと思います。"
Account,内藤夏樹,2025/06/07,08:13:26,"毎々、お世話になっております。
本日ですと２０：３０頃でいかがでしょうか。"
User,源川和貴,2025/06/07,09:40:46,"おはようございます！
その時間で問題ありません。
前回同様ヴィームでよろしいですかね？"
Account,内藤夏樹,2025/06/07,09:45:58,"はい！
よろしくお願い申し上げます。"
Account,内藤夏樹,2025/06/07,10:29:52,"皆川さん、見附近くに行けそうなのですが
これからお時間ありますか？"
User,源川和貴,2025/06/07,10:36:59,すいません今新潟方面に出てるんですよー…
Account,内藤夏樹,2025/06/07,10:37:18,"承知しました！
また、夜ですね！お願いします🤲"
User,源川和貴,2025/06/07,10:37:36,"申し訳ないです！
よろしくお願いします！"
Account,内藤夏樹,2025/06/07,15:55:25,"毎々、お世話になっております。

明日の午前中に変更させて頂けないでしょうか。

何度も申し訳ございません。
価格はもちろん保証させていただきます。"
User,源川和貴,2025/06/07,15:58:52,"こちらこそお世話になっております。
ちなみに何時頃になりますでしょうか？"
Account,内藤夏樹,2025/06/07,16:06:28,9時頃いかがでしょうか。
User,源川和貴,2025/06/07,16:24:36,"大丈夫です！
了解しました！"
Account,内藤夏樹,2025/06/07,16:37:14,"申し訳ございません。
よろしくお願い申し上げます。

近くまで行きます。"
User,源川和貴,2025/06/07,16:45:15,近くと言ってもヴィームは自宅から近いので場所は変わらずで大丈夫ですよ！
Account,内藤夏樹,2025/06/07,16:48:25,承知しました！
Account,内藤夏樹,2025/06/08,09:03:28,"・ポケモンカード　ロケット団の栄光　21箱　単価12,000円　小計252,000円
・ポケモンカード　熱風のアリーナ　6箱　単価8,000円　小計48,000円

合計：300,000円 ￼"
User,源川和貴,2025/06/08,09:07:00,"おはようございます！
了解です
もうすぐ着きます"
Account,内藤夏樹,2025/06/08,09:07:16,よろしくお願い申し上げます🙇
Account,内藤夏樹,2025/06/08,09:12:14,"・ポケモンカード　ロケット団の栄光　21箱　単価12,000円　小計252,000円
・ポケモンカード　熱風のアリーナ　8箱　単価8,000円　小計64,000円

合計：316,000円 ￼"
User,源川和貴,2025/06/08,09:19:59,"入金確認とれました！
またよろしくお願いします。"
Account,内藤夏樹,2025/06/08,10:49:38,ありがとうございました。
User,源川和貴,2025/06/19,15:16:32,"お世話になります。
ブラック、ホワイトの買取価格はいくらになりますでしょうか？"
Account,内藤夏樹,2025/06/19,15:39:27,"毎々、お世話になっております！
１００００円となります。"
User,源川和貴,2025/06/19,19:47:31,"了解です！ありがとうございます。
ちょっとまだ様子見させていただきたいと思ってます。
価格的には今は落ち着いてる感じですかね？"
Account,内藤夏樹,2025/06/19,19:50:02,落ち着いていますね
User,源川和貴,2025/06/19,21:06:09,"ありがとうございます！
少し考えてお願いするかもしれないのでその時はよろしくお願いします。"
User,源川和貴,2025/06/20,10:27:55,"おはようございます！
海外出張終わって対面持ち込み取引き開始はいつ頃予定してますか？"
Account,内藤夏樹,2025/06/20,10:29:24,来週中旬以降ですね！
User,源川和貴,2025/06/20,19:32:19,了解しました！
User,源川和貴,2025/07/06,18:48:26,"いつもお世話になっています
持ち込み買取はまだ再開しないですか？"
Account,内藤夏樹,2025/07/06,19:13:26,今日か明日いけますよ！
User,源川和貴,2025/07/06,19:32:25,"ほんとですか！
ちなみにブラック、ホワイト、バトパ、ステラミラクル、ナイトワンダラーの買取いくらですかね？"
Account,内藤夏樹,2025/07/06,19:39:49,今日だととても助かります
Account,内藤夏樹,2025/07/06,19:39:55,写真を送信しました。
Account,内藤夏樹,2025/07/06,19:39:58,こちらです！
User,源川和貴,2025/07/06,19:46:19,"ナイトワンダラー9個
ステラミラクル12個はお願いしたいです！
ブラック、ホワイトってまだ海外からの需要とかそんなにないんですかね？"
Account,内藤夏樹,2025/07/06,19:46:52,"そんなことはないんですが
再販ありますからね、、、"
Account,内藤夏樹,2025/07/06,19:47:37,"もう少し下がりそうな気がするので
明日までこの価格はわかんないです！"
Account,内藤夏樹,2025/07/06,19:53:31,今日はやめときますかね？
User,源川和貴,2025/07/06,19:53:36,"ナイトワンダラー9個
ステラミラクル12個
ブラック27個
ホワイト25個
でお願いしたいのですが大丈夫ですか？"
Account,内藤夏樹,2025/07/06,19:53:52,被りました笑
User,源川和貴,2025/07/06,19:54:00,そうですね笑
Account,内藤夏樹,2025/07/06,19:54:12,"いきましょう！
今向かっています！"
User,源川和貴,2025/07/06,19:54:28,何時頃着きますかね？
Account,内藤夏樹,2025/07/06,19:58:28,"20:20ころですね！
ゆっくりで大丈夫です🙆"
User,源川和貴,2025/07/06,20:04:43,"わかりました！
これから準備するのでちょっと遅れると思いますがよろしくお願いします！"
Account,内藤夏樹,2025/07/06,20:11:02,"ゆっくりで大丈夫です！
またビームでお待ちしていますね！"
Account,内藤夏樹,2025/07/06,20:17:42,写真を送信しました。
User,源川和貴,2025/07/06,20:20:17,了解しました！
User,源川和貴,2025/07/06,21:55:52,"入金確認できました！
ありがとうございます！
またよろしくお願いします"
Account,内藤夏樹,2025/07/07,08:39:21,ありがとうございました。
User,源川和貴,2025/08/06,19:31:52,"いつもお世話になってます
今回買取希望ではなく申し訳ないのですが、対面で会って人柄の良さからにこにこさんにポケカの転売について相談したいことがあって連絡させてもらったのですが聞いていただくことは可能でしょうか？"
Account,内藤夏樹,2025/08/06,20:11:49,"毎々、お世話になっております。
そんな、、、有難うございます。

私で回答可能な範囲であれば😯"
User,源川和貴,2025/08/06,20:14:37,"古物商の存在を知らずに1月くらいから本格的に転売を始めてしまっていて最近知人から指摘されて小売店から買った新品を売る場合はいらないと調べてたら出てきたのですがほんとのところどうなんだろうと思いまして…
有識者であるにこにこさんからなにか教えていただけたら助かると思いまして…"
Account,内藤夏樹,2025/08/06,20:16:22,"新品はグレーです。
警察によっても回答が異なります。

販売先はメルカリですか？"
User,源川和貴,2025/08/06,20:19:52,"グレーなんですね…
その時の人によっても解釈が違うということなんですねー

ポケカのBOX郵送買取とにこにこさんだけでほかのカードやら1番くじのいらない景品はメルカリで売っています"
Account,内藤夏樹,2025/08/06,21:04:46,"そうですね。
私から大丈夫と明確に回答はできませんがそのような状態です。"
User,源川和貴,2025/08/06,22:06:23,"ありがとうございます！
ちなみににこにこさんは買取屋をする前から古物商は取られてたんですか？"
Account,内藤夏樹,2025/08/07,02:42:15,はい、私たちは保有しておりました。
User,源川和貴,2025/08/07,06:56:57,"そうなんですねー
買取と関係ない話しを聞いていただきありがとうございました！
行政書士の方にも相談しながら解決したいと思います。
買取に出したい物はあるのですがそれが解決したらにしようと思ってますのでまたその時はよろしくお願いしたいと思います！"
Account,内藤夏樹,2025/08/07,09:39:01,行政書士に頼るほどのものでもないですよ
Account,内藤夏樹,2025/08/07,09:39:23,サポートできるところはしますのでなんでも聞いてください。
Account,内藤夏樹,2025/08/07,09:39:29,開業届は済んでいますか？
User,源川和貴,2025/08/07,10:25:32,古物商取得する前から売買してるので行政書士にお願いした方がスムーズにいくのかと思いまして…
User,源川和貴,2025/08/07,10:25:40,ありがとうございます！助かります！
User,源川和貴,2025/08/07,10:26:15,"開業届？は出していません
まず開業届けを出してからになるのですか？"
Account,内藤夏樹,2025/08/07,14:13:53,開業届を出している必要があります
User,源川和貴,2025/08/07,15:17:47,"流れとしては開業届けを出してから古物商の取得申請ということですね？
開業届けの提出がないと古物商の取得はできないということですか？"
Account,内藤夏樹,2025/08/07,15:53:35,"はい、そう思います。

近くの警察署に聞くのが一番良いです。"
User,源川和貴,2025/08/07,20:26:29,"わかりました聞いてみます。
確定申告だけすれば大丈夫なんだと思い取引きしていたので猛省です。
取引きされてる方のほとんどが古物商許可取得しているんですかね？"
Account,内藤夏樹,2025/08/07,20:26:59,ほとんど保有していません
Account,内藤夏樹,2025/08/07,20:27:23,開業届もしていないし、確定申告している方が少数と思っていますよ
User,源川和貴,2025/08/07,22:42:30,やはりそうなんですね
User,源川和貴,2025/08/07,22:45:44,"いろいろ教えていただきありがとうございます！
すでに売買している状態なので聞き方にも配慮しながら警察の方に聞いてみたいと思います
また何か不明点あれば相談させてください"
Account,内藤夏樹,2025/08/07,23:09:34,知らずにやってしまったことを伝えれば何の問題もありません。
User,源川和貴,2025/08/08,10:27:40,"ありがとうございます！
ちなみに古物商許可の話でなにを取り扱うのですか？って聞かれたときにトレーディングカードって言い方をされましたか？"
Account,内藤夏樹,2025/08/08,11:51:26,玩具全般と話したと記憶します。
Account,内藤夏樹,2025/08/08,11:51:49,動画商というものになったと思います
User,源川和貴,2025/08/08,19:42:20,"ありがとうございます
いろいろ親切にありがとうございます
今までの内容踏まえて相談してたいと思います！"
User,源川和貴,2025/08/14,14:33:23,"いつもお世話になってます
本日申請の方が完了しました！
にこにこさんから助言いただいたおかげもありスムーズに話が進んでホッとしています
正式許可がおりたわけではないですが今回非常に助かりましたありがとうございます！"
Account,内藤夏樹,2025/08/14,15:00:11,"良かったです😊

開業届出さずともいけましたか！？"
User,源川和貴,2025/08/14,16:03:54,"開業届についてはなにもいわれなかったです！
開業届って税務署ですかね？"
User,源川和貴,2025/09/20,14:30:59,"いつもお世話になっております。
先日古物商許可がおりました！
にこにこさんのアドバイスのおかげで大変助かりましたありがとうございます。
開業届けもこの後申請していこうと思っています。"
User,源川和貴,2025/09/20,14:31:38,時間ができたら溜まっているポケカの買い取りもお願いしようと思っていますので今後もよろしくお願いします。
Account,内藤夏樹,2025/09/20,16:31:11,"毎々、お世話になっております。
良かったです☺️"
Account,内藤夏樹,2025/09/23,10:42:32,"毎々、お世話になっております。

メガブレイブとシンフォニアあったりしますか？"
User,源川和貴,2025/09/23,11:44:41,"いつもお世話になっております。
ありますし全てにこにこさんに出すつもりでいましたのでまだ抱えていました。メガブレイブ27
メガシンフォニア25
です！"
Account,内藤夏樹,2025/09/23,11:45:25,"ありがとうございます😭

めちゃくちゃ必要で、、、今日取りに伺ってもよいですか？"
User,源川和貴,2025/09/23,11:49:09,"今出かけてまして帰りの時間読めないんですよ…
明日夜だと間に合わないですかね？"
Account,内藤夏樹,2025/09/23,12:30:33,"何時でも大丈夫です！

なんとかお願いできたらと思います🙇🏻‍♂️"
User,源川和貴,2025/09/23,12:32:18,"了解しました！
なるべく早く帰るよう調整しますね！
時間がはっきりわかりましたら再度連絡させていただきます！"
Account,内藤夏樹,2025/09/23,12:32:41,ありがとうございます😭
User,源川和貴,2025/09/23,18:37:50,"連絡遅くなりました！
場所はいつものヴィームでいいですか？
それなら20時半には行けそうです！"
Account,内藤夏樹,2025/09/23,18:44:34,"毎々、お世話になっております。
承知しました！
よろしくお願い申し上げます🙇"
Account,内藤夏樹,2025/09/23,20:23:34,"毎々、お世話になっております。
御見積書を送付いたします。
 * 買取見積書 -
   ・ポケモンカード　メガブレイブ　30箱　単価10,200円　小計306,000円
   ・ポケモンカード　メガシンフォニア　28箱　単価7,200円　小計201,600円
減額項目（ある場合）：
・減額項目：-円 × 点 = -円
合計：507,600円
減額合計：0円
最終買取金額：507,600円
ご確認のほど、よろしくお願いいたします。"
User,源川和貴,2025/09/25,07:04:01,"おはようございます
一昨日はありがとうございました！
インフェルノXの予約お願いしたいです
とりあえず15箱でお願いしたいです"
Account,内藤夏樹,2025/09/25,07:04:37,12.5は一旦締めましたので、日曜日の相場で決めましょうか😊😊
User,源川和貴,2025/09/25,07:21:56,了解しました！
Account,内藤夏樹,2025/09/25,13:32:54,よろしくお願い申し上げます🥺
User,源川和貴,2025/09/28,13:21:20,"いつもお世話になってております
本日インフェルノXお願いしたいです。"
Account,内藤夏樹,2025/09/28,13:21:32,はい！よろしくお願い申し上げます。
Account,内藤夏樹,2025/09/28,13:21:42,何箱ございます？
User,源川和貴,2025/09/28,13:34:06,"17箱あります。
ちなみにXでインフェルノのみとなっていますが直接でもそのような感じですかね？"
Account,内藤夏樹,2025/09/28,13:44:57,"12200円で確定させてください。

他のもの大丈夫です！"
User,源川和貴,2025/09/28,13:54:31,"ロケット団
メガブレイブ
メガシンフォニア
受け継がれる意志BOX
なんですけどいくらですかね？"
Account,内藤夏樹,2025/09/28,14:33:27,"ロケット
8900
ブレイブ
9800
シンフォ
7000

受け継がれる意思
停止です。"
User,源川和貴,2025/09/28,15:54:53,"今回は
ブレイブ　5
シンフォニア　9
インフェル18あったので18でお願いします！"
Account,内藤夏樹,2025/09/28,16:06:59,"承知しました！
20:30ころお願いします🙇🏻‍♂️"
User,源川和貴,2025/09/28,16:35:45,"了解しました！
こちらこそよろしくお願いします"
Account,内藤夏樹,2025/09/28,16:36:07,よろしくお願い申し上げます。
Account,内藤夏樹,2025/09/28,20:06:55,"少し遅れそうです。
45分くらいにつけるように行きます！"
User,源川和貴,2025/09/28,20:11:50,承知しました！
Account,内藤夏樹,2025/09/28,20:52:22,"毎々、お世話になっております。
御見積書を送付いたします。

• 買取見積書 -
・ポケモンカード　インフェルノX　18箱　単価12,200円　小計219,600円
・ポケモンカード　メガブレイブ　5箱　単価9,800円　小計49,000円
・ポケモンカード　メガシンフォニア　9箱　単価7,000円　小計63,000円
減額項目（ある場合）：
・減額項目：-円 × 点 = -円
合計：331,600円
減額合計：0円
最終買取金額：331,600円
ご確認のほど、よろしくお願いいたします。"
User,源川和貴,2025/10/02,19:28:44,"いつもお世話になっております
ワンピースカードで聞きたいことがあるのですが受け継がれる意志はちょうど今再販がきてますが需要あまりない感じですか？
また次のエクストラブースターの需要は今のところどんなかわかりますか？"
User,源川和貴,2025/11/08,15:37:46,"いつもお世話なってます
インフェルノX  17
ブラックボルト  16
ホワイトフレア  10
ブラックボルト&ホワイトフレア　カードファイルセット  6
お願いしたいです"
Account,内藤夏樹,2025/11/09,09:54:00,"毎々お世話になっております。
郵送は難しいですよね。

木曜日まで出張で不在にしております。"
User,源川和貴,2025/11/09,10:10:16,"急ぎはしないので来週でも大丈夫ですよ？
インフェルノだけコンビニ再販あるから多少値下がりしますかね？"
User,源川和貴,2025/11/15,14:00:11,"お世話様です
出張終わりましたか？"
Account,内藤夏樹,2025/11/15,17:01:02,"毎々、お世話になっております！
出張につき、停止中となります🙇🏻‍♂️🙇🏻‍♂️"
User,源川和貴,2025/11/15,22:02:59,"了解しました！
また再開したらお願いします！"
Account,内藤夏樹,2025/11/16,14:10:22,ぜひ、よろしくお願い申し上げます。
User,源川和貴,2025/11/23,14:00:04,"いつもお世話になっております
今日、明日のところで持ち込み買取りって可能ですか？"
Account,内藤夏樹,2025/11/24,16:25:58,"毎々、お世話になっております。
また出張にでており、、、来週以降でよろしくお願い申し上げます。"
User,源川和貴,2025/11/24,20:11:18,"了解しました！
12月1日以降ということでよろしいですか？"
Account,内藤夏樹,2025/11/25,12:15:01,"そうですね！
メガドリームEXは金曜日に買取する予定です！"
User,源川和貴,2025/11/25,15:17:42,"了解いたしました！
ちなみにこの事前予約店頭持ち込みとなってますがどちらなのでしょうか？"
Account,内藤夏樹,2025/11/25,15:18:50,長岡市です😊😊
User,源川和貴,2025/11/27,12:54:59,"いつもお世話になってます
買取こちらが今のところ高い印象ですね！
22時までに持ち込めるかが微妙で予約できなさそうです15箱くらいは確保できそうなんですけど"
User,源川和貴,2025/11/29,11:25:19,いつもお世話になっております本日は買取受付行っておりますか？
Account,内藤夏樹,2025/11/29,11:26:00,"毎々、お世話になっております！
明日対応可能です☺️"
Account,内藤夏樹,2025/11/29,11:26:04,お待たせしました！
User,源川和貴,2025/11/29,11:27:20,明日は何時頃からなら対応できますでしょうか？
Account,内藤夏樹,2025/11/29,13:12:13,"夜時間帯となります。
宜しくお願い致します。"
User,源川和貴,2025/11/29,15:37:18,ありがとうございます明日また連絡させていただきますのでよろしくお願いします。
Account,内藤夏樹,2025/11/29,15:39:29,有難うございます。
User,源川和貴,2025/11/30,13:11:38,"いつもお世話になっております
インフェルノX
ブラック
ホワイト
テラスタルフェス
メガドリーム
ブラックホワイトカードファイルセット
の買取お願いします"
Account,内藤夏樹,2025/11/30,13:36:54,"毎々、お世話になっております。
価格はこれから出しますね！"
User,源川和貴,2025/11/30,13:39:00,"了解しました！
数量忘れてました
インフェルノ　25
ブラック　16
ホワイト10
カードファイル　6
テラスタル　20
メガドリーム　27
と今回量多めになりますがよろしくお願いします"
Account,内藤夏樹,2025/11/30,13:39:17,承知しました！
Account,内藤夏樹,2025/11/30,14:33:10,"買取見積書 -
・ポケモンカード　インフェルノX　25箱　単価11,800円　小計295,000円
・ポケモンカード　ブラックボルト　16箱　単価9,000円　小計144,000円
・ポケモンカード　ホワイトフレア　10箱　単価8,000円　小計80,000円
・ポケモンカード　ブラック＆ホワイトカードファイルセット　6個　単価4,400円　小計26,400円
・ポケモンカード　テラスタルフェスex　20箱　単価11,600円　小計232,000円
・ポケモンカード　メガドリームex　27箱　単価12,600円　小計340,200円

合計箱数：104箱
合計：1,117,600円
減額合計：0円
最終買取金額：1,117,600円"
User,源川和貴,2025/11/30,14:42:38,インフェルノ、ブラックボルト、ホワイトフレア、メガドリームについて他より少し安いのですがもう少し価格上げることは難しいですかね？
Account,内藤夏樹,2025/11/30,14:54:53,今回は申し訳ございません🙇🏻‍♂️
User,源川和貴,2025/11/30,14:58:47,"申し訳ないのですが今回は他でお願いさせていただきたいと思います。
基本にこにこさんでお願いはしたいと思っています。"
Account,内藤夏樹,2025/11/30,14:59:24,そうしてください☺️
Account,内藤夏樹,2025/11/30,14:59:40,飛ばれないように🙇🏻‍♂️
User,源川和貴,2025/11/30,15:00:12,"そうですね！
いつも使ってるところで行こうと思っています。"
Account,内藤夏樹,2025/11/30,15:00:17,"では今日の直接買取はキャンセルさせてください🙇🏻‍♂️
すみませんが、よろしくお願い申し上げます。"
User,源川和貴,2025/11/30,15:00:18,いつもありがとうございます！
User,源川和貴,2025/11/30,15:00:58,"了解しました。
申し訳ありません。
今後ともよろしくお願いします。"
Account,内藤夏樹,2025/11/30,15:34:50,"ブラックとホワイトは厳しいですが
ドリームは131000円まで上げられます☺️"
Account,内藤夏樹,2025/11/30,15:35:06,インフェルノの合わせてあげます☺️
Account,内藤夏樹,2025/11/30,15:35:18,もう他で手配されていたら大丈夫です☺️
User,源川和貴,2025/11/30,15:39:14,インフェルノはいくらくらいまであげれそうですか？
Account,内藤夏樹,2025/11/30,15:39:39,12200です☺️
User,源川和貴,2025/11/30,15:40:27,"ちょうど他で手配したばかりですがキャンセルお願いしてみます！
直接のほうが自分としても安心なので！"
Account,内藤夏樹,2025/11/30,15:40:56,すみません〜🙇🏻‍♂️🙇🏻‍♂️
User,源川和貴,2025/11/30,15:55:29,"キャンセル依頼承ってもらえたので大丈夫です！
インフェルノX、メガドリーム、カードファイルセットの買取に変更でもよろしいですか？"
Account,内藤夏樹,2025/11/30,15:55:43,"はい！
よろしくお願い申し上げます🙇"
User,源川和貴,2025/11/30,15:56:00,時間は何時頃が都合いいですかね？
Account,内藤夏樹,2025/11/30,16:06:50,1830頃にヴァームまで行きます
User,源川和貴,2025/11/30,16:11:05,"了解しました！
よろしくお願いします。"
Account,内藤夏樹,2025/11/30,16:37:47,もう少し早めに行けるかもしれないです！
User,源川和貴,2025/11/30,16:49:54,"それは助かります！
18時くらいですかね？"
Account,内藤夏樹,2025/11/30,17:05:10,"はい！
今から向かいます🙇🏻‍♂️"
User,源川和貴,2025/11/30,17:28:53,これからむかいます！
Account,内藤夏樹,2025/11/30,17:43:40,"毎々、お世話になっております。  
御見積書を送付いたします。

- 買取見積書 -
  ・ポケモンカード　インフェルノX　25箱　単価12,200円　小計305,000円  
  ・ポケモンカード　ブラック＆ホワイトカードファイルセット　6個　単価4,400円　小計26,400円  
  ・ポケモンカード　メガドリームex　27箱　単価13,000円　小計351,000円

合計箱数：58箱
合計：682,400円  
減額合計：0円  
最終買取金額：682,400円

20箱以上のため、送料は弊社負担でお送りください。

ご確認のほど、よろしくお願いいたします。​​​​​​​​​​​​​​​​"
User,源川和貴,2025/12/23,11:23:59,送信が取り消されたメッセージです
User,源川和貴,2025/12/23,11:26:06,"いつもお世話になっております。
年末年始いつから休業でいつから営業予定か教えていただいてもよろしいでしょうか？"
Account,内藤夏樹,2025/12/23,14:13:02,"毎々、お世話になっております。
1月4日から再開です。

現在は郵送のみお受けしております。"
User,源川和貴,2025/12/23,19:53:16,"了解しました！
ちなみに今ポケモンだとメガドリーム、テラスタルフェス、メガブレイブ、メガシンフォニア
ワンピースだと受け継がれる意志の買取価格いくらですか？"
User,源川和貴,2025/12/29,18:33:04,送信が取り消されたメッセージです
User,源川和貴,2025/12/29,19:32:17,"いつもお世話になっております。
今日仕事納めで明日着で発送するのが厳しいのですが明後日着では無理でしょうか？"
Account,内藤夏樹,2025/12/29,19:47:08,"毎々、お世話になっております！
また明日相談させていただけたらと思います☺️"
User,源川和貴,2025/12/29,19:51:31,"ありがとうございます！
了解いたしました！"
User,源川和貴,2025/12/30,16:05:08,"いつもお世話になっております
メガドリームex  27箱
買取お願いしたいと思います。
価格を9000円は厳しいでしょうか？"
Account,内藤夏樹,2025/12/30,16:21:12,"毎々、お世話になっております。
9000円大丈夫です。

手間をおかけしますが、郵送をよろしくお願い申し上げます🙇🏻‍♂️"
User,源川和貴,2025/12/30,16:34:11,"ありがとうございます！
確認させてください。
発送先は画像の住所でよろしいですか？
20箱以上なので着払いでよろしいでしょうか？"
Account,内藤夏樹,2025/12/30,16:44:43,着払いで大丈夫です。
User,源川和貴,2025/12/30,16:45:03,写真を送信しました。
Account,内藤夏樹,2025/12/30,16:45:05,申請フォームを完了後に発送先が出てきます
User,源川和貴,2025/12/30,16:45:17,了解しました
Account,内藤夏樹,2025/12/30,16:45:18,この住所です☺️
User,源川和貴,2025/12/30,16:45:48,送信が取り消されたメッセージです
User,源川和貴,2025/12/30,18:15:16,"午前中で発送手続き完了しました！
ヤマト運輸
追跡番号
461590965135
源川和貴
よろしくお願いします。"
Account,内藤夏樹,2025/12/30,18:30:16,ありがとうございました。
Account,内藤夏樹,2025/12/31,14:46:29,"毎々、お世話になっております。
お振込みを行いました。
ありがとうございました。"
User,源川和貴,2025/12/31,14:58:19,"いつもお世話になっております。
振り込み確認できました！
この度はありがとうございます。
またよろしくお願いします。"
User,源川和貴,2026/01/23,18:50:48,"いつもお世話になってます
確認したいのですが明日以降で持ち込み可能な日はありますでしょうか？"
Account,内藤夏樹,2026/01/24,19:25:53,"毎々、お世話になっております。ご連絡遅くなり申し訳ございません🙇🏻‍♂️

明日の夜などいかがですか？"
User,源川和貴,2026/01/24,20:59:05,"いえいえ大丈夫です！
大丈夫ですが何時頃がいいでしょうか？"
Account,内藤夏樹,2026/01/24,21:05:04,19時頃ですかね！
User,源川和貴,2026/01/24,21:16:32,"大丈夫です！
明日の買取価格確認させてもらって持ち込みお願いするか検討してもよろしいですか？"
Account,内藤夏樹,2026/01/24,22:02:44,"もちろんです。
先に予約入ればそちらを優先させていただく可能性があります🙇🏻‍♂️"
Account,内藤夏樹,2026/01/24,22:02:49,可能な限り避けるようにします
User,源川和貴,2026/01/24,22:07:38,"ありがとうございます！
それで大丈夫ですのでよろしくお願いします"
Account,内藤夏樹,2026/01/24,22:07:53,はい！
User,源川和貴,2026/01/25,14:57:13,"いつもお世話になっております。
買取依頼したい商品ですが
テラスタルフェス　20
ムニキスゼロ  11
メガドリームシュリンク有  10
メガドリームシュリンク無  8
インフェルノシュリンク無  9
ワンピース
二つの伝説　10
師弟の絆　7
です
よろしくお願いします。
"
Account,内藤夏樹,2026/01/25,15:02:55,"承知しました。

買取価格出せませんので、
その時にご納得いただける分だけで構いません🙇🏻‍♂️

バタついており大変申し訳ございません🙇🏻‍♂️"
User,源川和貴,2026/01/25,15:05:19,"了解致しました。
とりあえず19時にいつものヴィームに向かいますのでよろしくお願いします。"
Account,内藤夏樹,2026/01/25,15:25:26,"お手間をおかけしてしまい申し訳ございません。
よろしくお願いいたします。"
Account,内藤夏樹,2026/01/25,17:13:42,"テラスタルフェス　20
15000
ムニキスゼロ  11
8200
メガドリームシュリンク有  10
9000
メガドリームシュリンク無  8
7800
インフェルノシュリンク無  9
10400

ワンピース
二つの伝説　10
師弟の絆　7
上記二点は停止中です🙇🏻‍♂️

よろしくお願いします。
"
Account,内藤夏樹,2026/01/25,17:13:54,こちらの価格でご検討をよろしくお願いします。
User,源川和貴,2026/01/25,17:41:53,"テラスタル、ムニキスはお願いしたいと思います！
ちなみにバトルパートナーズは今いくらですか？
20くらいはかせようと思いまして"
Account,内藤夏樹,2026/01/25,17:43:07,メガドリームも200円ずつあげましょうか？
Account,内藤夏樹,2026/01/25,17:43:29,"バトルパートナーズは相談して決めましょう！

これから出れますのでひとまず向かいます！"
User,源川和貴,2026/01/25,17:47:16,"スクエアやラントゥが9400、9500あたりだったのでそれくらいだとよかったなって思ってたんですー
厳しいですかね？"
User,源川和貴,2026/01/25,17:48:06,"わかりました
とりあえず積んでいきます
すみません自分到着ギリギリになるかもしれません"
Account,内藤夏樹,2026/01/25,17:49:42,"厳しいです！
すみません！"
Account,内藤夏樹,2026/01/25,17:50:13,はい！
Account,内藤夏樹,2026/01/25,18:15:29,"バトパは8,700円でいかがでしょうか。
ご検討ください🙇🏻‍♂️"
User,源川和貴,2026/01/25,18:27:39,"すみません今回はやめておきます！
代わりにインフェルノシュリンク無しはお願いさせてください！"
Account,内藤夏樹,2026/01/25,18:27:58,承知しました。
User,源川和貴,2026/01/25,18:28:12,今向かいます
Account,内藤夏樹,2026/01/25,18:28:30,お気をつけて！
Account,内藤夏樹,2026/01/25,18:29:27,"毎々、お世話になっております。御見積書を送付いたします。
	∙	買取見積書 -
・ポケモンカード　テラスタルフェスex　20箱　単価15,000円　小計300,000円・ムニキスゼロ　11箱　単価8,200円　小計90,200円・ポケモンカード　インフェルノX（シュリンク無し）　9箱　単価10,400円　小計93,600円
合計箱数：40箱
合計：483,800円減額合計：0円最終買取金額：483,800円"
Account,内藤夏樹,2026/01/25,18:43:42,ありがとうございました😊
User,源川和貴,2026/01/25,18:44:35,"こちらこそ足元悪い中ありがとうございました！
またよろしくお願いします！"
User,源川和貴,2026/01/25,18:46:58,送信が取り消されたメッセージです
User,源川和貴,2026/01/25,19:05:39,"すみませんムニキス11でしたでしょうか？12の可能性があったかもしれないです
お手数をおかけしますがご確認お願いします。"
Account,内藤夏樹,2026/01/25,19:07:59,"まもなく事務所に戻るのですぐに確認しますね！
私も12だった気がします"
User,源川和貴,2026/01/25,19:09:19,"すみません自分も確認がしっかりできていませんでした。
お手数おかけしますがよろしくお願いします。"
Account,内藤夏樹,2026/01/25,19:17:35,"12でした、、、すみません🙇🏻‍♂️

8200円をお振込みしますね。"
User,源川和貴,2026/01/25,19:21:54,"本当にお手数おかけしてすみません私の確認不足で。
よろしくお願いします。"
Account,内藤夏樹,2026/01/25,20:05:30,こちらも気が付かず申し訳ございません。
User,源川和貴,2026/01/25,21:22:11,"入金確認できました。
この度はありがとうございました。
今後ともよろしくお願いします。"
