﻿アカウント名,にこにこ買取＠業界最高の買取価格宣言！
タイムゾーン,'+09:00
ダウンロード日時,2026/02/21 04:36
送信者タイプ,送信者名,送信日,送信時刻,内容
Account,応答メッセージ,2025/09/28,15:04:55,"もずく（小西）さん
はじめまして！にこにこ買取＠業界最高の買取価格宣言！です。
友だち追加ありがとうございます！
にこにこ買取です(moon big smile)

ポケモンカードなどトレーディングカード全般の買取を行っております。
買取ご希望のお客様はなんでもお気軽に連絡してください(saluting man)

ご郵送買取の流れはメニューから”郵送買取の流れ”をご確認ください(sparkle)

ご郵送買取ご希望の場合にはメニューの”申し込みフォーム”からご申請が可能となっております。

お問い合わせなどはお気にご連絡ください。"
User,もずく（小西）,2025/09/28,15:05:45,ワンピースカードの受け継がれる意志 OP-13のカートンは、まだ買取してますか？
Account,内藤夏樹,2025/09/28,15:06:42,"毎々、お世話になっております。
今は停止中です。"
User,もずく（小西）,2026/01/23,14:53:02,トイザらスで購入した。ものになりますが、これは買取可能ですか？
User,もずく（小西）,2026/01/23,14:53:08,写真を送信しました。
User,もずく（小西）,2026/01/23,15:36:47,買取お願いしたいんですが師弟の絆　19boxとHeroines Edition5box 買取お願いします。
Account,内藤夏樹,2026/01/23,15:46:26,"毎々、お世話になっております。
テープの状況を詳しくお聞かせください。"
User,もずく（小西）,2026/01/23,15:48:00,すいません。今回500年後はやめときます。上記のもので買取お願いします
Account,内藤夏樹,2026/01/23,15:50:44,"承知しました。
お見積もりをお送りします。
メニューからご申請と発送をよろしくお願い申し上げます。"
Account,内藤夏樹,2026/01/23,15:51:03,"• 買取見積書 -
・ワンピースカード
師弟の絆 BOX
19箱
単価 5,200円
小計 98,800円
・ワンピースカード
Heroines Edition BOX
5箱
単価 9,900円
小計 49,500円
減額項目：
・該当なし
合計：148,300円
減額合計：-0円
最終買取金額：148,300円
※20箱以上の分量のため、送料は弊社負担（着払い）でお送りください。
【注意事項】
こちらのお見積もりを印刷して商品に同梱してください。
同梱がない場合には査定が遅れる場合がございます。
ご確認のほど、よろしくお願いいたします。"
User,もずく（小西）,2026/01/23,17:56:58,写真を送信しました。
User,もずく（小西）,2026/01/23,17:57:14,クロネコヤマト
User,もずく（小西）,2026/01/23,17:57:26,289016606804 
User,もずく（小西）,2026/01/23,17:57:34,です。宜しくお願いします。
Account,内藤夏樹,2026/01/25,16:09:23,"買取見積書 -
・ワンピースカード　師弟の絆　19箱　単価5,200円　小計98,800円
・ワンピースカード　Heroines Edition　5箱　単価9,900円　小計49,500円

減額項目：
・師弟の絆：-800円 × 3点 = -2,400円
合計箱数：24箱
合計：148,300円
減額合計：2,400円
最終買取金額：145,900円"
Account,内藤夏樹,2026/01/25,16:09:40,写真を送信しました。
Account,内藤夏樹,2026/01/25,16:09:57,"毎々、お世話になっております。
査定が終わりましたご確認を宜しくお願い致します。"
User,もずく（小西）,2026/01/25,18:44:54,確認しました。取引宜しくお願いします。
Account,内藤夏樹,2026/01/25,18:45:23,"承知しました。
お振込みを行います🙇🏻‍♂️"
