﻿アカウント名,にこにこ買取＠業界最高の買取価格宣言！
タイムゾーン,'+09:00
ダウンロード日時,2026/02/21 04:36
送信者タイプ,送信者名,送信日,送信時刻,内容
Account,応答メッセージ,2026/01/17,21:42:47,"バイさん
はじめまして！にこにこ買取＠業界最高の買取価格宣言！です。
友だち追加ありがとうございます！
にこにこ買取です(moon big smile)

ポケモンカードなどトレーディングカード全般の買取を行っております。
買取ご希望のお客様はなんでもお気軽に連絡してください(saluting man)

ご郵送買取の流れはメニューから”郵送買取の流れ”をご確認ください(sparkle)

ご郵送買取ご希望の場合にはメニューの”申し込みフォーム”からご申請が可能となっております。

お問い合わせなどはお気にご連絡ください。"
User,バイ,2026/01/19,14:06:59,"メガドリームを3箱とワン​​ピースOP-14を数箱売りたいです。
私は日本に住んでいる外国人です。どのような書類を添付する必要がありますか？"
Account,内藤夏樹,2026/01/19,14:10:00,"毎々、お世話になっております。
本日はお休みとなります。
またよろしくお願いいたします。"
User,バイ,2026/01/19,17:58:32,しかし、売買のプロセスや、私のような部外者でも販売できるのか、またどのような書類が必要なのかを知りたいです。
User,バイ,2026/01/23,15:02:09,私は外国人なので在留カードしか持っていません。それで十分でしょうか？
User,バイ,2026/01/25,14:01:53,ワンピースの現在の価格はいくらですか？ OP-13を4箱、OP-14を8箱、EB3を1箱持っています。
