﻿アカウント名,にこにこ買取＠業界最高の買取価格宣言！
タイムゾーン,'+09:00
ダウンロード日時,2026/02/21 04:36
送信者タイプ,送信者名,送信日,送信時刻,内容
Account,応答メッセージ,2025/12/15,12:27:39,"takaさん
はじめまして！にこにこ買取＠業界最高の買取価格宣言！です。
友だち追加ありがとうございます！
にこにこ買取です(moon big smile)

ポケモンカードなどトレーディングカード全般の買取を行っております。
買取ご希望のお客様はなんでもお気軽に連絡してください(saluting man)

ご郵送買取の流れはメニューから”郵送買取の流れ”をご確認ください(sparkle)

ご郵送買取ご希望の場合にはメニューの”申し込みフォーム”からご申請が可能となっております。

お問い合わせなどはお気にご連絡ください。"
User,taka,2026/01/23,15:15:30,"すみません。

メガドリームシュリンクあり×4
ムニキスゼロシュリンクあり×4
ムニキスゼロシュリンクなし×1
スタートデッキ100×2

買取お願いします。"
User,taka,2026/01/23,15:18:56,本日中の発注可能です。
Account,内藤夏樹,2026/01/23,15:22:55,"毎々、お世話になっております。
ポケモンカードは買取受付終了となりました。"
User,taka,2026/01/23,15:23:45,送信が取り消されたメッセージです
User,taka,2026/01/23,15:34:40,明日はまた買取しますか？
Account,内藤夏樹,2026/01/23,15:35:04,予定となっております。
User,taka,2026/01/24,08:35:34,"すみません。

メガドリームシュリンクあり×4
ムニキスゼロシュリンクあり×4
ムニキスゼロシュリンクなし×1
スタートデッキ100×2

査定お願いします。"
Account,内藤夏樹,2026/01/24,14:09:15,本日は買取お申込を一旦停止とさせていただきました。
