﻿アカウント名,にこにこ買取＠業界最高の買取価格宣言！
タイムゾーン,'+09:00
ダウンロード日時,2026/02/21 04:35
送信者タイプ,送信者名,送信日,送信時刻,内容
Account,応答メッセージ,2026/02/19,20:04:04,"T.yamaさん
はじめまして！にこにこ買取＠業界最高の買取価格宣言！です。
友だち追加ありがとうございます！
にこにこ買取です(moon big smile)

ポケモンカードなどトレーディングカード全般の買取を行っております。
買取ご希望のお客様はなんでもお気軽に連絡してください(saluting man)

ご郵送買取の流れはメニューから”郵送買取の流れ”をご確認ください(sparkle)

ご郵送買取ご希望の場合にはメニューの”申し込みフォーム”からご申請が可能となっております。

お問い合わせなどはお気にご連絡ください。"
User,T.yama,2026/02/20,13:55:41,"お世話になります。
ワンピースベスト2は買取されてますか？"
Account,内藤夏樹,2026/02/20,14:13:05,"毎々、お世話になっております。
ベスト2については〆切となりました🙇🏻‍♂️"
User,T.yama,2026/02/20,15:02:55,"承知しました。
今後お願いしたいのですが初回は必要なものとかはありますでしょうか？"
Account,内藤夏樹,2026/02/20,15:05:38,"ご連絡有難うございます。
メニューのご利用方法に詳しく記載がございますのでご参照頂けますと幸甚に存じます。"
