﻿アカウント名,にこにこ買取＠業界最高の買取価格宣言！
タイムゾーン,'+09:00
ダウンロード日時,2026/02/21 04:36
送信者タイプ,送信者名,送信日,送信時刻,内容
Account,応答メッセージ,2025/12/02,11:46:51,"Yuji Endoさん
はじめまして！にこにこ買取＠業界最高の買取価格宣言！です。
友だち追加ありがとうございます！
にこにこ買取です(moon big smile)

ポケモンカードなどトレーディングカード全般の買取を行っております。
買取ご希望のお客様はなんでもお気軽に連絡してください(saluting man)

ご郵送買取の流れはメニューから”郵送買取の流れ”をご確認ください(sparkle)

ご郵送買取ご希望の場合にはメニューの”申し込みフォーム”からご申請が可能となっております。

お問い合わせなどはお気にご連絡ください。"
User,Yuji Endo,2025/12/09,18:12:11,"買取お願いします。

①商品名 ナイトワンダラー② 数量 16③ 買取価格7500 円
合計120000円

①商品名 ステラミラクル② 数量 21③ 買取価格7500円
合計157500円

よろしくお願いします。"
Account,AIチャットボット(β),2025/12/09,18:12:12,情報利用許可のお願い
User,Yuji Endo,2025/12/09,18:29:29,"買取お願いします。

①商品名 ナイトワンダラー② 数量 18③ 買取価格7500 円
合計135000円

①商品名 ステラミラクル② 数量 21③ 買取価格7500円
合計157500円

よろしくお願いします。"
Account,AIチャットボット(β),2025/12/09,18:29:34,"お問い合わせありがとうございます！
適切な回答が見つかりませんでした。
追って有人対応しますのでこのままお待ちいただけますようお願い申し上げます。"
Account,内藤夏樹,2025/12/09,18:35:11,"毎々、お世話になっております。
賜りました。
よろしくお願い申し上げます。"
Account,内藤夏樹,2025/12/09,18:35:35,"①商品名 ナイトワンダラー② 数量 18③ 買取価格7500 円
合計135000円

①商品名 ステラミラクル② 数量 21③ 買取価格7500円"
User,Yuji Endo,2025/12/09,18:50:45,発送完了です。
User,Yuji Endo,2025/12/09,18:50:48,ヤマト運輸
User,Yuji Endo,2025/12/09,18:51:02,289014538805
User,Yuji Endo,2025/12/09,18:51:13,遠藤祐司
Account,内藤夏樹,2025/12/09,18:51:26,ありがとうございました。
User,Yuji Endo,2025/12/09,18:51:30,12/10AM着指定
Account,内藤夏樹,2025/12/10,19:23:54,"買取見積書 -
・ポケモンカード　ナイトワンダラー　18箱　単価7,500円　小計135,000円
・ポケモンカード　ステラミラクル　21箱　単価7,500円　小計157,500円

合計箱数：39箱
合計：292,500円
減額合計：0円
最終買取金額：292,500円

上記にてお振込みを行いました。"
User,Yuji Endo,2025/12/10,19:29:20,"ありがとうございました。確認できました。
またよろしくお願いします。"
User,Yuji Endo,2026/01/22,13:10:39,"買取お願いします。
新たなる帝国　7box
神速の拳　3box
受け継がれる意思2box
Anime 25th collection
1box
"
Account,内藤夏樹,2026/01/22,13:17:23,"毎々、お世話になっております。
お見積もりをお送りします。"
Account,内藤夏樹,2026/01/22,13:18:05,"• 買取見積書 -
・ワンピースカード
新たなる皇帝 BOX
7箱
単価 8,600円
小計 60,200円
・ワンピースカード
神速の拳 BOX
3箱
単価 13,200円
小計 39,600円
・ワンピースカード
受け継がれる意志 BOX
2箱
単価 13,800円
小計 27,600円
・ワンピースカード
Anime 25th collection BOX
1箱
単価 9,900円
小計 9,900円
減額項目：
・該当なし
合計：137,300円
減額合計：-0円
最終買取金額：137,300円
【注意事項】
こちらのお見積もりを印刷して商品に同梱してください。
同梱がない場合には査定が遅れる場合がございます。"
User,Yuji Endo,2026/01/22,13:20:29,"ありがとうございます。
あと、新時代の主役が1boxありますが、箱が少しダメージがあり、減額なしで行けますか？"
User,Yuji Endo,2026/01/22,13:20:47,写真を送信しました。
User,Yuji Endo,2026/01/22,13:21:25,状態は、底面が少し折れてる状態です
Account,内藤夏樹,2026/01/22,13:26:39,どのあたりが気になるポイントですか？
Account,内藤夏樹,2026/01/22,13:26:55,もう少し画像を頂戴できますでしようか。
User,Yuji Endo,2026/01/22,13:27:59,写真を送信しました。
User,Yuji Endo,2026/01/22,13:28:37,"一次流通の為、未開封であることは間違いありません。
よろしくお願いします。"
Account,内藤夏樹,2026/01/22,13:30:48,"高額商品であるため慎重に見ております。

もう少しいくつかのパターンで写真をいただけますか。"
User,Yuji Endo,2026/01/22,13:33:09,写真を送信しました。
User,Yuji Endo,2026/01/22,13:33:09,写真を送信しました。
User,Yuji Endo,2026/01/22,13:33:09,写真を送信しました。
User,Yuji Endo,2026/01/22,13:33:09,写真を送信しました。
User,Yuji Endo,2026/01/22,13:33:09,写真を送信しました。
User,Yuji Endo,2026/01/22,13:33:09,写真を送信しました。
User,Yuji Endo,2026/01/22,13:33:09,写真を送信しました。
User,Yuji Endo,2026/01/22,13:33:09,写真を送信しました。
User,Yuji Endo,2026/01/22,13:33:17,よろしくお願いします。
Account,内藤夏樹,2026/01/22,13:38:22,"現品を見ないと最終的な回答は難しい状況です。

50%で返却、30%で-2000から-5000円程度の減額、20%で満額の想定です。

いずれにしても満額が難しい状況のため、お申込みされない方が良いかと考えます。

弊社も受けたものをマイナス査定を行うことが心苦しいため、ご理解頂けると助かります。"
User,Yuji Endo,2026/01/22,13:39:17,"承知しました。
では、新時代はなしでお願いします。"
Account,内藤夏樹,2026/01/22,13:45:46,"承知しました。
追って更新しますので、先に申請と発送を進めていただけますと幸甚に存じます。"
User,Yuji Endo,2026/01/22,13:50:32,"申請完了しました。
明日AM着で発送させて頂きます。"
Account,内藤夏樹,2026/01/22,14:28:15,ありがとうございました。
User,Yuji Endo,2026/01/22,18:18:18,ヤマト運輸/3861-7666-9492/遠藤祐司
User,Yuji Endo,2026/01/22,18:18:54,23日am着指定で発送完了
Account,内藤夏樹,2026/01/22,20:31:31,ありがとうございます。
Account,内藤夏樹,2026/01/23,18:21:56,送信が取り消されたメッセージです
Account,内藤夏樹,2026/01/23,18:56:16,"買取見積書 -
・ワンピースカード　新たなる皇帝　7箱　単価8,600円　小計60,200円
・ワンピースカード　神速の拳　3箱　単価13,200円　小計39,600円
・ワンピースカード　受け継がれる意志　2箱　単価13,800円　小計27,600円
・ワンピースカード　Anime 25th collection　1箱　単価9,900円　小計9,900円

減額項目：
・減額：-2,000円 × 1点 = -2,000円
・減額：-800円 × 1点 = -800円
合計箱数：13箱
合計：137,300円
減額合計：2,800円
最終買取金額：134,500円"
Account,内藤夏樹,2026/01/23,18:57:01,写真を送信しました。
User,Yuji Endo,2026/01/23,20:37:47,"承知しました。
梱包時にはなかったと思いますが、よろしくお願いします。"
User,Yuji Endo,2026/01/23,20:38:15,見積もり金額で承諾します。
Account,内藤夏樹,2026/01/24,14:05:51,"いつも当店をご利用いただき、誠にありがとうございます。

お預かりしておりましたお品物の検品が完了いたしましたので、ご指定の口座へお振り込みの手続きをさせていただきました。 併せてご確認いただけますと幸いです。

この度はご利用いただき、重ねて御礼申し上げます。 またの機会がございましたら、ぜひお手伝いをさせていただけますと幸いです"
