﻿アカウント名,にこにこ買取＠業界最高の買取価格宣言！
タイムゾーン,'+09:00
ダウンロード日時,2026/02/21 04:36
送信者タイプ,送信者名,送信日,送信時刻,内容
Account,応答メッセージ,2025/08/11,07:38:50,"りょさん
はじめまして！にこにこ買取＠業界最高の買取価格宣言！です。
友だち追加ありがとうございます！
にこにこ買取です(moon big smile)

ポケモンカードなどトレーディングカード全般の買取を行っております。
買取ご希望のお客様はなんでもお気軽に連絡してください(saluting man)

ご郵送買取の流れはメニューから”郵送買取の流れ”をご確認ください(sparkle)

ご郵送買取ご希望の場合にはメニューの”申し込みフォーム”からご申請が可能となっております。

お問い合わせなどはお気にご連絡ください。"
User,りょ,2026/01/03,14:59:41,"あけましておめでとうございます🙇‍♂️

郵送にて本日中の発送で買取をお願いしたいです。

ポケモンカードとワンピースカードのBOXになります。"
Account,内藤夏樹,2026/01/03,15:02:06,"毎々、お世話になっております。
ご連絡有難うございます。

買取ご希望の商品と数を教えていただけますでしょうか。
お見積もりを作成します。"
User,りょ,2026/01/03,15:09:16,"ポケモンカード
・バトルパートナーズ　12BOX
・MEGAドリームex（シュリンク無し）　3BOX

ワンピースカード
・新たなる皇帝　7BOX
・500年後の未来　1BOX
・ONE PIECE DAY'24  2セット

よろしくお願い致します🙇‍♂️


"
Account,内藤夏樹,2026/01/03,15:10:56,今お見積もりをお送りします。
Account,内藤夏樹,2026/01/03,15:12:19,"• 買取見積書 -
・ポケモンカード　バトルパートナーズ BOX　12箱　単価8,000円　小計96,000円
・ポケモンカード　メガドリームex (シュリンクなし)　3箱　単価8,100円　小計24,300円
・ワンピースカード　新たなる皇帝 BOX　7箱　単価6,600円　小計46,200円
・ワンピースカード　500年後の未来 BOX　1箱　単価5,500円　小計5,500円
・ワンピースカード　ワンピースDAY2024　2個　単価5,000円　小計10,000円
減額項目（ある場合）：
・該当なし
合計：182,000円
減額合計：-0円
最終買取金額：182,000円
20箱以上のため、送料は弊社負担でお送りください。
【注意事項】
こちらのお見積もりを印刷して商品に同梱してください。
同梱がない場合には査定が遅れる場合がございますので、ご協力をお願いいたします。
ご確認のほど、よろしくお願いいたします。"
User,りょ,2026/01/03,16:48:35,"発送の方が完了致しました！
・ヤマト運輸
・4610-9100-2854
・黒井亮平"
Account,内藤夏樹,2026/01/04,10:47:33,"'- 買取見積書 -
・ポケモンカード　バトルパートナーズ BOX　12箱　単価8,000円　小計96,000円
・ポケモンカード　メガドリームex (シュリンクなし)　3箱　単価8,100円　小計24,300円
・ワンピースカード　新たなる皇帝 BOX　7箱　単価6,600円　小計46,200円
・ワンピースカード　500年後の未来 BOX　1箱　単価5,500円　小計5,500円
・ワンピースカード　ワンピースDAY2024　2個　単価5,000円　小計10,000円

減額項目（ある場合）：
・ハードケース（バトルパートナーズ）：-200円 × 11点 = -2,200円

合計：182,000円
減額合計：-2,200円
最終買取金額：179,800円"
User,りょ,2026/01/04,10:49:32,ハードケースはなぜ減額なのですか？
Account,内藤夏樹,2026/01/04,10:51:14,"お問い合わせありがとうございます。 せっかく丁寧に梱包していただいたところ、減額項目について疑問を抱かせてしまい申し訳ございません。

本サービスの利用規約 第3条（買取禁止商品）第3項 の イ に、以下の通り明記されております。

第3条 3項 対象商品が以下の状態であった際は、買取価格から以下の基準で減額致します。 イ　ハードケース等の梱包：-200円/点
"
Account,内藤夏樹,2026/01/04,11:02:46,このまま査定完了・お振込みの手続きを進めてもよろしいでしょうか。
User,りょ,2026/01/04,11:03:11,お願いします
Account,内藤夏樹,2026/01/04,11:05:58,承知しました。
Account,内藤夏樹,2026/01/04,11:06:23,"さきほどお振込みを行いました。
この度はご利用ありがとうございました。"
User,りょ,2026/01/04,11:19:16,"振り込み確認しました。
機会ありましたらまたよろしくお願い致します🙇‍♂️"
User,りょ,2026/01/23,15:44:49,"お世話になっております！
ムニキスゼロ本日発送分はもう締め切りですよね？"
Account,内藤夏樹,2026/01/23,15:47:02,はい、〆切となりました。
User,りょ,2026/01/23,15:47:44,"了解致しました！
また機会がありましたらよろしくお願い致します🙇"
Account,内藤夏樹,2026/01/23,15:51:09,よろしくお願い申し上げます。
