﻿アカウント名,にこにこ買取＠業界最高の買取価格宣言！
タイムゾーン,'+09:00
ダウンロード日時,2026/02/21 04:36
送信者タイプ,送信者名,送信日,送信時刻,内容
Account,応答メッセージ,2026/01/22,12:22:33,"小娘売りのマッチさん
はじめまして！にこにこ買取＠業界最高の買取価格宣言！です。
友だち追加ありがとうございます！
にこにこ買取です(moon big smile)

ポケモンカードなどトレーディングカード全般の買取を行っております。
買取ご希望のお客様はなんでもお気軽に連絡してください(saluting man)

ご郵送買取の流れはメニューから”郵送買取の流れ”をご確認ください(sparkle)

ご郵送買取ご希望の場合にはメニューの”申し込みフォーム”からご申請が可能となっております。

お問い合わせなどはお気にご連絡ください。"
User,小娘売りのマッチ,2026/01/22,15:34:41,"こんにちは、お世話になっております。
①ポケモンカードMegaEX／②4箱／③10000円」

①Onepieceカード受けづかれる意志／②4箱／③13800円」

よろしくお願いいたします。"
Account,内藤夏樹,2026/01/22,15:39:15,"毎々、お世話になっております。
ポケモンカードは本日停止しております。"
User,小娘売りのマッチ,2026/01/22,15:49:33,"承知いたしました。
ワンピースまだやっておりますでしょうか？"
Account,内藤夏樹,2026/01/22,15:52:44,ワンピースはしています。
User,小娘売りのマッチ,2026/01/22,15:57:08,"はい、ありがとうございます。
op13 x4お願いします。"
Account,内藤夏樹,2026/01/22,15:57:19,はい、よろしくお願い申し上げます。
Account,内藤夏樹,2026/01/22,15:57:37,"受け継がれる意思は
13500円になりました。"
Account,内藤夏樹,2026/01/22,15:57:41,ご検討ください。
User,小娘売りのマッチ,2026/01/22,16:36:10,はい、大丈夫ですが、
Account,内藤夏樹,2026/01/22,16:36:51,では送ってください
User,小娘売りのマッチ,2026/01/22,16:37:40,ちなみに本日発送で、明後日の到着となりますが、問題ございませんでしょうか。
Account,内藤夏樹,2026/01/22,16:41:36,はい大丈夫
Account,内藤夏樹,2026/01/22,16:41:37,です
User,小娘売りのマッチ,2026/01/22,17:21:44,"はい、ありがとうございます。
申請させていただきます。"
User,小娘売りのマッチ,2026/01/22,18:26:57,"恐れ入りますが、申込商品および数量が分かるキャプチャが必要とのことですので、
OP13 × 4 にてお願いいたします。"
Account,内藤夏樹,2026/01/22,20:32:02,先に発送してくださいね。
