﻿アカウント名,にこにこ買取＠業界最高の買取価格宣言！
タイムゾーン,'+09:00
ダウンロード日時,2026/02/21 04:36
送信者タイプ,送信者名,送信日,送信時刻,内容
Account,応答メッセージ,2025/12/19,16:55:47,"Degjjjさん
はじめまして！にこにこ買取＠業界最高の買取価格宣言！です。
友だち追加ありがとうございます！
にこにこ買取です(moon big smile)

ポケモンカードなどトレーディングカード全般の買取を行っております。
買取ご希望のお客様はなんでもお気軽に連絡してください(saluting man)

ご郵送買取の流れはメニューから”郵送買取の流れ”をご確認ください(sparkle)

ご郵送買取ご希望の場合にはメニューの”申し込みフォーム”からご申請が可能となっております。

お問い合わせなどはお気にご連絡ください。"
User,Degjjj,2025/12/19,16:56:04,お疲れ様です
User,Degjjj,2025/12/19,16:56:28,デッキ100予約したいです
User,Degjjj,2025/12/19,16:56:35,明日到着です
User,Degjjj,2026/01/09,18:40:05,了解です
User,Degjjj,2026/01/09,18:40:16,値段おしえてください
Account,内藤夏樹,2026/01/09,18:40:25,ありがとうございます。
User,Degjjj,2026/01/09,18:40:27,有りますよ
Account,内藤夏樹,2026/01/09,18:40:31,どちらの商品でしょうか。
User,Degjjj,2026/01/09,18:40:38,値段良いなら売ってる
User,Degjjj,2026/01/09,18:40:59,言いった商品です
Account,内藤夏樹,2026/01/09,18:41:35,"🌟 買取強化アイテム 🌟
【ポケモンカード】
・151　：31000円
・ブラックボルト DX　：15800円
・ホワイトフレア DX　：14500円

【ワンピースカード】
・二つの伝説（OP-08）：5000円
・メモリアルコレクション（EB-01）：7800円
・強大な敵（OP-03）：9500円"
User,Degjjj,2026/01/09,18:45:59,🥲
Account,内藤夏樹,2026/01/09,18:46:08,ごめんなさい
User,Degjjj,2026/01/09,18:46:33,昨日お金使いたいので151は50個売ってた🥲
Account,内藤夏樹,2026/01/09,18:46:47,申し訳ございません。。。
User,Degjjj,2026/01/09,18:47:19,全部 opあるけどすごい少ない
Account,内藤夏樹,2026/01/09,18:47:51,全然問題ないですよ。
Account,内藤夏樹,2026/01/09,18:47:59,着払いで大丈夫です。
User,Degjjj,2026/01/09,19:16:34,"Bản lịch sự bằng tiếng Nhật:

ワンピースのレア商品につきましては、コレクション目的で各種類を数箱保管しているため、販売はできかねます。
ただし、本日は少量ではございますが、ポケモン商品をお譲りできればと考えております。"
Account,内藤夏樹,2026/01/09,19:16:47,ありがとうございます。
Account,内藤夏樹,2026/01/09,19:16:52,どちらの商品ですか？
User,Degjjj,2026/01/09,19:17:11,でも明後日到着大丈夫ですか？
User,Degjjj,2026/01/09,19:17:53,写真を送信しました。
User,Degjjj,2026/01/09,19:18:37,"ドリームx
151
インフィルーx10
Op8x2"
Account,内藤夏樹,2026/01/09,19:19:17,ありがとうございます。
Account,内藤夏樹,2026/01/09,19:19:48,それぞれ何個か正確に教えてください
User,Degjjj,2026/01/09,19:20:01,"ドリームx13
ドリーム無しx5

151x3
インフィルーx10

Op8x2"
Account,内藤夏樹,2026/01/09,19:22:50,"毎々、お世話になっております。
御見積書を送付いたします。

- 買取見積書 -

・ポケモンカード
メガドリームex BOX
13箱
単価10,300円
小計133,900円

・ポケモンカード
メガドリームex（シュリンクなし） BOX
5箱
単価8,800円
小計44,000円

・ポケモンカード
151 BOX
3箱
単価31,000円
小計93,000円

・ポケモンカード
インフェルノX BOX
10箱
単価11,300円
小計113,000円

・ワンピースカード
二つの伝説 BOX
2箱
単価5,000円
小計10,000円

減額項目：
・該当なし

合計：393,900円
減額合計：-0円
最終買取金額：393,900円

※20箱以上の分量のため、送料は弊社負担（着払い）でお送りください。

【注意事項】
こちらのお見積もりを印刷して商品に同梱してください。
同梱がない場合には査定が遅れる場合がございます。
ご確認のほど、よろしくお願いいたします。"
User,Degjjj,2026/01/09,19:25:51,"ありがとうございます
もし明日到着場合はドリーム10800、インフィルー：12300ですかね？"
Account,内藤夏樹,2026/01/09,19:26:07,それはもう締め切っています。
User,Degjjj,2026/01/09,19:26:28,そうなんだ🥲
Account,内藤夏樹,2026/01/09,19:26:38,すみません
Account,内藤夏樹,2026/01/09,19:26:47,明日到着できますか？
User,Degjjj,2026/01/09,19:27:18,出来ればその値段はいけそう？
Account,内藤夏樹,2026/01/09,19:27:41,"明日到着場合は
ドリーム10500
インフィルー：11800"
User,Degjjj,2026/01/09,19:29:55,本当に時間きついけどできるよ
Account,内藤夏樹,2026/01/09,19:30:07,いきましょう。
Account,内藤夏樹,2026/01/09,19:30:12,よろしくお願いいたします。
User,Degjjj,2026/01/09,19:30:29,"でもドリーム:10700
インフィルー　:12000 
厳しいですか？🥲"
User,Degjjj,2026/01/09,20:00:16,"大変申し訳ございません
時間きついので明日到着出来ないために
また良いタイミングに連絡します
宜しくお願いします"
User,Degjjj,2026/01/09,20:00:27,電話できます？
Account,内藤夏樹,2026/01/09,20:15:06,わかりました
Account,内藤夏樹,2026/01/09,20:15:14,明日、もともとの見積もりでよろしくお願い申し上げます。
User,Degjjj,2026/01/21,20:20:56,"お疲れ様です
今の時間予約できますか？"
