﻿アカウント名,にこにこ買取＠業界最高の買取価格宣言！
タイムゾーン,'+09:00
ダウンロード日時,2026/02/21 04:36
送信者タイプ,送信者名,送信日,送信時刻,内容
Account,応答メッセージ,2025/08/08,12:27:31,"土岐ま〜ﾁｬﾝさん
はじめまして！にこにこ買取＠業界最高の買取価格宣言！です。
友だち追加ありがとうございます！
にこにこ買取です(moon big smile)

ポケモンカードなどトレーディングカード全般の買取を行っております。
買取ご希望のお客様はなんでもお気軽に連絡してください(saluting man)

ご郵送買取の流れはメニューから”郵送買取の流れ”をご確認ください(sparkle)

ご郵送買取ご希望の場合にはメニューの”申し込みフォーム”からご申請が可能となっております。

お問い合わせなどはお気にご連絡ください。"
User,土岐ま〜ﾁｬﾝ,2025/08/08,12:30:02,"お問い合わせ宜しいでしょうか？🙇‍♂️
メガブレイブ、メガシンフォニアのシュリンク無しは買取していませんか？"
Account,内藤夏樹,2025/08/08,12:30:35,"毎々、お世話になっております。
シュリンクなしの買取はしておりませんでした。"
User,土岐ま〜ﾁｬﾝ,2025/08/08,12:31:00,"返信ありがとうございます🙇‍♂️

畏まりました🙇‍♂️"
User,土岐ま〜ﾁｬﾝ,2025/12/20,16:14:12,"ご質問失礼します。
スタートデッキ100の買取の件ですが、北海道からだと日曜日午前中には届かなそうなんですが、買取厳しいでしょうか？"
Account,内藤夏樹,2025/12/20,16:16:40,申し訳ございません、明日到着のみを対象としておりました。
User,土岐ま〜ﾁｬﾝ,2025/12/20,16:17:04,"畏まりました😭
ありがとうございます。"
User,土岐ま〜ﾁｬﾝ,2026/01/17,11:09:44,"おはようございます🙇‍♂️
本日の価格表、何時頃出ますか？🙇‍♂️"
User,土岐ま〜ﾁｬﾝ,2026/01/17,16:24:49,"買取可能でしょうか？

① Heroines Edition
② 12箱
③ 8,800

①受け継がれる意志
②9箱
③13,000

①蒼海の七傑
②2箱
③6,500

①メガドリーム シュリ有
②21箱
③10,600

①メガドリーム シュリ無
②8箱
③8,800

以上になります。
北海道からになるのですが、計52箱あるので送料無料キャンペーンの方使用出来ないですか？
宜しくお願い致します🙇‍♂️"
Account,内藤夏樹,2026/01/17,16:27:31,"毎々、お世話になっております。
北海道からの送料無料条件適用は申し訳ございません。。。"
User,土岐ま〜ﾁｬﾝ,2026/01/17,16:31:16,"畏まりました…。
買取は可能でしょうか？"
Account,内藤夏樹,2026/01/17,16:36:43,もちろんです。
Account,内藤夏樹,2026/01/17,16:36:47,今お見積りをお送りします。
Account,内藤夏樹,2026/01/17,16:37:15,"毎々、お世話になっております。
御見積書を送付いたします。

- 買取見積書 -

・ワンピースカード
Heroines Edition BOX
12箱
単価 8,800円
小計 105,600円

・ワンピースカード
受け継がれる意志 BOX
9箱
単価 13,000円
小計 117,000円

・ワンピースカード
蒼海の七傑 BOX
2箱
単価 6,500円
小計 13,000円

・ポケモンカード
メガドリームex BOX
21箱
単価 10,600円
小計 222,600円

・ポケモンカード
メガドリームex（シュリンクなし） BOX
8箱
単価 8,800円
小計 70,400円

減額項目：
・該当なし

合計：528,600円
減額合計：-0円
最終買取金額：528,600円

【注意事項】
こちらのお見積もりを印刷して商品に同梱してください。
同梱がない場合には査定が遅れる場合がございます。
ご確認のほど、よろしくお願いいたします。"
User,土岐ま〜ﾁｬﾝ,2026/01/17,16:37:16,"畏まりました。
宜しくお願い致します。"
User,土岐ま〜ﾁｬﾝ,2026/01/17,16:38:20,コチラのLINE画像を印刷して同封すれば大丈夫ですか？
Account,内藤夏樹,2026/01/17,16:50:03,はい、よろしくお願いいたします。
User,土岐ま〜ﾁｬﾝ,2026/01/17,16:51:43,同封する書類なんですが、お見積書のみで問題ありませんか？
Account,内藤夏樹,2026/01/17,16:52:10,はい、大丈夫です。
User,土岐ま〜ﾁｬﾝ,2026/01/17,16:53:53,"畏まりました。
申込フォームに記入始めます🙇‍♂️"
User,土岐ま〜ﾁｬﾝ,2026/01/17,17:51:46,写真を送信しました。
User,土岐ま〜ﾁｬﾝ,2026/01/17,17:51:52,宜しくお願い致します🙇‍♂️
Account,内藤夏樹,2026/01/17,17:51:57,有難うございました
Account,内藤夏樹,2026/01/19,15:11:13,"毎々、お世話になっております。
検品の結果メガドリームexが2箱多く送られておりました。
以下に追加した見積りを送付します。
ご確認いただき問題ない場合にはご連絡をお願いいたします。

買取見積書 -
・ワンピースカード　Heroines Edition　12箱　単価8,800円　小計105,600円
・ワンピースカード　受け継がれる意志　9箱　単価13,000円　小計117,000円
・ワンピースカード　蒼海の七傑　2箱　単価6,500円　小計13,000円
・ポケモンカード　メガドリームex　21箱　単価10,600円　小計222,600円
・ポケモンカード　メガドリームex（シュリンク無し）　8箱　単価8,800円　小計70,400円
・ポケモンカード　メガドリームex　2箱　単価10,200円　小計20,400円

合計箱数：54箱
合計：549,000円
減額合計：0円
最終買取金額：549,000円"
User,土岐ま〜ﾁｬﾝ,2026/01/19,15:16:52,"すみません🙇‍♂️
有難う御座います🙇‍♂️"
User,土岐ま〜ﾁｬﾝ,2026/01/19,16:41:06,"一点、質問御座いました！
追加のメガドリームの単価10,200でしょうか？"
Account,内藤夏樹,2026/01/19,16:41:55,"はい、本日の単価でお買取りとなります。
もしくはご返送も可能です！"
User,土岐ま〜ﾁｬﾝ,2026/01/19,16:42:44,そのまま買取で問題無いのですが、本日の価格表みたら10400なんですが、間違いでしょうか？
User,土岐ま〜ﾁｬﾝ,2026/01/19,16:43:01,写真を送信しました。
Account,内藤夏樹,2026/01/19,16:43:21,こちらは昨日の価格表になります。
Account,内藤夏樹,2026/01/19,16:43:50,本日はお休みのため更新しておりません。
User,土岐ま〜ﾁｬﾝ,2026/01/19,16:43:55,"18日になっていました💦
すみません🙇‍♂️
宜しくお願い致します！"
Account,内藤夏樹,2026/01/19,16:44:01,承知しました。
User,土岐ま〜ﾁｬﾝ,2026/01/19,19:56:00,"振込確認致しました。
有難う御座います。

また機会があれば宜しくお願い致します🙇‍♂️
北海道も送料無料キャンペーンの枠に入れて貰えると幸いです🙏😭
"
Account,内藤夏樹,2026/01/20,20:16:11,"毎々、お世話になっております。
ご連絡が遅くなり申し訳ありません。
ご利用ありがとうございました。"
