﻿アカウント名,にこにこ買取＠業界最高の買取価格宣言！
タイムゾーン,'+09:00
ダウンロード日時,2026/02/21 04:36
送信者タイプ,送信者名,送信日,送信時刻,内容
Account,応答メッセージ,2026/01/10,11:42:08,"川名 祐介（保険のみかた）さん
はじめまして！にこにこ買取＠業界最高の買取価格宣言！です。
友だち追加ありがとうございます！
にこにこ買取です(moon big smile)

ポケモンカードなどトレーディングカード全般の買取を行っております。
買取ご希望のお客様はなんでもお気軽に連絡してください(saluting man)

ご郵送買取の流れはメニューから”郵送買取の流れ”をご確認ください(sparkle)

ご郵送買取ご希望の場合にはメニューの”申し込みフォーム”からご申請が可能となっております。

お問い合わせなどはお気にご連絡ください。"
User,川名 祐介（保険のみかた）,2026/01/10,11:42:30,ワンピの買取表ください
Account,内藤夏樹,2026/01/10,11:49:14,メニューの価格表よりご参照いただけます☺️
User,川名 祐介（保険のみかた）,2026/01/10,12:07:06,"PRB02
100お願いできますか？
まだいけるならいくつまでいけるか知りたいです。
買取は慣れてます。"
Account,内藤夏樹,2026/01/10,12:12:40,"有難うございます。

ザベスト2は50箱まで買取可能です。
よろしければお見積もりをお送りさせていただきます🙇🏻‍♂️"
User,川名 祐介（保険のみかた）,2026/01/10,12:15:26,"4,600ならお願いします！"
User,川名 祐介（保険のみかた）,2026/01/10,12:18:04,"あ、到着期限いつまでですか？
明後日着になりそうなんですが大丈夫です？"
Account,内藤夏樹,2026/01/10,12:19:23,明日到着の価格保証となります🙇🏻‍♂️
User,川名 祐介（保険のみかた）,2026/01/10,12:20:08,"明日かー
新潟ですよね？"
Account,内藤夏樹,2026/01/10,12:25:13,新潟までとなります。
User,川名 祐介（保険のみかた）,2026/01/10,12:25:34,"ヤマト調べていいですか？
お返事何時まででしょう？"
Account,内藤夏樹,2026/01/10,12:26:01,有難うございます。
Account,内藤夏樹,2026/01/10,12:26:29,枠が埋まってきておりますため、お早めにお願いできたらと思います🙇🏻‍♂️
User,川名 祐介（保険のみかた）,2026/01/10,12:26:51,承知いたしました。
User,川名 祐介（保険のみかた）,2026/01/10,14:03:58,"お待たせしてすみません。
明日着は間に合わないのでリリースしてください。"
Account,内藤夏樹,2026/01/10,14:13:51,"承知しました。
ご確認いただきありがとうざいました。"
User,川名 祐介（保険のみかた）,2026/01/10,14:14:14,"申し訳ございません。
また連絡いたします。"
Account,内藤夏樹,2026/01/10,14:19:58,ありがたいです。
User,川名 祐介（保険のみかた）,2026/01/18,10:43:50,"OP-14  15
OP-12  3
OP-10  11
OP-8 カートン 1
OP-07 カートン 1
EB-03 3"
User,川名 祐介（保険のみかた）,2026/01/18,10:43:56,着払いいけますか？
Account,内藤夏樹,2026/01/18,10:44:17,"毎々、お世話になっております。
もちろん大丈夫です。"
Account,内藤夏樹,2026/01/18,10:44:50,"毎々、お世話になっております。
御見積書を送付いたします。

- 買取見積書 -

・ワンピースカード
蒼海の七傑 BOX
15箱
単価 6,700円
小計 100,500円

・ワンピースカード
師弟の絆 BOX
3箱
単価 5,700円
小計 17,100円

・ワンピースカード
王族の血統 BOX
11箱
単価 5,100円
小計 56,100円

・ワンピースカード
二つの伝説 カートン
1ケース
単価 73,000円
小計 73,000円

・ワンピースカード
500年後の未来 カートン
1ケース
単価 110,000円
小計 110,000円

・ワンピースカード
Heroines Edition BOX
3箱
単価 8,800円
小計 26,400円

減額項目：
・該当なし

合計：383,100円
減額合計：-0円
最終買取金額：383,100円

※20点以上の分量のため、送料は弊社負担（着払い）でお送りください。

【注意事項】
こちらのお見積もりを印刷して商品に同梱してください。
同梱がない場合には査定が遅れる場合がございます。
ご確認のほど、よろしくお願いいたします。"
User,川名 祐介（保険のみかた）,2026/01/18,10:45:14,140入りきると思いますが入らなかったらいらなそうなの減らすので、どれが1番いらないですか？
User,川名 祐介（保険のみかた）,2026/01/18,10:45:33,OP-08かな
Account,内藤夏樹,2026/01/18,10:45:44,その通りです。
Account,内藤夏樹,2026/01/18,10:45:49,お手間をおかけしてしまい申し訳ございません。
Account,内藤夏樹,2026/01/18,10:45:50,よろしくお願いいたします。
Account,内藤夏樹,2026/01/18,10:46:00,OP-14のカートンなんとか入手できたりしませんでしょうか。
User,川名 祐介（保険のみかた）,2026/01/18,10:46:19,10バラより08カートンの方がいらないですか？
User,川名 祐介（保険のみかた）,2026/01/18,10:46:29,聞いてみますがいくらでしょう？
Account,内藤夏樹,2026/01/18,10:46:52,カートンは欲しいですね。
User,川名 祐介（保険のみかた）,2026/01/18,10:46:59,おけす
User,川名 祐介（保険のみかた）,2026/01/18,10:47:09,"14カートンは88,000ですね"
User,川名 祐介（保険のみかた）,2026/01/18,10:47:16,持ってるやついるので聞いてみます
Account,内藤夏樹,2026/01/18,10:47:19,川名様特別として、89000円で出せます。
Account,内藤夏樹,2026/01/18,10:47:26,着払いでOKです。
Account,内藤夏樹,2026/01/18,10:47:43,感謝申し上げます。
User,川名 祐介（保険のみかた）,2026/01/18,10:47:45,カートンも明日着ですか？
Account,内藤夏樹,2026/01/18,10:48:37,明日着希望なんです。。。
User,川名 祐介（保険のみかた）,2026/01/18,10:49:15,聞いてみます。
User,川名 祐介（保険のみかた）,2026/01/18,10:55:43,写真を送信しました。
User,川名 祐介（保険のみかた）,2026/01/18,10:56:46,入ったのでこれで
Account,内藤夏樹,2026/01/18,10:57:02,承知しました。
User,川名 祐介（保険のみかた）,2026/01/18,10:57:11,14のカートン返事ないので先に強そうな人当たってみてください
Account,内藤夏樹,2026/01/18,10:58:01,また教えていただけますとありがたいです
User,川名 祐介（保険のみかた）,2026/01/18,11:00:24,スタンプを送信しました。
Account,内藤夏樹,2026/01/18,11:02:07,ありがとうございます
User,川名 祐介（保険のみかた）,2026/01/18,11:08:04,住民票必要ですか？
Account,内藤夏樹,2026/01/18,11:08:21,はい、必要となります。。。
User,川名 祐介（保険のみかた）,2026/01/18,11:08:45,一緒に免許証コピー同封でいいですか？
Account,内藤夏樹,2026/01/18,11:09:23,初回のため、住民票か印鑑証明書が必要です。
User,川名 祐介（保険のみかた）,2026/01/18,11:09:29,それは入れます
Account,内藤夏樹,2026/01/18,11:09:39,ありがとうございます。
Account,内藤夏樹,2026/01/18,11:09:47,免許証コピーの同封で問題ありません。
User,川名 祐介（保険のみかた）,2026/01/18,11:47:37,写真を送信しました。
User,川名 祐介（保険のみかた）,2026/01/18,11:47:51,発送先ここで良いですか？
Account,内藤夏樹,2026/01/18,11:48:50,はい、こちらにお願いします。
User,川名 祐介（保険のみかた）,2026/01/18,12:15:54,289016357560
User,川名 祐介（保険のみかた）,2026/01/18,12:16:07,写真を送信しました。
Account,内藤夏樹,2026/01/18,12:23:49,有難うございました
Account,内藤夏樹,2026/01/18,12:24:03,op14の方連絡つきましたでしょうか、、、
User,川名 祐介（保険のみかた）,2026/01/18,12:24:45,いや、返事ないんですよね(no)
Account,内藤夏樹,2026/01/18,12:32:54,本当集まらなくて、、、笑
User,川名 祐介（保険のみかた）,2026/01/18,12:34:30,"カートンで買える事自体稀ですからね
株ポケもバンダイもうるさいですし"
User,川名 祐介（保険のみかた）,2026/01/18,12:34:50,明日着指定できたので届くと思います
Account,内藤夏樹,2026/01/18,13:40:25,ですよね・・・。
Account,内藤夏樹,2026/01/18,13:40:27,ありがとうございます。
User,川名 祐介（保険のみかた）,2026/01/18,15:09:34,"遅くなってすみません。
14カートンはダメそうです。"
Account,内藤夏樹,2026/01/18,16:20:13,承知しました！
Account,内藤夏樹,2026/01/18,16:20:14,ありがとうございます。
User,川名 祐介（保険のみかた）,2026/01/20,13:09:10,"昨日振り込み確認しております。
早急なご対応ありがとうございました。"
Account,内藤夏樹,2026/01/20,20:15:56,"毎々、お世話になっております。
ご連絡が遅くなり申し訳ありません。
ご利用ありがとうございました。"
