﻿アカウント名,にこにこ買取＠業界最高の買取価格宣言！
タイムゾーン,'+09:00
ダウンロード日時,2026/02/21 04:36
送信者タイプ,送信者名,送信日,送信時刻,内容
User,ないとう なっちゃん,2024/08/26,21:38:29,利用方法を教えて
User,ないとう なっちゃん,2024/10/01,10:54:13,配送先
User,ないとう なっちゃん,2024/10/01,10:54:27,発送先
User,ないとう なっちゃん,2024/10/01,10:54:44,送り先
User,ないとう なっちゃん,2024/10/01,10:55:33,配送先
User,ないとう なっちゃん,2024/10/01,11:09:11,発送先
User,ないとう なっちゃん,2024/10/01,11:11:30,発送先
User,ないとう なっちゃん,2024/10/01,11:12:51,発送
User,ないとう なっちゃん,2024/10/01,11:16:00,発送先
Account,応答メッセージ,2024/10/01,11:16:00,"ないとう なっちゃん様

お買取希望の商品は以下の住所へ発送をお願い申し上げます(saluting man)
ご利用方法に記載のある梱包に関する注意事項を改めてご確認ください。

また発送は原則ヤマト運輸さんよりお願い申し上げます(sparkle)

【発送先】
株式会社AiGIVE 内藤宛
〒940-0081
新潟県長岡市南町1-6-13
050-5470-3570

また発送されましたら以下の情報をご連絡ください(explaining)
①　追跡番号
②　発送日・到着指定時間"
User,ないとう なっちゃん,2024/10/01,11:16:07,こんにちは
User,ないとう なっちゃん,2025/11/30,18:30:26,毎々、お世話になっております。
User,ないとう なっちゃん,2025/11/30,18:30:35,シュリンクなしは買取していますか？
User,ないとう なっちゃん,2025/11/30,18:31:07,シュリンクなし
User,ないとう なっちゃん,2025/12/01,14:15:28,シュリンクなし
User,ないとう なっちゃん,2025/12/01,14:16:41,シュリンクなし
Account,AIチャットボット(β),2025/12/01,14:16:42,情報利用許可のお願い
User,ないとう なっちゃん,2025/12/01,14:17:03,シュリンクなし
Account,AIチャットボット(β),2025/12/01,14:17:05,"お問い合わせありがとうございます！
適切な回答が見つかりませんでした。ほかの聞き方をお試しください。"
User,ないとう なっちゃん,2025/12/01,14:17:09,シュリンクなし
Account,AIチャットボット(β),2025/12/01,14:17:11,"誠に申し訳ございませんが、弊社ではシュリンク（外装フィルム）がついていない製品の買取は一切行っておりません。

ご要望にお応えできず大変恐縮ですが、シュリンク付きの製品の買取をご検討いただけますようお願い申し上げます。"
User,ないとう なっちゃん,2025/12/01,14:17:18,今日の価格は？
Account,AIチャットボット(β),2025/12/01,14:17:20,"お問い合わせありがとうございます！
適切な回答が見つかりませんでした。ほかの聞き方をお試しください。"
User,ないとう なっちゃん,2026/01/20,12:45:38,あ
User,ないとう なっちゃん,2026/01/20,12:53:15,あ
