﻿アカウント名,にこにこ買取＠業界最高の買取価格宣言！
タイムゾーン,'+09:00
ダウンロード日時,2026/02/21 04:36
送信者タイプ,送信者名,送信日,送信時刻,内容
Account,応答メッセージ,2026/01/10,15:11:46,"かずたかさん
はじめまして！にこにこ買取＠業界最高の買取価格宣言！です。
友だち追加ありがとうございます！
にこにこ買取です(moon big smile)

ポケモンカードなどトレーディングカード全般の買取を行っております。
買取ご希望のお客様はなんでもお気軽に連絡してください(saluting man)

ご郵送買取の流れはメニューから”郵送買取の流れ”をご確認ください(sparkle)

ご郵送買取ご希望の場合にはメニューの”申し込みフォーム”からご申請が可能となっております。

お問い合わせなどはお気にご連絡ください。"
User,かずたか,2026/01/18,11:05:54,買取お願いしたいのですが送料無料の条件はなんでしょうか？
Account,内藤夏樹,2026/01/18,11:08:12,"毎々、お世話になっております。
送料無料条件はご利用方法に記載がございます。"
User,かずたか,2026/01/18,11:10:34,"ありがとうございます！
見てみます"
User,かずたか,2026/01/18,11:22:39,"メガドリシュリあり4個10600円
ザベスト2、12個 4500円
師弟の絆1個 5700円
二つの伝説14個 5600円
買取お願いしたいです🙇‍♂️"
Account,内藤夏樹,2026/01/18,11:29:12,ザベスト2　締め切りとなってしまいました。
Account,内藤夏樹,2026/01/18,11:29:24,"毎々、お世話になっております。
御見積書を送付いたします。

- 買取見積書 -

・ポケモンカード
メガドリームex BOX
4箱
単価 10,400円
小計 41,600円

・ワンピースカード
師弟の絆 BOX
1箱
単価 5,700円
小計 5,700円

・ワンピースカード
二つの伝説 BOX
14箱
単価 5,600円
小計 78,400円

減額項目：
・該当なし

合計：125,700円
減額合計：-0円
最終買取金額：125,700円

【注意事項】
こちらのお見積もりを印刷して商品に同梱してください。
同梱がない場合には査定が遅れる場合がございます。
ご確認のほど、よろしくお願いいたします。"
User,かずたか,2026/01/18,11:32:46,初めてなのですが申込みフォームを記入すればいいですか？
Account,内藤夏樹,2026/01/18,11:33:35,はい、よろしければこのままお申込を宜しくお願い致します。
User,かずたか,2026/01/18,11:44:19,フォーム送信しました
User,かずたか,2026/01/18,11:44:46,にこにこさんはPDFの印刷等はないですか？
Account,内藤夏樹,2026/01/18,11:48:37,"ありがとうございました。
PDFの印刷はありません。"
User,かずたか,2026/01/18,12:08:12,"すみません
20以上になってるかと思ったら19だったのでザベストを2つ追加したいのですがまだいけますか"
Account,内藤夏樹,2026/01/18,12:22:43,ザベスト2は〆切となりました🙇🏻‍♂️
User,かずたか,2026/01/18,12:23:26,ザベスト1の方です！
Account,内藤夏樹,2026/01/18,12:23:42,大丈夫です。
User,かずたか,2026/01/18,12:24:19,もう一度フォーム送り直した方がよろしいでしょうか？
Account,内藤夏樹,2026/01/18,12:33:08,"いえ、こちらで賜ります。
大丈夫です。"
User,かずたか,2026/01/18,12:37:19,"わかりました
ザベスト1を2個 7800円
よろしくお願いします"
User,かずたか,2026/01/18,12:58:08,"ヤマト運輸
289016360382
岡部一孝"
User,かずたか,2026/01/18,12:58:14,発送しました
Account,内藤夏樹,2026/01/18,13:11:26,ありがとうございました。
Account,内藤夏樹,2026/01/18,14:36:22,"毎々、お世話になっております。
御見積書を送付いたします。

- 買取見積書 -

・ポケモンカード
メガドリームex BOX
4箱
単価 10,400円
小計 41,600円

・ワンピースカード
師弟の絆 BOX
1箱
単価 5,700円
小計 5,700円

・ワンピースカード
二つの伝説 BOX
14箱
単価 5,600円
小計 78,400円

・ワンピースカード
THE BEST vol.1 BOX
1箱
単価 7,800円
小計 7,800円

減額項目：
・該当なし

合計：133,500円
減額合計：-0円
最終買取金額：133,500円

※20点以上の分量のため、送料は弊社負担（着払い）でお送りください。

【注意事項】
こちらのお見積もりを印刷して商品に同梱してください。
同梱がない場合には査定が遅れる場合がございます。
ご確認のほど、よろしくお願いいたします。"
User,かずたか,2026/01/18,14:37:24,ザベスト1は2個です！
Account,内藤夏樹,2026/01/18,14:41:08,"毎々、お世話になっております。
御見積書を送付いたします。

買取見積書 -
・ポケモンカード　メガドリームex　4箱　単価10,400円　小計41,600円
・ワンピースカード　師弟の絆　1箱　単価5,700円　小計5,700円
・ワンピースカード　二つの伝説　14箱　単価5,600円　小計78,400円
・ワンピースカード　THE BEST vol.1　2箱　単価7,800円　小計15,600円

合計箱数：21箱
合計：141,300円
減額合計：0円
最終買取金額：141,300円"
Account,内藤夏樹,2026/01/18,14:41:17,大変申し訳ございません。
User,かずたか,2026/01/18,14:44:01,"ありがとうございます🙇‍♂️
よろしくお願いします"
Account,内藤夏樹,2026/01/19,15:25:35,送信が取り消されたメッセージです
Account,内藤夏樹,2026/01/19,15:39:09,"お送りいただきました商品が到着いたしましたので、確認結果をご報告いたします。

誠に申し上げにくいのですが、今回お送りいただいた商品につきまして、全数に再販可能な基準を大幅に下回る状態不備が確認されました。 
弊社利用規約 第3条第1項⑺（状態に問題がある商品）に基づき、こうした状態のものは販売が困難なため、買取をお受けすることができません。

あわせて、商品1点に輸送中と思われる破損が確認されました。 （写真を参照ください）
こちらは規約上の免責事項ではございますが、お客様の過失ではないと判断しておりますので、弊社にて可能な限りの対応をさせていただきます。

つきましては、今回は以下のように対応させていただきます。

1. 破損品以外の商品の返却 再販基準を満たさない商品につきましては、本日中に「着払い」にて返送させていただきます。
2. 破損品の対応 弊社よりヤマト運輸へ、輸送中の破損として連絡を入れます。 後ほどヤマト運輸より、破損した商品の回収および補償に関する手続きのため、お客様へ直接ご連絡が行くよう手配いたします。 それ以降の協議につきましては、恐れ入りますがお客様とヤマト運輸の間で直接進めていただけますと幸いです。

ご期待に沿えず心苦しい限りですが、規約に基づいた適正な運営のため、何卒ご理解いただけますようお願い申し上げます。"
Account,内藤夏樹,2026/01/19,15:40:16,写真を送信しました。
Account,内藤夏樹,2026/01/19,15:40:16,写真を送信しました。
User,かずたか,2026/01/19,15:41:49,全部返送ということでしょうか？
Account,内藤夏樹,2026/01/19,15:43:33,はい、今回は全商品の買取が不可となりましたため、状態不備のあるものは着払いで返却させていただき、破損品については配送補償の手続きのため、弊社から運送会社（ヤマト運輸）へ引き渡す形となります。
User,かずたか,2026/01/19,15:45:37,"全ての商品にこのような破損がある感じですか？
全商品確認しましたが綺麗な状態と判断して梱包発送したのですが…"
Account,内藤夏樹,2026/01/19,15:48:45,"ご質問いただいた点について、改めて詳細をご説明させていただきます。

1. 商品の破損について 配送中のトラブルと思われる物理的な「破損（折れや潰れ等）」が確認されたのは、お預かりした中の1点のみでございます。全品が破損しているわけではございませんので、その点はご安心ください。
→こちらの商品はヤマト運輸様へ弊社から輸送時の破損ということでお伝えし、すぐにお客様へ連絡がいくように手続きします。

2. 状態不備について 
破損以外の全商品につきまして、外観は非常に綺麗な状態ではございましたが、弊社基準において再販が困難な状態異常を確認いたしました。 "
User,かずたか,2026/01/19,15:51:05,"説明ありがとうございます🙇‍♂️
1については理解出来ました
2についてお聞きしたいのですが再販が困難な状態異常とはどのようなことなのでしょうか？
次回からの参考にしたいので詳しくお聞きしたいです"
Account,内藤夏樹,2026/01/19,15:53:39,"大変申し伝えにくいことではございますが、今回のお品物につきましては、全体的に「強いにおいの付着」が確認されました。

トレーディングカードはコレクション品としての側面が強く、弊社から次のお客様へ納品した際、わずかなにおいの付着であっても重大なトラブルや返品の原因となることがございます。

弊社といたしましては、二次流通における品質を保証し、ご購入者様とのトラブルを未然に防ぐ責任がございます。 そのため、お品物の外観がどれほど綺麗であっても、においが付着している場合は一律で「再販困難」という判断を下さざるを得ないのが実情でございます。

お客様が大切にされていたお品物に対し、このような回答を差し上げるのは大変心苦しいのですが、弊社の品質管理上のルールとして何卒ご理解いただけますと幸いです。

破損品の対応については、別途ヤマト運輸との連携を進めてまいります。"
User,かずたか,2026/01/19,15:57:08,"あ、他の買取屋でもタバコの匂いを注意されたことがあります…
わかりました
説明ありがとうございます🙇‍♂️"
Account,内藤夏樹,2026/01/19,15:59:04,我々も再販するためご理解頂けますと幸甚に存じます。
User,かずたか,2026/01/19,16:05:38,"これから気をつけます！ 
ありがとうございました"
Account,内藤夏樹,2026/01/19,16:06:00,"ありがとうございました。
では、ご説明の通り進めます。"
Account,内藤夏樹,2026/01/19,16:06:17,写真を送信しました。
User,かずたか,2026/01/19,16:06:32,"よろしくお願いします
とりあえずヤマトからの電話来るのを待てばよろしいでしょうか？"
Account,内藤夏樹,2026/01/19,16:07:34,"はい、お待ち頂いて大丈夫です。

もしくは電話しておくとスムーズかと思います。
出されたヤマト運輸の支店に連絡がよろしいかと思います。"
Account,内藤夏樹,2026/01/19,16:07:51,写真を送信しました。
User,かずたか,2026/01/19,16:10:56,"わかりました
1度連絡してみます"
