﻿アカウント名,にこにこ買取＠業界最高の買取価格宣言！
タイムゾーン,'+09:00
ダウンロード日時,2026/02/21 04:36
送信者タイプ,送信者名,送信日,送信時刻,内容
Account,応答メッセージ,2025/03/23,13:48:58,"YUSUKEさん
はじめまして！にこにこ買取＠業界最高の買取価格宣言！です。
友だち追加ありがとうございます！
にこにこ買取です(moon big smile)

ポケモンカードなどトレーディングカード全般の買取を行っております。
買取ご希望のお客様はなんでもお気軽に連絡してください(saluting man)

ご郵送買取の流れは以下の”郵送買取の流れ”をご確認ください(sparkle)

お問い合わせなどはお気軽にメッセージからご連絡ください(phone)"
Account,応答メッセージ,2025/03/23,13:48:58,写真を送信しました。
Account,応答メッセージ,2025/03/23,13:48:58,写真を送信しました。
User,YUSUKE,2025/07/12,19:03:44,お世話になってるおります。
User,YUSUKE,2025/07/12,19:04:16,"明日便発送になりますが
ブラックボルト
ホワイトフレア

上記をお買取お願いしたいのですが。"
User,YUSUKE,2025/08/31,12:17:20,"にこにこ買取
ご担当者様

いつも大変お世話になっております。

私個人事業主をしております。
白數由祐と申します。

貴社にて「ラブブ」の在庫をお持ちかどうか確認させていただきたくご連絡差し上げました。

もし国内において私自身がまとまった数量を購入させていただく場合、
御社としてどの程度の金額でご提示いただけるか、お見積りをお願いできれば幸いです。

ご多忙のところ恐れ入りますが、ご確認のほどよろしくお願いいたします🙇‍♂️"
Account,内藤夏樹,2025/08/31,12:44:40,"毎々、お世話になっております。
どのシリーズでしょうか？"
User,YUSUKE,2025/08/31,12:47:47,"ご返信ありがとうございます！

シリーズに縛りはございません！

現在在庫のあるものだけでも結構ですのでお見積もりだけでもお願いできますと幸いです🙇‍♂️"
Account,内藤夏樹,2025/08/31,12:59:04,"価格と数量から集めることができるかもしれないです。

マカロンはいくらで買取できそうですか？"
User,YUSUKE,2025/08/31,13:10:18,"恐れ入ります🙇‍♂️

弊方での提示額というよりも、御社にて現在ご提示いただけるお値段感をお伺いできれば幸いです🙇‍♂️

マカロンに限らず、在庫としてご用意可能なシリーズごとに
概算でもご提示いただけますでしょうか？

何卒宜しくお願い申し上げます🙇‍♂️"
User,YUSUKE,2025/09/09,17:58:18,初めまして！
User,YUSUKE,2025/09/09,17:58:41,"明日便発送でもこの金額保証されますか？

ロケット団買取お願いしたいんですが！"
Account,内藤夏樹,2025/09/09,18:14:52,"毎々、お世話になっております！
大丈夫です！
今予約をお願いしております🙇🏻‍♂️🙇🏻‍♂️"
Account,内藤夏樹,2025/09/09,18:14:59,何箱でしょうか？
User,YUSUKE,2025/09/09,18:16:43,おお！！予約のシステムもあるんですね！！
User,YUSUKE,2025/09/09,18:16:55,にこにこさんは初めてですがよろしくお願い申し上げます🙇‍♂️
Account,内藤夏樹,2025/09/09,18:16:59,よろしくお願い申し上げます。
Account,内藤夏樹,2025/09/09,18:17:16,時と場合によりますが、可能です
User,YUSUKE,2025/09/09,18:18:27,少し集計しますのでお待ちください！
User,YUSUKE,2025/09/09,18:18:32,スタンプを送信しました。
Account,内藤夏樹,2025/09/09,18:18:54,承知しました。
User,YUSUKE,2025/09/09,18:22:49,"再確認なのですが、買取表は9800ですが

現在予約ですと9600という認識でお間違い無いですか？"
User,YUSUKE,2025/09/09,18:23:11,せっかくなので他のものもお送りさせてもらおうと思って確認しておりました✨
Account,内藤夏樹,2025/09/09,18:23:20,価格表は更新できておりません🙇🏻‍♂️
Account,内藤夏樹,2025/09/09,18:23:25,9600円にてよろしくお願い申し上げます。
User,YUSUKE,2025/09/09,18:23:35,なるほどです🙇‍♂️
User,YUSUKE,2025/09/09,18:23:46,他のものは金額変わらないですか？
Account,内藤夏樹,2025/09/09,18:24:02,いいえ変わります。
Account,内藤夏樹,2025/09/09,18:24:12,他のものは現在停止しております
User,YUSUKE,2025/09/09,18:24:22,おお！ロケットのみでしたか！
User,YUSUKE,2025/09/09,18:25:07,"へーーすごい突出した買取方法されるんですね！！

欲しいものを必要なだけ必ず回収する上手いやり方です！

更新大変そうですが💦"
Account,内藤夏樹,2025/09/09,18:25:13,"申し訳ございませんが本日はその通りとなります。

また明日発送は明後日着のみです🙇🏻‍♂️"
User,YUSUKE,2025/09/09,18:25:26,勉強になります✨
User,YUSUKE,2025/09/09,18:25:45,"ロケット一旦29ボックスですが！
お買取お願いできますか？"
User,YUSUKE,2025/09/09,18:25:53,確定します！
Account,内藤夏樹,2025/09/09,18:26:07,"ありがとうございました。

ロケット団の栄光
9600×29箱"
Account,内藤夏樹,2025/09/09,18:26:12,こちらでご申請をよろしくお願い申し上げます。
Account,内藤夏樹,2025/09/09,18:26:24,メニューから申請フォームの送信をよろしくお願い申し上げます。
User,YUSUKE,2025/09/09,18:26:30,すいません！
User,YUSUKE,2025/09/09,18:26:35,個数を誤りました！！
User,YUSUKE,2025/09/09,18:26:54,23ボックスです！！
User,YUSUKE,2025/09/09,18:27:01,失礼しました🙇‍♂️
Account,内藤夏樹,2025/09/09,18:29:29,大丈夫です。
Account,内藤夏樹,2025/09/09,18:29:31,よろしくお願い申し上げます。
User,YUSUKE,2025/09/09,18:29:52,"ありがとうございます。

そちらで申請させてもらいます🙇‍♂️"
Account,内藤夏樹,2025/09/09,18:30:23,"よろしくお願い申し上げます。
申請が終わりましたら確認させていただきますので連絡をよろしくお願い申し上げます。"
User,YUSUKE,2025/09/09,18:39:04,"申請しました！

本人書類より太ったのですが自分です！笑笑"
User,YUSUKE,2025/09/09,18:39:29,"セルフィー導入されてる会社さんはここが初めてですね！

すごい厳格にお買取されてますね！！"
User,YUSUKE,2025/09/09,18:39:49,写真を送信しました。
User,YUSUKE,2025/09/09,18:41:00,"お振込み時の会社名とこちらは一致しておられますかね？

可能ならこちらと同じ名称でお振込みしてもらえると確認しやすいので助かります🙇‍♂️"
Account,内藤夏樹,2025/09/09,18:43:46,ありがとうございました。
User,YUSUKE,2025/09/09,18:44:01,こちらこそ🙇‍♂️！
Account,内藤夏樹,2025/09/09,18:44:03,振込みは会社名より行います。
Account,内藤夏樹,2025/09/09,18:44:11,明日の発送をよろしくお願い申し上げます。
User,YUSUKE,2025/09/09,18:44:19,"ありがとうございます😊！

ヤマト運輸のみでしょうか？？？"
User,YUSUKE,2025/09/09,18:44:34,もし可能なら佐川急便にて明日ご発送させてもらいたいのですが！
User,YUSUKE,2025/09/09,18:44:46,承知しました！
Account,内藤夏樹,2025/09/09,20:58:06,はい、佐川急便でも可能です。
Account,内藤夏樹,2025/09/09,20:58:14,ご連絡ありがとうございます。
User,YUSUKE,2025/09/09,20:58:28,ありがとうございます😊
User,YUSUKE,2025/09/09,20:58:50,"明日便集荷にてご発送します🙇‍♂️

もし明日の金額で出せそうなものあれば一緒にお願いしたいです🙇‍♂️"
Account,内藤夏樹,2025/09/09,21:24:29,なにがご希望でしょうか？
User,YUSUKE,2025/09/09,21:27:55,"直近他社等の買取を参考にさせていただきまして！

検討してますのは

テラフェス
クレイバースト
クリムゾンヘイズ
サイバージャッジ
シャイニー
バトルリージョン
ポケモンGO

です！
バトリージョンは3カートン4カートン➕バラもございます！"
User,YUSUKE,2025/09/09,21:28:31,"失礼！
バトルリージョン
3カートン➕バラ少しです！"
Account,内藤夏樹,2025/09/09,21:28:55,"すごいですね！
それはぜひゆっくりと商談させてください。"
User,YUSUKE,2025/09/09,21:29:21,ぜひぜひ✨
Account,内藤夏樹,2025/09/09,21:35:06,"こちらはお持ちではないでしょうか？

メガブレイブ　５０x　１０２００
メガシンフォニア　１００x　７３００"
User,YUSUKE,2025/09/09,21:35:54,"申し訳ございません🙇‍♂️

本日メガ系は手放しました🙇‍♂️

ブレイブ10600
シンフォニア7300

上記です🙇‍♂️"
User,YUSUKE,2025/09/09,21:37:25,"合計250box
シュリ有無含めて400ま近くで流してます。

にこにこさん
もし金額を頑張ってもらえたりするなら今後も入れば流しますよ！

物は保証します🙇‍♂️"
Account,内藤夏樹,2025/09/09,21:38:33,"もちろん頑張ります！
手が回らなくて価格表更新していないですが、個別に連絡いただければ調整しますのでいつでも連絡してください。"
User,YUSUKE,2025/09/09,21:39:52,"ありがとうございます😭

頼りにしてます！
私は問屋、コンビニオーナーさんたちから流してもらったり、自社での買取もしてます！

トレカは7年ほど商材は触ってきました。

ちなみに上記金額でしたら本日お取引はしてもらえましたか？"
Account,内藤夏樹,2025/09/09,21:40:35,ブレイブ今日１０６００はちょっと手が出なかったかもしれないです
User,YUSUKE,2025/09/09,21:41:10,"そうでしたか💦

やはり他社さんも交渉してましたが10600だしてくれたのは一社のみでした！

ほとんどは10500です！"
Account,内藤夏樹,2025/09/09,21:41:28,ですね！１０５００でも結構張ってますね！
User,YUSUKE,2025/09/09,21:41:55,"ブレイブ安すぎますけどね💦

再販くるにしても内容やシングルに対して箱は過小評価されてると思ってます😭"
User,YUSUKE,2025/09/09,21:42:44,"おおよそ海外販路の方たちは今苦しいはずなので。

再販情報も事前にしっていたでしょうから、今は高く取りたくなかったんだと思います。"
Account,内藤夏樹,2025/09/09,21:58:04,"意外に海外販路はシビアですからね。
とくに今はどんどん価格競争が起こっています。
大手買取屋さんが前面でばちばちに売ってますので、普通の方達は価格面ではまず勝てないです。"
User,YUSUKE,2025/09/09,21:59:24,"ですねぇ

買取屋さんも増えましたから。
その当時はソムリエさん一強でしたが。

コンサルグループから生徒さんたちがかなりの数で参入されてから一気に変わりました。"
Account,内藤夏樹,2025/09/09,22:00:30,"そうですね。
なかなかやばい買取屋さんも多いので気をつけないとです・・・"
User,YUSUKE,2025/09/09,22:02:08,"とりあえず振込遅いとこはどんだけ高くとも利用は控えてますね。

どこが怪しいとかご存知です？

言える範囲で結構です。
最近は同じ場所しか利用してなかったもので。"
User,YUSUKE,2025/09/09,22:02:20,"キリンさん🦒

は有名ですね✨"
Account,内藤夏樹,2025/09/09,22:03:38,"弊社は原則到着日、おそくとも翌日にはお振込みしておりますので安心してください。
口コミ書いてくれないですが、悪口はあまりないのではないかなぁと思っています。"
Account,内藤夏樹,2025/09/09,22:04:14,"それはプレイバシーや同業であるので差し控えます。
オーナーさん知っている場合がほとんどです。"
User,YUSUKE,2025/09/09,22:05:05,"にこにこさんは出る杭なんでしょうね

高く出す新参は同業から妬まれます笑笑

僕らのようなユーザーからすれば嬉しい限りですが笑笑"
Account,内藤夏樹,2025/09/09,22:05:08,"キリンは中華系ですからね。
高いけど、そこそこ注意が必要ですので持ち込みをお勧めしています。"
Account,内藤夏樹,2025/09/09,22:05:33,というと悪口書かれているってことですかw
User,YUSUKE,2025/09/09,22:05:55,"いやほんとうに

中華は敵わない。

アイアイやらアヴィさんもそこら辺もそうでしたね

高いけど減額されすぎて話なりませんでした笑笑"
Account,内藤夏樹,2025/09/09,22:06:07,アイアイとアヴィは同じ会社ですね
User,YUSUKE,2025/09/09,22:06:28,"いやいや。
他社の同業さんからにこにこさんはお話し出ることあるので。

高い！！って笑笑"
Account,内藤夏樹,2025/09/09,22:06:40,"どうやら最近は突破率高いらしいですよ！
実体験ではないので、本当かはわかりませんが"
User,YUSUKE,2025/09/09,22:07:02,"そうなんですか？

以前から利用してませんでしたが、突破！するんですねww"
Account,内藤夏樹,2025/09/09,22:07:09,弱小なので、、、がんばらないと売ってくださらないのです
User,YUSUKE,2025/09/09,22:07:32,"いや最初の餌巻きは必要です。

現にその餌に私は釣られてきましたwwww"
Account,内藤夏樹,2025/09/09,22:07:35,もしかすると引き合い条件にされただけかもしれないので真偽不明です
User,YUSUKE,2025/09/09,22:07:54,"あー高くとらせたいからw

なるほどw"
Account,内藤夏樹,2025/09/09,22:08:07,よくされます。
User,YUSUKE,2025/09/09,22:08:26,まあ高くは売りたいですが笑笑
Account,内藤夏樹,2025/09/09,22:08:32,可能な限りご相談に乗るようにはしますが、あまりに強いプレッシャーの場合にはお控えいただいております
User,YUSUKE,2025/09/09,22:08:39,ただそれするとキリがない
User,YUSUKE,2025/09/09,22:08:53,それに他社引き合いに出されたら気分悪いでしょ？
User,YUSUKE,2025/09/09,22:08:58,ならそっちだせやww
User,YUSUKE,2025/09/09,22:09:01,ってなる。
Account,内藤夏樹,2025/09/09,22:09:33,悪くはないんですが、あまりに激しいと困ってしまう場合もあります
User,YUSUKE,2025/09/09,22:09:37,"承知しました🙇‍♂️

無理な時は無理！
で終わりましょ！"
Account,内藤夏樹,2025/09/09,22:09:45,気持ちはわかるので安心してください
User,YUSUKE,2025/09/09,22:10:20,"ありがとうございます😊

ただみんな売り先は違うし金額も違うので。

そこが出したからその値段は難しいのも分かってます。"
Account,内藤夏樹,2025/09/09,22:10:40,テキストだと冷たく感じてしまうこともありますので。。。
User,YUSUKE,2025/09/09,22:10:58,"僕は話されててわかるかもですが

駆け引き下手くそですwww"
Account,内藤夏樹,2025/09/09,22:11:11,"ご理解いただきありがたいです。
末長くお願いしたいです。"
User,YUSUKE,2025/09/09,22:11:19,"感情に流されたりするほうで笑笑

ビジネスには向かない笑笑"
Account,内藤夏樹,2025/09/09,22:11:31,いえいえ！こんなに色々聞いてくれるかたの方がすくないです。
User,YUSUKE,2025/09/09,22:12:03,"こちらこそ末長く🙇‍♂️

請求書も簡易的ですが発行できますから。

あとで国に返してもらってください。"
User,YUSUKE,2025/09/09,22:12:55,"本当ですか？笑笑

僕は結構どの方達とも親しくする方なので。

特に買取屋さんたちは僕にとっては一番大きな販路です。

なので大切なご縁です。"
Account,内藤夏樹,2025/09/09,22:13:23,"弊社は古物商取引を正確に行なっており、請求書の発行は不要となります。
ご配慮いただきありがとうございます。"
User,YUSUKE,2025/09/09,22:14:04,"そうでしたらよかったです🙇‍♂️

他社さんでも買取同意書じゃなくて、インボイス発行してくれって言われるもんで笑笑"
Account,内藤夏樹,2025/09/09,22:16:22,"そうなんですね！
弊社は不要ですが、毎回申請はしていただく必要があり、お手間をおかけしますが古物商取引要件となりますので
なにとぞご理解いただけますとありがたいです。"
User,YUSUKE,2025/09/09,22:16:36,承知しました🙇‍♂️
User,YUSUKE,2025/09/09,22:16:59,"明日は初お取引！

何卒よろしくお願い申し上げます🙇‍♂️

逆にいつでもオファーください✨"
User,YUSUKE,2025/09/09,22:20:54,"よければこちらぜひご検討を！

テラフェス50〜60
13500

クレイバースト12
10500

サイバー11
6800

シャイニートレジャー13
11500

バトルリージョン87
9000

ポケモンGO20
8800

この辺で考えてます！
少し高いですがぜひご検討ください🙇‍♂️！

これからもよろしくお願い申し上げます🤝"
Account,内藤夏樹,2025/09/09,22:34:10,"そうですね。
価格が全体的に高めですが、また相談させてください。"
User,YUSUKE,2025/09/09,22:34:29,スタンプを送信しました。
User,YUSUKE,2025/09/10,11:38:14,"お世話になってます！

ロケット団24boxお送りさせてもらっても大丈夫でしょうか？"
Account,内藤夏樹,2025/09/10,11:38:30,"もちろん可能です。
よろしくお願い申し上げます。"
User,YUSUKE,2025/09/10,11:38:38,ありがとうございます😊
User,YUSUKE,2025/09/10,11:38:43,本日便にてご発送します！
Account,内藤夏樹,2025/09/10,11:38:47,よろしくお願い申し上げます。
Account,内藤夏樹,2025/09/10,11:39:33,"ロケット団の栄光
9600円x24箱"
User,YUSUKE,2025/09/10,11:39:51,(お願いします)
Account,内藤夏樹,2025/09/10,11:42:27,ありがとうございます
User,YUSUKE,2025/09/10,12:24:29,写真を送信しました。
User,YUSUKE,2025/09/10,12:24:37,こちらで本日発送します🙇‍♂️
Account,内藤夏樹,2025/09/10,12:37:24,ありがとうございました。
User,YUSUKE,2025/09/11,12:50:47,ニコニコさん!
User,YUSUKE,2025/09/11,12:50:53,価格すごいですね！！
Account,内藤夏樹,2025/09/11,12:53:10,"どうですか！！
限りはあるんですが、頑張らせていただいております🙇🏻‍♂️"
Account,内藤夏樹,2025/09/11,12:53:16,どの辺が良さそうでした？
User,YUSUKE,2025/09/11,12:53:22,今日ある分全部投げます✨
User,YUSUKE,2025/09/11,12:53:33,"いや全体的にですよ！
超高水準です！"
User,YUSUKE,2025/09/11,12:53:53,他社が可哀想になります笑笑
Account,内藤夏樹,2025/09/11,12:54:01,"限りがあるので、その際はご容赦ください。

めっちゃ申請がきています、、、。"
User,YUSUKE,2025/09/11,12:55:36,ちなみに何十ボックスとか厳しいですか？
User,YUSUKE,2025/09/11,12:55:42,今全て集計してます！
Account,内藤夏樹,2025/09/11,12:55:46,何がありますでしょうか？
Account,内藤夏樹,2025/09/11,12:55:52,そうですね！よろしくお願いします🙇
User,YUSUKE,2025/09/11,12:55:59,殆どあります！
Account,内藤夏樹,2025/09/11,12:56:16,メガ、ブラホワ、ロケット、とか新しいものはなかなか集まっています
User,YUSUKE,2025/09/11,13:04:34,"ヒロシマ3
ブレイブ8
シンフォニア5
ブラックボルト1
ホワイトフレア2
ロケット1
バトパ4
超電5
楽園6
変幻13
クリムゾン15
ワイルド5
サイバー12
シャイトレ27
古代11
未来2
レイジ19
トトト2
スカーレット6
バイオ2
パラトリ2
ポケモンgo21
ダークファンタ7
ゲイザー2
Vクラ5
25th 1
イーブイ1"
User,YUSUKE,2025/09/11,13:04:44,集まりにくいとこがおおいかと✨！
Account,内藤夏樹,2025/09/11,13:05:54,これ売っちゃっていいんですか、、、？
Account,内藤夏樹,2025/09/11,13:06:00,ありがたいんですが、、、
User,YUSUKE,2025/09/11,13:06:08,いいですよ✨
User,YUSUKE,2025/09/11,13:06:36,"僕は回転率の方が優先なので！

ただできたら発送に準備あって明日送るのは難しいですか💦"
Account,内藤夏樹,2025/09/11,13:06:44,"ヒロシマだけ締め切ってしまいましたので、それ以外で見積もりさせていただきますね。
少々お待ちください。"
User,YUSUKE,2025/09/11,13:07:00,写真を送信しました。
Account,内藤夏樹,2025/09/11,13:07:05,"ヒロシマを認めていただけたら
明日でも構いません。

私も見積もり夜にしても良いですか？"
User,YUSUKE,2025/09/11,13:07:19,"この辺はそのまま送ります！
中身は確認してます！"
User,YUSUKE,2025/09/11,13:07:31,ヒロシマ悲しい
User,YUSUKE,2025/09/11,13:07:47,大丈夫です！！
User,YUSUKE,2025/09/11,13:08:03,僕も急いだもんで個数あってるか怪しいので！💦
User,YUSUKE,2025/09/11,13:08:37,ヒロシマ金額下げてもいいので多少平均30000でどうですか？？？
User,YUSUKE,2025/09/11,13:09:38,"ゆっくりで大丈夫ですよ👌

ある分は全てニコニコさんにお願いしようと考えてます！

ヒロシマも明日から2.30個はくるので！！"
User,YUSUKE,2025/09/11,13:10:51,"マックプロモ、長場プロモ、メガゲンセット

そこらへんもたくさんあります！
まとめていっぱい買取してください🙇‍♂️笑笑"
Account,内藤夏樹,2025/09/11,13:11:46,"また相談しましょう！
ありがとうございます😭"
Account,内藤夏樹,2025/09/11,13:12:03,え、botやってますか？
User,YUSUKE,2025/09/11,13:12:13,いえいえ！！
User,YUSUKE,2025/09/11,13:12:25,"してませんよ笑笑

したいけど笑笑"
User,YUSUKE,2025/09/11,13:16:08,"あ！
ヒロシマはとりあえず今日分3だけは30000確定！

明日分は明日相場で可能ならお願い申し上げます🙇‍♂️

そこは相談させてください🙇‍♂️💦
僕は販路国内の割に仕入れ高いもんで💦"
Account,内藤夏樹,2025/09/11,13:18:54,"ありがとうございます。
ヒロシマ
3×30000で約束させて頂きます。

その他は追って調整させていただきます。"
User,YUSUKE,2025/09/11,13:19:10,よろしくお願い申し上げます🙇‍♂️
User,YUSUKE,2025/09/11,13:19:18,また夜にぜひ🙏✨
User,YUSUKE,2025/09/11,13:19:49,"在庫は出さずに置いておきます！

僕も正確な個数整理しておきますね！！"
Account,内藤夏樹,2025/09/11,13:20:25,よろしくお願い申し上げます。
User,YUSUKE,2025/09/11,13:28:12,スタンプを送信しました。
Account,内藤夏樹,2025/09/11,17:13:33,"毎々、お世話になっております。  
御見積書を送付いたします。

- 買取見積書 -
・ポケモンカード　ヒロシマ　3箱　単価30,000円　小計90,000円  
・ポケモンカード　メガブレイブ　8箱　単価10,500円　小計84,000円  
・ポケモンカード　メガシンフォニア　5箱　単価7,500円　小計37,500円  
・ポケモンカード　ブラックボルト　1箱　単価10,100円　小計10,100円  
・ポケモンカード　ホワイトフレア　2箱　単価8,800円　小計17,600円  
・ポケモンカード　ロケット団の栄光　1箱　単価9,600円　小計9,600円  
・ポケモンカード　バトルパートナーズ　4箱　単価7,900円　小計31,600円  
・ポケモンカード　超電ブレイカー　5箱　単価12,900円　小計64,500円  
・ポケモンカード　楽園ドラゴーナ　6箱　単価9,300円　小計55,800円  
・ポケモンカード　変幻の仮面　13箱　単価7,900円　小計102,700円  
・ポケモンカード　クリムゾンヘイズ　15箱　単価9,700円　小計145,500円  
・ポケモンカード　ワイルドフォース　5箱　単価7,400円　小計37,000円  
・ポケモンカード　サイバージャッジ　12箱　単価7,000円　小計84,000円  
・ポケモンカード　シャイニートレジャーex　27箱　単価11,600円　小計313,200円  
・ポケモンカード　古代の咆哮　11箱　単価7,400円　小計81,400円  
・ポケモンカード　未来の一閃　2箱　単価6,500円　小計13,000円  
・ポケモンカード　レイジングサーフ　19箱　単価9,600円　小計182,400円  
・ポケモンカード　トリプレットビート　2箱　単価11,100円　小計22,200円  
・ポケモンカード　スカーレットex　6箱　単価8,700円　小計52,200円  
・ポケモンカード　バイオレットex　2箱　単価7,400円　小計14,800円  
・ポケモンカード　パラダイムトリガー　2箱　単価13,100円　小計26,200円  
・ポケモンカード　PokémonGO　21箱　単価8,400円　小計176,400円  
・ポケモンカード　ダークファンタズマ　7箱　単価9,300円　小計65,100円  
・ポケモンカード　タイムゲイザー　2箱　単価12,300円　小計24,600円  
・ポケモンカード　VMAXクライマックス　5箱　単価18,800円　小計94,000円  
・ポケモンカード　25thアニコレ　1箱　単価28,100円　小計28,100円  
・ポケモンカード　イーブイヒーローズ　1箱　単価79,600円　小計79,600円

合計：1,999,000円  
減額合計：0円  
最終買取金額：1,999,000円

ご確認のほど、よろしくお願いいたします。"
Account,内藤夏樹,2025/09/11,17:13:47,内容と数量をご確認ください。
User,YUSUKE,2025/09/11,17:16:03,こちら一部個数変更してもよろしいでしょうか？
User,YUSUKE,2025/09/11,17:19:08,増やしたいと考えております。
User,YUSUKE,2025/09/11,17:19:42,せっかくなのでまとめて！
Account,内藤夏樹,2025/09/11,17:20:28,"もちろんです。
また教えてください。"
Account,内藤夏樹,2025/09/11,19:26:03,"毎々、お世話になっております。  
御見積書を送付いたします。

- 買取見積書 -
・ポケモンカード　ロケット団の栄光　24箱　単価9,600円　小計230,400円

減額項目：
・減額：-1,000円 × 1点 = -1,000円

合計：230,400円  
減額合計：-1,000円  
最終買取金額：229,400円

ご確認のほど、よろしくお願いいたします。
１箱に大きめの損傷がありました。"
Account,内藤夏樹,2025/09/11,19:26:20,写真を送信しました。
Account,内藤夏樹,2025/09/11,19:26:20,写真を送信しました。
Account,内藤夏樹,2025/09/11,19:27:27,"それとこちらは買取時期を来週以降にずらさせてください。
従業員が入院してしまい、どうしても回らないためです。

ヒロシマは約束しておりましたので受けることができます。
もちろん高騰しておりますので、他さんへお願いしていただいてもかまいません。"
User,YUSUKE,2025/09/11,19:45:49,"来週以降ですか！
ということはお振込みも後になってしまうということですね。

うーん"
User,YUSUKE,2025/09/11,19:46:48,"わかりました！

一旦では来週に改めてお見積もりをさせてもらえますか？

お声がけしてもらえればその時あるものは全て出せます！

実は自分も資金繰りが少し厳しくて💦"
User,YUSUKE,2025/09/11,19:48:15,"傷の件承知しました🙇‍♂️

よろしくお願い申し上げます🙇‍♂️"
User,YUSUKE,2025/09/11,19:49:39,"落ち着いてからにしましょう！

その時にまた声をかけてもらえれば🙇‍♂️！

僕としてはニコニコ様と新しい縁を持てましたのでそれが一番です✨"
Account,内藤夏樹,2025/09/11,19:53:09,"本当申し訳ございません。
先程連絡があり、本当バタバタで。。。

ロケット団は今お振込みします。"
User,YUSUKE,2025/09/11,19:53:24,大丈夫ですよ👌
User,YUSUKE,2025/09/11,19:53:38,少し残念ですか😢
User,YUSUKE,2025/09/11,19:53:54,縁があるのでまた機会が巡ってきます🙇‍♂️
Account,内藤夏樹,2025/09/11,19:54:42,お振込みをしました。
User,YUSUKE,2025/09/11,19:54:54,ありがとうございます🙇‍♂️
Account,内藤夏樹,2025/09/11,19:54:57,弊社も欲しいです、特に古い箱です。。。
User,YUSUKE,2025/09/11,19:56:09,"来週でしたか！

再販もなく相場維持ではなく上がり続けるはずです。

なので来週必ずまた機会はあるかと！

なのでその時に一番に声をかけてください✨"
Account,内藤夏樹,2025/09/11,19:56:20,ぜひ、、、お願いします！
User,YUSUKE,2025/09/11,19:56:25,こちらこそ🤝
User,YUSUKE,2025/09/11,19:56:33,素晴らしいお取引ありがとうございました😊
User,YUSUKE,2025/09/11,19:56:37,スタンプを送信しました。
User,YUSUKE,2025/09/11,20:07:29,あーちなみに！
User,YUSUKE,2025/09/11,20:08:33,"新弾などもコンビニオーナーから引いて来れますので！

販売前にある程度金額教えてもらえたり、相談してもらえたらそちらに回すこともできますので！"
Account,内藤夏樹,2025/09/11,23:02:27,"毎々、お世話になっております。

遅くにすみません🙇🏻‍♂️

なんとか人手を確保できたので、本日の見積もりを実行させていただけないでしょうか。

無理は言いませんのでご検討いただけるとありがたいです。

ワンピースとかもありますか？"
User,YUSUKE,2025/09/12,08:52:23,"おはようございます！

承知しました！
では、お願いします🙇‍♂️"
User,YUSUKE,2025/09/12,08:52:39,ワンピカはないんですよ💦
Account,内藤夏樹,2025/09/12,08:53:02,"毎々、お世話になっております。
助かります。

見積もり書にて申請をよろしくお願い申し上げます。"
Account,内藤夏樹,2025/09/12,08:53:18,結構ワンピカも頑張っています😊
User,YUSUKE,2025/09/12,08:53:35,今後検討します🙇‍♂️
User,YUSUKE,2025/09/12,08:53:57,"わかりました🙇‍♂️

少し内容をあとで追加するかもしれません🙇‍♂️"
Account,内藤夏樹,2025/09/12,08:58:29,"もちろんです。
よろしくお願い申し上げます。"
User,YUSUKE,2025/09/12,09:01:07,"こちらこそよろしくお願いします！

午前がバタつくため、内容改めて午後からお伝えしますので。"
Account,内藤夏樹,2025/09/12,09:01:30,承知しました。
User,YUSUKE,2025/09/12,09:50:27,スタンプを送信しました。
User,YUSUKE,2025/09/12,13:44:25,"大変お待たせしました🙇‍♂️
下記商品のお買取ぜひお願い申し上げます🙇‍♂️

トウホク ：3
メガブレイブ：10
メガシンフォニア：8
ブラックボルト：7
ホワイトフレア：10
ロケット団の栄光：2
バトルパートナーズ：4
超電ブレイカー：6
楽園ドラゴーナ：7
変幻の仮面：12
クリムゾンヘイズ：16
ワイルドフォース：6
サイバージャッジ：14
シャイニートレジャーex：30
古代の咆哮：11
未来の一閃：2
レイジングサーフ：19
トリプレットビート：2
スカーレットex：6
バイオレットex：2
パラダイムトリガー：5
ポケモンGO：21
ダークファンタズマ：7
タイムゲイザー：2
V MAXクライマックス：5
25thアニバーサリーコレクション：1
イーブイヒーローズ：1"
User,YUSUKE,2025/09/12,13:45:24,お手数かけますが再度お見積もりよろしくお願い申し上げます🙇‍♂️
User,YUSUKE,2025/09/12,13:51:26,"もし可能なら上記以外

メガゲンガーセット
メガディアンシーセット
ブラホワファイルセット
メガプレミアムトレーナー
ロケット団アタッシュ
デッキビルドバトパ
シンジュ団セット
ブレイブポケセンセット
シンフォニアポケセンセット
スノクレポケセンセット


などもありますのでぜひ🙏✨"
Account,内藤夏樹,2025/09/12,13:58:08,"毎々、お世話になっております。
少々お待ちください。"
User,YUSUKE,2025/09/12,13:59:15,よろしくお願い申し上げます🙇
Account,内藤夏樹,2025/09/12,13:59:42,"こちらでご確認ください。
検品は明日の夜から日曜にかけて行います。

振込みは日曜日の夜または月曜日となります。"
Account,内藤夏樹,2025/09/12,13:59:46,"毎々、お世話になっております。  
御見積書を送付いたします。

- 買取見積書 -
  ・ポケモンカード　トウホク　3箱　単価30,000円　小計90,000円  
  ・ポケモンカード　メガブレイブ　10箱　単価10,500円　小計105,000円  
  ・ポケモンカード　メガシンフォニア　8箱　単価7,500円　小計60,000円  
  ・ポケモンカード　ブラックボルト　7箱　単価10,100円　小計70,700円  
  ・ポケモンカード　ホワイトフレア　10箱　単価8,800円　小計88,000円  
  ・ポケモンカード　ロケット団の栄光　2箱　単価9,600円　小計19,200円  
  ・ポケモンカード　バトルパートナーズ　4箱　単価7,900円　小計31,600円  
  ・ポケモンカード　超電ブレイカー　6箱　単価12,900円　小計77,400円  
  ・ポケモンカード　楽園ドラゴーナ　7箱　単価9,300円　小計65,100円  
  ・ポケモンカード　変幻の仮面　12箱　単価7,900円　小計94,800円  
  ・ポケモンカード　クリムゾンヘイズ　16箱　単価9,700円　小計155,200円  
  ・ポケモンカード　ワイルドフォース　6箱　単価7,400円　小計44,400円  
  ・ポケモンカード　サイバージャッジ　14箱　単価7,000円　小計98,000円  
  ・ポケモンカード　シャイニートレジャーex　30箱　単価11,600円　小計348,000円  
  ・ポケモンカード　古代の咆哮　11箱　単価7,400円　小計81,400円  
  ・ポケモンカード　未来の一閃　2箱　単価6,500円　小計13,000円  
  ・ポケモンカード　レイジングサーフ　19箱　単価9,600円　小計182,400円  
  ・ポケモンカード　トリプレットビート　2箱　単価11,100円　小計22,200円  
  ・ポケモンカード　スカーレットex　6箱　単価8,700円　小計52,200円  
  ・ポケモンカード　バイオレットex　2箱　単価7,400円　小計14,800円  
  ・ポケモンカード　パラダイムトリガー　5箱　単価13,100円　小計65,500円  
  ・ポケモンカード　PokémonGO　21箱　単価8,400円　小計176,400円  
  ・ポケモンカード　ダークファンタズマ　7箱　単価9,300円　小計65,100円  
  ・ポケモンカード　タイムゲイザー　2箱　単価12,300円　小計24,600円  
  ・ポケモンカード　VMAXクライマックス　5箱　単価18,800円　小計94,000円  
  ・ポケモンカード　25thアニコレ　1箱　単価28,100円　小計28,100円  
  ・ポケモンカード　イーブイヒーローズ　1箱　単価79,600円　小計79,600円

合計：2,152,700円  
減額合計：0円  
最終買取金額：2,152,700円

ご確認のほど、よろしくお願いいたします。​​​​​​​​​​​​​​​​"
User,YUSUKE,2025/09/12,14:01:14,"問題ございません🙇‍♂️

検品振込みも事前にご相談頂きありがとうございます😊"
Account,内藤夏樹,2025/09/12,14:02:00,人手不足でご迷惑をかけております🙇🏻‍♂️
User,YUSUKE,2025/09/12,14:02:27,同梱で送らせてまらいますので、もし可能ならこちらもご検討ぜひお願いします🙇
User,YUSUKE,2025/09/12,14:02:41,"承知しました！

大丈夫ですよ👌！"
Account,内藤夏樹,2025/09/12,14:03:04,今回はお見積もりのみでよろしくお願い申し上げます。
Account,内藤夏樹,2025/09/12,14:03:17,お見積もり商品のみ
User,YUSUKE,2025/09/12,14:03:40,承知しました🙇‍♂️
User,YUSUKE,2025/09/12,14:04:20,"本日佐川にてご発送します！

今しばらくお待ち下さい！"
Account,内藤夏樹,2025/09/12,14:04:31,よろしくお願い申し上げます。
User,YUSUKE,2025/09/12,15:38:26,"大変失礼しました。

楽園ドラのみ個数が足りてませんでした

7▶︎6

に変更します🙇‍♂️"
Account,内藤夏樹,2025/09/12,16:01:48,承知しました。
Account,内藤夏樹,2025/09/12,16:03:07,"住民票の写しをもし可能ならば同梱できますでしょうか。

前回いただけていなかったような記憶があります、、、すみません間に合わない場合には写真でも構いません。"
User,YUSUKE,2025/09/12,16:03:31,"申し訳ない。

今からは間に合いません。"
User,YUSUKE,2025/09/12,16:03:57,"次回同梱する形でお世話になりませんか？

すでに梱包を終えてしまってまして。"
Account,内藤夏樹,2025/09/12,16:04:51,"もちろんです。
写真を追って送付いただけるとありがたいです。"
User,YUSUKE,2025/09/12,16:05:21,"それならば後日にこちらにお送りできます。

承知しました。"
Account,内藤夏樹,2025/09/12,16:09:12,"ありがとうございます🙇🏻‍♂️

気がつくのが遅くなり
大変申し訳ございません"
User,YUSUKE,2025/09/12,16:12:26,"とんでもない

こちらこそ丁寧にありがとうございます😊"
User,YUSUKE,2025/09/12,16:33:32,"あとすいません。

こちら合計あってますか？"
User,YUSUKE,2025/09/12,16:38:21,"おそらく94000の誤差が出ていましたので。

その分が合計金額から抜けているのだと思います。"
Account,内藤夏樹,2025/09/12,16:42:12,"失礼しました。
改めて、計算しなおします。"
Account,内藤夏樹,2025/09/12,16:46:38,"2143400になるかと思います。

追ってスプレッドシート送付しますね。"
User,YUSUKE,2025/09/12,16:47:30,"おかしいな

もう一度確認します！"
Account,内藤夏樹,2025/09/12,16:47:49,足りていませんか、、、？
User,YUSUKE,2025/09/12,16:48:03,少しお待ちを！
User,YUSUKE,2025/09/12,16:49:24,やはり合計金額に誤差がでます。
Account,内藤夏樹,2025/09/12,16:49:37,あとでスプレッドシートおくります！
User,YUSUKE,2025/09/12,16:49:41,94000円が合計金額から不足していますね。
Account,内藤夏樹,2025/09/12,16:49:44,もう一度検算します
User,YUSUKE,2025/09/12,16:49:59,お願いします！
Account,内藤夏樹,2025/09/12,16:50:15,"ちょいとバタついておりますので
夜お送りします🙇🏻‍♂️"
User,YUSUKE,2025/09/12,16:50:24,お願いします！
User,YUSUKE,2025/09/12,17:54:33,写真を送信しました。
User,YUSUKE,2025/09/12,17:54:40,発送完了してます！
Account,内藤夏樹,2025/09/12,18:03:21,ありがとうございます！
User,YUSUKE,2025/09/12,20:10:45,スタンプを送信しました。
Account,内藤夏樹,2025/09/12,20:18:10,写真を送信しました。
Account,内藤夏樹,2025/09/12,20:18:17,こちらであっておりますでしょうか
User,YUSUKE,2025/09/12,20:19:55,はい！間違いないです！
User,YUSUKE,2025/09/12,20:20:02,スタンプを送信しました。
Account,内藤夏樹,2025/09/12,20:20:07,よかったです！
Account,内藤夏樹,2025/09/12,20:20:08,宜しくお願い致します。
User,YUSUKE,2025/09/12,20:20:20,こちらこそよろしくお願い申し上げます🙇‍♂️
Account,内藤夏樹,2025/09/13,17:05:17,"毎々、お世話になっております。
とても丁寧な梱包ありがとうございます。

こちらが明細になります。
減額が２点（トリプレットビートｘ２）
買取不可が２点（クリムゾンヘイズｘ１とイーブイヒーローズｘ１）

となります。
イーブイヒーローズは減額にて対応可能ですが、高額商品のため減額が大きいです。
ほかの返品商品もあるので戻すほうが良いかと思いました。"
Account,内藤夏樹,2025/09/13,17:05:20,写真を送信しました。
User,YUSUKE,2025/09/13,17:09:09,"ありがとうございます。

減額おいくらでしょうか？"
User,YUSUKE,2025/09/13,17:09:45,スタンプを送信しました。
Account,内藤夏樹,2025/09/13,17:22:43,表の下に減額として記載しました
User,YUSUKE,2025/09/13,17:25:24,単価からの減額金額です！
User,YUSUKE,2025/09/13,17:25:31,どれくらいになるのかお聞きしたいです！
Account,内藤夏樹,2025/09/13,17:26:01,写真を送信しました。
Account,内藤夏樹,2025/09/13,17:26:01,写真を送信しました。
Account,内藤夏樹,2025/09/13,17:26:01,写真を送信しました。
Account,内藤夏樹,2025/09/13,17:26:02,写真を送信しました。
Account,内藤夏樹,2025/09/13,17:26:24,"イーブイヒーローズですよね。

-7000円くらいになるのでやめる方が良いかと思います。"
User,YUSUKE,2025/09/13,17:27:01,あーきつい
User,YUSUKE,2025/09/13,17:27:03,たしかにきつい
Account,内藤夏樹,2025/09/13,17:28:17,"単価上げてる分結構キツイです。
申し訳ございません🙇🏻‍♂️"
User,YUSUKE,2025/09/13,17:31:51,"仕方ないですね

わかりました。
そちらは返送でお願い申し上げます。

6292501
京都府京丹後市大宮町口大野95
ネクサス事業部

こちらにお願い申し上げます🙇‍♂️"
Account,内藤夏樹,2025/09/13,17:32:31,減額対象のもの全部戻しますか？
User,YUSUKE,2025/09/13,17:33:06,"トトトはそのままで！

クリムゾン、イーブイのみお願いします！"
User,YUSUKE,2025/09/13,17:33:16,スタンプを送信しました。
Account,内藤夏樹,2025/09/13,17:33:33,"承知しました。

ネクサスさんってカードネクサスさんと関連ですか？"
User,YUSUKE,2025/09/13,17:51:36,いや全く無関係です！笑笑
User,YUSUKE,2025/09/13,17:51:53,お名前は存じてますよ！
User,YUSUKE,2025/09/13,17:52:09,滋賀のお店でしたよね？
Account,内藤夏樹,2025/09/14,09:06:26,"毎々、お世話になっております。
お振込みしますのでご申請のみ宜しくお願い致します。"
Account,内藤夏樹,2025/09/14,09:06:39,振込み先は前回と同じでよろしいでしょうか？
User,YUSUKE,2025/09/14,10:14:02,はい、そちらによろしくお願いします🙇‍♂️
Account,内藤夏樹,2025/09/14,12:11:05,"承知しました。
ヒロシマ売ってくださいますか"
User,YUSUKE,2025/09/14,12:12:51,ん？
User,YUSUKE,2025/09/14,12:12:56,ヒロシマですか？
User,YUSUKE,2025/09/14,12:13:08,金額おいくらでしょう？
Account,内藤夏樹,2025/09/14,12:13:17,"ヒロシマです！
たくさん入荷するっておっしゃっていた記憶がありましたので聞きました"
Account,内藤夏樹,2025/09/14,12:13:55,"手間掛けますが、こちら
メニューより申請をよろしくお願い申し上げます。"
User,YUSUKE,2025/09/14,12:14:08,"直近他社さんからも営業あって60boxほどは流しました🙇‍♂️

ただあと少しだけありますが悩んでます💦"
Account,内藤夏樹,2025/09/14,12:14:28,"ですよね！笑
スピード大事です。"
User,YUSUKE,2025/09/14,12:14:33,"失礼しました。

忘れてました😭"
Account,内藤夏樹,2025/09/14,12:14:42,"手間かけます。
申し訳ございません。"
User,YUSUKE,2025/09/14,12:14:44,落ちる前に全て逃したいので笑笑
Account,内藤夏樹,2025/09/14,12:15:00,結構今日が分岐点な予想です。
Account,内藤夏樹,2025/09/14,12:15:21,モノがいいのでこのままかもしれないですが、ベースさんが空売り回収終わった感じがします
User,YUSUKE,2025/09/14,12:15:43,"ですね、
他社4が今平均値です。

ベース35000でしたか。"
Account,内藤夏樹,2025/09/14,12:16:03,"うちは今日出していただければ
37500くらい出します"
User,YUSUKE,2025/09/14,12:16:29,"ごめんなさい🙇‍♂️

他社で4だしてもらってるのでその金額では厳しいです🙇‍♂️"
User,YUSUKE,2025/09/14,12:16:39,(お願いします)
Account,内藤夏樹,2025/09/14,12:17:02,4は申し訳ないです！
Account,内藤夏樹,2025/09/14,12:17:10,業者間取引で4ですね
User,YUSUKE,2025/09/14,12:17:22,"承知しました！

またの機会でお願いします🙇‍♂️"
Account,内藤夏樹,2025/09/14,12:17:38,ご期待に添えず申し訳ございません
Account,内藤夏樹,2025/09/14,12:17:52,"では、申請のみ
手隙によろしくお願い申し上げます。

確認次第お振込みします！"
User,YUSUKE,2025/09/14,12:18:03,いえいえ！
User,YUSUKE,2025/09/14,12:18:08,お声掛けありがとうございます😊
User,YUSUKE,2025/09/14,12:18:22,本日中に致しますのでお待ち下さい🙇‍♂️
Account,内藤夏樹,2025/09/14,12:19:52,よろしくお願い申し上げます🙇
Account,内藤夏樹,2025/09/14,12:20:00,4社気になるなあw
Account,内藤夏樹,2025/09/14,12:20:05,強気すぎる
User,YUSUKE,2025/09/14,12:20:18,ビックトレカさんですね✨
Account,内藤夏樹,2025/09/14,12:20:28,ああ！
Account,内藤夏樹,2025/09/14,12:20:33,つよw
User,YUSUKE,2025/09/14,12:20:38,"昨日の夜からです！

スニダン、フリマも変わらず40000は売れ続けてます"
Account,内藤夏樹,2025/09/14,12:20:48,空売りしてたかw
User,YUSUKE,2025/09/14,12:20:58,僕もラインを4と決めていたのでその以上を探してました！
User,YUSUKE,2025/09/14,12:21:20,"それもありますね笑笑

意図的に誰かがこれは作ってる相場だとは思います"
User,YUSUKE,2025/09/14,12:22:51,"買圧が強すぎて枯れてます

業務者だけでなく、多くのユーザーが買いますから。

もはや40000円以下は表市場には存在もしてません。"
Account,内藤夏樹,2025/09/14,12:23:39,読めませんねw
Account,内藤夏樹,2025/09/14,12:23:51,4で海外に売れている印象はないですね
User,YUSUKE,2025/09/14,12:24:05,もはや買取屋は今後手に回ってます
User,YUSUKE,2025/09/14,12:24:14,市場高騰に追いついてません。
Account,内藤夏樹,2025/09/14,12:24:20,ですね
User,YUSUKE,2025/09/14,12:24:39,海外販路も当然追いつかないですしね
User,YUSUKE,2025/09/14,12:25:11,"高くで向こうも欲しくないからみんな慎重です

よろこんでるのはぺどちゃいたちが歓喜してますよ笑笑"
Account,内藤夏樹,2025/09/14,12:26:16,ベトナム人同士でも今回は相当飛ばれたみたいですね
Account,内藤夏樹,2025/09/14,12:26:19,泣いてました
User,YUSUKE,2025/09/14,12:26:32,かわいそうに
User,YUSUKE,2025/09/14,12:27:10,"僕の知り合いの転売ヤーたちは大喜びしてました

他社でも裏切られて、送られてこないので嘆いてましたよ。"
User,YUSUKE,2025/09/14,12:27:16,不義理は死すべし
Account,内藤夏樹,2025/09/14,12:27:42,それは本当に見たくないです。
User,YUSUKE,2025/09/14,12:27:47,カスですね
User,YUSUKE,2025/09/14,12:28:02,目先の欲に駆られて。
User,YUSUKE,2025/09/14,12:28:08,失礼、口がすぎました。
Account,内藤夏樹,2025/09/14,12:28:15,再現性も高いですので、カスが多いのも仕方がないですよ
Account,内藤夏樹,2025/09/14,12:28:31,買取していると、お客様なのかわからなくなることもたまにありまふ
Account,内藤夏樹,2025/09/14,12:28:36,あります
User,YUSUKE,2025/09/14,12:28:37,"ただ許せなくて。

買取屋からしてもリスク承知で動かしてるのに

平気で裏切る連中多いんで。"
User,YUSUKE,2025/09/14,12:29:04,"そんなやつは客とは思わないようにしてます。

自分のことしか考えてないんで。

こっちがつぶされます。"
User,YUSUKE,2025/09/14,12:30:12,"にこにこさんも大変です。
販路が海外ならアメリカはかなり今厳しいでしょう。

デミニミス廃止は本当にきついはずです。

他の買取さんも嘆いてました。"
Account,内藤夏樹,2025/09/14,12:36:31,"ありがとうございます。
いつからかそのように信頼より目先の利益を優先する方が増えたのは悲しいことです。

基本的に買取屋を利用するということは利益を得ていますので同業者ですよねw"
Account,内藤夏樹,2025/09/14,12:36:58,"米国はすでに取引が再開しています
彼らが関税を受け入れ、市場価格が上昇しました"
User,YUSUKE,2025/09/14,12:53:19,それは素晴らしい！
User,YUSUKE,2025/09/14,12:53:30,同業他社さんでしたか。
User,YUSUKE,2025/09/14,18:14:53,すいません、今出先でして
User,YUSUKE,2025/09/14,18:15:10,"本日夜に申請の方します

今しばらくお時間頂きますごめんなさい"
Account,内藤夏樹,2025/09/14,18:42:38,"とんでもないです。
お振込みいつでも可能ですので、よろしくお願い申し上げます。"
User,YUSUKE,2025/09/14,23:43:58,大変お待たせしました！
User,YUSUKE,2025/09/14,23:44:29,出先で車内でとったのでセルフィー少し暗いですがご確認お願いします🙇‍♂️
Account,内藤夏樹,2025/09/15,07:27:01,"ありがとうございました。
お昼までにお振込みさせていただきます！"
Account,内藤夏樹,2025/09/15,07:29:16,"振込が完了しました。
ありがとうございます😭"
Account,内藤夏樹,2025/09/15,07:29:22,写真を送信しました。
User,YUSUKE,2025/09/15,11:31:58,こちらこそ🤝
User,YUSUKE,2025/09/15,11:32:04,またよろしくお願いしますね✨
Account,内藤夏樹,2025/09/15,11:43:22,ありがとうございました。
User,YUSUKE,2025/09/17,11:03:33,写真を送信しました。
User,YUSUKE,2025/09/17,11:03:55,"お世話になってます！

こんなんとかお買い取りいくらですかね？"
Account,内藤夏樹,2025/09/17,12:33:51,"買いたいです！
すごい！"
User,YUSUKE,2025/09/17,12:34:09,スタンプを送信しました。
User,YUSUKE,2025/09/17,12:34:22,またお値段ぜひお聞かせください✨
Account,内藤夏樹,2025/09/17,12:36:44,ぜひ！ちょっとヒロシマでバタバタしており！夜お送りしますね！
User,YUSUKE,2025/09/17,12:51:55,スタンプを送信しました。
Account,内藤夏樹,2025/09/17,12:53:44,フュージョンアーツも売ってくださいませんか
User,YUSUKE,2025/09/17,12:54:25,金額によってはお譲りしますよ✨！！
Account,内藤夏樹,2025/09/17,12:59:44,26000くらいでいかがでしょうか
User,YUSUKE,2025/09/17,13:02:59,"ご提示ありがとうございます！

少し検討させてください🙇‍♂️"
Account,内藤夏樹,2025/09/17,13:03:10,よろしくお願い申し上げます。
User,YUSUKE,2025/09/20,16:29:13,"にこにこさん
にこにこさんとこって減額は結構厳しい感じですか？"
User,YUSUKE,2025/09/20,16:29:52,"箱潰れてたり、シュリ破れ少し子がそこそこあるんですが

綺麗な子たちとまとめてまた送らせてもらいたいなと！"
Account,内藤夏樹,2025/09/21,15:44:19,"毎々、お世話になっております。
メッセージが今届きました、、、笑

潰れは減額対象ですね。"
User,YUSUKE,2025/09/21,17:12:33,どれくらいの減額幅なりますかね？
User,YUSUKE,2025/09/21,17:12:44,今回も結構在庫ありますよ✨
User,YUSUKE,2025/09/21,17:13:00,500〜800分はあるかと！
User,YUSUKE,2025/09/21,17:13:13,月末に手放すとこ探してましてね✨
User,YUSUKE,2025/09/21,20:36:48,"イーブイヒーローズから151、vsterユニバースやらたくさんご用意できてるので。

ぜひご検討を！"
User,YUSUKE,2025/09/23,11:06:27,承知しました！
User,YUSUKE,2025/09/23,11:06:33,検討します！
User,YUSUKE,2025/10/09,12:41:14,にこにこさーん！
User,YUSUKE,2025/10/09,12:41:28,インフェルノ14で欲しいときぜひ声かけてくださいー！
User,YUSUKE,2025/10/09,12:41:33,在庫あります🙇‍♂️！
Account,内藤夏樹,2025/10/09,12:41:54,"毎々、お世話になっております！
今日は様子見しようかと思っていましたー！"
User,YUSUKE,2025/10/09,12:42:54,"了解致しました🫡！

またぜひお声がけください🙏"
User,YUSUKE,2025/10/09,12:42:57,スタンプを送信しました。
Account,内藤夏樹,2025/10/09,12:43:19,承知しました
Account,内藤夏樹,2025/10/09,16:06:35,インフェルノ売りました？
User,YUSUKE,2025/10/09,16:09:30,ん？まだありますよ！
User,YUSUKE,2025/10/09,16:09:33,スタンプを送信しました。
Account,内藤夏樹,2025/10/09,16:33:50,"14000で買わせてください☺️
今日発送になるんですが🙇🏻‍♂️"
User,YUSUKE,2025/10/09,16:35:43,"わかりました！
ただ急ぐので少しいけるかお待ちください！"
Account,内藤夏樹,2025/10/09,16:36:13,はい！
User,YUSUKE,2025/10/09,16:38:20,75いけますか？
User,YUSUKE,2025/10/09,16:38:24,ある分出します！
Account,内藤夏樹,2025/10/09,16:38:41,"いけます！
よろしくお願い申し上げます🙇"
User,YUSUKE,2025/10/09,16:41:42,了解致しました！
Account,内藤夏樹,2025/10/09,16:42:23,よろしくお願い申し上げます。
User,YUSUKE,2025/10/09,16:42:38,佐川にてご発送します！
Account,内藤夏樹,2025/10/09,16:43:14,よろしくお願い申し上げます。
User,YUSUKE,2025/10/09,16:53:36,写真を送信しました。
Account,内藤夏樹,2025/10/09,17:12:16,ありがとうございました。
User,YUSUKE,2025/10/09,17:13:55,こちらで発送してます！
User,YUSUKE,2025/10/09,17:13:58,スタンプを送信しました。
Account,内藤夏樹,2025/10/09,17:25:24,"ありがとうございました！

25thとかありますか？"
User,YUSUKE,2025/10/09,17:37:58,ないです😭
User,YUSUKE,2025/10/09,17:38:12,今だとスカバイ関係が多いですね！
Account,内藤夏樹,2025/10/09,17:42:51,わかりました！
User,YUSUKE,2025/10/09,18:20:30,スタンプを送信しました。
User,YUSUKE,2025/10/10,13:32:36,写真を送信しました。
User,YUSUKE,2025/10/10,13:32:43,おはようございます☀️
User,YUSUKE,2025/10/10,13:32:48,本日分は如何ですか？
Account,内藤夏樹,2025/10/10,13:37:44,これヤバいっすね！釣りにも見えますが、、、
Account,内藤夏樹,2025/10/10,13:38:01,"荷物の到着が午後になるようです！
本日お振込みしますね！"
User,YUSUKE,2025/10/10,13:38:06,突き抜けすぎですね
User,YUSUKE,2025/10/10,13:38:10,スニダン笑笑
User,YUSUKE,2025/10/10,13:38:22,"吊り上げたいんでしょう。

おそらく"
Account,内藤夏樹,2025/10/10,13:38:34,そう見えました
User,YUSUKE,2025/10/10,13:38:38,本日分の追加は如何でしょうか？
Account,内藤夏樹,2025/10/10,13:39:26,1.4で300追加しましたw
User,YUSUKE,2025/10/10,13:39:35,www
User,YUSUKE,2025/10/10,13:39:40,おほほwww
User,YUSUKE,2025/10/10,13:39:50,今日分はやめておきますか？
Account,内藤夏樹,2025/10/10,13:42:58,"1.4はちときついので
すみません"
User,YUSUKE,2025/10/10,13:43:18,了解致しました🫡
Account,内藤夏樹,2025/10/10,17:55:51,申請だけお願いしてもよいですか、、、？
User,YUSUKE,2025/10/10,18:02:35,あ！！失礼しました！
User,YUSUKE,2025/10/10,18:02:41,急いでてすっかりぬけてました
User,YUSUKE,2025/10/10,18:02:47,"後ほど行います！
おまちを！"
User,YUSUKE,2025/10/10,23:17:13,"大変お待たせしました！

先ほど申請完了してます！
お手隙にご確認お願いします！"
Account,内藤夏樹,2025/10/11,00:13:37,"ありがとうございました。
明日の朝振込みします！"
User,YUSUKE,2025/10/11,00:32:57,スタンプを送信しました。
User,YUSUKE,2025/10/12,17:10:21,にこにこさーん！
User,YUSUKE,2025/10/12,17:10:39,インフェルノ如何ですか
User,YUSUKE,2025/10/12,17:10:43,スタンプを送信しました。
Account,内藤夏樹,2025/10/12,17:11:56,"めちゃくちゃ集まってしまいました🙇🏻‍♂️
14だと売らないですよね？？"
User,YUSUKE,2025/10/12,17:11:56,本日便さすがに間に合いませんが💦
User,YUSUKE,2025/10/12,17:12:02,いやん😭
User,YUSUKE,2025/10/12,17:12:09,143で売りたかったのに😭
User,YUSUKE,2025/10/12,17:12:15,スタンプを送信しました。
Account,内藤夏樹,2025/10/12,17:12:17,明日追加取れたらしますね！
User,YUSUKE,2025/10/12,17:12:25,明日100近くくるので！
Account,内藤夏樹,2025/10/12,17:12:27,この箱強すぎて、、、読めない
User,YUSUKE,2025/10/12,17:12:34,ぜひ🤝🙏！！！！
User,YUSUKE,2025/10/12,17:12:41,いやシングルがすごい
User,YUSUKE,2025/10/12,17:12:56,まったく供給おいつてませんね！
Account,内藤夏樹,2025/10/12,17:31:08,再来週くらいに再販ありますが、、、どうなるか予想ならないです
User,YUSUKE,2025/10/12,17:31:35,テラス、ロケット、メガ
User,YUSUKE,2025/10/12,17:31:48,こいつらも再販きてるのに逆に持ち直してますよね笑笑
User,YUSUKE,2025/10/12,17:32:06,ここがわからないので僕は在庫は抱えないです笑笑
Account,内藤夏樹,2025/10/12,17:32:48,ロケットありませんか？
Account,内藤夏樹,2025/10/12,17:33:03,間違いないです
Account,内藤夏樹,2025/10/12,17:33:20,"今インフェルノは値上がり期待勢相当多いので
下がり出したら早いと思います"
User,YUSUKE,2025/10/12,17:33:43,"ありますよ！
ただ個数はそんなに多くありませんが！

おいくらでしょう？
他社平均10000くらいかな？今は。"
User,YUSUKE,2025/10/12,17:34:02,"わかります。
出始めたら終わり"
Account,内藤夏樹,2025/10/12,17:38:18,100個くらいほしいかったです！笑
Account,内藤夏樹,2025/10/12,17:38:22,調べてご連絡します
User,YUSUKE,2025/10/12,17:38:40,ぼくもそれくらいほしい😭わ
User,YUSUKE,2025/10/12,17:38:49,はい！お待ちしております！
Account,内藤夏樹,2025/10/12,23:54:35,"遅くなりました。
ロケット
10300でいかがですか"
User,YUSUKE,2025/10/13,09:34:06,おはようございます☀
User,YUSUKE,2025/10/13,09:34:14,個数少ないですがぜひお願いします🤲
Account,内藤夏樹,2025/10/13,10:17:07,ありがとうございます。
User,YUSUKE,2025/10/13,12:17:49,ロケット7だけです😭
User,YUSUKE,2025/10/13,12:18:35,"インフェルノ如何ですか？

追加いけます！！"
User,YUSUKE,2025/10/13,12:20:31,14300はやっぱ厳しいですか？
Account,内藤夏樹,2025/10/13,12:20:51,"毎々、お世話になっております。
ロケット嬉しいです。
１０３００＊７でよろしくお願い申し上げます。"
Account,内藤夏樹,2025/10/13,12:21:00,１４３００はちょいと厳しいです・・・！
User,YUSUKE,2025/10/13,12:21:23,14200は？🥺
User,YUSUKE,2025/10/13,12:21:46,"厳しいですかね？

個数五十くらいはご用意できるんですが😭"
User,YUSUKE,2025/10/13,12:24:51,了解しました！
Account,内藤夏樹,2025/10/13,12:25:06,すみません。。。
User,YUSUKE,2025/10/13,12:26:02,いえいえ！
User,YUSUKE,2025/10/13,12:26:06,またよろしくお願いします✨
User,YUSUKE,2025/10/13,12:26:15,ロケットのみ発送しますね🚀
Account,内藤夏樹,2025/10/13,12:26:22,手間をおかけしますがよろしくお願い申し上げます。
User,YUSUKE,2025/10/13,12:26:29,またタイミングと金額あえばよろしくお願いします🤝
Account,内藤夏樹,2025/10/13,12:26:31,がんばって！１４１００までやります！
User,YUSUKE,2025/10/13,12:26:37,スタンプを送信しました。
Account,内藤夏樹,2025/10/13,12:26:40,送料もったいないですもんね
User,YUSUKE,2025/10/13,12:27:11,"すいません💦
14200が最低守る利益ラインやったんで💦"
Account,内藤夏樹,2025/10/13,12:27:20,承知しました！
User,YUSUKE,2025/10/13,12:27:25,100円もあげてくれたのにすいません🙇‍♂️
User,YUSUKE,2025/10/13,12:27:32,気持ちはとても嬉しいです✨
Account,内藤夏樹,2025/10/13,12:27:45,"いえいえ！
５０あれば１４２００いきますか！"
User,YUSUKE,2025/10/13,12:27:59,本当によろしいんですか？？？
Account,内藤夏樹,2025/10/13,12:28:38,よろしければ、お願いします。
User,YUSUKE,2025/10/13,12:29:23,"ありがとうございます🙇‍♂️！

それでは、
ロケット7
10300

インフェルノ50
14200

こちらでお願いします🙇‍♂️
本日便でご発送します！"
User,YUSUKE,2025/10/13,12:29:34,スタンプを送信しました。
Account,内藤夏樹,2025/10/13,12:29:42,"よろしくお願い申し上げます。
"
Account,内藤夏樹,2025/10/13,12:29:51,発送先の住所だけ、お間違いのないようにお願いします。
User,YUSUKE,2025/10/13,12:29:58,承知しました🫡
User,YUSUKE,2025/10/13,12:44:32,写真を送信しました。
User,YUSUKE,2025/10/13,12:45:03,"個数少ないですが、
ロスト、ゲイザー、151、フュージョン、スペジャグ

このへんいります？"
Account,内藤夏樹,2025/10/13,12:45:33,今買えるのはアーツとロストくらいですかね。。。
User,YUSUKE,2025/10/13,12:45:58,"ありがとうございます！

単価おいくらくらいなら可能でしょう？？"
User,YUSUKE,2025/10/13,12:47:33,"ロスト32500
フュージョン24500

如何ですか？？？"
Account,内藤夏樹,2025/10/13,12:54:12,"大丈夫です。
何箱ございますか？"
User,YUSUKE,2025/10/13,12:55:32,"数は少ないです！
ありがとうございます😊

ロスト1
フュージョン2

です！"
Account,内藤夏樹,2025/10/13,12:58:10,承知しました！
User,YUSUKE,2025/10/13,12:58:56,写真を送信しました。
User,YUSUKE,2025/10/13,12:59:05,こちらでよろしくお願いします🙇‍♂️
Account,内藤夏樹,2025/10/13,13:00:00,素晴らしいです😍😍
User,YUSUKE,2025/10/13,13:00:22,にこにこさんの手間を減らしました🙇‍♂️笑笑
User,YUSUKE,2025/10/13,13:01:04,"お忙しいと思うので見積もり提示くらいさせてもらいます！

スクショしてまた申請しますね✨"
Account,内藤夏樹,2025/10/13,13:04:58,とんでもなく助かります。
Account,内藤夏樹,2025/10/13,13:05:04,ありがとうございます。
User,YUSUKE,2025/10/13,13:05:55,"いえいえ🙇‍♂️
また発送後ご連絡いたします！

今暫くお待ちください🙇‍♂️"
User,YUSUKE,2025/10/13,13:23:48,写真を送信しました。
User,YUSUKE,2025/10/13,13:23:53,こちらで発送します！
Account,内藤夏樹,2025/10/13,13:26:48,よろしくお願い申し上げます。
Account,内藤夏樹,2025/10/14,06:35:59,また、申請をよろしくお願い申し上げます。
User,YUSUKE,2025/10/14,10:24:05,本日中にしますー
User,YUSUKE,2025/10/14,10:24:07,ー！
User,YUSUKE,2025/10/14,13:45:31,"おつかれさまです！

本日追加分インフェルノっていくらくらいになりそうですか？"
User,YUSUKE,2025/10/14,13:45:48,申請は必ず本日中にしますので！
Account,内藤夏樹,2025/10/14,13:46:56,よろしくお願い申し上げます。
Account,内藤夏樹,2025/10/14,13:47:05,高くなりすぎて怖いです、、、
User,YUSUKE,2025/10/14,13:49:04,14600まできましたね笑笑
Account,内藤夏樹,2025/10/14,13:49:15,危なすぎるw
User,YUSUKE,2025/10/14,13:49:19,www
User,YUSUKE,2025/10/14,13:49:29,取りたくないかんじです？笑笑
Account,内藤夏樹,2025/10/14,14:13:14,"いくらが希望ですか？
即売りできたら取らせてください😍"
User,YUSUKE,2025/10/14,14:14:30,"すいません…
連絡くる寸前に連絡きてもうて、今日は売れてしまいました…"
User,YUSUKE,2025/10/14,14:15:08,今日必ず申請はしますね
Account,内藤夏樹,2025/10/14,14:16:23,全然問題ありませんよ！
Account,内藤夏樹,2025/10/14,14:16:28,ありがとうございます😊
User,YUSUKE,2025/10/14,14:16:33,すいません
User,YUSUKE,2025/10/14,14:21:06,申請は完了しております
User,YUSUKE,2025/10/14,14:21:13,スタンプを送信しました。
Account,内藤夏樹,2025/10/14,14:34:29,ありがとうございました！
User,YUSUKE,2025/10/14,14:34:37,こちらこそ🙇‍♂️
User,YUSUKE,2025/10/15,12:28:24,なんでこんなに上がってるの？笑笑
User,YUSUKE,2025/10/15,12:28:27,インフェルノ笑笑
Account,内藤夏樹,2025/10/15,12:29:25,地獄の箱です
Account,内藤夏樹,2025/10/15,12:29:39,意味不明、きっと私たちはババを引きますw
User,YUSUKE,2025/10/15,12:32:00,いやいろんな意味でインフェルノで草
User,YUSUKE,2025/10/15,12:32:12,これいつ落ちてもおかしくないすね
Account,内藤夏樹,2025/10/15,12:40:32,もう少し耐えそうですが、ババ抜きです
User,YUSUKE,2025/10/15,12:41:11,15000までは見えてます
User,YUSUKE,2025/10/15,12:41:21,ただ俺はそこデッドラインちゃうかなと
User,YUSUKE,2025/10/15,12:41:50,"全体的にダメージ繋がるから嫌なんですよね

この上がり方笑笑"
Account,内藤夏樹,2025/10/15,12:42:42,"ですね、弾けると、他のも一気に死ぬ可能性ありです。
テラスタルフェスは一番先かなと"
User,YUSUKE,2025/10/15,12:42:59,"間違いないですね

再販きてるし、数多いですし"
Account,内藤夏樹,2025/10/15,12:42:59,メガドリーム繋がるので、まあ耐えそうではあるのですが、、、読めない
User,YUSUKE,2025/10/15,12:43:05,いやたまらない
User,YUSUKE,2025/10/15,12:43:21,"メガドリーム落ちたらこまる

あれが成功したら来年も相場が持つのに"
Account,内藤夏樹,2025/10/15,12:43:22,私は他のも一回可能な限り抜けました
User,YUSUKE,2025/10/15,12:43:37,"いやその方がいいです

怖すぎる笑笑"
User,YUSUKE,2025/10/15,12:43:49,よほどホールドできる資金あるならいいけど笑笑
User,YUSUKE,2025/10/15,12:43:53,写真を送信しました。
User,YUSUKE,2025/10/15,12:43:58,この辺いりません？
User,YUSUKE,2025/10/15,12:44:08,ところでなんですが笑笑
Account,内藤夏樹,2025/10/15,12:44:26,超電とロケットは投げてください。
Account,内藤夏樹,2025/10/15,12:44:40,あと、ブレイブ
User,YUSUKE,2025/10/15,12:44:52,いやん、ほかのも笑笑
User,YUSUKE,2025/10/15,12:45:02,写真を送信しました。
User,YUSUKE,2025/10/15,12:45:16,単価お聞きできます？
Account,内藤夏樹,2025/10/15,12:45:31,今日は価格表だしているもののみで。。。
Account,内藤夏樹,2025/10/15,12:45:32,なにとぞ
User,YUSUKE,2025/10/15,12:45:35,"欲しいとこだけでいいですよ！
他社より高くいけるぜ！ってとこだけで！"
User,YUSUKE,2025/10/15,12:46:16,写真を送信しました。
User,YUSUKE,2025/10/15,12:46:21,ここ全部いきます
Account,内藤夏樹,2025/10/15,12:46:38,箱数教えていただけたらすぐ見積もり送ますね
User,YUSUKE,2025/10/15,12:46:43,おけです！
User,YUSUKE,2025/10/15,12:46:46,超電は？？
Account,内藤夏樹,2025/10/15,12:47:02,やばい、、、いつも即売りしてくださる方がインフェルを出し渋っている、、、
Account,内藤夏樹,2025/10/15,12:47:07,時は近いかもしれないです
Account,内藤夏樹,2025/10/15,12:47:16,"超電ブレイカー	SV8	¥13,700"
Account,内藤夏樹,2025/10/15,12:47:17,です！
User,YUSUKE,2025/10/15,12:47:21,なぜ渋っている
Account,内藤夏樹,2025/10/15,12:47:23,イケてると思います
User,YUSUKE,2025/10/15,12:47:31,まだ上がると思ってるのか
Account,内藤夏樹,2025/10/15,12:47:50,深くは聞きませんが、、、思っていると思いますし、超短期ならもう少しは行く可能性あります
Account,内藤夏樹,2025/10/15,12:48:11,まあそういう人は仕方がないですよね
User,YUSUKE,2025/10/15,12:48:23,えーーじゃあもう僕は抜けまーす笑笑
User,YUSUKE,2025/10/15,12:48:33,昨日も14600で結局逃げました笑笑
Account,内藤夏樹,2025/10/15,12:48:42,"はい、賢明です。
株と一緒ですからね、、、"
User,YUSUKE,2025/10/15,12:48:45,地獄百近く出しましたよ笑笑
User,YUSUKE,2025/10/15,12:48:57,捲れてる分でまた買えばいいので笑笑
Account,内藤夏樹,2025/10/15,12:49:05,本当そうです
User,YUSUKE,2025/10/15,12:49:09,大きな利益より積み上げ思考です笑笑
User,YUSUKE,2025/10/15,12:49:25,ですよね！！
Account,内藤夏樹,2025/10/15,12:49:27,間違いないです！
User,YUSUKE,2025/10/15,12:49:29,さすがにこにこさん
User,YUSUKE,2025/10/15,12:49:33,わかってらっしゃる
Account,内藤夏樹,2025/10/15,12:49:54,何回も苦汁をすすってきました
User,YUSUKE,2025/10/15,12:51:04,"インフェル
14800

ブレイブ
10500

シンフォニア
7500

超電
13800

ブラック
9200

ホワイト
8300

ロケット
11000

ここで！"
User,YUSUKE,2025/10/15,12:51:11,糧になってますよ。
User,YUSUKE,2025/10/15,12:51:15,成功の。
Account,内藤夏樹,2025/10/15,12:51:40,ありがとうございます。
User,YUSUKE,2025/10/15,12:51:40,僕もテラフェス、ロケットで帯クラスの負けをなん度もくらいました
User,YUSUKE,2025/10/15,12:51:54,その度に国税を殴りたかったです
Account,内藤夏樹,2025/10/15,12:51:54,数量もあれば見積もり送りますので
User,YUSUKE,2025/10/15,12:52:01,すぐに見積もります！
User,YUSUKE,2025/10/15,13:04:37,あとインフェルノシュリあり少しだけ様子見しても大丈夫ですか？
User,YUSUKE,2025/10/15,13:04:51,いうてもう10ボックスもないんですけど笑笑
Account,内藤夏樹,2025/10/15,13:08:22,もちです！
User,YUSUKE,2025/10/15,13:10:25,えへへ✨
User,YUSUKE,2025/10/15,13:10:36,"では、その他見積もります！
少しおまちを！"
Account,内藤夏樹,2025/10/15,13:14:32,ありがとうございます
Account,内藤夏樹,2025/10/15,13:14:37,手間をおかけしてしまい申し訳ございません
User,YUSUKE,2025/10/15,13:39:28,とんでもない！
User,YUSUKE,2025/10/15,13:49:38,写真を送信しました。
User,YUSUKE,2025/10/15,13:49:43,こちらになります🙇‍♂️
Account,内藤夏樹,2025/10/15,14:00:08,ありがとうございまし！
User,YUSUKE,2025/10/15,14:07:42,スタンプを送信しました。
User,YUSUKE,2025/10/15,15:38:06,写真を送信しました。
User,YUSUKE,2025/10/15,15:38:11,こちらで発送します！
Account,内藤夏樹,2025/10/15,15:38:29,"ありがとうございました。

午前中指定にしていただけますか？"
User,YUSUKE,2025/10/15,15:38:36,はい！してますよ！
Account,内藤夏樹,2025/10/15,15:38:38,毎回午後に届いてしまい🙇
User,YUSUKE,2025/10/15,15:38:56,写真を送信しました。
User,YUSUKE,2025/10/15,15:39:15,都度午前中指定にしてます！
Account,内藤夏樹,2025/10/15,17:52:08,ありがとうございます😊
User,YUSUKE,2025/10/15,19:48:27,こちらこそ！
Account,内藤夏樹,2025/10/20,09:30:35,"毎々、お世話になっております！
蒼空ありますか！？"
User,YUSUKE,2025/10/20,09:47:21,ほ！！
User,YUSUKE,2025/10/20,09:47:23,すごいな
User,YUSUKE,2025/10/20,09:47:35,たまったま在庫ひとつだけありました笑笑
User,YUSUKE,2025/10/20,09:48:01,写真を送信しました。
Account,内藤夏樹,2025/10/20,09:52:59,"売ってください☺️
6個欲しかったです！"
User,YUSUKE,2025/10/20,09:54:57,そんなにはないです！笑笑
User,YUSUKE,2025/10/20,09:55:07,単価おいくらですか？
Account,内藤夏樹,2025/10/20,10:26:57,お調べします。
Account,内藤夏樹,2025/10/21,12:26:35,１２５０００円つけられることになりました！
Account,内藤夏樹,2025/10/21,12:26:41,ご検討ください。
User,YUSUKE,2025/10/21,12:26:52,ありがとうございます🙇‍♂️
User,YUSUKE,2025/10/21,12:27:16,そちらでお願いします🙇‍♂️
User,YUSUKE,2025/10/21,12:27:22,他には欲しいとこありましたか？
Account,内藤夏樹,2025/10/21,12:27:28,"遅くなってしまい申し訳ございません。
昨日一緒に働く人が病院に搬送されたりとバタバタしてしまって"
User,YUSUKE,2025/10/21,12:27:37,大丈夫ですよ✨🙆‍♂️
Account,内藤夏樹,2025/10/21,12:27:40,助かります！
User,YUSUKE,2025/10/21,12:27:51,むしろそんな中ありがとうございます🙇‍♂️
Account,内藤夏樹,2025/10/21,12:28:02,"他に持っている方がいないか聞けませんか？
あと5箱は探しております"
Account,内藤夏樹,2025/10/21,12:28:14,"とんでもないです。
いつもありがとうございます。"
User,YUSUKE,2025/10/21,12:28:43,蒼空はない😭
User,YUSUKE,2025/10/21,12:29:01,スノクレセットは20近くあります笑
User,YUSUKE,2025/10/21,12:29:07,🙇‍♂️
User,YUSUKE,2025/10/21,13:11:28,とりあえず蒼空本日中におくります！
User,YUSUKE,2025/10/21,13:11:46,インフェルノおいくらです？？？
User,YUSUKE,2025/10/21,13:11:57,数少ないのですが残ってまして💦
Account,内藤夏樹,2025/10/21,13:13:32,"ありがとうございました。

インフェルノは本日は15.6ですね☺️"
User,YUSUKE,2025/10/21,13:14:32,"なるほど！！

なんとか15800で6個だけいけませんか🙇‍♂️"
User,YUSUKE,2025/10/21,13:14:40,スタンプを送信しました。
Account,内藤夏樹,2025/10/21,13:29:17,厳しいです☺️
User,YUSUKE,2025/10/21,13:33:03,笑顔で草
User,YUSUKE,2025/10/21,13:33:16,わかりました🙇‍♂️
Account,内藤夏樹,2025/10/21,13:33:55,インフェルノは今、あげれないです🙇🏻‍♂️🙇🏻‍♂️
User,YUSUKE,2025/10/21,13:34:18,仕方ないです！
User,YUSUKE,2025/10/21,13:34:24,15600で🙇‍♂️
Account,内藤夏樹,2025/10/21,13:38:34,よろしくお願い申し上げます🥺
User,YUSUKE,2025/10/21,14:01:27,"蒼空1
インフェルノ6

送らせてもらいます🙇‍♂️"
User,YUSUKE,2025/10/21,14:03:55,ロケット、超電いくらですかね？？？
Account,内藤夏樹,2025/10/21,14:04:58,ありがとうございます😊
Account,内藤夏樹,2025/10/21,14:05:16,"ロケットは11500
超電は14200"
User,YUSUKE,2025/10/21,14:08:27,"ありがとうございます！

トトト、黒焔、熱風、未来は如何ですか？"
User,YUSUKE,2025/10/21,14:09:40,"・インフェルノX:7
・メガシンフォニア:1
・黒炎の支配者:9
・古代の咆哮:1
・サイバージャッジ:1
・ステラミラクル:4
・スノーハザード:1
・蒼空ストリーム:1
・タイムゲイザー:1
・超電ブレイカー:4
・トリプレットビート:5
・ナイトワンダラー:1
・熱風のアリーナ:2
・バイオレットex:2
・バトルパートナーズ:2
・パラダイムトリガー:1
・変幻の仮面:2
・未来の一閃:15
・楽園ドラゴーナ:1
・ロケット団の栄光:4
・ワイルドフォース:1
・151:1
・シャイニートレジャーex:14
・テラスタルフェスex:1
・バトルリージョン:1
・VSTARユニバース:1
・VMAXクライマックス:1
・メガブレイブ　ポケモンセンターセット:1
・プレミアムトレーナーボックスMEGA:1
・ポケモンセンター　トウホク:1
・ポケモンセンター　ヒロシマ:1
・スノーハザード＆クレイバーストポケモンセンター・ジムセット:11
・横浜記念デッキ「ピカチュウ」:1

これだけせっかくなのでお願いしたいなおもてまして！"
Account,内藤夏樹,2025/10/21,14:10:31,"めちゃくちゃありがたいのですが
期末で、リストのものだけとさせてください🙇🏻‍♂️"
User,YUSUKE,2025/10/21,14:10:38,悲しい😭
User,YUSUKE,2025/10/21,14:10:43,仕方ないですね！
Account,内藤夏樹,2025/10/21,14:10:46,"インフェルノX	M2	¥15,600
メガブレイブ	M1L	¥11,200
メガシンフォニア	M1S	¥7,600
ブラックボルト	SV11	¥9,500
ホワイトフレア	SV12	¥8,700
ロケット団の栄光	SV10	¥11,500
熱風のアリーナ	SV10a	¥11,200
バトルパートナーズ	SV9	¥7,800
テラスタルフェスex	SV8a	¥13,800
超電ブレイカー	SV8	¥14,200
楽園ドラゴーナ	SV7a	¥9,300
ステラミラクル	SV7	¥6,700
ナイトワンダラー	SV6a	¥6,700"
Account,内藤夏樹,2025/10/21,14:11:01,10月決算なんです。。。
User,YUSUKE,2025/10/21,14:11:06,あ
User,YUSUKE,2025/10/21,14:11:13,そら在庫抱えるわけには行きませんね
User,YUSUKE,2025/10/21,14:11:35,利益圧縮に使ってください笑笑
Account,内藤夏樹,2025/10/21,14:12:12,"Ｖクラ
19800でよろしければ
入れてください❤️"
User,YUSUKE,2025/10/21,14:14:41,"蒼空1
125000

インフェルノ7
15600

ブラックボルト1
9500

ホワイトフレア1
8700

Vmaxクライマックス1
19800

ロケット4
11500

熱風2
11200

バトパ2
7800

超電5
14200

楽園1
9300

テラスフェス1
13800

ステラ4
6700

ナイト1
6700"
User,YUSUKE,2025/10/21,14:16:18,写真を送信しました。
User,YUSUKE,2025/10/21,14:16:31,こちらで！
Account,内藤夏樹,2025/10/21,14:24:25,いつもありがとうございます😊
User,YUSUKE,2025/10/21,14:24:42,いえいえ！
User,YUSUKE,2025/10/21,14:57:58,写真を送信しました。
User,YUSUKE,2025/10/21,14:58:03,こちらで発送します！
Account,内藤夏樹,2025/10/21,15:19:17,ありがとうございました。
User,YUSUKE,2025/10/21,15:33:02,また申請しますね！
User,YUSUKE,2025/10/21,15:33:04,スタンプを送信しました。
User,YUSUKE,2025/10/22,13:47:29,昨日特化にして欲しかった‥
User,YUSUKE,2025/10/22,13:47:36,スタンプを送信しました。
Account,内藤夏樹,2025/10/22,13:48:27,すみません🙇🏻‍♂️
Account,内藤夏樹,2025/10/22,13:48:44,最近はみなさん売り渋りです。
Account,内藤夏樹,2025/10/22,13:48:54,マジで売ってくれない
User,YUSUKE,2025/10/22,13:49:41,"今後いろんな物とってくだされば継続的に供給しますよ！

ただ毎回欲しいものを欲しいだけとはいかないがですが💦"
Account,内藤夏樹,2025/10/22,13:52:53,おっしゃる通りですね！
User,YUSUKE,2025/10/22,15:50:00,にこにこさんは融通きかせてくださったり、してくださるので
Account,内藤夏樹,2025/10/22,15:53:05,"期末でなければ、、、笑

申し訳ございません🙇🏻‍♂️"
Account,内藤夏樹,2025/10/22,15:53:11,写真を送信しました。
Account,内藤夏樹,2025/10/22,15:53:56,"こちらだけ、凹みが大きいため
1000円減額とさせていただけないでしょうか。

返却も可能です。"
User,YUSUKE,2025/10/22,15:54:11,減額でお願いします🙇‍♂️
Account,内藤夏樹,2025/10/22,15:54:31,ご理解ありがとうございました。
User,YUSUKE,2025/10/22,15:54:57,とんでもない🙇‍♂️
User,YUSUKE,2025/10/22,16:02:02,今日はインフェルノいくらですか？？
User,YUSUKE,2025/10/22,16:04:06,あとブラックボルトとホワイトフレを！
User,YUSUKE,2025/10/22,16:05:50,写真を送信しました。
User,YUSUKE,2025/10/22,16:05:53,これですね！
Account,内藤夏樹,2025/10/22,16:06:15,こちらです🙇🏻‍♂️
User,YUSUKE,2025/10/22,16:12:26,写真を送信しました。
User,YUSUKE,2025/10/22,16:12:28,こちらで！
User,YUSUKE,2025/10/22,16:13:07,"すいません！
ホワイトだけ抜きます！

段ボールに入らないので！"
User,YUSUKE,2025/10/22,16:13:50,写真を送信しました。
User,YUSUKE,2025/10/22,16:13:58,こちらで！
Account,内藤夏樹,2025/10/22,16:14:33,"ありがとうございました。

インフェルノ9
ブラック7
出会っていますか？"
Account,内藤夏樹,2025/10/22,16:15:03,"失礼しました。

であっておりますか？"
User,YUSUKE,2025/10/22,16:16:24,はい、間違いありません🙇‍♂️
User,YUSUKE,2025/10/22,16:29:20,写真を送信しました。
User,YUSUKE,2025/10/22,16:29:25,こちらでご発送します🙇‍♂️
Account,内藤夏樹,2025/10/22,17:02:34,ありがとうございました😊
Account,内藤夏樹,2025/10/22,19:40:48,ご申請を宜しくお願い致します。
User,YUSUKE,2025/10/22,19:41:16,"そうでした‥

本日中に！"
Account,内藤夏樹,2025/10/22,19:43:09,"毎々、お世話になっております。  
御見積書を送付いたします。

- 買取見積書 -
・ポケモンカード　蒼空ストリーム　1箱　単価125,000円　小計125,000円  
・ポケモンカード　インフェルノX　7箱　単価15,600円　小計109,200円  
・ポケモンカード　ブラックボルト　1箱　単価9,500円　小計9,500円  
・ポケモンカード　ホワイトフレア　1箱　単価8,700円　小計8,700円  
・ポケモンカード　VMAXクライマックス　1箱　単価19,800円　小計19,800円  
・ポケモンカード　ロケット団の栄光　4箱　単価11,500円　小計46,000円  
・ポケモンカード　熱風のアリーナ　2箱　単価11,600円　小計23,200円  
・ポケモンカード　バトルパートナーズ　2箱　単価7,800円　小計15,600円  
・ポケモンカード　超電ブレイカー　5箱　単価14,200円　小計71,000円  
・ポケモンカード　楽園ドラゴーナ　1箱　単価9,300円　小計9,300円  
・ポケモンカード　テラスタルフェスex　1箱　単価13,800円　小計13,800円  
・ポケモンカード　ステラミラクル　4箱　単価6,700円　小計26,800円  
・ポケモンカード　ナイトワンダラー　1箱　単価6,700円　小計6,700円

減額項目：
・超電ブレイカー：-1,000円 × 1箱 = -1,000円

合計：484,600円  
減額合計：-1,000円  
最終買取金額：483,600円

ご確認のほど、よろしくお願いいたします。"
Account,内藤夏樹,2025/10/22,19:43:32,"毎々、お世話になっております。
御見積書を送付いたします。

買取見積書 -
・ポケモンカード　インフェルノX　9箱　単価15,600円　小計140,400円
・ポケモンカード　ブラックボルト　7箱　単価9,500円　小計66,500円

合計：206,900円
減額合計：0円
最終買取金額：206,900円
ご確認のほど、よろしくお願いいたします。"
User,YUSUKE,2025/10/22,19:54:27,間違いありません🙇‍♂️
User,YUSUKE,2025/10/23,02:02:36,"お待たせしました！
こちら分申請完了です！"
Account,内藤夏樹,2025/10/23,08:14:22,"今日こちらも届くので
まとめてお振込みでもよいでしょうか？"
User,YUSUKE,2025/10/23,10:34:03,はい！
User,YUSUKE,2025/10/23,10:34:51,"あ！
いや経理がややこしくなるので一応都度お願いします🙇‍♂️

ただ2回に分けてで大丈夫です！"
Account,内藤夏樹,2025/10/23,11:54:26,分かりました！
User,YUSUKE,2025/10/23,12:20:27,お願いします！🙇‍♂️
Account,内藤夏樹,2025/10/23,21:16:36,こちらも申請を宜しくお願い致します。
User,YUSUKE,2025/10/24,06:01:19,ありがとうございます🙇‍♂️
User,YUSUKE,2025/10/24,06:07:20,申請完了してます！
User,YUSUKE,2025/10/28,19:48:35,あんなプレ垢にカートンですか！？
User,YUSUKE,2025/10/28,19:48:38,もったいない…
User,YUSUKE,2025/10/28,19:48:52,宣伝広告費にしても大判振る舞いですね
User,YUSUKE,2025/10/28,19:49:05,もうかってまんなぁ社長✨
Account,内藤夏樹,2025/10/28,19:49:20,"そう思いますよね、、、笑
当てた瞬間に、笑私が出てきましたが
おさえました"
User,YUSUKE,2025/10/28,19:49:33,"ww

"
Account,内藤夏樹,2025/10/28,19:49:48,"やや。
わかりますよ。。"
User,YUSUKE,2025/10/28,19:50:04,まあ僕も昔はオリパ販売とかして万垢くらいまで伸ばしたんですが。
User,YUSUKE,2025/10/28,19:50:24,"その時の当選はもちろん忖度しました。

やりません！！
乞食なんぞに！！！笑笑"
Account,内藤夏樹,2025/10/28,19:52:28,"やー。
わかるんです。。"
Account,内藤夏樹,2025/10/28,19:52:43,せめて子供に届いて欲しい気持ちがある、、、
Account,内藤夏樹,2025/10/28,19:52:49,プレ垢はやってます
Account,内藤夏樹,2025/10/28,19:52:57,これは私が悪い
User,YUSUKE,2025/10/28,19:53:07,あいつら所詮転売しかせんすからね💦
Account,内藤夏樹,2025/10/28,19:53:21,買い戻すかw
User,YUSUKE,2025/10/28,19:53:27,"せっかくの宣伝広告です。

忖度しちゃって影響力あるのに抜かしたらいいんすよ笑笑"
User,YUSUKE,2025/10/28,19:53:43,それはほんまにもったいない笑笑
User,YUSUKE,2025/10/28,19:54:10,"にこにこさんが知れ渡るのはあんまり嬉しくないけどね笑笑

個人的にはww"
Account,内藤夏樹,2025/10/28,19:54:33,清く生きたいという、私利私欲です
User,YUSUKE,2025/10/28,19:54:47,素晴らしい。感服です。
User,YUSUKE,2025/10/28,19:55:33,"世のためにお金を回してください。

必要な人たちのために🙇‍♂️"
User,YUSUKE,2025/10/28,19:55:44,てことで、インフェルノ如何ですか？
User,YUSUKE,2025/10/28,19:56:01,貧しい私に施しを🙇‍♂️
Account,内藤夏樹,2025/10/28,19:57:24,めちゃくちゃほちぃ！！！
Account,内藤夏樹,2025/10/28,19:57:37,ブラホワ，メガメガも、、、
User,YUSUKE,2025/10/28,19:58:40,ふふ
User,YUSUKE,2025/10/28,19:58:42,あるよ
User,YUSUKE,2025/10/28,19:58:50,ブラホワも結構あるよ。
User,YUSUKE,2025/10/28,19:58:52,メガは
User,YUSUKE,2025/10/28,19:58:54,ないよw
Account,内藤夏樹,2025/10/28,20:07:24,"なにをおっしゃる。
一番儲かってますですね。"
User,YUSUKE,2025/10/28,20:11:11,"とんでもない。

私などにこにこさんの足元どころか、地面にさえ届いてません。"
User,YUSUKE,2025/10/28,20:11:16,届かせてください🔥
User,YUSUKE,2025/10/28,20:11:26,にこにこパワーで🔥！！！
Account,内藤夏樹,2025/10/28,20:15:05,私もゴミですが、可能な限り頑張ります🉑
User,YUSUKE,2025/10/28,20:48:33,にこにこさんゴミなら僕チリになるのでやめてください…
Account,内藤夏樹,2025/10/28,20:49:06,いやいや、たくさんお金持ってる、、、
User,YUSUKE,2025/10/28,21:13:48,そんな…ぼくなんてパンピーザトップです。
User,YUSUKE,2025/10/28,21:14:36,"にこにこさんは口座ってよりは在庫棚みたらニコニコするでしょ？

物販輸出は資金ほんまにすぐ枯渇するんで。"
Account,内藤夏樹,2025/10/28,21:37:17,そんなことないっすよ、、、。
User,YUSUKE,2025/10/28,22:11:13,あるなぁ笑笑
User,YUSUKE,2025/10/28,22:11:15,これは笑笑
User,YUSUKE,2025/10/28,22:11:58,"ニコニコ社長もっと若いバリバリのイメージでした笑笑

発言とか見てて！
もちろん、いい意味ですよ！

いいなぁ！
攻めてるなぁ！

ってずっと拝見してます。"
User,YUSUKE,2025/10/28,22:13:10,"俺もいつか国内だけのせどりのようなことでなく。

海外販路や開拓心を持ちたいですね✨

コンサルで100万くらい前に払ったけど結果何もせず終わってしまいました。"
Account,内藤夏樹,2025/10/28,23:10:07,海外に売ってると思っていました。
User,YUSUKE,2025/10/28,23:12:49,国内のみですよ！
User,YUSUKE,2025/10/28,23:13:04,営業はSNSでお手伝いさせてもらってる会社さんもありますけどね！
Account,内藤夏樹,2025/10/29,07:32:20,"そうなんですね！
弊社は基本的には海外、国内にも業販しております。"
Account,内藤夏樹,2025/10/29,07:34:42,"インフェルノX	M2	¥15,800
メガブレイブ	M1L	¥11,000
メガシンフォニア	M1S	¥7,700
ブラックボルト	SV11	¥9,300
ホワイトフレア	SV12	¥8,300
ロケット団の栄光	SV10	¥11,700"
Account,内藤夏樹,2025/10/29,07:34:59,"これで行きたいと思っています。
数量教えて下さい。

とくにメガシンフォニアは100箱くらいほしいです。。。"
User,YUSUKE,2025/10/29,09:07:58,シンフォニアがそんなに足りないんです？？？
Account,内藤夏樹,2025/10/29,09:11:33,"今だけです！
ガンっと受注ありまして"
User,YUSUKE,2025/10/29,09:18:11,なるほど🧐！！！
User,YUSUKE,2025/10/29,09:18:15,了解です！！
User,YUSUKE,2025/10/29,09:18:21,まあ個数決まりましたらご連絡します！
User,YUSUKE,2025/10/29,09:18:35,また個数決まりましたらご連絡します！
Account,内藤夏樹,2025/10/29,09:18:37,よろしくお願い申し上げます🙇
User,YUSUKE,2025/10/29,09:30:59,テラフェスは？？？
Account,内藤夏樹,2025/10/29,09:31:23,ほちいです！
User,YUSUKE,2025/10/29,09:31:49,おいくらです！？
Account,内藤夏樹,2025/10/29,09:32:15,"テラスタルフェスex	SV8a	¥13,500"
User,YUSUKE,2025/10/29,09:32:53,"了解です！
また個数決まりましたらご連絡します！"
Account,内藤夏樹,2025/10/29,09:33:01,よろしくお願い申し上げます。
Account,内藤夏樹,2025/10/29,09:33:09,お昼頃までにわかると嬉しいです
User,YUSUKE,2025/10/29,10:04:44,"了解です！
すいません！

ちょっと昨日から事務所移転でごたついてまして💦"
User,YUSUKE,2025/10/29,10:05:14,"余裕あればでも大丈夫ですんで！🙇‍♂️

また決まりましたらご連絡差し上げます🙇‍♂️"
User,YUSUKE,2025/10/29,11:50:17,"すいません！
ニコニコさん！

やはり事務所移転で今ばたついてて送れそうないので本日はまた日を改めます🙇‍♂️！

また次回よろしくお願い申し上げます🙇‍♂️！！"
Account,内藤夏樹,2025/10/29,12:06:53,承知しました！
User,YUSUKE,2025/10/29,12:19:49,スタンプを送信しました。
User,YUSUKE,2025/10/31,16:12:32,"にこにこさん！
15日の分って振り込みしてもらえましたか？？？"
User,YUSUKE,2025/10/31,16:14:36,ちょっとその分の入金が確認できなくて💦
Account,内藤夏樹,2025/10/31,16:30:47,"毎々、お世話になっております。
確認します！"
User,YUSUKE,2025/10/31,16:36:17,よろしくお願い申し上げます！
Account,内藤夏樹,2025/10/31,22:31:39,"毎々お世話になっております。
申請していただけますか？
すぐにお振込します。"
Account,内藤夏樹,2025/10/31,22:36:17,写真を送信しました。
Account,内藤夏樹,2025/10/31,22:36:34,お振込しました。
User,YUSUKE,2025/10/31,23:04:38,"すいません💦
こちらも申請が抜けていたんですね💦"
User,YUSUKE,2025/10/31,23:04:53,"お振込みありがとうございます！

申請も行います🙇‍♂️！"
User,YUSUKE,2025/11/01,00:14:48,"申請完了しました！
ご確認を！"
User,YUSUKE,2025/11/21,11:17:03,"お久しぶりです！

おはようございます！

本日はテラスタル、インフェルノ如何ですか🙇‍♂️？？"
Account,内藤夏樹,2025/11/22,07:08:26,"おはようございます！
お昼頃に価格を更新しますね🫡"
User,YUSUKE,2025/11/22,07:12:34,お！
User,YUSUKE,2025/11/22,07:12:37,おはようございます☀
User,YUSUKE,2025/11/22,07:12:46,お待ちしてます🙏✨
User,YUSUKE,2025/11/22,20:04:53,にこにこさん、メガドリーム初動から翌日くらいまで予約買取とかされます？？
Account,内藤夏樹,2025/11/22,20:12:30,"毎々お世話になっております！
予約する予定ですが、まだ価格を決めれておりません。"
User,YUSUKE,2025/11/22,20:13:16,"大体他社さん14000〜15000と初動予想とお聞きして聞いてますが

やはりそのくらいになりますかね？💦"
User,YUSUKE,2025/11/22,20:13:45,"わかりました！
またぜひお願い申し上げます🙇‍♂️！"
User,YUSUKE,2025/11/25,12:55:44,おお！！！
User,YUSUKE,2025/11/25,12:55:48,ありがとうございます！
Account,内藤夏樹,2025/11/25,12:56:05,みんなにやすいって言われますｗ
Account,内藤夏樹,2025/11/25,12:56:14,調査が甘かったかもしれません
User,YUSUKE,2025/11/25,12:56:19,"他店私がお取引しているところは！

14000〜14500になります！！！"
Account,内藤夏樹,2025/11/25,12:56:37,すごご。
User,YUSUKE,2025/11/25,12:56:47,"ほんまです！
足元見てません！

当日買取分に関しては上の金額です！"
User,YUSUKE,2025/11/25,12:56:59,ただ翌日以降はどこも保証できないと言われます笑笑
Account,内藤夏樹,2025/11/25,12:57:26,"見てないですねぇ！
つよい！"
User,YUSUKE,2025/11/25,12:58:05,"なのでおそらく14000〜14500で初動はみています！

少なくとも密にお取引する5社様ほどはその金額でした！"
User,YUSUKE,2025/11/25,12:58:23,参考になれば幸いです🙇‍♂️
Account,内藤夏樹,2025/11/25,13:14:34,有難うございます！
User,YUSUKE,2025/11/25,13:16:48,スタンプを送信しました。
User,YUSUKE,2026/01/19,14:23:16,"いつもお世話になってます！
こちらの金額でお買取って可能でしょうか？🙇‍♂️

2026.01.19
▪️シュリンクあり
・MEGAドリームex:72
10500
・インフェルノX:23
12000

▪️シュリンクなし
・MEGAドリームex:3
9000
・インフェルノX:1
9500"
Account,内藤夏樹,2026/01/19,15:07:00,"毎々、お世話になっております。
本日はお休みとなります。
またよろしくお願いいたします。"
User,YUSUKE,2026/01/19,15:07:24,承知しました🙇‍♂️
