﻿アカウント名,にこにこ買取＠業界最高の買取価格宣言！
タイムゾーン,'+09:00
ダウンロード日時,2026/02/21 04:36
送信者タイプ,送信者名,送信日,送信時刻,内容
Account,応答メッセージ,2024/10/12,11:45:58,"よこさん
はじめまして！にこにこ買取＠業界最高の買取価格宣言！です。
友だち追加ありがとうございます！
にこにこ買取です(moon big smile)

ポケモンカードなどトレーディングカード全般の買取を行っております。
買取ご希望のお客様はなんでもお気軽に連絡してください(saluting man)

ご郵送買取の流れは以下の”郵送買取の流れ”をご確認ください(sparkle)

お問い合わせなどはお気軽にメッセージからご連絡ください(phone)"
Account,応答メッセージ,2024/10/12,11:45:58,写真を送信しました。
Account,応答メッセージ,2024/10/12,11:45:58,写真を送信しました。
User,よこ,2024/10/12,11:46:52,"新たなる皇帝　BOX
カートン
それぞれ単価教えてください"
Account,内藤夏樹,2024/10/12,13:52:45,"毎々、お世話になっております。

6300円
85000円

となっております"
User,よこ,2024/10/12,13:58:38,了解です
User,よこ,2024/10/12,13:58:43,ありがとうございます
User,よこ,2024/10/12,16:52:26,明日だと何時が可能ですか？
Account,内藤夏樹,2024/10/12,19:34:50,"明日は予定があり、対面での買取が不可となります。

ご郵送は可能でしょうか？"
User,よこ,2024/10/12,19:35:56,可能ではないのでまた機会があればお願いしますね
Account,内藤夏樹,2024/10/12,19:36:45,"承知しました。
また、よろしくお願い申し上げます。"
User,よこ,2024/10/12,19:38:10,明後日月曜の場合は何時ごろですか？
Account,内藤夏樹,2024/10/12,20:04:29,"可能な限り合わせることができます。

場所は長岡でよろしいでしょうか？"
User,よこ,2024/10/12,21:34:07,"他の方にも買取のことで取り合わせしてますのでまた連絡します。

保有数は
1カートン
バラ9箱です"
User,よこ,2024/10/13,08:20:40,早い時間だと何時から対応いけますか？
Account,内藤夏樹,2024/10/13,08:24:01,"毎々、お世話になっております。
朝は何時でも大丈夫です。

カートンが少し価格が下がりました。
82000円です。"
User,よこ,2024/10/13,08:32:15,"わかりました。
下がったんですね。
ですと今回はバラBOXとカートンは他で処分します！
ありがとうございます"
User,よこ,2024/10/13,08:36:50,6300と85000であればお願いしようとしていました！
Account,内藤夏樹,2024/10/13,08:56:09,"承知しました。
また、よろしくお願い申し上げます。"
User,よこ,2025/09/22,15:01:55,"受け継がれる意志郵送できますか？

郵送の必要書類教えてください"
Account,内藤夏樹,2025/09/22,15:08:32,"毎々、お世話になっております。
可能です。

メニューの利用方法をご参照ください。"
User,よこ,2026/01/19,12:02:15,本日の受け継がれる意志の買取金額教えてください
Account,内藤夏樹,2026/01/19,13:53:04,"毎々、お世話になっております。
本日はお休みとなります。
またよろしくお願いいたします。"
