﻿アカウント名,にこにこ買取＠業界最高の買取価格宣言！
タイムゾーン,'+09:00
ダウンロード日時,2026/02/21 04:36
送信者タイプ,送信者名,送信日,送信時刻,内容
Account,応答メッセージ,2026/01/10,14:05:48,"H.Horieさん
はじめまして！にこにこ買取＠業界最高の買取価格宣言！です。
友だち追加ありがとうございます！
にこにこ買取です(moon big smile)

ポケモンカードなどトレーディングカード全般の買取を行っております。
買取ご希望のお客様はなんでもお気軽に連絡してください(saluting man)

ご郵送買取の流れはメニューから”郵送買取の流れ”をご確認ください(sparkle)

ご郵送買取ご希望の場合にはメニューの”申し込みフォーム”からご申請が可能となっております。

お問い合わせなどはお気にご連絡ください。"
User,H.Horie,2026/01/10,17:00:56,"こんにちは、郵送買取をお願いします。
①新たなる皇帝 ／②16箱／③8800円
①蒼海の七傑／②6箱／③6500円"
Account,内藤夏樹,2026/01/10,17:03:16,"毎々、お世話になっております。
有難うございます。
お見積もりをお送りいたします。"
Account,内藤夏樹,2026/01/10,17:03:44,"毎々、お世話になっております。
御見積書を送付いたします。

- 買取見積書 -

・ワンピースカード
新たなる皇帝 BOX
16箱
単価8,800円
小計140,800円

・ワンピースカード
蒼海の七傑 BOX
6箱
単価6,500円
小計39,000円

減額項目：
・該当なし

合計：179,800円
減額合計：-0円
最終買取金額：179,800円

※20箱以上の分量のため、送料は弊社負担（着払い）でお送りください。

【注意事項】
こちらのお見積もりを印刷して商品に同梱してください。
同梱がない場合には査定が遅れる場合がございます。
ご確認のほど、よろしくお願いいたします。
"
Account,内藤夏樹,2026/01/10,17:04:00,よろしければ申請とご発送よろしくお願いいたします
User,H.Horie,2026/01/10,17:11:25,"申請いたしました。
20箱以上ですので着払いキャンペーン利用させてください。"
Account,内藤夏樹,2026/01/10,17:11:56,"もちろん可能です。
ご利用詳細はご利用方法をご参照ください。"
User,H.Horie,2026/01/10,17:13:26,写真を送信しました。
User,H.Horie,2026/01/10,17:13:33,"ありがとうございます。
あと、今回初めての利用で気になったのですが、申し込み後のこの画面で、前の回答を表示を押すと他の顧客情報みたいなのが見れてしまうので改善された方が良いかと思いました。
失礼なこと言ってすみません。"
Account,内藤夏樹,2026/01/10,17:16:33,大変ありがとうございます。
Account,内藤夏樹,2026/01/10,17:16:36,すぐに確認します。
Account,内藤夏樹,2026/01/10,17:18:41,"設定が変更されていたようです。
ご連絡に感謝いたします。"
User,H.Horie,2026/01/10,17:32:11,いえいえ、騒ぎになる前でよかったです。お気をつけください。
Account,内藤夏樹,2026/01/10,17:33:06,ありがとうございます。
User,H.Horie,2026/01/10,18:34:47,"下記にて発送いたしました。
ヤマト運輸100サイズ着払い/289015999565/堀江弘明"
User,H.Horie,2026/01/18,12:04:36,"お世話になります。
こちらの状態のワンピースカートンがあるのですが買取は可能でしょうか？
新たなる皇帝→側面に凹み&表面破れ
王族の血統→上面伝票剥がし跡、底面凹みいくつか

問題ないようでしたら改めて買取希望リストを作成させて頂こうと思っております。"
User,H.Horie,2026/01/18,12:05:16,写真を送信しました。
User,H.Horie,2026/01/18,12:05:17,写真を送信しました。
User,H.Horie,2026/01/18,12:05:17,写真を送信しました。
Account,内藤夏樹,2026/01/18,12:06:02,"多少の凹みは問題がありません。
テープは切れていないものは大丈夫です🙇🏻‍♂️"
User,H.Horie,2026/01/18,12:07:24,"承知しました！ご回答ありがとうございます！
後ほど買取依頼リストを送付させて頂きます(Brown bow)"
Account,内藤夏樹,2026/01/18,12:08:50,"有難うございます。
蒼海の七傑のカートンお持ちでないでしょうか？"
User,H.Horie,2026/01/18,12:11:02,申し訳ありません、持っておりません🥲
Account,内藤夏樹,2026/01/18,12:11:37,承知しました。
User,H.Horie,2026/01/18,12:28:28,"下記、郵送買取をお願いします。
・新たなる皇帝 カートン ／1箱／146000円
・新たなる皇帝 BOX／11箱／9200円
・王族の血統／1箱／65000円
・師弟の絆／1箱／5700円

 送料無料キャンペーンは利用可能でしょうか？"
Account,内藤夏樹,2026/01/18,12:33:29,"もちろん可能です。
追ってお見積もりお送りします🙇🏻‍♂️"
User,H.Horie,2026/01/18,14:10:19,お見積りってまだ頂けなさそうでしょうか？
Account,内藤夏樹,2026/01/18,14:24:26,"毎々、お世話になっております。
御見積書を送付いたします。

- 買取見積書 -

・ワンピースカード
新たなる皇帝 カートン
1ケース
単価 146,000円
小計 146,000円

・ワンピースカード
新たなる皇帝 BOX
11箱
単価 9,200円
小計 101,200円

・ワンピースカード
王族の血統
1点
単価 65,000円
小計 65,000円

・ワンピースカード
師弟の絆 BOX
1箱
単価 5,700円
小計 5,700円

減額項目：
・該当なし

合計：317,900円
減額合計：-0円
最終買取金額：317,900円

【注意事項】
こちらのお見積もりを印刷して商品に同梱してください。
同梱がない場合には査定が遅れる場合がございます。
ご確認のほど、よろしくお願いいたします。"
User,H.Horie,2026/01/18,14:35:50,"ありがとうございます。
申し込みフォーム入力しました、発送まで少しお待ちください。"
Account,内藤夏樹,2026/01/18,14:38:09,よろしくお願いいたします。
User,H.Horie,2026/01/18,14:55:31,"下記にて発送いたしました。
ヤマト運輸120サイズ着払い/289016369633/堀江弘明"
Account,内藤夏樹,2026/01/18,15:04:50,ありがとうございます。
