﻿アカウント名,にこにこ買取＠業界最高の買取価格宣言！
タイムゾーン,'+09:00
ダウンロード日時,2026/02/21 04:36
送信者タイプ,送信者名,送信日,送信時刻,内容
Account,応答メッセージ,2025/03/21,12:04:07,"けんとさん
はじめまして！にこにこ買取＠業界最高の買取価格宣言！です。
友だち追加ありがとうございます！
にこにこ買取です(moon big smile)

ポケモンカードなどトレーディングカード全般の買取を行っております。
買取ご希望のお客様はなんでもお気軽に連絡してください(saluting man)

ご郵送買取の流れは以下の”郵送買取の流れ”をご確認ください(sparkle)

お問い合わせなどはお気軽にメッセージからご連絡ください(phone)"
Account,応答メッセージ,2025/03/21,12:04:07,写真を送信しました。
Account,応答メッセージ,2025/03/21,12:04:07,写真を送信しました。
User,けんと,2026/01/18,13:10:29,"①メガドリームex ②3 ③ 10,400円
① メガドリームex なし② 2③8600円
①テラスタルフェスex② 1③14,600円
①ブラックボルト②2 ③13,700円
①ブラックボルトDX②1 ③買取不可ですか?
①ホワイトフレア②2③12,100円
①メガブレイブ② 1③9,500円
①インフェルノX② 1③12,000円
①インフェルノXなし② 1③10,000円
①ロケット団の栄光②2③15,200円
①メガシンフォニア②2③8,500円"
Account,内藤夏樹,2026/01/18,13:40:13,"毎々、お世話になっております。
お申込み多数につき一旦〆切となりました🙇🏻‍♂️"
