﻿アカウント名,にこにこ買取＠業界最高の買取価格宣言！
タイムゾーン,'+09:00
ダウンロード日時,2026/02/21 04:36
送信者タイプ,送信者名,送信日,送信時刻,内容
Account,応答メッセージ,2026/01/10,13:58:19,"かずきさん
はじめまして！にこにこ買取＠業界最高の買取価格宣言！です。
友だち追加ありがとうございます！
にこにこ買取です(moon big smile)

ポケモンカードなどトレーディングカード全般の買取を行っております。
買取ご希望のお客様はなんでもお気軽に連絡してください(saluting man)

ご郵送買取の流れはメニューから”郵送買取の流れ”をご確認ください(sparkle)

ご郵送買取ご希望の場合にはメニューの”申し込みフォーム”からご申請が可能となっております。

お問い合わせなどはお気にご連絡ください。"
User,かずき,2026/01/10,14:13:40,"お世話になります。

未開封カートン、伝票などの剥がし後は大丈夫でしょうか？"
Account,内藤夏樹,2026/01/10,14:14:02,"毎々、お世話になっております。
問題ありません。"
User,かずき,2026/01/10,14:14:43,"ありがとうございます。

本日お世話になるかもですが、宜しくお願い致します。"
User,かずき,2026/01/10,14:42:39,"郵送買取依頼

THE BEST vol.2	PRB-02/カートン/91000

師弟の絆　OP-12/2箱/5600

二つの伝説　OP-08/
1箱/5600"
User,かずき,2026/01/10,14:42:45,以上、宜しくお願い致します。
Account,内藤夏樹,2026/01/10,14:56:06,"師弟の絆　OP-12/2箱/5600

二つの伝説　OP-08/
1箱/5600

上記2種類が締め切りとなってしまいました。"
User,かずき,2026/01/10,14:57:20,送信が取り消されたメッセージです
User,かずき,2026/01/10,14:58:25,送信が取り消されたメッセージです
User,かずき,2026/01/10,14:59:23,そうですか、わかりました、そうすれば、ザベスト2のカートンのみお願い致します。
Account,内藤夏樹,2026/01/10,15:00:49,"毎々、お世話になっております。
御見積書を送付いたします。

- 買取見積書 -

・ワンピースカード
THE BEST vol.2 カートン
1箱
単価91,000円
小計91,000円

減額項目：
・該当なし

合計：91,000円
減額合計：-0円
最終買取金額：91,000円

【注意事項】
こちらのお見積もりを印刷して商品に同梱してください。
同梱がない場合には査定が遅れる場合がございます。
ご確認のほど、よろしくお願いいたします。"
Account,内藤夏樹,2026/01/10,15:00:52,よろしくお願いいたします。
User,かずき,2026/01/10,16:43:56,すみません、カートンの方が単価安いんですね、カートンのままお送りしても、20×4600=92000にはならないのでしょうか？
Account,内藤夏樹,2026/01/10,16:49:34,92000円で対応させていただきます。
Account,内藤夏樹,2026/01/10,16:49:42,気が付きませんでした・・・。すみません。
User,かずき,2026/01/10,16:50:38,"すみませんでした！
他はカートンだと付加価値が付いて、それ以上だと思うのですが、92000ですかね、それでも嬉しいですけど！"
Account,内藤夏樹,2026/01/10,16:51:26,はい、そちらでご対応いただきたくお願い申し上げます。
User,かずき,2026/01/10,16:52:20,"承知致しました！
本日お送り致します！"
Account,内藤夏樹,2026/01/10,16:56:15,ご申請もよろしくお願いいたします。
Account,内藤夏樹,2026/01/10,16:56:33,"'- 買取見積書 -

・ワンピースカード
THE BEST vol.2 カートン
1箱
単価92,000円
小計92,000円

減額項目：
・該当なし

合計：92,000円
減額合計：-0円
最終買取金額：92,000円

【注意事項】
こちらのお見積もりを印刷して商品に同梱してください。
同梱がない場合には査定が遅れる場合がございます。
ご確認のほど、よろしくお願いいたします。"
User,かずき,2026/01/10,18:03:48,"すみません、こちら勘違いして申し込みフォームでの添付の意味かと思い同梱し忘れてしまいました。
申し訳ございます。"
Account,内藤夏樹,2026/01/10,18:04:10,"大丈夫です。
ご連絡有難うございます。"
User,かずき,2026/01/16,15:40:31,"郵送買取依頼

THE BEST vol.2	PRB-02/50箱/4600"
User,かずき,2026/01/16,15:40:38,以上、宜しくお願い致します。
Account,内藤夏樹,2026/01/16,15:41:49,"毎々、お世話になっております。
ザベスト2は〆切となってしまいました。"
User,かずき,2026/01/16,15:42:27,承知致しました！
Account,内藤夏樹,2026/01/16,15:43:07,申し訳ございません
User,かずき,2026/01/16,15:44:13,まだ10分ぐらいでしたので、大丈夫だと思いました、また宜しくお願い致します！
Account,内藤夏樹,2026/01/16,15:44:27,すみません🙇🏻‍♂️
User,かずき,2026/01/18,09:50:55,"「公式ライン」を見ました。

Heroines Edition EB-03 BOX：8,800円を6boxなら可能ですが、着払いは可能でしょうか、ご無理を言って申し訳ございませんが、ご検討宜しくお願い致します。"
Account,内藤夏樹,2026/01/18,09:51:27,"毎々、お世話になっております。
大丈夫です。"
User,かずき,2026/01/18,10:14:37,"ありがとうございます。
明日着にて発送致しますので、宜しくお願い致します！"
Account,内藤夏樹,2026/01/18,10:17:35,よろしくお願いいたします。
