﻿アカウント名,にこにこ買取＠業界最高の買取価格宣言！
タイムゾーン,'+09:00
ダウンロード日時,2026/02/21 04:35
送信者タイプ,送信者名,送信日,送信時刻,内容
Account,応答メッセージ,2024/09/25,12:07:08,"いわたたくみさん
はじめまして！にこにこ買取＠業界最高の買取価格宣言！です。
友だち追加ありがとうございます！
にこにこ買取です(moon big smile)

ポケモンカードなどトレーディングカード全般の買取を行っております。
買取ご希望のお客様はなんでもお気軽に連絡してください(saluting man)

ご郵送買取の流れは以下の”郵送買取の流れ”をご確認ください(sparkle)

お問い合わせなどはお気軽にメッセージからご連絡ください(phone)"
Account,応答メッセージ,2024/09/25,12:07:08,写真を送信しました。
Account,応答メッセージ,2024/09/25,12:07:08,写真を送信しました。
User,いわたたくみ,2024/09/25,12:07:32,151シュリ付き大口なのですが、どのくらい買取していますか？
Account,内藤夏樹,2024/09/25,12:14:58,"毎々、お世話になっております。
ご連絡ありがとうございました。

11800円が50箱買取させていただけますと幸甚に存じます。

いかがでしょうか。"
User,いわたたくみ,2024/09/25,12:20:54,関東は可能ですか？？？
Account,内藤夏樹,2024/09/25,12:21:13,ご郵送になりますが、もちろん可能です。
User,いわたたくみ,2024/09/25,12:27:40,直接は厳しいんですね😥
User,いわたたくみ,2024/09/25,12:32:32,持ち込みだと現金ですか？
Account,内藤夏樹,2024/09/25,12:40:15,"もちろん可能です。
こちらが新潟県になりますが、いかがでしょうか？"
Account,内藤夏樹,2024/09/25,12:40:27,持ち込みなら現金即払いやってます！
User,いわたたくみ,2024/09/25,12:40:57,ありがとうございます！
User,いわたたくみ,2024/09/25,12:41:36,場所はどのへんですか？
Account,内藤夏樹,2024/09/25,12:42:06,"長岡市というところになります。
東京から来られますか？"
User,いわたたくみ,2024/09/25,13:10:03,明日には高くならないですかね？？
Account,内藤夏樹,2024/09/25,13:16:04,"逆に下がる可能性が高いと思います。
マッチョだけ高くしています笑"
User,いわたたくみ,2024/09/25,13:16:53,"今日仕事で、何時に終わるかわからなくて

明日が休みなんですよね"
Account,内藤夏樹,2024/09/25,13:42:22,一応明日着限定となります。
User,いわたたくみ,2024/09/29,11:17:11,"お世話になります。

送りたいのですが
12,000になりますか？"
Account,内藤夏樹,2024/09/29,12:26:07,"毎々、お世話になっております。

申し訳ございません。
12000円分は〆切しました。"
User,いわたたくみ,2024/09/29,14:35:40,ありがとうございます！
Account,内藤夏樹,2024/09/29,14:49:29,頑張りますのでご検討いただけると嬉しいです。
Account,内藤夏樹,2024/10/01,08:36:29,"毎々、お世話になっております。
本日買取価格上げております。

ご検討頂けますと嬉しいです。"
User,いわたたくみ,2024/10/01,09:08:37,おいくつまでですか？
Account,内藤夏樹,2024/10/01,09:18:03,"50箱まで頑張りたいです。
いかがでしょう。"
User,いわたたくみ,2024/10/01,09:26:59,"12,000までは厳しいですかね？笑"
Account,内藤夏樹,2024/10/01,09:37:58,はい、12000円は〆切ました。
User,いわたたくみ,2024/10/01,09:43:18,"なるほどかしこまりました！
ありがとうございます！"
Account,内藤夏樹,2024/10/01,10:03:38,いかがでしょうか。
User,いわたたくみ,2024/10/01,10:08:23,"新たなる皇帝もあるんですけど
どんな感じですか？"
User,いわたたくみ,2024/10/01,10:08:37,個数と値段🙏
Account,内藤夏樹,2024/10/01,10:10:15,"カートン　93000円
箱　7000円

で買取させていただいております。"
User,いわたたくみ,2024/10/01,10:41:38,"ありがとうございます😊

検討します！"
Account,内藤夏樹,2024/10/01,10:55:51,よろしくお願い申し上げます。
User,いわたたくみ,2024/10/10,12:00:30,シュリンクありはいくらですか？
Account,内藤夏樹,2024/10/10,12:02:20,"毎々、お世話になっております。
どの商品でしょうか！？"
User,いわたたくみ,2024/10/10,12:03:59,151です！
Account,内藤夏樹,2024/10/10,13:35:09,11400円どうでしょうか？
User,いわたたくみ,2024/10/10,13:58:01,ちょっとお安いです笑
Account,内藤夏樹,2024/10/10,13:58:38,"すみません🙇🏻‍♂️
どちらか高い買取価格提示されていますか？"
Account,内藤夏樹,2024/10/10,13:59:23,"11600ありましたね。

11700でどうですか？"
User,いわたたくみ,2024/10/10,14:38:29,個数は何個ですか？
User,いわたたくみ,2024/10/10,14:38:43,"周りも12,000ででてるんで12,000がいいです笑"
Account,内藤夏樹,2024/10/10,14:39:26,12000円どこがやっていますか？
User,いわたたくみ,2024/10/10,14:40:08,写真を送信しました。
User,いわたたくみ,2024/10/10,14:40:13,こことかですね
Account,内藤夏樹,2024/10/10,14:40:26,すでに締め切っていますね。
Account,内藤夏樹,2024/10/10,14:40:52,悪質業者マギ様です。笑
User,いわたたくみ,2024/10/10,14:41:13,いつも少量ですもんね笑
Account,内藤夏樹,2024/10/10,14:41:16,残念ですが、12000円は難しいです。ごめんなさい🙇‍♀️
Account,内藤夏樹,2024/10/10,14:41:32,"他にありますか？
周りとおっしゃっておりましたが、、、"
User,いわたたくみ,2024/10/10,14:44:59,"わかりました！！

これが周りですね！

11,700は何個でしょうか？"
Account,内藤夏樹,2024/10/10,14:46:35,11700は30個ほどいただけると嬉しいです。
User,いわたたくみ,2024/10/10,16:20:02,"わかりました！ありがとうございます。

またこちらのタイミングでお声掛けさせて頂きます。"
Account,内藤夏樹,2024/10/11,07:27:15,はい、おまちしております
User,いわたたくみ,2024/10/16,10:24:21,おいくつですか？
User,いわたたくみ,2024/10/16,10:31:16,"151
ロストアビス

数はおいくつまででしょうか？"
Account,内藤夏樹,2024/10/16,10:43:14,5くらいでいかがですか？
Account,内藤夏樹,2024/10/16,10:43:54,"それら二つは特に定めておりません。
予算と相談させてください。

なん箱くらいのございますか？"
User,いわたたくみ,2024/10/16,10:45:04,"151 12,000 50
ロスト　9,500 50"
User,いわたたくみ,2024/10/16,10:45:08,お願いします！
Account,内藤夏樹,2024/10/16,10:47:30,"ありがとうございました。
少し社長と相談します。お待ちください。"
User,いわたたくみ,2024/10/16,10:48:23,もしよろしければお電話ください！
User,いわたたくみ,2024/10/16,10:48:41,08017553514
Account,内藤夏樹,2024/10/16,11:03:44,"毎々、お世話になっております。
50個は予算都合上申し訳ないです。

151 12000円 20箱、残りは11700円でいかがでしょうか？とのことです。

ロストアビス 9500円 20箱

とさせてください。"
Account,内藤夏樹,2024/10/16,11:03:47,いかがでしょうか。
User,いわたたくみ,2024/10/16,11:07:13,お手隙で構わないので社長さんとお話しはできますでしょうか？
User,いわたたくみ,2024/10/16,11:09:34,住所や店舗などはありますか？
Account,内藤夏樹,2024/10/16,11:35:23,"後ほどおかけします。
少しお待ちください。

店舗はございません。
事務所として、長岡市南町1-6-13がございます。"
User,いわたたくみ,2024/10/16,11:42:50,かしこまりました！
User,いわたたくみ,2024/10/16,13:14:54,"お忙しい中ご連絡ありがとうございます！

少し検討させていただきます！"
Account,内藤夏樹,2024/10/16,13:15:16,こちらこそありがとうございました。
Account,内藤夏樹,2024/10/17,11:37:41,"毎々、お世話になっております。
シャイニートレジャーは保有されておりませんでしょうか？"
User,いわたたくみ,2024/10/17,12:01:16,あります。
Account,内藤夏樹,2024/10/17,12:40:17,"151,ロスト,シャイニーを買わせて頂きたいです。"
User,いわたたくみ,2024/10/17,12:52:50,おいくらですか？
Account,内藤夏樹,2024/10/17,12:53:58,"151 12000円　30箱以降、11800円
ロスト 9500円　30箱以降、9300円
シャイニー　3800円

いかがでしょうか。"
User,いわたたくみ,2024/10/17,13:17:47,"ありがとうございます。

シャイニー4,500はいけますか？"
Account,内藤夏樹,2024/10/17,13:18:09,シャイニーは4500円は流石に難しいです。
User,いわたたくみ,2024/10/17,15:58:30,まあそうですよね🥲
Account,内藤夏樹,2024/10/17,21:33:42,ぜひ、151とアビス、よろしくお願い申し上げます。
User,いわたたくみ,2024/10/17,23:04:06,ありがとうございます！
User,いわたたくみ,2024/10/18,12:09:51,こちらの個数と金額は変わらずですか？
Account,内藤夏樹,2024/10/18,12:19:18,頑張ります！ご希望ありますか？
Account,内藤夏樹,2024/10/18,12:19:47,あんまり他社についていきたくないのが本音です。
User,いわたたくみ,2024/10/18,12:23:35,"今こちらで151は12,500では話つけてます。

希望は
151 13,000
ロスト11,000
シャイニー4,500

です。"
User,いわたたくみ,2024/10/18,12:23:55,"ついていきたくないというのは？
値段をあげるということですか？"
Account,内藤夏樹,2024/10/18,12:24:53,"申し訳ございません。
弊社でその価格ではお買取できません。"
Account,内藤夏樹,2024/10/18,12:25:27,はい、価格上昇に弊社は対応できかねます。
User,いわたたくみ,2024/10/18,12:40:20,"ありがとうございます。

いつでもお声掛してください！
宜しくお願い致します！"
Account,内藤夏樹,2024/10/18,12:40:41,"こちらこそご新設にありがとうございます。
またぜひ、よろしくお願いします。"
User,いわたたくみ,2024/10/18,12:49:35,はい！
User,いわたたくみ,2024/10/19,10:34:52,"お世話になります！

151の数はどのくらいですか？"
Account,内藤夏樹,2024/10/19,11:40:47,"毎々、お世話になっております。

かなり集まりまして、10箱とさせてください。"
User,いわたたくみ,2024/10/19,11:49:25,"ありがとうございます！

価格上昇したんですか？"
Account,内藤夏樹,2024/10/19,11:50:12,価格上がっています。
Account,内藤夏樹,2024/10/21,15:37:28,"毎々、お世話になっております。

151は売ってしまいましたか？"
User,いわたたくみ,2024/10/21,16:06:38,"ありがとうございます！

まだありますよ！

おいくらでしょうか？"
Account,内藤夏樹,2024/10/21,16:07:05,13000円まで頑張っています！
User,いわたたくみ,2024/10/21,16:09:15,"Twitter見ました！ありがとうございます。


今日13,300まで頑張ってください🙇"
Account,内藤夏樹,2024/10/21,16:10:13,頑張りますが！今日は厳しいかもです！300箱くらい買いました
User,いわたたくみ,2024/10/21,16:11:59,"13,000から中々上がりきらないですもんね🥲"
Account,内藤夏樹,2024/10/21,16:12:26,はい。
User,いわたたくみ,2024/10/21,16:14:29,"13,000でしたらこちらでもあるので新潟に行ける旅費分くらいアップであれば持って行きたいですね☺️"
Account,内藤夏樹,2024/10/21,16:26:08,これ以上はすみません、、、
User,いわたたくみ,2024/10/22,15:01:51,今日はどんな感じでしょうか？
Account,内藤夏樹,2024/10/22,15:18:31,同じくです！
User,いわたたくみ,2024/10/22,15:29:22,おいくつまで可能ですか？
Account,内藤夏樹,2024/10/22,15:29:44,大口入り、〆切となりました
User,いわたたくみ,2024/10/22,15:36:38,かしこまりました。
User,いわたたくみ,2025/01/09,16:49:00,おいくらですか？
Account,内藤夏樹,2025/01/09,16:50:02,11000円にて行っております！
User,いわたたくみ,2025/06/01,15:43:27,"バイオ15,500ですか？"
User,いわたたくみ,2025/06/01,15:44:04,50お願いします！
Account,内藤夏樹,2025/06/01,15:49:47,"毎々、お世話になっております。
価格表に誤りがありました。申し訳ございません。"
User,いわたたくみ,2025/06/01,15:51:48,かしこまりました。
User,いわたたくみ,2025/06/02,13:05:24,"お世話になります。
超電9,000までお願い出来ませんか？😇

あとロストはいくらですか？"
Account,内藤夏樹,2025/06/02,13:16:35,"毎々、お世話になっております。
難しいですね。"
User,いわたたくみ,2025/06/03,13:13:28,値段と商品のことで相談があるのですがお電話できますでしょうか？
Account,内藤夏樹,2025/06/03,13:26:34,どのようなことでしょうか？
User,いわたたくみ,2025/06/03,13:34:51,東京から長岡まで行こうと思ってるのですが、お電話は厳しいでしょうか？
User,いわたたくみ,2025/06/03,13:35:31,値段の交渉とどの商品がどのくらい買取できるかです。
User,いわたたくみ,2025/06/03,13:35:51,"もしよろしければ
08027581056にお願い致します。"
Account,内藤夏樹,2025/06/03,13:36:24,"本日でしょうか？

ご依頼の数量を教えてください"
User,いわたたくみ,2025/06/03,13:38:05,22時までには着くと思いますが何時までやっているのでしょうか？
Account,内藤夏樹,2025/06/03,13:39:27,何が何箱くらいありますか？
User,いわたたくみ,2025/06/03,13:41:59,"ロケット団　@12,500 ×180個

熱風　@8,300 ×35個

テラス　@9,500 ×50〜100個

超電 @9,000 ×50個

楽園　@7,200 ×45個

あとは色々あるのですがとりあえず
こちらでお願い出来ませんか🙇‍♂️"
User,いわたたくみ,2025/06/03,13:42:31,送信が取り消されたメッセージです
User,いわたたくみ,2025/06/03,13:43:59,"お日にち時間は合わせるのですが
どのような都合でしょうか？"
Account,内藤夏樹,2025/06/03,14:04:27,"申し訳ございません。
難しいですね。"
User,いわたたくみ,2025/06/03,14:05:06,全てですかね？
Account,内藤夏樹,2025/06/03,14:05:56,はい。
Account,内藤夏樹,2025/06/03,14:05:59,申し訳ございません。
User,いわたたくみ,2025/06/03,14:06:05,"例えば、熱風8,000は上限個数などはありますか？"
Account,内藤夏樹,2025/06/03,14:06:39,今大口入りましたので、30箱程度までとなります。
User,いわたたくみ,2025/06/03,14:06:57,買取は何時までですか？
Account,内藤夏樹,2025/06/03,14:08:42,お時間はある程度合わせることはできます。
User,いわたたくみ,2025/06/03,14:08:59,夜遅くもでしょうか？
Account,内藤夏樹,2025/06/03,14:19:40,"19時からアポがありますため、それまでだと嬉しいです。

また郵送だともっと助かります。"
User,いわたたくみ,2025/06/03,14:24:32,前、騙されたことがあるので郵送はちょっと躊躇しています。笑
Account,内藤夏樹,2025/06/03,14:24:43,そうおっしゃっていましたね。
Account,内藤夏樹,2025/06/03,14:25:01,キリンさんとかにお持ち込みがよろしいかと思います。
User,いわたたくみ,2025/06/03,14:25:21,値段確定の木曜午前中着く予定は厳しいでしょうか？
User,いわたたくみ,2025/06/03,14:47:33,１５１　100個とかは買取できますか？
User,いわたたくみ,2025/06/06,14:20:08,"お世話になります。待ってました笑

本日予約して明日の持ち込みでも
可能でしょうか？"
Account,内藤夏樹,2025/06/06,14:20:37,"毎々、お世話になっております。
新作通常のものは〆切となりました🙇🏻‍♂️"
User,いわたたくみ,2025/06/06,14:20:51,"12,500の分でしょうか？"
Account,内藤夏樹,2025/06/06,14:21:00,はい！
User,いわたたくみ,2025/06/06,14:21:12,"流石に早いですね！
かしこまりました！"
Account,内藤夏樹,2025/06/06,14:21:56,"待ってくれている人がいたようでした。
ありがたいことです。"
Account,内藤夏樹,2025/06/06,14:22:13,"明日のお持ち込み可能です。
夜だと嬉しく思います。"
User,いわたたくみ,2025/06/06,14:23:05,"他のもの買取で明日の夜何時ぐらいがご都合よろしいでしょうか？

又その際に現金50〜100万は可能でしょうか？"
Account,内藤夏樹,2025/06/06,14:23:54,"現金可能です。

他のものはどれくらいありますでしょうか。"
User,いわたたくみ,2025/06/06,14:25:26,"ありがとうございます！

いつも夜の方がご都合良いんでしょうかね？"
User,いわたたくみ,2025/06/06,14:25:42,今別の買取屋と相談して検討中です。
Account,内藤夏樹,2025/06/06,14:25:45,そうですね、、、。
User,いわたたくみ,2025/06/06,14:25:58,19時以降とかですか？
Account,内藤夏樹,2025/06/06,14:26:00,はい！いつでもお気軽に！
Account,内藤夏樹,2025/06/06,14:26:14,19時くらいでも問題ありません。
User,いわたたくみ,2025/06/06,14:26:34,また決まり次第ご連絡致します。
User,いわたたくみ,2025/06/06,14:26:43,ありがとうございます。
User,いわたたくみ,2025/06/07,13:11:02,本日の買取はどうですか？
Account,内藤夏樹,2025/06/07,13:11:27,"毎々、お世話になっております。

数量教えて頂けますか？"
Account,内藤夏樹,2025/06/07,13:11:37,ブラホワ以外は昨日と同じです。
User,いわたたくみ,2025/06/07,14:23:05,土日もやっていますか？
Account,内藤夏樹,2025/06/07,14:24:58,はい。
User,いわたたくみ,2025/06/07,14:25:20,土日も21時ぐらいまでは可能でしょうか？
Account,内藤夏樹,2025/06/07,14:28:41,今日はいわたさん来るかもと思って夜空けてました！
User,いわたたくみ,2025/06/07,14:39:50,よかったらお電話してまらえませんか？一度お話ししたいので笑
User,いわたたくみ,2025/06/07,14:40:24,うちは大口なのでコピー品も一切ありませんからご安心下さい！
Account,内藤夏樹,2025/06/07,14:41:03,"後ほどかけますね。
どれくらいお持ち込みされますか？"
User,いわたたくみ,2025/06/07,14:42:21,"ありがとうございます。
大体何時ぐらいでしょうか？

１５０万分前後ぐらいで考えてますね(^^)"
User,いわたたくみ,2025/06/07,15:24:05,今からお電話宜しいでしょうか？
Account,内藤夏樹,2025/06/07,15:27:30,"少しお待ちください。
こちらからかけます。"
User,いわたたくみ,2025/06/07,16:05:06,お時間いい時に折り返しお願い致します。
Account,内藤夏樹,2025/06/07,16:05:48,"申し訳ございません。
10-15分後に折り返しします。"
User,いわたたくみ,2025/06/07,16:11:21,"かしこまりました！

お忙しい中ありがとうございます。"
User,いわたたくみ,2025/06/07,16:24:15,"テラスタルフェス
50×9,200

楽園ドラゴーナ
36×7,000

熱風のアリーナ
36×8,000

1,000,000

で今回はお願い致します。
ありがとうございます。"
Account,内藤夏樹,2025/06/07,16:24:32,"ありがとうございます。
合意します。
よろしくお願い申し上げます。"
Account,内藤夏樹,2025/06/07,16:24:49,"テラスタルフェス
50×9,200

楽園ドラゴーナ
36×7,000

熱風のアリーナ
36×8,000

1,000,000"
User,いわたたくみ,2025/06/07,16:30:14,"宜しくお願いします。


場所なんですけどもしよかったら
ファミリーマート中之条伊勢町下店
で待ち合わせでも可能でしょうか？"
Account,内藤夏樹,2025/06/07,16:36:39,"申し訳ございません。
湯沢までと考えておりました。
ご検討ください。"
Account,内藤夏樹,2025/06/07,16:36:59,湯沢インター近くのコンビニ等々を考えておりました。
User,いわたたくみ,2025/06/07,16:59:00,"かしこまりました。

向かってる最中にまたお時間お伝えします。"
Account,内藤夏樹,2025/06/07,16:59:15,安全運転にてよろしくお願い申し上げます。
Account,内藤夏樹,2025/06/07,19:15:20,https://maps.app.goo.gl/ot4stRZkeH51X7eo6?g_st=com.google.maps.preview.copy
Account,内藤夏樹,2025/06/07,19:15:26,こちらでいかがでしょうか。
User,いわたたくみ,2025/06/07,19:43:13,了解です！
User,いわたたくみ,2025/06/07,19:43:53,今高速なのですが、21：30前後に到着予定です！
Account,内藤夏樹,2025/06/07,19:45:40,"承知しました。
また更新の状況について教えてください。"
User,いわたたくみ,2025/06/07,20:37:43,はい！
User,いわたたくみ,2025/06/07,21:30:28,もう着きます。グレーのプリウスです。
Account,内藤夏樹,2025/06/07,21:30:52,"承知しました。
駐車場入って左側の白いランクルです。"
User,いわたたくみ,2025/06/07,21:31:13,かしこまりました！
Account,内藤夏樹,2025/06/07,21:31:26,お気を付けてお越しください。
User,いわたたくみ,2025/06/07,22:26:07,"本日はありがとうございました。
お手土産までいただき🙏

これから色々と宜しくお願い致します！"
Account,内藤夏樹,2025/06/07,22:51:29,"ありがとうございました。
お気をつけてお帰りください。

今後ともよろしくお願い申し上げます。"
User,いわたたくみ,2025/06/07,23:47:01,ありがとうございます！
User,いわたたくみ,2025/06/16,11:16:05,"お世話になります。

本日買取は行っていますか？"
Account,内藤夏樹,2025/06/16,11:17:11,"毎々、お世話になっております。

身内に不幸がありまして、2-3日はお休みをいただく予定です。

申し訳ございません。
郵送はできますのでその際にはお申し付けください。"
User,いわたたくみ,2025/06/16,11:17:22,かしこまりました。
User,いわたたくみ,2025/06/19,11:32:13,"お世話になります。
色々とお忙しい中すみません。

値段表はありますか？"
Account,内藤夏樹,2025/06/19,11:42:00,"毎々、お世話になっております。
来週または再来週まで出張となり、買取は停止させていただいておりました。※郵送は条件によって一部しています

申し訳ございません。
"
User,いわたたくみ,2025/06/19,11:43:56,"かしこまりました。

郵送では何を買取しているのですか？"
Account,内藤夏樹,2025/06/19,11:46:39,"現在募集しているものはありません。

先日発信したビクティニなどが該当します。(今は〆切しています"
User,いわたたくみ,2025/06/19,11:51:33,かしこまりました！
Account,内藤夏樹,2025/06/19,15:11:38,夜まで会議に入っており、こちらで連絡いただいてもよろしいでしょうか。
User,いわたたくみ,2025/06/20,11:47:42,"お世話になります。

本日東京から発送していつの入金になりそうでしょうか？"
Account,内藤夏樹,2025/06/20,11:51:35,"毎々、お世話になっております。
本日分の買取は〆切させていただきました。
申し訳ございません。"
User,いわたたくみ,2025/06/20,12:11:34,かしこまりました。
User,いわたたくみ,2025/06/22,06:07:55,"おはようございます。

本日は買取していますか？"
Account,内藤夏樹,2025/06/22,06:09:06,"毎々お世話になっております。
また再開しましたらエックス等でご連絡いたします。"
User,いわたたくみ,2025/06/22,11:03:00,かしこまりました！
User,いわたたくみ,2025/06/24,12:07:11,"お世話になります。

本日の買取は行っていますか？"
Account,内藤夏樹,2025/06/24,12:20:50,"毎々、お世話になっております。
昨日ご案内したテラスタルフェスexです。
ご郵送のみとなります。

また、履歴を残すためチャットでのやり取りのみとさせてください。
申し訳ございませんがご理解をよろしくお願い申し上げます。"
User,いわたたくみ,2025/06/26,11:37:43,"お世話になります！

この前みたいな形での買取は行っていますか？"
Account,内藤夏樹,2025/06/26,11:45:15,"毎々、お世話になっております。

現時点では予定が立てられず難しいです。
申し訳ございません。"
User,いわたたくみ,2025/06/30,13:49:27,"お世話になります。

ブラック、ホワイト

郵送買取してますか？"
Account,内藤夏樹,2025/06/30,13:55:10,"毎々、お世話になっております。
郵送はしています。"
User,いわたたくみ,2025/06/30,14:41:31,入金は検品終了後、その日になるんですかね？
User,いわたたくみ,2025/06/30,14:41:55,郵送についてルール、詳細があればお願いします。
User,いわたたくみ,2025/06/30,14:58:03,"ブラック20
ホワイト20
でお願い致します。"
Account,内藤夏樹,2025/06/30,14:59:30,"毎々、お世話になっております。
ご利用方法に記載がございますのでご確認をお願い申し上げます。"
Account,内藤夏樹,2025/06/30,15:00:34,"・ポケモンカード　ブラックボルト　20箱　単価9,200円　小計184,000円
・ポケモンカード　ホワイトフレア　20箱　単価9,000円　小計180,000円

合計：364,000円"
Account,内藤夏樹,2025/06/30,15:00:40,こちらで賜りました。
User,いわたたくみ,2025/06/30,15:05:56,すみません。お手数お掛けしますが申し込みフォームからダウロードできなくて、もし宜しければ書類をデータか写真で送ってもらってもよろしいでしょうか？
Account,内藤夏樹,2025/06/30,15:08:43,お申し込みフォームはメニューからGoogle フォームでご申請となります。
User,いわたたくみ,2025/06/30,15:31:48,"只今、終了致しました。

免許証のコピーと印鑑証明書原本の2点を同梱させていただき本日発送とさせていただきます。"
User,いわたたくみ,2025/06/30,15:31:52,宜しくお願いします。
Account,内藤夏樹,2025/06/30,15:36:10,"ありがとうございました。
よろしくお願い申し上げます。"
Account,内藤夏樹,2025/06/30,15:36:31,また、追跡番号のご連絡を頂けますとありがたいです。
User,いわたたくみ,2025/06/30,15:44:41,これから送り次第お送り致します。
User,いわたたくみ,2025/06/30,16:19:20,写真を送信しました。
User,いわたたくみ,2025/06/30,16:19:21,"こちらで宜しくお願い致します。

商品到着次第ご連絡頂ければ幸いです。"
Account,内藤夏樹,2025/06/30,16:29:11,承知しました。
User,いわたたくみ,2025/06/30,16:31:06,ありがとうございます。
User,いわたたくみ,2025/07/01,12:32:01,"お世話になります。

無事に到着致しましたか？"
Account,内藤夏樹,2025/07/01,12:32:57,"毎々、お世話になっております。
先程回収できたと報告がありました。

夜にかけて査定の予定です。"
User,いわたたくみ,2025/07/01,12:57:28,お願い致します。
Account,内藤夏樹,2025/07/01,12:59:45,はい、お任せください。
Account,内藤夏樹,2025/07/01,20:44:23,"・ポケモンカード　ブラックボルト　20箱　単価9,200円　小計184,000円
・ポケモンカード　ホワイトフレア　20箱　単価9,000円　小計180,000円

合計：364,000円

こちら満額でも査定結果となります。"
Account,内藤夏樹,2025/07/01,20:44:26,お振込みを行います。
User,いわたたくみ,2025/07/01,20:54:54,"ご丁寧にして頂きありがとうございます。

お願い致します。

確認後、再度ご連絡致します。"
User,いわたたくみ,2025/07/02,13:09:29,"遅くなりすみません。

昨日の入金で確認できました。
ありがとうございます。"
Account,内藤夏樹,2025/07/02,13:46:11,ありがとうございました。
User,いわたたくみ,2025/07/12,15:59:42,"お疲れ様です！

この前みたいにどっかで直接買取出来ますでしょうか？"
Account,内藤夏樹,2025/07/12,16:00:58,"毎々、お世話になっております。

現在は難しいです。
申し訳ございません。"
User,いわたたくみ,2025/07/12,16:01:49,かしこまりました！
User,いわたたくみ,2025/10/13,16:36:09,"お世話になってます。

今も郵送のみでしょうか？"
Account,内藤夏樹,2025/10/13,16:36:26,"毎々、お世話になっております。
今はご郵送をお願いしております🙇🏻‍♂️"
User,いわたたくみ,2025/10/14,09:36:02,かしこまりました。
Account,内藤夏樹,2025/10/15,12:54:19,"電話に出れず、申し訳ございません。

対面をご希望でしょうか？"
User,いわたたくみ,2025/10/15,13:24:55,はい。そうです。
Account,内藤夏樹,2025/10/15,13:25:27,今日明日とかが厳しくて、、、週末にまた越後湯沢とかでいかがでしょうか？
User,いわたたくみ,2025/10/15,13:46:36,"週末だとこちらも助かります。
時間は合わせれます。

それとインフェルノも他が15,000があったのでそれは可能でしょうか？
ロケット団とインフェルノはどこまでいけますか"
Account,内藤夏樹,2025/10/15,13:59:45,"何箱ございますか？

週末には価格が変動しているため
今お約束はできません🙇"
User,いわたたくみ,2025/10/15,14:08:55,"インフェルノ70前後
ロケット団150です。

週末に持ち込む分の値段に関しては今予約はできないんでしょうか？"
User,いわたたくみ,2025/10/15,14:09:54,それとまだ買取の数量に余裕があるのであれば、あるかないかはわからないですが声かけてみましょうか？
Account,内藤夏樹,2025/10/15,14:37:04,"価格保証は翌日到着のみです🙇
特に価格変動が大きく、、、"
Account,内藤夏樹,2025/10/15,14:37:54,"ロケット団はお約束することはできます。
現金でご用意も可能です。

その際には値上がりのリスクはご理解いただけると助かります🙇🏻‍♂️"
User,いわたたくみ,2025/10/15,14:47:22,"インフェルノは14,800でも予約は厳しいのですか？"
User,いわたたくみ,2025/10/15,14:57:13,こちらと致しましては、今日か明日でもよろしいのですが、週末しか時間がないのなら週末に合わせることは可能です。
Account,内藤夏樹,2025/10/15,15:03:50,"明日の夜は伺えそうです。
越後湯沢まで来ていただくことは可能でしょうか？

インフェルノは明日に決定とさせていただけますか？

ロケットは今ご予約を賜ります。"
Account,内藤夏樹,2025/10/15,15:04:14,メガメガやブラホワはございませんでしょうか？
User,いわたたくみ,2025/10/15,15:06:44,"越後湯沢までは可能ですが、ロケット団はインフェルノと一緒にと思ってたのですが、明日の夜であれば翌日到着なのでインフェルノも予約は厳しいのでしょうか？

メガメガはどちらもあります。"
Account,内藤夏樹,2025/10/15,15:09:01,"インフェルノは本当に明日値段が上がる可能性も下がる可能性もあるため、もしもこの価格でご希望ならば
着払いで構いませんので本日発送いただけないでしょうか。"
User,いわたたくみ,2025/10/15,15:20:45,因みにメガメガとブラホワはいくらですか？
User,いわたたくみ,2025/10/15,15:21:11,送信が取り消されたメッセージです
User,いわたたくみ,2025/10/15,15:23:55,発送に関してはシュリンクの件とかトラブルの元にもある可能性があるので今は控えてる状況です。
Account,内藤夏樹,2025/10/15,15:26:26,気持ちわかります。
Account,内藤夏樹,2025/10/15,15:26:52,"■ #ロケット団の栄光 ：11,000円
■ #メガブレイブ  ：10,500円
■ #メガシンフォニア  ：7,500円
■ #ブラックボルト ：9,200円
■ #ホワイトフレア ： 8,300円"
Account,内藤夏樹,2025/10/15,15:31:46,本日ですと、夜何時頃に対応可能でしょうか？
User,いわたたくみ,2025/10/15,15:32:47,本日ですと、商品はどちらが可能なのでしょうか？
Account,内藤夏樹,2025/10/15,15:37:20,"ロケット
インフェルノ
メガメガ

が対象になります。

ただ、現金が、、、引き出せるか、、、"
User,いわたたくみ,2025/10/15,15:40:36,今日の夜だとバタバタになるので、確認してまたご連絡致します。
Account,内藤夏樹,2025/10/15,16:01:27,はい、よろしくお願い申し上げます。
User,いわたたくみ,2025/10/15,16:02:28,送信が取り消されたメッセージです
User,いわたたくみ,2025/10/15,16:02:38,週末はインフェルノ以外が対象でしょうか？
Account,内藤夏樹,2025/10/15,16:16:50,はい、その予定です。
User,いわたたくみ,2025/10/15,16:31:59,それと、バトルパートナーズはいくらでしょうか？
Account,内藤夏樹,2025/10/15,16:34:51,バトルパートナーズは現在募集しておりませんでした。
User,いわたたくみ,2025/10/15,16:58:47,かしこまりました！
Account,内藤夏樹,2025/10/15,17:01:09,今日は厳しいですかね。
User,いわたたくみ,2025/10/15,17:01:55,今日の今日は厳しいそうですね。
Account,内藤夏樹,2025/10/15,17:25:34,わかりました！
User,いわたたくみ,2025/12/19,16:01:28,"お世話になります。

スタートデッキ100
4,000円で明日発送しますのでお願い出来ますでしょうか？"
Account,内藤夏樹,2025/12/19,16:12:18,"毎々、お世話になっております。
本日は3500円で募集、お昼頃に〆切とさせて頂きました🙇🏻‍♂️"
User,いわたたくみ,2025/12/19,16:16:21,"かしこまりました！
ありがとうございます。"
User,いわたたくみ,2026/01/07,23:19:12,"今年も宜しくお願い致します。🎍

お世話になってます！
郵送なんですけど、いくらからとか何ボックスから送料無料になるのでしょうか？"
Account,内藤夏樹,2026/01/08,06:42:58,"毎々お世話になっております。
本年もよろしくお願いします。

郵送の場合には20箱以上で送料無料のキャンペーンを行っております。"
User,いわたたくみ,2026/01/08,13:21:55,かしこまりました！
User,いわたたくみ,2026/02/12,12:41:10,"お世話になります。

持込か郵送でメガドリームお願いしたいのですがおいくらまで可能でしょうか？"
User,いわたたくみ,2026/02/12,12:41:30,"10,500とかでお願いできますか？

200箱くらいです"
Account,内藤夏樹,2026/02/12,12:42:08,"毎々、お世話になっております。
現状は難しいです。
申し訳ございません。"
User,いわたたくみ,2026/02/12,12:42:34,"9,800でしょうか？"
Account,内藤夏樹,2026/02/12,12:43:36,"ご提示の通りです。

しかし本日の受付は終了となってしまいました。"
User,いわたたくみ,2026/02/12,12:43:43,かしこまりました！
User,いわたたくみ,2026/02/19,09:01:00,お世話になります！
User,いわたたくみ,2026/02/19,09:01:27,"ムニキスゼロ200前後なのですがど7,400とかでお願い出来そうでしょうか？"
User,いわたたくみ,2026/02/19,09:03:34,郵送であれば本日可能です。
Account,内藤夏樹,2026/02/19,09:54:56,"毎々、お世話になっております。
ご提案有難うございます。

本日の価格は少し下がる可能性があります🙇🏻‍♂️
また、午後にお話しできたらありがたいです。"
User,いわたたくみ,2026/02/19,10:12:50,送信が取り消されたメッセージです
User,いわたたくみ,2026/02/19,10:13:48,"何時頃になりますでしょうか？

本日、他で出そうと思っておりますので7,150とか7200であればなるべく早くご連絡ください！

お願い致します！"
Account,内藤夏樹,2026/02/19,10:20:50,"午後ですね。

7150なら流せそうでしょうか？？"
User,いわたたくみ,2026/02/19,10:38:59,"詳しい内容をお話ししたいので、
もし良ければお電話お願いします。

08027561056"
Account,内藤夏樹,2026/02/19,11:45:23,すみません、少しお待ちください。
User,いわたたくみ,2026/02/19,11:45:55,かしこまりました！
User,いわたたくみ,2026/02/19,12:16:28,"新潟に出向くことも
視野には考えてはおります。"
Account,内藤夏樹,2026/02/19,12:22:08,"スミマセン。
電話バタバタしており、もう少しお待ち下さい。"
User,いわたたくみ,2026/02/19,12:22:34,かしこまりました！
Account,内藤夏樹,2026/02/19,12:22:41,"単価は6800円が本日の買取価格としております。
明日から再販がありますので・・・。ご期待に添えず申し訳ございません。"
User,いわたたくみ,2026/02/19,12:24:48,"先程、提示してくださった7,150はどうなった感じでしょうか？"
Account,内藤夏樹,2026/02/19,12:26:53,"提示をした認識はございません。
誤解を与えてしまい申し訳ございません。"
Account,内藤夏樹,2026/02/19,13:06:47,"毎々、お世話になっております。御見積書を送付いたします。
受付ID: H9W3N5
	∙	買取見積書 -
・ポケモンカード　ムニキスゼロ245箱　単価7,100円　小計1,739,500円
合計箱数：245箱合計：1,739,500円減額合計：0円最終買取金額：1,739,500円

【注意事項】
	∙	段ボールの外側に受付ID（H9W3N5）を大きく記載してください。
	∙	この見積もりを印刷して商品に同梱してください。
	∙	1枚の印刷が難しい場合は、スクリーンショットの分割でも可能です。
	∙	同梱がない場合、査定が遅れることがあります。
	∙	同梱物などの詳細は、メニューの「ご利用方法」を確認してください。
	∙	メニューから申請と発送を行い、発送後は必ず追跡番号を連絡してください。
ご確認のほど、よろしくお願いいたします。​​​​​​​​​​​​​​​​"
User,いわたたくみ,2026/02/19,13:09:25,送信が取り消されたメッセージです
User,いわたたくみ,2026/02/19,13:09:55,すみません。スクショがなくこちらを添付して送信したのですがやり直しした方がよろしいでしょうか？
User,いわたたくみ,2026/02/19,13:11:31,こちらは印刷して同梱致します。
User,いわたたくみ,2026/02/19,13:17:51,"改めて訂正をして、
送信し直しましたので

ご確認宜しくお願い致します。"
Account,内藤夏樹,2026/02/19,13:18:10,ありがとうございました。
User,いわたたくみ,2026/02/19,13:24:07,免許証の面裏と同梱必要でしょうか？
Account,内藤夏樹,2026/02/19,13:26:03,同梱をお願いしております。
Account,内藤夏樹,2026/02/19,13:26:11,お手間をおかけしてしまい申し訳ございません。
User,いわたたくみ,2026/02/19,13:26:30,かしこまりました！
User,いわたたくみ,2026/02/19,13:36:58,送信が取り消されたメッセージです
User,いわたたくみ,2026/02/19,13:37:11,送信が取り消されたメッセージです
User,いわたたくみ,2026/02/19,13:39:43,"すみません。

訂正で箱の兼ね合いで、245個から5個減らして240個に変更でお願いしたいのですがよろしいでしょうか？"
User,いわたたくみ,2026/02/19,13:43:28,写真を送信しました。
User,いわたたくみ,2026/02/19,13:43:34,このように発送致します。
Account,内藤夏樹,2026/02/19,13:51:30,減数の件について承知しました。
User,いわたたくみ,2026/02/19,14:01:51,"毎々、お世話になっております。御見積書を送付いたします。
受付ID: H9W3N5
	∙	買取見積書 -
・ポケモンカード　ムニキスゼロ240箱　単価7,100円　小計1,704,000
合計箱数：240箱合計：1,704,000円減額合計：0円 最終買取金額：1,704,000円

【注意事項】
	∙	段ボールの外側に受付ID（H9W3N5）を大きく記載してください。
	∙	この見積もりを印刷して商品に同梱してください。
	∙	1枚の印刷が難しい場合は、スクリーンショットの分割でも可能です。
	∙	同梱がない場合、査定が遅れることがあります。
	∙	同梱物などの詳細は、メニューの「ご利用方法」を確認してください。
	∙	メニューから申請と発送を行い、発送後は必ず追跡番号を連絡してください。
ご確認のほど、よろしくお願いいたします。​​​​​​​​​​​​​​​​"
User,いわたたくみ,2026/02/19,14:02:21,訂正して同梱します。
Account,内藤夏樹,2026/02/19,14:34:22,ありがとうございました。
User,いわたたくみ,2026/02/19,14:56:59,写真を送信しました。
User,いわたたくみ,2026/02/19,14:57:00,写真を送信しました。
User,いわたたくみ,2026/02/19,14:57:11,完了しましたので、宜しくお願い致します。
Account,内藤夏樹,2026/02/19,14:57:52,ありがとうございました。
Account,内藤夏樹,2026/02/19,14:59:03,何個口になりますでしょうか。
User,いわたたくみ,2026/02/19,14:59:16,4個口になります。
Account,内藤夏樹,2026/02/19,14:59:21,承知しました。
User,いわたたくみ,2026/02/19,15:01:59,宜しくお願い致します。
Account,内藤夏樹,2026/02/20,12:16:22,"毎々お世話になっております。
振り込みが完了しました。"
Account,内藤夏樹,2026/02/20,12:16:25,有り難うございました。
User,いわたたくみ,2026/02/20,12:39:49,"入金確認できました。

ご対応いただきありがとうございます。"
