﻿アカウント名,にこにこ買取＠業界最高の買取価格宣言！
タイムゾーン,'+09:00
ダウンロード日時,2026/02/21 04:36
送信者タイプ,送信者名,送信日,送信時刻,内容
Account,応答メッセージ,2025/03/24,14:12:10,"Seijiroさん
はじめまして！にこにこ買取＠業界最高の買取価格宣言！です。
友だち追加ありがとうございます！
にこにこ買取です(moon big smile)

ポケモンカードなどトレーディングカード全般の買取を行っております。
買取ご希望のお客様はなんでもお気軽に連絡してください(saluting man)

ご郵送買取の流れは以下の”郵送買取の流れ”をご確認ください(sparkle)

お問い合わせなどはお気軽にメッセージからご連絡ください(phone)"
Account,応答メッセージ,2025/03/24,14:12:10,写真を送信しました。
Account,応答メッセージ,2025/03/24,14:12:10,写真を送信しました。
User,Seijiro,2025/03/24,14:43:21,送信が取り消されたメッセージです
Account,内藤夏樹,2025/03/24,14:43:58,"毎々、お世話になっております。
ご連絡ありがとうございます。"
User,Seijiro,2025/03/24,14:44:32,"申し訳ありません。
価格を書き忘れたので一度消しました！"
User,Seijiro,2025/03/24,14:45:37,"はじめまして、お世話になります。
熱風のアリーナ 17box 12300円
楽園ドラゴーナ 3box 8000円
クリムゾンヘイズ 3box 6000円
ワイルドフォース 2box 6000円

こちらの買取をお願いいたします。"
Account,内藤夏樹,2025/03/24,14:47:45,"毎々、お世話になっております。
ありがとうございました。"
Account,内藤夏樹,2025/03/24,14:48:05,ご申請フォームより申請をお願いします。
Account,内藤夏樹,2025/03/24,14:48:13,申請後、ご連絡をいただけますとありがたいです。
User,Seijiro,2025/03/24,14:59:37,"申請しました。
ご確認よろしくお願い申し上げます。"
Account,内藤夏樹,2025/03/24,15:01:58,"お買取希望の商品は以下の住所へ発送をお願い申し上げます。
ご利用方法に記載のある梱包に関する注意事項を改めてご確認ください。

また発送は原則ヤマト運輸さんよりお願い申し上げます。

【発送先】
ヤマト運輸 北陽センター 気付
株式会社AiGIVE 内藤宛
〒940-0871
新潟県長岡市北陽1-53-61
050-5470-3570

ヤマト運輸北陽センター:

https://locations.kuronekoyamato.co.jp/p/yamato01/prt/041160/?&p_f1=1&cond22=1&jiNm=%A4%AA%B5%D2%CD%CD%A5%B5%A1%BC%A5%D3%A5%B9%A5%BB%A5%F3%A5%BF%A1%BC&kykTel=0570-200-000&jiFax=0258-46-0585

また発送されましたら以下の情報をご連絡ください。
① 追跡番号
② 発送日・到着指定時間

ご確認のほどよろしくお願い申し上げます。"
User,Seijiro,2025/03/24,15:03:54,送料無料キャンペーンを行なっていると思うのですが、着払いで発送する形でしょうか？
Account,内藤夏樹,2025/03/24,15:04:12,"はい！
着払いでご発送ください。"
User,Seijiro,2025/03/24,15:04:27,"かしこまりました！
発送しましたらご連絡いたします！"
Account,内藤夏樹,2025/03/24,15:53:18,よろしくお願い申し上げます。
User,Seijiro,2025/03/24,15:54:54,"ただいま発送完了致しました。

追跡番号
461584461494
明日午前中着になります。

よろしくお願い申し上げます。"
Account,内藤夏樹,2025/03/24,15:55:30,ありがとうございました。
Account,内藤夏樹,2025/03/25,20:10:32,"査定が終わりました。
熱風のアリーナに1箱大きめの凹みが認められました。

こちらは-1000円させていただければと思います。
もちろん返送も可能でございますので、お申し付けください。"
Account,内藤夏樹,2025/03/25,20:10:58,写真を送信しました。
User,Seijiro,2025/03/25,20:12:12,"見落としていました。
申し訳ありません。
そのまま買取お願いできればと思います。
よろしくお願い申し上げます。"
Account,内藤夏樹,2025/03/25,20:14:34,"ご理解頂きありがとうございます。
では、合計から-1000円した金額をお振込みします。"
Account,内藤夏樹,2025/03/25,20:14:44,"```
お買取明細書（2025/03/25）

熱風のアリーナ, 17box, 12,300円, 209,100円
楽園ドラゴーナ, 3box, 8,000円, 24,000円
クリムゾンヘイズ, 3box, 6,000円, 18,000円
ワイルドフォース, 2box, 6,000円, 12,000円

合計: 25箱, 263,100円

※この明細は買取完了時の金額です。
```"
User,Seijiro,2025/03/25,20:15:21,よろしくお願いします！
Account,内藤夏樹,2025/03/25,20:15:48,お振込みを行いました。
Account,内藤夏樹,2025/03/25,20:15:50,ありがとうございました。
User,Seijiro,2025/03/25,20:51:38,"確認しました！
今後もまた是非よろしくお願いします。"
User,Seijiro,2025/03/25,20:51:42,ありがとうございました！
User,Seijiro,2025/04/25,16:35:56,"お世話になります。
ロケット団の栄光 15box 16800円
151 10box 22200円

買取お願いできますでしょうか？"
Account,内藤夏樹,2025/04/25,16:38:11,"毎々、お世話になっております。
はい！よろしくお願い申し上げます。"
User,Seijiro,2025/04/25,16:38:59,10box以上送料無料キャンペーンは継続中でしょうか？
Account,内藤夏樹,2025/04/25,16:39:15,"はい！
着払いにてご発送ください🙇🏻‍♂️"
User,Seijiro,2025/04/25,16:39:26,"かしこまりました！
申請フォーム送らせてもらいます！"
Account,内藤夏樹,2025/04/25,16:39:33,よろしくお願い申し上げます。
User,Seijiro,2025/04/25,16:49:22,"ただいま申請させていただきました。
ご確認お願いします。"
Account,内藤夏樹,2025/04/25,16:50:46,"確認しました。
発送をよろしくお願い申し上げます。"
User,Seijiro,2025/04/25,18:53:29,"ただいま発送させて頂きました。
追跡番号 461585196671
4/26午前着になります。

よろしくお願い申し上げます。"
Account,内藤夏樹,2025/04/25,18:56:24,ありがとうございました。
Account,内藤夏樹,2025/04/26,22:30:15,"毎々、お世話になっております。
査定が終わりました。

合計
474000円

となります。
お振込みさせて頂きました。
"
User,Seijiro,2025/04/26,22:39:52,"入金確認できました！
迅速な対応誠にありがとうございます！！
またよろしくお願いします🙇"
Account,内藤夏樹,2025/04/26,22:43:18,またのご利用をお願い申し上げます
User,Seijiro,2025/06/24,17:57:36,送信が取り消されたメッセージです
User,Seijiro,2025/06/24,18:03:32,"お世話になります。

ブラックボルト 10box 9500
ホワイトフレア 13box 9500
バトルパートナーズ 4box 7300
ロケット団の栄光 3box 10800
熱風のアリーナ 1box 8200

こちら買取お願いできますでしょうか？"
Account,内藤夏樹,2025/06/24,18:03:42,"毎々、お世話になっております。
はい、お任せください！"
User,Seijiro,2025/06/24,18:04:07,"いつも助かってます！
申請フォームやります！"
Account,内藤夏樹,2025/06/24,18:04:31,"・ポケモンカード　ブラックボルト　10箱　単価9,500円　小計95,000円
・ポケモンカード　ホワイトフレア　13箱　単価9,500円　小計123,500円
・ポケモンカード　バトルパートナーズ　4箱　単価7,300円　小計29,200円
・ポケモンカード　ロケット団の栄光　3箱　単価10,800円　小計32,400円
・ポケモンカード　熱風のアリーナ　1箱　単価8,200円　小計8,200円

合計：288,300円"
User,Seijiro,2025/06/24,18:21:08,"申請完了しました！
発送させて頂きます！"
Account,内藤夏樹,2025/06/24,18:21:34,よろしくお願い申し上げます。
User,Seijiro,2025/06/24,19:05:40,"ただいま発送完了しました。
ヤマト運輸
追跡番号 307469512431
6/25 午前中着となります。

よろしくお願い申し上げます。"
Account,内藤夏樹,2025/06/24,19:13:21,ありがとうございました。
Account,内藤夏樹,2025/06/25,20:14:40,"・ポケモンカード　ブラックボルト　10箱　単価9,500円　小計95,000円
・ポケモンカード　ホワイトフレア　13箱　単価9,500円　小計123,500円
・ポケモンカード　バトルパートナーズ　4箱　単価7,300円　小計29,200円
・ポケモンカード　ロケット団の栄光　3箱　単価10,800円　小計32,400円
・ポケモンカード　熱風のアリーナ　1箱　単価8,200円　小計8,200円

合計：288,300円

【査定による減額】
・ホワイトフレア　凹み　-700円 × 1点 = -700円

減額合計：-700円
最終買取金額：287,600円"
Account,内藤夏樹,2025/06/25,20:14:47,査定結果となります。
User,Seijiro,2025/06/25,20:59:33,かしこまりました！
Account,内藤夏樹,2025/06/26,11:15:05,"毎々お世話になっております。
お振込を実行しておりますのでご確認をよろしくお願いいたします。"
User,Seijiro,2025/06/26,13:33:39,"確認しました！
この度は迅速な対応ありがとうございました。
またよろしくお願い申し上げます。"
User,Seijiro,2025/08/23,18:05:44,"お世話になります。

ロケット団の栄光　11box @9300
メガシンフォニア　5box @7400
メガブレイブ　8box @10400

こちらの買取をお願いします！"
User,Seijiro,2025/08/23,18:20:13,今日はもう終わっちゃいましたか？
Account,内藤夏樹,2025/08/23,18:40:08,"毎々、お世話になっております！
終わっちゃいました🙇🏻‍♂️"
User,Seijiro,2025/08/23,18:43:23,"かしこまりました。
また次回よろしくお願いします。"
User,Seijiro,2025/08/25,12:42:07,"お世話になります。

ロケット団の栄光
メガシンフォニア
メガブレイブ

こちらは今買取してないですか？"
Account,内藤夏樹,2025/08/25,13:05:31,"毎々、お世話になっております。
本日は買取受付しておりませんでした。

価格を調整しておりますので少々お待ちください。"
Account,内藤夏樹,2025/08/25,13:07:18,こちらの＋100円でやらせていただけたらと思います🙇🏻‍♂️
Account,内藤夏樹,2025/08/25,13:07:24,写真を送信しました。
User,Seijiro,2025/08/25,13:18:55,"お休みのところご回答ありがとうございます。

申し訳ありませんが、今回は見送らせて頂きます。
またよろしくお願いします。"
Account,内藤夏樹,2025/08/25,14:35:58,また、よろしくお願い申し上げます。
User,Seijiro,2025/10/29,16:09:43,"お世話になります。

インフェルノx 6box @15800
メガブレイブ　8box @11000
メガシンフォニア 11box @7700
ホワイトフレア 9box @8300
ブラックボルト 2box @9300
ロケット団の栄光 4box @11700

こちら買取お願いできますか？
"
Account,内藤夏樹,2025/10/29,16:10:10,"毎々、お世話になっております！
ありがとうございます。

よろしくお願い申し上げます。"
Account,内藤夏樹,2025/10/29,16:10:30,"インフェルノx 6box @15800
メガブレイブ　8box @11000
メガシンフォニア 11box @7700
ホワイトフレア 9box @8300
ブラックボルト 2box @9300
ロケット団の栄光 4box @11700"
User,Seijiro,2025/10/29,16:11:15,申し込みさせていただきます！
User,Seijiro,2025/10/29,16:21:21,着払いで発送で大丈夫ですか？
Account,内藤夏樹,2025/10/29,16:32:38,大丈夫です🙇🏻‍♂️
User,Seijiro,2025/10/29,17:12:02,"ただいま発送完了致しました。

ヤマト運輸
追跡番号 461589370524
前澤星次郎

よろしくお願い申し上げます。"
Account,内藤夏樹,2025/10/29,17:16:05,ありがとうございました。
Account,内藤夏樹,2025/10/30,20:28:06,"毎々、お世話になっております。
御見積書を送付いたします。

買取見積書 -
・ポケモンカード　インフェルノX　6箱　単価15,800円　小計94,800円
・ポケモンカード　メガブレイブ　8箱　単価11,000円　小計88,000円
・ポケモンカード　メガシンフォニア　11箱　単価7,700円　小計84,700円
・ポケモンカード　ホワイトフレア　9箱　単価8,300円　小計74,700円
・ポケモンカード　ブラックボルト　2箱　単価9,300円　小計18,600円
・ポケモンカード　ロケット団の栄光　4箱　単価11,700円　小計46,800円

合計：407,600円
減額合計：0円
最終買取金額：407,600円
ご確認のほど、よろしくお願いいたします。"
User,Seijiro,2025/10/30,21:06:42,ありがとうございます！
Account,内藤夏樹,2025/10/31,07:01:21,"毎々お世話になっております。
お振込みが完了しております。
この度はありがとうございました。"
User,Seijiro,2025/12/22,15:22:38,"お世話になっております。
megaドリームexのシュリンクありとシュリンクなしの価格は、価格表の通りでしょうか？"
Account,内藤夏樹,2025/12/22,15:28:34,"毎々、お世話になっております。
本日はメガドリームの買取は〆切となりました🙇🏻‍♂️"
User,Seijiro,2025/12/22,15:28:50,かしこまりました！
User,Seijiro,2026/01/16,16:36:59,"いつもお世話になってます。
本日ワンピースの買取お願いしたいと思っているのですが、数が71boxと多いので2個口でも送料無料可能ですか？"
User,Seijiro,2026/01/16,16:37:21,140の2個口です。
Account,内藤夏樹,2026/01/16,16:38:24,"毎々、お世話になっております。
商品はなにになりますでしょうか。"
Account,内藤夏樹,2026/01/16,16:39:14,2個口でも送料無料です
User,Seijiro,2026/01/16,16:40:57,"新たなる皇帝 22box
師弟の絆 5box
受け継がれる意思 7box
ヒロインズコレクション 3box
蒼海の七傑 4box
anime 25th 6box
王族の血統 7box
二つの伝説 3box
神速の拳 4box
新時代の主役 3box
メモリアルコレクション 2box
the best 2box
the best 2 3box


こちらになります！"
Account,内藤夏樹,2026/01/16,16:58:26,今お見積もりします
Account,内藤夏樹,2026/01/16,16:59:12,"毎々、お世話になっております。
御見積書を送付いたします。

- 買取見積書 -

・ワンピースカード
新たなる皇帝 BOX
22箱
単価 8,500円
小計 187,000円

・ワンピースカード
師弟の絆 BOX
5箱
単価 5,600円
小計 28,000円

・ワンピースカード
受け継がれる意志 BOX
7箱
単価 12,000円
小計 84,000円

・ワンピースカード
Heroines Edition BOX
3箱
単価 8,200円
小計 24,600円

・ワンピースカード
蒼海の七傑 BOX
4箱
単価 6,400円
小計 25,600円

・ワンピースカード
Anime 25th collection BOX
6箱
単価 8,500円
小計 51,000円

・ワンピースカード
王族の血統 BOX
7箱
単価 5,000円
小計 35,000円

・ワンピースカード
二つの伝説 BOX
3箱
単価 5,500円
小計 16,500円

・ワンピースカード
神速の拳 BOX
4箱
単価 12,000円
小計 48,000円

・ワンピースカード
新時代の主役 BOX
3箱
単価 27,000円
小計 81,000円

・ワンピースカード
メモリアルコレクション BOX
2箱
単価 9,000円
小計 18,000円

・ワンピースカード
THE BEST vol.1 BOX
2箱
単価 7,700円
小計 15,400円

・ワンピースカード
THE BEST vol.2 BOX
3箱
単価 4,600円
小計 13,800円

減額項目：
・該当なし

合計：627,900円
減額合計：-0円
最終買取金額：627,900円

※20箱以上の分量のため、送料は弊社負担（着払い）でお送りください。

【注意事項】
こちらのお見積もりを印刷して商品に同梱してください。
同梱がない場合には査定が遅れる場合がございます。
ご確認のほど、よろしくお願いいたします。"
User,Seijiro,2026/01/16,17:02:15,"ありがとうございます。
申し込みフォーム申請します。"
Account,内藤夏樹,2026/01/16,17:05:17,よろしくお願い申し上げます。
User,Seijiro,2026/01/16,17:53:40,"ただいま発送完了しました。

ヤマト運輸
461591271643
461591271621

2個口での発送となります。
よろしくお願い申し上げます。"
Account,内藤夏樹,2026/01/17,12:13:53,"'- 買取見積書 -

・ワンピースカード
新たなる皇帝 BOX
22箱
単価 8,500円
小計 187,000円

・ワンピースカード
師弟の絆 BOX
5箱
単価 5,600円
小計 28,000円

・ワンピースカード
受け継がれる意志 BOX
7箱
単価 12,000円
小計 84,000円

・ワンピースカード
Heroines Edition BOX
3箱
単価 8,200円
小計 24,600円

・ワンピースカード
蒼海の七傑 BOX
4箱
単価 6,400円
小計 25,600円

・ワンピースカード
Anime 25th collection BOX
6箱
単価 8,500円
小計 51,000円

・ワンピースカード
王族の血統 BOX
7箱
単価 5,000円
小計 35,000円

・ワンピースカード
二つの伝説 BOX
3箱
単価 5,500円
小計 16,500円

・ワンピースカード
神速の拳 BOX
4箱
単価 12,000円
小計 48,000円

・ワンピースカード
新時代の主役 BOX
3箱
単価 27,000円
小計 81,000円

・ワンピースカード
メモリアルコレクション BOX
2箱
単価 9,000円
小計 18,000円

・ワンピースカード
THE BEST vol.1 BOX
2箱
単価 7,700円
小計 15,400円

・ワンピースカード
THE BEST vol.2 BOX
3箱
単価 4,600円
小計 13,800円

減額項目：
・Anime 25th collection BOX（1箱）：-8,500円
（買取不可につき返却）

合計：627,900円
減額合計：-8,500円
最終買取金額：619,400円"
Account,内藤夏樹,2026/01/17,12:14:11,"毎々、お世話になっております。
ご確認を宜しくお願い致します。"
Account,内藤夏樹,2026/01/17,12:14:24,写真を送信しました。
User,Seijiro,2026/01/17,12:44:19,"お世話になっております。
確認しました。

査定結果はそれで大丈夫なのですが、そのboxのテープは切れていましたか？
発送前に全て状態確認した上で、テープが切れていない綺麗なもののみ発送しましたがそのような状態のものはなかったと認識しています。

テープが切れて箱が破れているので、発送後どのようにしたらそうなるのかわからないため教えて頂けるとありがたいです。"
Account,内藤夏樹,2026/01/17,13:12:41,"ご確認ありがとうございます。
テープが切れ、写真のような状態ですこし上部蓋に破れがありました。
梱包状態や梱包材の破損も特段ありませんでした。

どのように破損に至ったかは弊社ではわかりかねます。
ほかの商品もきれいな状態でしたので輸送時の振動や移動による破損がもっとも考えられる要因に思えます。

ヤマト運輸さんへ相談してみるのもありかと思います。
（回収→前澤さまよりヤマト運輸に被害額の請求→お振込みがヤマト運輸さんからされる"
Account,内藤夏樹,2026/01/17,13:12:53,という流れです。時間が多少かかります。
Account,内藤夏樹,2026/01/17,13:13:09,ヤマト運輸さんへ連絡していただければ弊社に回収しに来られると思います。
User,Seijiro,2026/01/17,17:11:04,"かしこまりました！
ヤマトに問い合わせするので、保管よろしくお願いします。"
Account,内藤夏樹,2026/01/17,17:12:03,"承知しました。
保管しておきます。

お振込み手続きはすすめてよろしいでしょうか。"
User,Seijiro,2026/01/17,17:16:26,はい！よろしくお願い申し上げます。
Account,内藤夏樹,2026/01/17,17:16:34,承知しました。
