﻿アカウント名,にこにこ買取＠業界最高の買取価格宣言！
タイムゾーン,'+09:00
ダウンロード日時,2026/02/21 04:36
送信者タイプ,送信者名,送信日,送信時刻,内容
Account,応答メッセージ,2025/06/01,15:31:04,"けいさん
はじめまして！にこにこ買取＠業界最高の買取価格宣言！です。
友だち追加ありがとうございます！
にこにこ買取です(moon big smile)

ポケモンカードなどトレーディングカード全般の買取を行っております。
買取ご希望のお客様はなんでもお気軽に連絡してください(saluting man)

ご郵送買取の流れは以下の”郵送買取の流れ”をご確認ください(sparkle)

お問い合わせなどはお気軽にメッセージからご連絡ください(phone)"
Account,応答メッセージ,2025/06/01,15:31:04,写真を送信しました。
Account,応答メッセージ,2025/06/01,15:31:04,写真を送信しました。
User,けい,2025/06/01,15:45:05,送信が取り消されたメッセージです
User,けい,2025/06/01,15:45:27,送信が取り消されたメッセージです
User,けい,2025/06/01,15:49:40,"ロケット団の栄光×17 12300円
VSTARユニバース×8 15500円
イーブイヒーローズ×1 72000炎
超電ブレイカー×3 8500円
クリムゾンヘイズ×3 8500円

予約をお願いします。"
User,けい,2025/06/01,15:52:30,"すみません、以下も追加します。

パラダイムトリガー×1 11800円"
Account,内藤夏樹,2025/06/01,15:54:36,"ロケット団の栄光×17 12300円
VSTARユニバース×8 15500円
イーブイヒーローズ×1 72000炎
超電ブレイカー×3 8500円
クリムゾンヘイズ×3 8500円
パラダイムトリガー*1.11800円

予約をお願いします。"
Account,内藤夏樹,2025/06/01,15:54:41,こちら賜りました。
Account,内藤夏樹,2025/06/02,20:31:50,"・ポケモンカード　ロケット団の栄光　17箱　単価12,300円　小計209,100円
・ポケモンカード　VSTARユニバース　8箱　単価15,500円　小計124,000円
・ポケモンカード　イーブイヒーローズ　1箱　単価72,000円　小計72,000円
・ポケモンカード　超電ブレイカー　3箱　単価8,500円　小計25,500円
・ポケモンカード　クリムゾンヘイズ　3箱　単価8,500円　小計25,500円
・ポケモンカード　パラダイムトリガー　1箱　単価11,800円　小計11,800円

合計：467,900円

【査定による減額】
・イーブイヒーローズ　-3,000円 × 1点 = -3,000円
・VSTARユニバース　　-700円 × 1点 = -700円

減額合計：-3,700円
最終買取金額：464,200円"
Account,内藤夏樹,2025/06/02,20:31:54,"毎々、お世話になっております。
査定結果となります。"
User,けい,2025/06/03,03:59:29,わかりました、問題ありません。
Account,内藤夏樹,2025/06/03,12:25:24,"お振込みしました。
よろしくお願い申し上げます。"
User,けい,2025/06/03,14:33:18,"ロケット団の栄光×20　12000円
超電ブレイカー×8　8700円
熱風のアリーナ×2　8000円
VSTARユニバース×6　15500円
151×1　21000円
シャイニートレジャー×2　8200円
ステラミラクル×1　5600円
楽園ドラゴーナ×1　7000円
 予約をお願いします。"
Account,内藤夏樹,2025/06/03,14:35:01,"ロケット団の栄光×20　12000円
超電ブレイカー×8　8700円
熱風のアリーナ×2　8000円
VSTARユニバース×6　15500円
151×1　21000円
シャイニートレジャー×2　8200円
ステラミラクル×1　5600円
楽園ドラゴーナ×1　7000円
 
賜りました。"
User,けい,2025/06/03,15:11:51,テラスタルフェスex×5を追加して良いですか？
User,けい,2025/06/03,15:12:11,テラスタルフェスex×5 9200
Account,内藤夏樹,2025/06/03,15:22:14,"ロケット団の栄光×20　12000円
超電ブレイカー×8　8700円
熱風のアリーナ×2　8000円
VSTARユニバース×6　15500円
151×1　21000円
シャイニートレジャー×2　8200円
ステラミラクル×1　5600円
楽園ドラゴーナ×1　7000円
テラスタルフェスex×5 9200
 
賜りました。"
User,けい,2025/06/03,15:27:38,"すみません、テラスタルですが1個少し破損があったため4個にしました。
他修正ありません。"
Account,内藤夏樹,2025/06/03,15:31:58,"ロケット団の栄光×20　12000円
超電ブレイカー×8　8700円
熱風のアリーナ×2　8000円
VSTARユニバース×6　15500円
151×1　21000円
シャイニートレジャー×2　8200円
ステラミラクル×1　5600円
楽園ドラゴーナ×1　7000円
テラスタルフェスex×4 9200
 
賜りました。"
Account,内藤夏樹,2025/06/03,16:56:13,"・ポケモンカード　ロケット団の栄光　20箱　単価12,000円　小計240,000円
・ポケモンカード　超電ブレイカー　8箱　単価8,700円　小計69,600円
・ポケモンカード　熱風のアリーナ　2箱　単価8,000円　小計16,000円
・ポケモンカード　VSTARユニバース　6箱　単価15,500円　小計93,000円
・ポケモンカード　151　1箱　単価21,000円　小計21,000円
・ポケモンカード　シャイニートレジャー　2箱　単価8,200円　小計16,400円
・ポケモンカード　ステラミラクル　1箱　単価5,600円　小計5,600円
・ポケモンカード　楽園ドラゴーナ　1箱　単価7,000円　小計7,000円
・ポケモンカード　テラスタルフェスex　4箱　単価9,200円　小計36,800円

合計：505,400円"
Account,内藤夏樹,2025/06/04,20:11:40,"・ポケモンカード　ロケット団の栄光　20箱　単価12,000円　小計240,000円
・ポケモンカード　超電ブレイカー　8箱　単価8,700円　小計69,600円
・ポケモンカード　熱風のアリーナ　2箱　単価8,000円　小計16,000円
・ポケモンカード　VSTARユニバース　6箱　単価15,500円　小計93,000円
・ポケモンカード　151　1箱　単価21,000円　小計21,000円
・ポケモンカード　シャイニートレジャー　2箱　単価8,200円　小計16,400円
・ポケモンカード　ステラミラクル　1箱　単価5,600円　小計5,600円
・ポケモンカード　楽園ドラゴーナ　1箱　単価7,000円　小計7,000円
・ポケモンカード　テラスタルフェスex　4箱　単価9,200円　小計36,800円

合計：505,400円

【査定による減額】
・ロケット団の栄光　凹み　-700円 × 2点 = -1,400円

減額合計：-1,400円
最終買取金額：504,000円"
Account,内藤夏樹,2025/06/04,20:11:51,"毎々、お世話になっております。
査定結果となります。"
User,けい,2025/06/04,20:24:36,問題ありません。
Account,内藤夏樹,2025/06/04,20:25:01,お振込みを行います。
User,けい,2025/06/04,20:35:42,お待ちしております。
Account,内藤夏樹,2025/06/04,21:14:59,"振り込みました。
ありがとうございました。"
User,けい,2025/06/26,14:42:25,"ブラックボルト×21
ホワイトフレア×12
テラスタルフェスex×2
151×1

予約をお願いいたします。"
Account,内藤夏樹,2025/06/26,14:42:56,"毎々、お世話になっております。
先ほど規定数に達しましたため、〆切となりました。
ありがとうございました。"
User,けい,2025/06/30,12:22:55,"ホワイトフレア×13
ブラックボルト×19

予約をお願いします。"
Account,内藤夏樹,2025/06/30,12:25:05,"毎々お世話になっております。
承知しました。"
Account,内藤夏樹,2025/06/30,12:25:27,"・ポケモンカード　ホワイトフレア　13箱　単価9,000円　小計117,000円
・ポケモンカード　ブラックボルト　19箱　単価9,200円　小計174,800円

合計：291,800円"
Account,内藤夏樹,2025/06/30,12:25:42,"こちらとなります。
今回以降は以下の住所に発送をお願い申し上げます。"
Account,内藤夏樹,2025/06/30,12:26:13,"発送先
株式会社AiGIVE 内藤宛
940-0864
新潟県長岡市川崎3-2366-7-103
050-5470-3570"
User,けい,2025/06/30,15:51:40,"3308-5350-1963
ヤマト運輸"
Account,内藤夏樹,2025/07/01,20:48:42,"・ポケモンカード　ホワイトフレア　13箱　単価9,000円　小計117,000円
・ポケモンカード　ブラックボルト　19箱　単価9,200円　小計174,800円

合計：291,800円

こちら満額での査定結果となります。"
User,けい,2025/07/01,20:50:12,承知しました。
User,けい,2025/08/21,13:50:52,"151×14
ブラックボルト×4
熱風のアリーナ×1
楽園ドラゴーナ×1

予約をお願いいたします。"
Account,内藤夏樹,2025/08/21,13:52:38,"毎々、お世話になっております。
ありがとうございました。

今お見積もりをお送りします。"
User,けい,2025/08/21,14:13:34,すみません、シャイニートレジャーex×1も追加をお願いいたします。
Account,内藤夏樹,2025/08/21,14:14:03,"毎々、お世話になっております。  
御見積書を送付いたします。

- 買取見積書 -
・ポケモンカード151　14箱　単価27,000円　小計378,000円  
・ポケモンカード　ブラックボルト　4箱　単価9,300円　小計37,200円  
・ポケモンカード　熱風のアリーナ　1箱　単価9,600円　小計9,600円  
・ポケモンカード　楽園ドラゴーナ　1箱　単価8,700円　小計8,700円  
・ポケモンカード　シャイニートレジャーex　1箱　単価9,900円　小計9,900円  

減額項目：なし  

合計：443,400円  
減額合計：0円  
最終買取金額：443,400円  

ご確認のほど、よろしくお願いいたします。"
User,けい,2025/08/21,14:14:55,"問題ありません。
よろしくお願いいたします。"
Account,内藤夏樹,2025/08/21,14:15:14,ご申請と発送をよろしくお願い申し上げます。
User,けい,2025/08/21,17:52:52,ヤマト運輸/3308-6291-4454/藤井啓
User,けい,2025/08/22,17:43:47,ご入金は明日になりますか？？
Account,内藤夏樹,2025/08/22,19:28:58,"毎々、お世話になっております。

はい、明日になりそうです、、、すみません、、、。"
Account,内藤夏樹,2025/08/22,21:17:27,"毎々、お世話になっております。  
御見積書を送付いたします。

- 買取見積書 -
・ポケモンカード151　14箱　単価27,000円　小計378,000円  
・ポケモンカード　ブラックボルト　4箱　単価9,300円　小計37,200円  
・ポケモンカード　熱風のアリーナ　1箱　単価9,600円　小計9,600円  
・ポケモンカード　楽園ドラゴーナ　1箱　単価8,700円　小計8,700円  
・ポケモンカード　シャイニートレジャーex　1箱　単価9,900円　小計9,900円  

減額項目：  
・ポケモンカード151 凹み -1,000円 × 2点 = -2,000円  

合計：443,400円  
減額合計：-2,000円  
最終買取金額：441,400円  

ご確認のほど、よろしくお願いいたします。"
User,けい,2025/08/22,23:40:07,わかりました、問題ありません。
Account,内藤夏樹,2025/08/23,08:48:01,ありがとうございます。
Account,内藤夏樹,2025/08/23,08:48:05,振込みをしました。
User,けい,2025/09/02,15:02:37,"予約をお願いいたします。

メガブレイブ×10
メガシンフォニア	4
トウホク×6
クリムゾンヘイズ×2
ステラミラクル×1
VSTARユニバース×1
シャイニートレジャーex×2
テラスタルフェスex×2
熱風のアリーナ×1
変幻の仮面×1
黒炎の支配者×1
クレイバースト×1"
Account,内藤夏樹,2025/09/02,15:04:55,"毎々、お世話になっております。
ありがとうございました。
見積もりお送りしますね！"
User,けい,2025/09/02,15:16:22,お待ちしています！
User,けい,2025/09/02,15:41:54,発送準備進めちゃいますね・・・
Account,内藤夏樹,2025/09/02,15:43:10,申し訳ございません！
Account,内藤夏樹,2025/09/02,15:43:23,"今お送りします。
申請は追ってしていただけたらと思います。"
Account,内藤夏樹,2025/09/02,15:45:05,"毎々、お世話になっております。  
御見積書を送付いたします。

- 買取見積書 -
・メガブレイブ　10箱　単価10,300円　小計103,000円  
・メガシンフォニア　4箱　単価7,400円　小計29,600円  
・スペシャルボックストウホク　6箱　単価26,000円　小計156,000円  
・クリムゾンヘイズ　2箱　単価9,300円　小計18,600円  
・ステラミラクル　1箱　単価6,000円　小計6,000円  
・VSTARユニバース　1箱　単価15,900円　小計15,900円  
・シャイニートレジャーex　2箱　単価11,000円　小計22,000円  
・テラスタルフェスex　2箱　単価13,000円　小計26,000円  
・熱風のアリーナ　1箱　単価9,700円　小計9,700円  
・変幻の仮面　1箱　単価8,100円　小計8,100円  
・黒炎の支配者　1箱　単価11,700円　小計11,700円  
・クレイバースト　1箱　単価10,800円　小計10,800円  

---

✅ **合計：417,400円**  
減額合計：0円  
**最終買取金額：417,400円**

ご確認のほど、よろしくお願いいたします。"
Account,内藤夏樹,2025/09/03,18:30:16,"毎々、お世話になっております。
こちら満額にてお振込みをしました。"
User,けい,2025/09/16,13:55:35,"ヒロシマ×4
メガブレイブ×3
ブラックボルト×1
ホワイトフレア×1
ロケット団の栄光×2
レイジングサーフ×4
シャイニートレジャーex×2
スノーハザード×1

予約をお願いいたします。"
User,けい,2025/09/16,14:24:15,発送進めちゃいますね・・・
Account,内藤夏樹,2025/09/16,14:25:01,"毎々、お世話になっております！
今お見積もりお送りします！"
Account,内藤夏樹,2025/09/16,14:25:05,いつもありがとうございます😭
Account,内藤夏樹,2025/09/16,14:25:19,着払いでお送りください。
User,けい,2025/09/16,14:25:53,おお、助かります～ありがとうございます！
Account,内藤夏樹,2025/09/16,14:26:19,"毎々、お世話になっております。  
御見積書を送付いたします。

- 買取見積書 -
  ・ポケモンカード　ヒロシマ　4箱　単価37,000円　小計148,000円  
  ・ポケモンカード　メガブレイブ　3箱　単価10,000円　小計30,000円  
  ・ポケモンカード　ブラックボルト　1箱　単価9,700円　小計9,700円  
  ・ポケモンカード　ホワイトフレア　1箱　単価8,200円　小計8,200円  
  ・ポケモンカード　ロケット団の栄光　2箱　単価9,400円　小計18,800円  
  ・ポケモンカード　レイジングサーフ　4箱　単価9,400円　小計37,600円  
  ・ポケモンカード　シャイニートレジャーex　2箱　単価11,500円　小計23,000円  
  ・ポケモンカード　スノーハザード　1箱　単価7,700円　小計7,700円

合計：283,000円  
減額合計：0円  
最終買取金額：283,000円

ご確認のほど、よろしくお願いいたします。​​​​​​​​​​​​​​​​"
User,けい,2025/09/16,14:38:46,ありがとうございます、確定として発送しますね。
Account,内藤夏樹,2025/09/16,16:06:08,"ありがとうございました。
よろしくお願い申し上げます。"
User,けい,2025/09/17,19:25:48,お振込は明日になります？？
Account,内藤夏樹,2025/09/17,19:28:57,"毎々、お世話になっております。
今ほどお振込みをしました。
ありがとうございます。"
User,けい,2025/10/08,13:20:54,"インフェルノX×24
※シュリンク付き

予約をお願いいたします。"
Account,内藤夏樹,2025/10/08,13:29:04,毎々、お世話になっております。
Account,内藤夏樹,2025/10/08,13:29:28,"毎々、お世話になっております。  
御見積書を送付いたします。

- 買取見積書 -
  ・ポケモンカード　インフェルノX　24箱　単価13,500円　小計324,000円

合計：324,000円  
減額合計：0円  
最終買取金額：324,000円

ご確認のほど、よろしくお願いいたします。​​​​​​​​​​​​​​​​"
Account,内藤夏樹,2025/10/08,13:29:33,よろしくお願い申し上げます。
User,けい,2025/10/08,13:29:52,問題ございません、予約でお願いいたします！
Account,内藤夏樹,2025/10/08,14:11:15,よろしくお願い申し上げます。
User,けい,2025/10/09,23:23:02,お振込は明日になりますか？
Account,内藤夏樹,2025/10/10,06:44:21,"毎々、お世話になっております。
振込が完了しております。
ありがとうございました。"
User,けい,2025/10/12,14:55:07,"インフェルノX×32box

予約可能ですか？？"
Account,内藤夏樹,2025/10/12,15:06:13,"毎々、お世話になっております。
よろしくお願い申し上げます。"
Account,内藤夏樹,2025/10/12,15:06:22,今回からはこちらへ発送をよろしくお願い申し上げます。
Account,内藤夏樹,2025/10/12,15:06:31,"請求先および発送先
株式会社AiGIVE 内藤宛
940-0833
新潟県長岡市笹崎1-8-22 1階
090-2445-4864"
User,けい,2025/10/12,15:06:57,承知しました。
Account,内藤夏樹,2025/10/13,10:20:51,"毎々、お世話になっております。
御見積書を送付いたします。

買取見積書 -
・ポケモンカード　インフェルノX　32箱　単価14,300円　小計457,600円

合計：457,600円
減額合計：0円
最終買取金額：457,600円
ご確認のほど、よろしくお願いいたします。"
User,けい,2025/10/13,10:21:30,"大丈夫です！
本日貴社へ到着予定です。"
Account,内藤夏樹,2025/10/13,10:21:51,"振込しました！
ありがとうございます。"
User,けい,2025/10/13,10:22:07,ありがとうございます！
Account,内藤夏樹,2025/10/13,10:22:29,ご申請のみ、宜しくお願い致します。
User,けい,2025/10/13,10:23:10,申請は昨日済んでおりますので、問題ないかご確認くださいm(_ _)m
Account,内藤夏樹,2025/10/13,10:26:00,承知しました。
User,けい,2025/10/16,13:38:18,"インフェルノX×17
予約可能ですか？"
Account,内藤夏樹,2025/10/16,13:46:45,"毎々、お世話になっております！
まだ大丈夫です！

メガメガないでしょうか。
ブラホワと。"
User,けい,2025/10/16,13:56:40,今はないんですが、探しておきます！
User,けい,2025/10/16,13:57:02,インフェルノX×17ありがとうございます。
Account,内藤夏樹,2025/10/16,13:57:16,よろしくお願い申し上げます。
Account,内藤夏樹,2025/10/16,13:57:26,15700×17🙇🏻‍♂️
User,けい,2025/10/17,14:02:44,"インフェルノX×15
ブラックボルト×2

予約いけますか？？"
Account,内藤夏樹,2025/10/17,14:03:11,はい、大丈夫です。
User,けい,2025/10/17,14:03:44,ありがとうございます、申し込みフォーム入力します。
Account,内藤夏樹,2025/10/17,14:07:21,"毎々、お世話になっております。
御見積書を送付いたします。

買取見積書 -
・ポケモンカード　インフェルノX　15箱　単価16,300円　小計244,500円
・ポケモンカード　ブラックボルト　2箱　単価9,600円　小計19,200円

合計：263,700円
減額合計：0円
最終買取金額：263,700円"
User,けい,2025/10/24,13:19:57,"インフェルノX×12
メガブレイブ×3
ブラックボルト×1
ロケット団の栄光×4

予約をお願いしますm(_ _)m"
Account,内藤夏樹,2025/10/24,13:41:36,"毎々、お世話になっております。
ありがとうございます😊"
Account,内藤夏樹,2025/10/24,13:42:03,"毎々、お世話になっております。  
御見積書を送付いたします。

- 買取見積書 -
  ・ポケモンカード　インフェルノX　12箱　単価15,500円　小計186,000円  
  ・ポケモンカード　メガブレイブ　3箱　単価11,200円　小計33,600円  
  ・ポケモンカード　ブラックボルト　1箱　単価9,400円　小計9,400円  
  ・ポケモンカード　ロケット団の栄光　4箱　単価11,700円　小計46,800円

合計：275,800円  
減額合計：0円  
最終買取金額：275,800円

ご確認のほど、よろしくお願いいたします。​​​​​​​​​​​​​​​​"
User,けい,2025/10/24,13:46:31,"ありがとうございます。予約確定でお願いいたします。
フォームも今入力中です。"
Account,内藤夏樹,2025/10/24,13:48:03,よろしくお願い申し上げます。
User,けい,2025/10/26,13:58:20,今日買取されますか？？
Account,内藤夏樹,2025/10/26,13:58:43,"毎々、お世話になっております。
インフェルノと、ワンピだけやっていました☺️"
User,けい,2025/10/26,13:59:25,おお、インフェルノ今日おいくらです？？
Account,内藤夏樹,2025/10/26,14:00:15,15700です☺️
User,けい,2025/10/26,14:00:33,"了解です！
在庫確認します。"
Account,内藤夏樹,2025/10/26,14:00:38,よろしくお願い申し上げます。
User,けい,2025/10/26,14:10:11,お待たせしました、インフェルノX×27で予約希望です。
Account,内藤夏樹,2025/10/26,14:12:39,"ありがとうございました。

15700×27

よろしくお願い申し上げます。"
Account,内藤夏樹,2025/10/26,14:12:55,"発送先が変更になっております🙇🏻‍♂️
お間違いのないようにお願いします🙇🏻‍♂️"
Account,内藤夏樹,2025/10/26,14:16:55,"【発送先住所変更のお知らせ】

郵送買取をご利用の皆さまへ
発送先住所が下記の通り変更となりました。

新住所：
〒940-0833
株式会社AiGIVE　内藤 宛
新潟県長岡市笹崎1-8-22 1階
TEL：070-9126-7304

※宛名に「にこにこ買取」のみをご記載の場合、到着が遅れる可能性があります。
必ず「株式会社AiGIVE」と明記してください。"
User,けい,2025/10/26,14:17:43,了解です！
User,けい,2025/10/27,17:32:31,ちなみにお振込は本日予定となりますか…？
Account,内藤夏樹,2025/10/27,17:33:02,"毎々、お世話になっております。
本日の予定です🙇🏻‍♂️"
User,けい,2025/10/27,17:43:24,ありがとうございます、承知しました！
User,けい,2025/10/29,12:39:06,"インフェルノX×11
メガブレイブ×4
熱風のアリーナ×3
ロケット団の栄光×1
ブラックボルト×2

予約可能ですか？？"
Account,内藤夏樹,2025/10/29,12:39:53,毎々お世話になっております
Account,内藤夏樹,2025/10/29,12:39:55,可能です。
Account,内藤夏樹,2025/10/29,12:40:20,"毎々、お世話になっております。
御見積書を送付いたします。

買取見積書 -
・ポケモンカード　インフェルノX　11箱　単価15,800円　小計173,800円
・ポケモンカード　メガブレイブ　4箱　単価11,000円　小計44,000円
・ポケモンカード　熱風のアリーナ　3箱　単価11,300円　小計33,900円
・ポケモンカード　ロケット団の栄光　1箱　単価11,700円　小計11,700円
・ポケモンカード　ブラックボルト　2箱　単価9,300円　小計18,600円

合計：282,000円
減額合計：0円
最終買取金額：282,000円
ご確認のほど、よろしくお願いいたします。"
User,けい,2025/10/29,12:41:29,ありがとうございます、フォーム入力します！
User,けい,2025/10/30,04:55:57,送信が取り消されたメッセージです
Account,内藤夏樹,2025/10/31,07:02:02,"毎々お世話になっております。
お振込みが完了しております。
この度はありがとうございました。"
User,けい,2025/10/31,12:35:58,"インフェルノX×23
ブラックボルト×1

予約をお願いいたします。"
Account,内藤夏樹,2025/10/31,12:36:27,"毎々、お世話になっております。  
御見積書を送付いたします。

- 買取見積書 -
・ポケモンカード　インフェルノX　23箱　単価15,700円　小計361,100円  
・ポケモンカード　ブラックボルト　1箱　単価9,300円　小計9,300円

合計：370,400円  
減額合計：0円  
最終買取金額：370,400円

ご確認のほど、よろしくお願いいたします。"
Account,内藤夏樹,2025/10/31,12:36:29,よろしくお願いします
User,けい,2025/10/31,12:41:08,sumimasenn!
User,けい,2025/10/31,12:41:29,"すみません！
インフェルノを＋1箱してもよろしいでしょうか。
インフェルノX×24
ブラックボルト×1"
User,けい,2025/10/31,15:35:50,こちらの数量で発送しております、よろしくお願いいたしますm(_ _)m
Account,内藤夏樹,2025/10/31,16:02:07,ありがとうございました。
Account,内藤夏樹,2025/11/01,20:20:45,"買取見積書 -
・ポケモンカード　インフェルノX　23箱　単価15,700円　小計361,100円
・ポケモンカード　ブラックボルト　1箱　単価9,300円　小計9,300円

減額項目：
・インフェルノX　凹み：-800円 × 1点 = -800円
合計：370,400円
減額合計：-800円
最終買取金額：369,600円"
User,けい,2025/11/01,20:41:44,okです
User,けい,2025/11/01,20:42:07,あれ、インフェルノX24箱なかったです？
Account,内藤夏樹,2025/11/01,20:43:01,"失礼しました。
そちらの計算を反映しそこねております🙇🏻‍♂️"
Account,内藤夏樹,2025/11/01,20:43:07,改めてお送りします
User,けい,2025/11/01,20:59:35,お待ちしています！
Account,内藤夏樹,2025/11/01,22:05:57,"買取見積書 -
・ポケモンカード　インフェルノX　24箱　単価15,700円　小計376,800円
・ポケモンカード　ブラックボルト　1箱　単価9,300円　小計9,300円

減額項目：
・インフェルノX　凹み：-800円 × 1点 = -800円
合計：386,100円
減額合計：-800円
最終買取金額：385,300円
ご確認のほど、よろしくお願いいたします。"
User,けい,2025/11/01,22:12:14,okです
User,けい,2025/11/04,13:39:00,"ブラックボルト×10
ホワイトフレア×3
インフェルノX×2
メガブレイブ×2

予約をお願いいたします。"
Account,内藤夏樹,2025/11/04,14:05:27,"毎々、お世話になっております。
送料無料が20箱からですので、あと、もう少し足せないでしょうか？"
User,けい,2025/11/04,14:07:41,あーーそうなんですね
User,けい,2025/11/04,14:07:51,ただ追加が難しいのでこれで大丈夫です…
Account,内藤夏樹,2025/11/04,14:16:48,"毎々、お世話になっております。  
御見積書を送付いたします。

- 買取見積書 -
  ・ポケモンカード　ブラックボルト　10箱　単価9,000円　小計90,000円  
  ・ポケモンカード　ホワイトフレア　3箱　単価8,000円　小計24,000円  
  ・ポケモンカード　インフェルノX　2箱　単価14,800円　小計29,600円  
  ・ポケモンカード　メガブレイブ　2箱　単価10,800円　小計21,600円

合計：165,200円  
減額合計：0円  
最終買取金額：165,200円

ご確認のほど、よろしくお願いいたします。​​​​​​​​​​​​​​​​"
Account,内藤夏樹,2025/11/04,14:17:19,送料無料の件、申し訳ございません。
User,けい,2025/11/04,14:21:55,いえいえ！
Account,内藤夏樹,2025/11/04,14:39:04,ありがとうございました。
User,けい,2025/11/04,20:23:00,"すみません、メガブレイブが2ではなく3で発送しておりました。
お手数ですが、＋1box分も買取可能でしょうか…？"
Account,内藤夏樹,2025/11/05,08:53:42,承知しました☺️
Account,内藤夏樹,2025/11/05,19:21:16,"御見積書を送付いたします。

買取見積書 -
・ポケモンカード　ブラックボルト　10箱　単価9,000円　小計90,000円
・ポケモンカード　ホワイトフレア　3箱　単価8,000円　小計24,000円
・ポケモンカード　インフェルノX　2箱　単価14,800円　小計29,600円
・ポケモンカード　メガブレイブ　3箱　単価10,800円　小計32,400円

合計：176,000円
減額合計：0円
最終買取金額：176,000円
ご確認のほど、よろしくお願いいたします。"
User,けい,2025/11/06,06:21:07,okです
User,けい,2025/11/09,14:24:06,"インフェルノX×10
メガブレイブ×1
ロケット団の栄光×5
超電ブレイカー×1
黒炎の支配者×1
151×1
VSTARユニバース×3

予約不可なものはありますか？
もしあれば、それを除いてお見積もりください。"
Account,内藤夏樹,2025/11/09,14:26:04,承知しました。
Account,内藤夏樹,2025/11/09,14:26:42,"毎々、お世話になっております。  
御見積書を送付いたします。

- 買取見積書 -
  ・ポケモンカード　インフェルノX　10箱　単価14,700円　小計147,000円  
  ・ポケモンカード　メガブレイブ　1箱　単価10,600円　小計10,600円  
  ・ポケモンカード　ロケット団の栄光　5箱　単価11,700円　小計58,500円  
  ・ポケモンカード　超電ブレイカー　1箱　単価14,600円　小計14,600円  
  ・ポケモンカード　黒炎の支配者　1箱　単価12,500円　小計12,500円  
  ・ポケモンカード　ポケモンカード151　1箱　単価29,000円　小計29,000円

合計箱数：19箱
合計：272,200円  
減額合計：0円  
最終買取金額：272,200円

ご確認のほど、よろしくお願いいたします。​​​​​​​​​​​​​​​​"
User,けい,2025/11/09,14:27:37,ありがとうございます、確定しますのでフォーム入力します。
Account,内藤夏樹,2025/11/09,14:27:59,よろしくお願い申し上げます。
User,けい,2025/11/09,14:31:13,すみません、インフェルノを1box追加して良いですか？
Account,内藤夏樹,2025/11/09,14:31:37,"もちろんです！
送料は着払いでお送りください"
User,けい,2025/11/09,14:34:49,ありがとうございます！
Account,内藤夏樹,2025/11/09,18:34:32,"毎々、お世話になっております。  
御見積書を送付いたします。

- 買取見積書 -
・ポケモンカード　インフェルノX　11箱　単価14,700円　小計161,700円  
・ポケモンカード　メガブレイブ　1箱　単価10,600円　小計10,600円  
・ポケモンカード　ロケット団の栄光　5箱　単価11,700円　小計58,500円  
・ポケモンカード　超電ブレイカー　1箱　単価14,600円　小計14,600円  
・ポケモンカード　黒炎の支配者　1箱　単価12,500円　小計12,500円  
・ポケモンカード　ポケモンカード151　1箱　単価29,000円　小計29,000円

合計箱数：20箱
合計：286,900円  
減額合計：0円  
最終買取金額：286,900円

20箱以上のため、送料は弊社負担でお送りください。

ご確認のほど、よろしくお願いいたします。"
User,けい,2025/11/09,18:49:15,了解しました！
User,けい,2025/11/17,14:23:28,送信が取り消されたメッセージです
User,けい,2025/11/17,14:49:31,"インフェルノX 6
メガシンフォニア 1
ブラックボルト 1
ホワイトフレア 1
熱風のアリーナ 8
超電ブレイカー 1
テラスタルフェスex 3
バトルパートナーズ 2

予約をお願いいたします。"
Account,内藤夏樹,2025/11/17,14:51:03,"毎々、お世話になっております。
お見積もりお送りします。"
Account,内藤夏樹,2025/11/17,15:03:46,"毎々、お世話になっております。  
御見積書を送付いたします。

- 買取見積書 -
  ・ポケモンカード　インフェルノX　6箱　単価14,500円　小計87,000円  
  ・ポケモンカード　メガシンフォニア　1箱　単価7,400円　小計7,400円  
  ・ポケモンカード　ブラックボルト　1箱　単価9,300円　小計9,300円  
  ・ポケモンカード　ホワイトフレア　1箱　単価8,300円　小計8,300円  
  ・ポケモンカード　熱風のアリーナ　8箱　単価12,200円　小計97,600円  
  ・ポケモンカード　超電ブレイカー　1箱　単価15,000円　小計15,000円  
  ・ポケモンカード　テラスタルフェスex　3箱　単価12,400円　小計37,200円  
  ・ポケモンカード　バトルパートナーズ　2箱　単価7,700円　小計15,400円

合計箱数：23箱
合計：277,200円  
減額合計：0円  
最終買取金額：277,200円

20箱以上のため、送料は弊社負担でお送りください。

ご確認のほど、よろしくお願いいたします。​​​​​​​​​​​​​​​​"
User,けい,2025/12/16,14:15:40,"MEGAドリームex×16
予約をお願いいたします。"
Account,内藤夏樹,2025/12/16,14:17:05,"毎々、お世話になっております。
只今の買取価格は
10700円となります🙇🏻‍♂️"
User,けい,2025/12/16,14:17:24,なるほど、ちょいと検討します（汗
Account,内藤夏樹,2025/12/16,14:24:18,よろしくお願い申し上げます。
User,けい,2026/01/16,13:34:19,"インフェルノx×3
テラスタルフェス×3
ロケット団の栄光×1

予約をお願いいたします。"
Account,内藤夏樹,2026/01/16,13:35:12,有難うございます
Account,内藤夏樹,2026/01/16,13:35:38,"毎々、お世話になっております。
御見積書を送付いたします。

- 買取見積書 -

・ポケモンカード
インフェルノX BOX
3箱
単価 11,700円
小計 35,100円

・ポケモンカード
テラスタルフェスex BOX
3箱
単価 14,600円
小計 43,800円

・ポケモンカード
ロケット団の栄光 BOX
1箱
単価 15,100円
小計 15,100円

減額項目：
・該当なし

合計：94,000円
減額合計：-0円
最終買取金額：94,000円

【注意事項】
こちらのお見積もりを印刷して商品に同梱してください。
同梱がない場合には査定が遅れる場合がございます。
ご確認のほど、よろしくお願いいたします。
"
