﻿アカウント名,にこにこ買取＠業界最高の買取価格宣言！
タイムゾーン,'+09:00
ダウンロード日時,2026/02/21 04:36
送信者タイプ,送信者名,送信日,送信時刻,内容
Account,応答メッセージ,2026/01/10,15:07:04,"K.さん
はじめまして！にこにこ買取＠業界最高の買取価格宣言！です。
友だち追加ありがとうございます！
にこにこ買取です(moon big smile)

ポケモンカードなどトレーディングカード全般の買取を行っております。
買取ご希望のお客様はなんでもお気軽に連絡してください(saluting man)

ご郵送買取の流れはメニューから”郵送買取の流れ”をご確認ください(sparkle)

ご郵送買取ご希望の場合にはメニューの”申し込みフォーム”からご申請が可能となっております。

お問い合わせなどはお気にご連絡ください。"
User,K.,2026/01/10,15:07:17,ベスト2買取価格いくらでしょうか？
Account,内藤夏樹,2026/01/10,15:12:53,締め切りとなってしまいました。
User,K.,2026/01/10,15:14:42,了解致しました
User,K.,2026/01/12,13:50:34,本日の買取価格教えてください
User,K.,2026/01/12,13:50:42,ワンピース です
Account,内藤夏樹,2026/01/12,13:54:15,"毎々、お世話になっております。
本日はお休みとなっておりました。"
User,K.,2026/01/14,16:52:08,本日はどうでしょうか?
