﻿アカウント名,にこにこ買取＠業界最高の買取価格宣言！
タイムゾーン,'+09:00
ダウンロード日時,2026/02/21 04:36
送信者タイプ,送信者名,送信日,送信時刻,内容
Account,応答メッセージ,2025/11/25,20:23:07,"ゆうたさん
はじめまして！にこにこ買取＠業界最高の買取価格宣言！です。
友だち追加ありがとうございます！
にこにこ買取です(moon big smile)

ポケモンカードなどトレーディングカード全般の買取を行っております。
買取ご希望のお客様はなんでもお気軽に連絡してください(saluting man)

ご郵送買取の流れはメニューから”郵送買取の流れ”をご確認ください(sparkle)

ご郵送買取ご希望の場合にはメニューの”申し込みフォーム”からご申請が可能となっております。

お問い合わせなどはお気にご連絡ください。"
User,ゆうた,2025/11/25,20:25:21,"よろしくお願いします！
DMより連絡した初心者です"
Account,内藤夏樹,2025/11/25,20:25:32,ご連絡ありがとうございます。
Account,内藤夏樹,2025/11/25,20:25:46,では、こちらの見積もりでよろしければ申請フォームよりご申請をお願い致します。
Account,内藤夏樹,2025/11/25,20:25:48,"買取見積書（メガドリームex 11/28予約分） -

ポケモンカード　メガドリームex BOX　30箱　単価13,800円　小計414,000円

ポケモンカード　メガドリームex カートン　1カートン　単価280,000円　小計280,000円

減額項目（ある場合）：

該当なし

合計：694,000円 減額合計：-0円 最終買取金額：694,000円"
Account,内藤夏樹,2025/11/25,20:26:01,上記、意外に増える場合には全く問題ありません。
User,ゆうた,2025/11/25,20:26:24,よろしくお願いします！
User,ゆうた,2025/11/25,20:26:40,ではフォーム入力致しますね！
Account,内藤夏樹,2025/11/25,20:27:29,"ありがとうございます。
申請終わりましたらご連絡をお願い致します。"
User,ゆうた,2025/11/25,20:32:35,"承知致しました！
現金受け取りでも銀行等は記入した方がよいのでしょうか？"
Account,内藤夏樹,2025/11/25,20:36:48,不要でございますので、適当なテキストを入力いただけたらと思います。
User,ゆうた,2025/11/25,20:38:58,承知致しました！
User,ゆうた,2025/11/25,20:46:09,フォーム送信致しました！
Account,内藤夏樹,2025/11/25,20:48:50,ありがとうございます。
Account,内藤夏樹,2025/11/25,20:50:03,"確認ができました。
当日は宜しくお願い致します。"
Account,内藤夏樹,2025/11/25,20:50:10,増えそうならばいつでもご連絡ください。
User,ゆうた,2025/11/25,20:54:29,ちなみに住民票も必要なのでしょうか(顔文字)？
Account,内藤夏樹,2025/11/25,21:10:48,"お持ち込みの時にご本人確認させていただければ不要です。
免許証などだけお持ちください。"
User,ゆうた,2025/11/26,07:14:01,承知致しました！
Account,内藤夏樹,2025/11/26,07:31:04,"ありがとうございました。
では、当日よろしくお願い申し上げます。"
User,ゆうた,2025/11/26,07:32:23,よろしくお願いします！
Account,内藤夏樹,2025/11/28,08:12:46,"毎々、お世話になっております。

本日はよろしくお願い申し上げます。

夜時間帯の19から20時頃に長岡市周辺でお願いできますでしょうか。"
Account,内藤夏樹,2025/11/28,08:13:30,"受け渡しの住所は
長岡市笹崎1-8-22
です。

時間帯によっては長岡インター近くなど伺うことも可能です☺️"
User,ゆうた,2025/11/28,08:18:47,お世話になっております。時間帯ですがもう少し早い時間は難しいでしょうか？
Account,内藤夏樹,2025/11/28,08:19:37,1830くらいまでご予約でパンパでして🙇🏻‍♂️🙇🏻‍♂️
Account,内藤夏樹,2025/11/28,08:19:47,可能な限り早く調整します。
User,ゆうた,2025/11/28,08:19:56,承知致しました🫡
User,ゆうた,2025/11/28,08:27:13,インフェルノXも12個程あるのですが追加可能でしょうか？
Account,内藤夏樹,2025/11/28,09:16:21,"大丈夫ですよ！
価格はお昼頃にお伝えします。"
User,ゆうた,2025/11/28,09:30:11,承知致しました！
User,ゆうた,2025/11/28,10:27:50,写真を送信しました。
User,ゆうた,2025/11/28,10:27:57,場所はこちらでしょうか？
User,ゆうた,2025/11/28,10:31:22,LINEの住所には長岡市大手通 2-2-6となってるのですが、どちらがなんの用途の住所なのでしょうか？
Account,内藤夏樹,2025/11/28,10:32:55,"こちらです。
LINEの住所は本店住所です。

こちらは事務社となっております。"
User,ゆうた,2025/11/28,10:39:39,"色々と質問すみません。
正直まだ情報が無くお店の詳細も把握出来ておりませんので信用しきれていない部分があるもので。

失礼な発言あるかもですが、悪気は無いのでお気を悪くされないようお願い致します(ごめんなさい)

店舗があるという事でしょうか？"
Account,内藤夏樹,2025/11/28,10:40:33,"いえいえとんでもないです。
店舗自体はありませんので、ご不安があれば目の前のコンビニや他の駐車場でお待ち合わせも可能です。

その際に古物商許可証をお見せすることも可能です。"
Account,内藤夏樹,2025/11/28,10:41:11,弊社はオンラインや業販がメインのため店舗は保有していないです。
User,ゆうた,2025/11/28,10:46:54,"承知致しました！
場所はこちらで大丈夫ですのでよろしくお願いします！"
Account,内藤夏樹,2025/11/28,10:47:16,"有難うございました。
またなにかあればなんでも聞いてください。"
User,ゆうた,2025/11/28,10:47:34,(emoji)
User,ゆうた,2025/11/28,12:45:04,バラbox70個までは増やせそうですがいかがでしょうか？
Account,内藤夏樹,2025/11/28,12:45:57,40個は現在の単価でご案内となりますがいかがでしょうか。
User,ゆうた,2025/11/28,12:46:16,現在おいくらでしょうか？
Account,内藤夏樹,2025/11/28,12:46:58,1万3500円となります。
User,ゆうた,2025/11/28,12:48:47,ではその価格でお願い致します(おねがいいたします)
Account,内藤夏樹,2025/11/28,12:52:31,"では、追加の
40×13500円

もよろしくお願い申し上げます。"
User,ゆうた,2025/11/28,12:53:18,インフェルノXと追加分はフォーム入力は不用なのでしょうか？
Account,内藤夏樹,2025/11/28,12:53:58,"一度いただいているもので大丈夫です。
よろしくお願い申し上げます。"
User,ゆうた,2025/11/28,12:54:13,承知致しました！
User,ゆうた,2025/11/28,14:25:39,"度々申し訳ありません。
追加分の40を36でお願い致します(お願いします)"
Account,内藤夏樹,2025/11/28,14:32:20,承知しました。
Account,内藤夏樹,2025/11/28,14:32:54,"インフェルノ
12300円でいかがでしょうか。"
User,ゆうた,2025/11/28,14:33:13,okです！よろしくお願いします(よろしく)
User,ゆうた,2025/11/28,14:34:32,"カートン✖️1 
前予約✖️30
当日分✖️36
インフェルノX✖️12
よろしくお願いします(よろしく)"
Account,内藤夏樹,2025/11/28,14:36:34,後ほど、計算したものをお送りします。
User,ゆうた,2025/11/28,14:36:49,(emoji)
Account,内藤夏樹,2025/11/28,14:38:10,1845頃には検品できるように調整しております。
User,ゆうた,2025/11/28,14:38:55,ありがとうございます！
Account,内藤夏樹,2025/11/28,15:28:28,"毎々、お世話になっております。
御見積書を送付いたします。

- 買取見積書 -
・ポケモンカード　メガドリームex BOX　30箱　単価13,800円　小計414,000円
・ポケモンカード　メガドリームex カートン　1カートン　単価280,000円　小計280,000円
・ポケモンカード　メガドリームex BOX　36箱　単価13,500円　小計486,000円
・ポケモンカード　インフェルノX BOX　12箱　単価12,200円　小計146,400円

減額項目（ある場合）：
・該当なし

合計：1,326,400円
減額合計：-0円
最終買取金額：1,326,400円

ご確認のほど、よろしくお願いいたします。"
User,ゆうた,2025/11/28,16:30:38,(emoji)
User,ゆうた,2025/11/28,18:18:42,いつでも持ち込み行けるのでお声がけください！
Account,内藤夏樹,2025/11/28,18:19:14,"有難うございます。
今オフィスに戻っております🙇🏻‍♂️
もう少々お待ちください。"
User,ゆうた,2025/11/28,18:20:03,私は時間余裕あるので気にせずどうぞ！
Account,内藤夏樹,2025/11/28,18:21:02,ご配慮有難うございます。
Account,内藤夏樹,2025/11/28,18:31:50,"お待たせしました。
準備ができました。

建物駐車場に入り、左手白い車の駐車場にお止めください。"
Account,内藤夏樹,2025/11/28,18:54:16,"最終買取金額：1,327,000円

に変更しました。"
Account,内藤夏樹,2025/11/28,18:54:19,ありがとうございます。
User,ゆうた,2025/11/28,18:58:54,ありがとうございました！
User,ゆうた,2025/11/30,12:11:14,"お世話になっております！
本日のメガドリームの買取価格ありましたら伺いたいと思い連絡させていただきました！"
Account,内藤夏樹,2025/11/30,13:36:28,"毎々、お世話になっております。
これから更新します！"
User,ゆうた,2025/11/30,14:37:56,価格は12600でしょうか(顔文字)？
Account,内藤夏樹,2025/11/30,14:40:36,本日はその価格になります🙇🏻‍♂️
User,ゆうた,2025/11/30,15:04:32,"承知致しました！
ソムリエさんあたりの13000に対抗なんて難しいでしょうかね(顔文字)？
全然無理には大丈夫なので！数は12個と今日は少ないのですし(顔文字)"
Account,内藤夏樹,2025/11/30,15:35:38,"大丈夫ですよ！
郵送にしますか？？"
User,ゆうた,2025/11/30,15:36:10,本日長岡に行けるので行きますよ！また先日と同じ場所でよろしいですか？
Account,内藤夏樹,2025/11/30,15:36:41,"買取に出かけているので
どこかで待ち合わせでも良いですか？

20時頃はどこにいらっしゃいますか？"
User,ゆうた,2025/11/30,15:37:11,その時間はもう上越に帰ってしまってると思います(顔文字)
User,ゆうた,2025/11/30,15:40:38,また後日でも大丈夫ですので(顔文字)その頃にはまた増えてるかと
User,ゆうた,2025/11/30,16:06:06,20時頃に長岡いられそうならまた連絡させていただきますね！
Account,内藤夏樹,2025/11/30,16:09:37,そうしましょう🙇🏻‍♂️🙇🏻‍♂️
User,ゆうた,2025/11/30,18:57:41,本日大丈夫そうです！
User,ゆうた,2025/11/30,18:58:37,今長岡にいるのでどこへ何時にするか決まれば連絡ください！
Account,内藤夏樹,2025/11/30,19:08:16,すみません！新潟市の買取で戻れそうにありません・・・。
Account,内藤夏樹,2025/11/30,19:08:18,申し訳ございません。
User,ゆうた,2025/11/30,19:10:34,承知致しました！ではまた後日に！
User,ゆうた,2025/12/01,16:52:51,"お世話になっております！
本日か明日の予定はいかがでしょうか？"
Account,AIチャットボット(β),2025/12/01,16:52:52,情報利用許可のお願い
Account,内藤夏樹,2025/12/01,16:54:53,"毎々、お世話になっております。
本日は〆切とさせていただきましたので、明日以降でよろしくお願い申し上げます。"
User,ゆうた,2025/12/01,16:56:34,"明日夕方は難しいので昼間にお願いできればと思っております。
数は35〜40くらいの予定です"
Account,内藤夏樹,2025/12/01,18:01:46,"今日の夜はどうですか？
22時頃になってしまいますが、、、。"
User,ゆうた,2025/12/01,18:16:52,これから長岡行くのははなかなか大変で(ぴえん)
User,ゆうた,2025/12/01,18:21:20,明日厳しそうであれば向かいますね(emoji)
User,ゆうた,2025/12/01,18:56:41,22時にこの間の事務所でしょうか？
Account,内藤夏樹,2025/12/01,18:59:34,"ですよね🙇🏻‍♂️
明日だとちょっと厳しいです。
夜だと難しいですよね。"
Account,内藤夏樹,2025/12/01,19:52:20,"また後日にしますか。
13700円は〆切しており、今買取は13200円です。"
User,ゆうた,2025/12/01,20:11:03,"明日だと夜は厳しそうです🙇
今長岡に向かってるので本日お願いしようかと思ってたのですが価格下がってしまうんですかね(^◇^;)"
Account,内藤夏樹,2025/12/01,20:44:29,価格はこの時点で〆切していました🙇🏻‍♂️
Account,内藤夏樹,2025/12/01,20:44:44,きちんとお伝えできず申し訳ございません！
User,ゆうた,2025/12/01,21:06:12,いえいえ
User,ゆうた,2025/12/01,21:07:04,長岡着いたのですが場所は前回と同じ場所でしょうか？
User,ゆうた,2025/12/01,21:08:30,本日の場合35個可能です(顔文字)
Account,内藤夏樹,2025/12/01,21:10:32,"わかりました。
このセブンでお願いします🙇🏻‍♂️"
Account,内藤夏樹,2025/12/01,21:11:11,https://maps.app.goo.gl/mQX5JwK5dzvmjrz17?g_st=ipc
Account,内藤夏樹,2025/12/01,21:11:33,"13200×35
462000円"
User,ゆうた,2025/12/01,21:12:52,承知致しました！何時頃伺えばよいでしょう？
Account,内藤夏樹,2025/12/01,21:13:02,今から行けますー！
User,ゆうた,2025/12/01,21:13:29,では向かいます！10分程でいけます
User,ゆうた,2025/12/01,21:18:51,本日も現金受け取りでよろしいのでしょうか？
User,ゆうた,2025/12/01,21:19:11,今フォーム入力中です
Account,内藤夏樹,2025/12/01,21:20:31,現金を用意します。
Account,内藤夏樹,2025/12/01,21:20:39,有難うございます。
Account,内藤夏樹,2025/12/01,21:20:46,セブンでお待ちしています。
User,ゆうた,2025/12/01,21:23:23,"フォーム送信致しました！
5分以内に到着致します"
Account,内藤夏樹,2025/12/01,21:24:27,ありがとうございました。
User,ゆうた,2025/12/06,07:41:34,"お世話になっております。
本日またメガドリームの予約検討中なのですが、本日の買取可能でしょうか？"
Account,AIチャットボット(β),2025/12/06,07:41:36,"買取価格は日々変動するため、メニューより買取価格表をご確認ください。
個別見積りは、商品名・数量・単価を記載のうえご連絡ください。

商品名：
数買取希望数量：
買取単価："
User,ゆうた,2025/12/06,13:28:54,本日の買取価格が無いようでしたので、もし本日買取されていれば価格伺いたいです(お願いします)
Account,AIチャットボット(β),2025/12/06,13:28:57,"買取価格は日々変動するため、メニューより買取価格表をご確認ください。
個別見積りは、商品名・数量・単価を記載のうえご連絡ください。

商品名：
数買取希望数量：
買取単価："
Account,内藤夏樹,2025/12/06,15:30:24,"毎々、お世話になっております。
ご連絡が遅くなり申し訳ございません。

本日明日と対面が難しく、、、。"
User,ゆうた,2025/12/06,15:37:17,承知致しました！
Account,内藤夏樹,2025/12/06,15:39:05,失礼しました🙇🏻‍♂️🙇🏻‍♂️
Account,内藤夏樹,2025/12/06,16:37:10,明日の夜いかがですか。
User,ゆうた,2025/12/06,16:38:29,明日は上越から離れられないもので💦
Account,内藤夏樹,2025/12/06,16:40:05,"今日これから
18:00頃どうですか？"
Account,内藤夏樹,2025/12/06,16:40:19,"私も途中の
柏崎くらいまで行けます"
User,ゆうた,2025/12/06,16:40:40,今日であれば長岡で大丈夫です！今長岡にいるので
Account,内藤夏樹,2025/12/06,16:40:41,"子供の面倒みていないとで
時間がなくて申し訳ございません🙇🏻‍♂️"
Account,内藤夏樹,2025/12/06,16:41:02,"お！
この後いけますか。
"
User,ゆうた,2025/12/06,16:41:08,なんならすぐにでも大丈夫ですし、場所もどこでもいけます！
User,ゆうた,2025/12/06,16:41:27,今長岡イオンなので
Account,内藤夏樹,2025/12/06,16:41:46,"以前の事務所にて、よろしくお願い申し上げます🙇🏻‍♂️

何個あります？
12000円でやります。"
User,ゆうた,2025/12/06,16:42:02,ちなみにメガブレイブとシンフォニアも少しならあります！
Account,内藤夏樹,2025/12/06,16:42:22,"とります！
価格はあとでご連絡しますね"
User,ゆうた,2025/12/06,16:42:50,承知致しました！これから向かっても大丈夫です？
User,ゆうた,2025/12/06,16:43:22,時間合わせますのでいい時間で大丈夫です👌
Account,内藤夏樹,2025/12/06,16:43:29,あと、20-30分でいけます。
Account,内藤夏樹,2025/12/06,16:43:37,ドリームなん箱ありますでしょうか
User,ゆうた,2025/12/06,16:45:33,"今ドリーム23箱
ブレイブとシンフォニア3箱づつになります"
User,ゆうた,2025/12/06,16:49:49,17時10分頃到着予定です
Account,内藤夏樹,2025/12/06,16:55:06,"毎々、お世話になっております。  
御見積書を送付いたします。

- 買取見積書 -
  ・ポケモンカード　メガドリームex　23箱　単価12,000円　小計276,000円  
  ・ポケモンカード　メガブレイブ　3箱　単価8,100円　小計24,300円  
  ・ポケモンカード　メガシンフォニア　3箱　単価7,100円　小計21,300円

合計箱数：29箱
合計：321,600円  
減額合計：0円  
最終買取金額：321,600円

20箱以上のため、送料は弊社負担でお送りください。

ご確認のほど、よろしくお願いいたします。​​​​​​​​​​​​​​​​"
User,ゆうた,2025/12/06,17:00:02,フォーム送信致しました！
Account,内藤夏樹,2025/12/06,17:06:49,ありがとうございました。
User,ゆうた,2025/12/06,17:12:26,到着しました！
Account,内藤夏樹,2025/12/06,17:14:04,少々お待ちください
Account,内藤夏樹,2025/12/06,17:14:12,お金を下ろしています
User,ゆうた,2025/12/06,17:14:42,スタンプを送信しました。
User,ゆうた,2025/12/12,08:37:50,"お世話になっております。
本日買取はされてますでしょうか？
メガドリーム
メガブレイブ
メガシンフォニア
テラスタルフェスex
ここら辺の本日の買取価格ありましたらお願いしたいです(お願いします)"
Account,AIチャットボット(β),2025/12/12,08:37:53,"現在の買取受付状況は日々変動します。
最新情報はX（旧ツイッター）をご確認ください。
再開は決まり次第、価格表ページ更新とXでご案内します。"
Account,AIチャットボット(β),2025/12/12,08:37:53,回答内容はいかがでしたか？[Good]または[Bad]をタップして、フィードバックにご協力ください。
Account,内藤夏樹,2025/12/12,09:51:00,"毎々、お世話になっております。
本日はお昼頃に価格を出す予定です。"
User,ゆうた,2025/12/12,09:56:00,"承知致しました！
ちなみに本日は柏崎あたりでの受け渡し可能な時間あったりしますでしょうか？"
User,ゆうた,2025/12/12,09:56:33,日中であれば可能なのですが
User,ゆうた,2025/12/12,09:56:57,難しければまた後日にしたいなと！
Account,内藤夏樹,2025/12/12,11:21:32,夕方でも良いですか？？
User,ゆうた,2025/12/12,11:34:36,今日は16時頃までしかいれません💦
Account,内藤夏樹,2025/12/12,12:25:16,そうなると夜か、明日以降となります！
User,ゆうた,2025/12/12,13:11:05,深夜ならいけるかもしれませんが何時頃まで可能ですか？
Account,内藤夏樹,2025/12/12,13:52:28,22時頃までには、、、
User,ゆうた,2025/12/12,15:38:15,であればやはり明日以降にお願いします(お願いします)
Account,内藤夏樹,2025/12/12,15:39:03,はい！よろしくお願い申し上げます🙇
User,ゆうた,2025/12/13,08:55:54,本日は何時から可能でしょうか？
Account,内藤夏樹,2025/12/13,11:42:32,"毎々、お世話になっております。
本日は予定がいっぱいとなっておりまして。
明日の夜とかいかがでしょうか？"
Account,内藤夏樹,2025/12/13,11:42:43,もしくは、郵送してくれると助かります🙇🏻‍♂️
User,ゆうた,2025/12/13,11:53:53,明日は夜の場合場所はどうなりそうでしょうか？
Account,内藤夏樹,2025/12/13,12:14:33,長岡となります🙇🏻‍♂️🙇🏻‍♂️
User,ゆうた,2025/12/13,12:30:59,"長岡だと明日は難しそうです。
本日発送の場合の価格をお願い致します(おねがいいたします)
メガドリーム40前後
メガブレイブとシンフォニア11個づつあたりの予定でいます"
Account,内藤夏樹,2025/12/13,12:49:01,"有難うございます。

メガドリーム
11700円
ブレイブ
8400円
シンフォニア
7300円

です。"
User,ゆうた,2025/12/13,16:59:53,"承知致しました！
申し訳ありません。本日は間に合わなそうなので一旦見送りでお願い致します(お願いします)"
Account,内藤夏樹,2025/12/13,17:01:32,承知しました
User,ゆうた,2025/12/13,17:06:03,明日も子供見ないといけないので、夜に予定付けられなければ来週の受け渡しになるかと思います🙇
Account,内藤夏樹,2025/12/14,10:48:42,承知しました！
User,ゆうた,2025/12/14,13:25:05,本日の夜いけるかもしれません！何時頃から可能でしょうか？
Account,内藤夏樹,2025/12/14,14:30:38,"すみません、本日は予定入れてしまいました。

明日以降でよろしくお願い申し上げます。"
User,ゆうた,2025/12/14,14:35:15,では明日可能な時間あればよろしくお願いします(よろしく)
User,ゆうた,2025/12/15,11:15:12,あまり遅くなるようであれば本日無理そうですので連絡お願い致します
User,ゆうた,2025/12/15,11:22:06,"あまり何度も調整するのはお互い面倒だと思いますので、近日中の受け渡し出来る日、時間をお願い致します。
その中でこちらも可能な時間帯で予約させていただきます。"
Account,内藤夏樹,2025/12/15,11:23:02,"お世話になります。

本日は19時頃対応可能です。
よろしくお願い申し上げます。

価格はこの後掲載します。"
User,ゆうた,2025/12/15,11:23:41,その時間は本日難しいので明日以降の可能時間帯お願い致します。
User,ゆうた,2025/12/15,11:32:21,"私も長岡行ける日が限られておりタイミングなかなか合わなくて申し訳ありませんが、
予定決まらないのであれば相場も変動リスクありますので申し訳ないのですが他での取引を決める場合もあるのはご承知置きください(申し訳ない)"
Account,内藤夏樹,2025/12/15,11:33:17,"とんでもないです。
そうですね、、、郵送していただけるなら変動リスクは排除できるのではないかと思いますのでご検討いただけると助かります☺️"
Account,内藤夏樹,2025/12/15,11:33:41,明日も同じく19時頃となります。
User,ゆうた,2025/12/15,11:41:39,"ありがとうございます。
では明日の19時頃で予約お願い致します(おねがいいたします)"
Account,内藤夏樹,2025/12/15,11:43:24,"明日、承知しました。
よろしくお願い申し上げます。

価格は後ほど掲載します。

何箱ございますか？"
User,ゆうた,2025/12/15,11:45:46,"現時点でドリーム42箱ですが、明日にはもう少し増えてるかと思います(ごめんなさい)
朝には数お伝え出来るかと"
Account,内藤夏樹,2025/12/15,12:17:50,11000円でよろしければ一旦ご申請をよろしくお願いします。
Account,内藤夏樹,2025/12/15,13:56:18,10800円へ変更となりました🙇🏻‍♂️
User,ゆうた,2025/12/16,02:48:32,すみません、その価格でしたら一旦明日まで検討したいです(おねがいいたします)
Account,内藤夏樹,2025/12/16,06:18:59,承知しました。
User,ゆうた,2025/12/16,06:37:53,本日は変更あれば何時頃に買取価格出る予定でしょうか(?)
User,ゆうた,2025/12/16,07:11:27,"買取考えているのは
メガブレイブ
メガシンフォニア
メガドリーム
インフェルノX
の予定です(お願いします)"
Account,内藤夏樹,2025/12/16,07:22:36,"お昼頃です。

何箱ずつあるか聞いておいても良いですか？"
User,ゆうた,2025/12/16,07:35:20,"数は価格伺ってからお願いする数決めようと思うのですが、
メガブレイブとメガシンフォニアは25個づつ
メガドリーム50個
程度のの予定です(お願いします)
"
User,ゆうた,2025/12/16,07:36:40,インフェルノXは今回はやめておきます
Account,内藤夏樹,2025/12/16,07:37:05,わかりました！
Account,内藤夏樹,2025/12/16,07:37:55,"早めに出しますね☺️

ブレイブとシンフォニアは価格がよく無い可能性があります"
User,ゆうた,2025/12/16,07:38:08,承知致しました！
User,ゆうた,2025/12/16,07:38:48,今日からローソンで再販ですから一時的に下がるとは思ってるのであまり下がるようでしたらドリームだけにするかもしれません🙏
Account,内藤夏樹,2025/12/16,07:42:05,わかりました。
User,ゆうた,2025/12/16,07:56:09,ドリームは今回55〜60個程度になるかと思います。
User,ゆうた,2025/12/16,11:16:06,送信が取り消されたメッセージです
User,ゆうた,2025/12/16,11:16:38,"申し訳ありません、本日19時柏崎が難しそうです(ごめんなさい)
柏崎付近で用があるのを忘れてまして、13時頃〜15時頃までなら長岡で可能です。
18時半までに柏崎付近でも可能です。"
Account,内藤夏樹,2025/12/16,11:29:31,"毎々、お世話になっております。
長岡で考えておりましたため本日対面は厳しいですね😰

できたら郵送をご検討頂けると助かります。"
User,ゆうた,2025/12/16,11:54:07,"失礼を承知で腹を割った正直な気持ちで話をさせていただきます🙏

現時点で郵送、振り込みであればにこにこ買取さんへお願いするメリットが私にはありません。

この時提示いただいた金額の時も今まで利用していた所の同日の買取額の方が高く、到着から1営業日以内には振り込みいただける所を利用しておりました。
（大体の基準としては基本ソムリエさんよりも高く、もし安い品があれば伝えるとソムリエさんに対抗して最低でも同じ価格にしていただけておりました。）

にこにこ買取様の対応や資金面の信用においてもまだ日が浅いので仕方の無い事ですが、信用しきれておりません。

ですので申し訳ありませんが、対面以外での買取は今の所考えていない次第です。"
User,ゆうた,2025/12/16,12:00:33,直接取引というメリットと、地元が近いので応援したいという気持ちで今後も利用させていただきたい気持ちでいます(ありがとう)
Account,内藤夏樹,2025/12/16,12:01:19,承知しました。
User,ゆうた,2025/12/16,12:15:11,本日であれば22時頃なのでそれ以降か、また明日以降可能な時間帯を提案いただけると助かります。
Account,内藤夏樹,2025/12/16,12:23:04,"ご連絡ありがとうございます。

本日の22時ですと、夜分のため対応が難しく、申し訳ございません。 また、明日以降につきましても現在スケジュールが全て埋まっており、直近での調整がつかない状況です。

せっかくご提案いただいたところ恐縮ですが、今回はタイミングが合わず申し訳ございませんが、見送りとさせてください。 また機会がございましたら、よろしくお願いいたします。"
User,ゆうた,2025/12/16,12:32:56,"承知致しました。

ちなみに対面した時には上越まで受け取りも可能との事でしたがどの程度の量から可能でしょうか？"
User,ゆうた,2025/12/16,12:33:44,お忙しい中かと思いますので時期にもよるかとは思いますが
Account,内藤夏樹,2025/12/16,12:36:58,"現在は遠方への出張・引き取り対応は全面的に停止させていただいております。 
個数に関わらず、長岡でのお持ち込み、または郵送のみの対応となります。
ご希望に添えず恐縮ですが、何卒ご了承ください。"
User,ゆうた,2025/12/16,12:37:31,そうなのですね、承知致しました🫡
Account,内藤夏樹,2025/12/16,12:37:39,大変申し訳ございません。
User,ゆうた,2025/12/16,13:32:06,"あとこちらの返答についてですが、買取出来ない理由は本当にこの通りでよろしいでしょうか？

にこにこ様もお忙しいかと思い、タイミングもなかなか合わないので合わせるために「明日以降」と日付も指定しませんでした。

買い取る意思があったのであれば全てのスケジュールが埋まってるという理由はあまりに失礼ではありませんか？

価格変動があり、あまり買取したくない時期という理由や、金銭的な理由等であれば分かるのですが、、、
私の都合もありタイミングがズレてしまったのでそれなら素直に分かります。

日々価格の変動があるのも承知の上、特にドリームはしばらく再販で下がる可能性が高いですがそれでも数日待ちながらお待ちしている状態でした。

予定が埋まったという事は他の方の予定が入ったという事かと思います。
それだけでは無いかもしれませんが、私目線で昨日まで空いていた予定がいきなり今日から全て埋まったという説明には少し不信感を感じてしまいます。

別の理由があるのであれば説明いただきたいです。

度々しつこいようで申し訳ありません。
以前に買取屋さんに飛ばれた経験をしているので疑り深くなっており、今後も誠実にお取引したいので色々質問してしまっております(ごめんなさい)"
User,ゆうた,2025/12/16,13:40:47,ちなみに、あくまでも無理して買取して欲しいわけでわなく、にこにこさんにもしっかり利益出していただく範囲のwin&winの関係でいたいと思っているので相場の変動等で金額の調整や買い取りたくない品があったりも遠慮なく言っていただければ十分理解はありますので(ありがとう)
Account,内藤夏樹,2025/12/16,13:56:35,"お気持ち、詳しく教えていただきありがとうございます。
不信感を与えてしまったようで、申し訳ございません。

買取以外に複数の事業を行っておりまして、日時のお約束が確定していない枠については、どうしても他のお客様や社内業務の予定が先着順で埋まってしまいます
ご理解いただければ幸いです。

今回はタイミングが合わず残念でしたが、またお互いの条件とスケジュールが合う機会がございましたら、その際はよろしくお願いいたします。"
User,ゆうた,2025/12/16,14:03:53,"承知致しました。
事情説明いただきありがとうございます。
またよろしくお願い致します(おねがいいたします)"
User,ゆうた,2025/12/17,17:11:23,申し訳ありません。手持ちないです🙏
User,ゆうた,2025/12/17,17:21:39,ロケット団アタッシュケースの未開封ならいくつかありますが(顔文字)
User,ゆうた,2025/12/19,06:22:43,"お世話になっております！
スタートデッキ100の買取はされる予定ありますでしょうか？
本日長岡にて都合つく時間あれば
スタートデッキ100
メガドリーム
メガシンフォニア
メガブレイブ
こちらお願いしたいと思います(お願いします)"
User,ゆうた,2025/12/20,09:35:54,"申し訳ありません。
利用方法の手順を確認したところ今まで間違っていたのですね(ごめんなさい)"
User,ゆうた,2025/12/20,09:37:24,今後は手順通りに申し込みさせていただこうと思います。
User,ゆうた,2025/12/20,12:14:54,"持ち込み取引の場合の手順が書いてないようですので、手順お伝えいただいてもよろしいでしょうか？

持ち込みの場合事前の予定合わせもあるかと思いますので、今までの取引で手順の間違いや不備ありましたらお伝えください。"
User,ゆうた,2026/01/14,11:01:25,"お世話になっております。
本日予約検討しているのですが買取価格でましたら伺いたいです。


スタートデッキ100
メガドリーム
メガドリーム　シュリンク無し
メガブレイブ
クリムゾンヘイズ
ワイルドフォース
テラスタルフェスex
ワンピースザベスト
ワンピースザベスト2

こちら本日の買取価格出ましたらよろしくお願いします(よろしく)"
Account,応答メッセージ,2026/01/18,11:28:04,"ゆうたさん
はじめまして！にこにこ買取＠業界最高の買取価格宣言！です。
友だち追加ありがとうございます！
にこにこ買取です(moon big smile)

ポケモンカードなどトレーディングカード全般の買取を行っております。
買取ご希望のお客様はなんでもお気軽に連絡してください(saluting man)

ご郵送買取の流れはメニューから”郵送買取の流れ”をご確認ください(sparkle)

ご郵送買取ご希望の場合にはメニューの”申し込みフォーム”からご申請が可能となっております。

お問い合わせなどはお気にご連絡ください。"
