﻿アカウント名,にこにこ買取＠業界最高の買取価格宣言！
タイムゾーン,'+09:00
ダウンロード日時,2026/02/21 04:36
送信者タイプ,送信者名,送信日,送信時刻,内容
Account,応答メッセージ,2026/01/06,14:02:51,"グエンホアン　オアｲンさん
はじめまして！にこにこ買取＠業界最高の買取価格宣言！です。
友だち追加ありがとうございます！
にこにこ買取です(moon big smile)

ポケモンカードなどトレーディングカード全般の買取を行っております。
買取ご希望のお客様はなんでもお気軽に連絡してください(saluting man)

ご郵送買取の流れはメニューから”郵送買取の流れ”をご確認ください(sparkle)

ご郵送買取ご希望の場合にはメニューの”申し込みフォーム”からご申請が可能となっております。

お問い合わせなどはお気にご連絡ください。"
User,グエンホアン　オアｲン,2026/01/06,14:03:06,すみません
User,グエンホアン　オアｲン,2026/01/06,14:03:16,予約したいです
User,グエンホアン　オアｲン,2026/01/06,14:03:22,よろしくお願いします
Account,内藤夏樹,2026/01/06,14:03:35,毎々、お世話になっております。
Account,内藤夏樹,2026/01/06,14:03:44,商品を聞いても良いですか
User,グエンホアン　オアｲン,2026/01/06,14:04:31,Op13 は7ボックスです
User,グエンホアン　オアｲン,2026/01/06,14:04:40,よろしくお願いします
User,グエンホアン　オアｲン,2026/01/06,14:06:32,見積もりしていただきますか？
Account,内藤夏樹,2026/01/06,14:10:06,わかりました
Account,内藤夏樹,2026/01/06,14:11:13,"毎々、お世話になっております。
御見積書を送付いたします。
• 買取見積書 -
・ワンピースカード　受け継がれる意志 (OP-13) BOX　7箱　単価9,000円　小計63,000円
減額項目（ある場合）：
・該当なし
合計：63,000円
減額合計：-0円
最終買取金額：63,000円
【注意事項】
こちらのお見積もりを印刷して商品に同梱してください。
同梱がない場合には査定が遅れる場合がございますので、ご協力をお願いいたします。
ご確認のほど、よろしくお願いいたします。"
User,グエンホアン　オアｲン,2026/01/06,14:13:21,はい。かしこまりました。
User,グエンホアン　オアｲン,2026/01/06,14:14:19,明日の14-16時に商品を受けとります。
User,グエンホアン　オアｲン,2026/01/06,14:14:33,大丈夫ですか？
Account,内藤夏樹,2026/01/06,14:28:33,本日の発送が必要です
User,グエンホアン　オアｲン,2026/01/06,15:08:37,はい。かしこまりました。
Account,内藤夏樹,2026/01/06,15:16:29,よろしくお願い申し上げます。
Account,内藤夏樹,2026/01/06,15:16:36,メニューから申請もよろしくお願い申し上げます。
User,グエンホアン　オアｲン,2026/01/06,15:31:50,すみません
User,グエンホアン　オアｲン,2026/01/06,15:34:19,今から発送ですけど島根県から新潟県まで明日は届かない。
User,グエンホアン　オアｲン,2026/01/06,15:34:39,明日は無理です
Account,内藤夏樹,2026/01/06,15:34:41,大丈夫です。
User,グエンホアン　オアｲン,2026/01/06,15:35:04,明後日に届けます。
User,グエンホアン　オアｲン,2026/01/06,15:35:11,大丈夫ですか。
Account,内藤夏樹,2026/01/06,15:35:40,はい、大丈夫
User,グエンホアン　オアｲン,2026/01/06,15:35:40,写真を送信しました。
User,グエンホアン　オアｲン,2026/01/06,15:36:10,はい。かしこまりました。
User,グエンホアン　オアｲン,2026/01/06,15:36:12,よろしくお願いします
Account,内藤夏樹,2026/01/06,15:36:40,ありがとうございました。
User,グエンホアン　オアｲン,2026/01/06,15:42:54,写真を送信しました。
Account,内藤夏樹,2026/01/06,15:45:17,有難うございました
Account,内藤夏樹,2026/01/08,19:52:16,"毎々、お世話になっております。
お振込みを行いました。
ご利用ありがとうございました。"
User,グエンホアン　オアｲン,2026/01/08,20:11:49,はいありがとうございます。
User,グエンホアン　オアｲン,2026/01/13,12:33:22,すみません
User,グエンホアン　オアｲン,2026/01/13,12:33:25,よろしくお願いします
User,グエンホアン　オアｲン,2026/01/13,12:33:30,予約したいです。
User,グエンホアン　オアｲン,2026/01/13,12:34:58,インフェルノX シュリンク有る。2ボックスです。
User,グエンホアン　オアｲン,2026/01/13,12:35:04,よろしくお願いします
User,グエンホアン　オアｲン,2026/01/13,17:34:58,すみません
User,グエンホアン　オアｲン,2026/01/13,17:35:00,よろしくお願いします
Account,内藤夏樹,2026/01/13,18:38:41,本日はお休みです
User,グエンホアン　オアｲン,2026/01/13,20:48:29,写真を送信しました。
User,グエンホアン　オアｲン,2026/01/13,20:48:35,jp 20 は95箱
User,グエンホアン　オアｲン,2026/01/13,20:48:46,jp10 62箱
