﻿アカウント名,にこにこ買取＠業界最高の買取価格宣言！
タイムゾーン,'+09:00
ダウンロード日時,2026/02/21 04:36
送信者タイプ,送信者名,送信日,送信時刻,内容
Account,応答メッセージ,2026/01/13,10:11:08,"福田佑也さん
はじめまして！にこにこ買取＠業界最高の買取価格宣言！です。
友だち追加ありがとうございます！
にこにこ買取です(moon big smile)

ポケモンカードなどトレーディングカード全般の買取を行っております。
買取ご希望のお客様はなんでもお気軽に連絡してください(saluting man)

ご郵送買取の流れはメニューから”郵送買取の流れ”をご確認ください(sparkle)

ご郵送買取ご希望の場合にはメニューの”申し込みフォーム”からご申請が可能となっております。

お問い合わせなどはお気にご連絡ください。"
User,福田佑也,2026/01/13,11:11:50,"はじめまして。
ワンピースカードの買取は現在もやられていますでしょうか"
Account,内藤夏樹,2026/01/13,11:12:38,本日の午後に価格を更新する予定です。
User,福田佑也,2026/01/13,11:14:38,かしこまりました。ありがとうございます！
