﻿アカウント名,にこにこ買取＠業界最高の買取価格宣言！
タイムゾーン,'+09:00
ダウンロード日時,2026/02/21 04:36
送信者タイプ,送信者名,送信日,送信時刻,内容
Account,応答メッセージ,2025/07/21,10:13:01,"望月 祥平さん
はじめまして！にこにこ買取＠業界最高の買取価格宣言！です。
友だち追加ありがとうございます！
にこにこ買取です(moon big smile)

ポケモンカードなどトレーディングカード全般の買取を行っております。
買取ご希望のお客様はなんでもお気軽に連絡してください(saluting man)

ご郵送買取の流れはメニューから”郵送買取の流れ”をご確認ください(sparkle)
URL→https://docs.google.com/document/d/1C26OXaKsxKKKeJA-46Uvyudph5wG-l-PZCBXFh9K5Nw/edit?usp=sharing

ご郵送買取ご希望の場合にはメニューの”申し込みフォーム”からご申請が可能となっております。

お問い合わせなどはお気にご連絡ください。"
Account,応答メッセージ,2025/07/21,10:13:01,写真を送信しました。
User,望月 祥平,2025/07/27,06:50:30,ポケモンカードSR350円はレギュ落ちでも可能でしょうか？
Account,内藤夏樹,2025/07/27,08:44:46,"毎々、お世話になっております。
レギュレーションは問いません。"
User,望月 祥平,2026/01/05,21:05:00,"すみません
買取希望を出したいのですが、ワンピース2周年アニバーサリーは買取してますでしょうか？"
Account,内藤夏樹,2026/01/05,21:09:08,"毎々、お世話になっております。
ご連絡有難う御座います。

買取しております。
何個ございますでしょうか。"
User,望月 祥平,2026/01/05,21:09:43,"一つです！
あとは今精査しておりますが、、、"
User,望月 祥平,2026/01/05,21:09:53,金額が知りたかったです🙇‍♂️
Account,内藤夏樹,2026/01/05,21:11:46,金額出しておらず、、、ご希望伺えたらと思います🙇🏻‍♂️
User,望月 祥平,2026/01/05,21:14:03,"すみません
希望3万くらいです🙇‍♂️💦

ちなみに無理な相談ですが、151ボックスシュリンクあり10ボックスでも買取金額は上がらないですよね？笑"
Account,内藤夏樹,2026/01/06,12:37:24,毎々お世話になっております。
Account,内藤夏樹,2026/01/06,12:37:54,"2nd anniversary
¥24,500"
Account,内藤夏樹,2026/01/06,12:37:58,となります。
Account,内藤夏樹,2026/01/06,12:38:09,151は価格調整できます。
Account,内藤夏樹,2026/01/06,12:38:15,ご希望がございますでしょうか。
User,望月 祥平,2026/01/06,20:19:05,"151を10ボックス30万希望です
あと予定ではワンピースの神速とロマンスと25アニバーサリーと2thアニバーサリー予定です
宜しくお願い致します"
Account,内藤夏樹,2026/01/06,22:14:04,"毎々お世話になっております。
ありがとうございます。

１５１以外は何個ずつでしょうか。"
User,望月 祥平,2026/01/06,22:16:04,151以外は1箱ずつです
Account,内藤夏樹,2026/01/07,12:38:32,"毎々、お世話になっております。
後ほどお見積もりお送りします。"
User,望月 祥平,2026/01/07,13:49:37,宜しくお願い致します！
Account,内藤夏樹,2026/01/07,14:07:52,"毎々、お世話になっております。
御見積書を送付いたします。

- 買取見積書 -
・ポケモンカード　151 BOX　10箱　単価29,500円　小計295,000円
・ワンピースカード　神速の拳 BOX　1箱　単価8,500円　小計8,500円
・ワンピースカード　ROMANCE DAWN BOX　1箱　単価18,000円　小計18,000円
・ポケモンカード　25thアニバーサリー BOX　1箱　単価37,000円　小計37,000円
・2thアニバーサリー　1セット　単価25,000円　小計25,000円

減額項目（ある場合）：
・該当なし

合計：383,500円
減額合計：-0円
最終買取金額：383,500円

【注意事項】
こちらのお見積もりを印刷して商品に同梱してください。
同梱がない場合には査定が遅れる場合がございますので、ご協力をお願いいたします。
ご確認のほど、よろしくお願いいたします。"
Account,内藤夏樹,2026/01/07,14:07:58,こちらでいかがでしょうか。
User,望月 祥平,2026/01/07,14:11:58,"すみません
表記間違えました
25thアニメ　ワンピースです！
ポケモンカードではないです🙇‍♂️"
Account,内藤夏樹,2026/01/07,14:12:17,承知しました。
User,望月 祥平,2026/01/07,14:12:29,お手数おかけします
Account,内藤夏樹,2026/01/07,14:14:09,"毎々、お世話になっております。 御見積書を送付いたします。

買取見積書 -

・ポケモンカード　151 BOX 10箱　単価29,500円 小計295,000円

・ワンピースカード　神速の拳 BOX 1箱　単価8,500円 小計8,500円

・ワンピースカード　ROMANCE DAWN BOX 1箱　単価18,000円 小計18,000円

・ワンピースカード　Anime 25th collection BOX 1箱　単価6,800円 小計6,800円

・2thアニバーサリー　1セット 単価25,000円 小計25,000円

減額項目（ある場合）： ・該当なし

合計：353,300円 減額合計：-0円 最終買取金額：353,300円

【注意事項】 こちらのお見積もりを印刷して商品に同梱してください。 同梱がない場合には査定が遅れる場合がございますので、ご協力をお願いいたします。 ご確認のほど、よろしくお願いいたします。"
Account,内藤夏樹,2026/01/07,14:14:15,とんでもございません。
User,望月 祥平,2026/01/12,14:50:54,"すみません
忙しくて発送できてませんでした🙇‍♂️💦再度見積もり可能でしょうか？🙇‍♂️💦"
User,望月 祥平,2026/01/12,14:51:14,宜しければ今日発送します🙇‍♂️💦
Account,内藤夏樹,2026/01/12,15:05:37,"毎々、お世話になっております。
本日はお休みとなっておりますのでまたお願いします。"
User,望月 祥平,2026/01/12,15:13:56,承知致しました
