﻿アカウント名,にこにこ買取＠業界最高の買取価格宣言！
タイムゾーン,'+09:00
ダウンロード日時,2026/02/21 04:36
送信者タイプ,送信者名,送信日,送信時刻,内容
Account,応答メッセージ,2025/10/21,14:20:37,"翔さん
はじめまして！にこにこ買取＠業界最高の買取価格宣言！です。
友だち追加ありがとうございます！
にこにこ買取です(moon big smile)

ポケモンカードなどトレーディングカード全般の買取を行っております。
買取ご希望のお客様はなんでもお気軽に連絡してください(saluting man)

ご郵送買取の流れはメニューから”郵送買取の流れ”をご確認ください(sparkle)

ご郵送買取ご希望の場合にはメニューの”申し込みフォーム”からご申請が可能となっております。

お問い合わせなどはお気にご連絡ください。"
User,翔,2026/01/09,18:36:42,初めまして！買取の値段教えて頂きたくご連絡させて頂きました。ポケモンカード151とワンピースの2つの伝説、メモリアルの値段お聞かせください🙇‍♂️🙏
Account,内藤夏樹,2026/01/09,18:39:26,ありがとうございます。
Account,内藤夏樹,2026/01/09,18:39:34,１５１：31000円
Account,内藤夏樹,2026/01/09,18:39:50,二つの伝説：5200円
Account,内藤夏樹,2026/01/09,18:39:56,メモリアルcollection:
Account,内藤夏樹,2026/01/09,18:40:02,7800円
User,翔,2026/01/09,18:45:34,"お値段ご返答ありがとうございます。
色々な買取屋さんを使わせて頂いてるのですがにこにこさんの所で大口とかだと買取金額アップとかの相談ってできたりしますか？？"
Account,内藤夏樹,2026/01/09,18:45:49,ご検討ありがとうございます。
Account,内藤夏樹,2026/01/09,18:46:02,いつでもできるとは言い切れませんが、可能な限り対応させていただいております。
User,翔,2026/01/09,18:50:33,"いつもお値段高いな〜とは思って拝見させて頂いてました！大口ってなると郵送とか色々大変で
いつもコレクトさんを利用させて頂いてはいるのですがワンピースBOXの買取が近場に無く今探してた所でした。"
Account,内藤夏樹,2026/01/09,18:51:09,どちらにお住まいでしょうか。
User,翔,2026/01/09,18:57:06,山形県山形市です。
Account,内藤夏樹,2026/01/09,18:57:30,山形ですとコレクトさまのおひざ元ですね・・・。
User,翔,2026/01/09,18:59:28,"コレクトさん対応も良くて現金受け取りさせて頂けるので凄く助かってます。
にこにこさんも行けなくはない距離なんですよね！新潟だと3時間弱だと思うので。"
User,翔,2026/01/09,19:00:32,ワンピースもしかしたら売る時はご連絡させて下さい！！もう少し考えさせてください！お時間作って頂きありがとうございます！🙏
Account,内藤夏樹,2026/01/09,19:01:03,もしもご都合とご足労が叶えば、私も胎内あたりまでは行けますのでご調整できればと思います。
User,翔,2026/01/09,19:05:07,"それはすごく助かります🙇‍♂️
大口の時にこにこさんにご連絡してみよーと思います。
151、テラスタル、ブラホワ、だけは3桁保留してますので全て手放す時とかその時値段交渉できそうでしたらよろしくお願いしたいです！🙏🙇‍♂️
ワンピースは全部合わせて100BOX位なのであまり期待しないでください🙏"
Account,内藤夏樹,2026/01/09,19:08:04,"すごいですね。
ぜひともお声がけいただけたらと思います。
しかし、１５１やテラなどは価格がどんどん上がっちゃいそうですね。"
User,翔,2026/01/09,19:12:08,"151.テラスタルはかなり期待して買わせて頂いてました。
お付き合いさせて頂いてた方がコンビニを複数経営されてましてそこで買わせていただいてるだけですのでこんなに集められました🙇‍♂️

是非大口の時は最高価格で希望したいです！🙂"
Account,内藤夏樹,2026/01/09,19:15:00,もちろんです。
Account,内藤夏樹,2026/01/09,19:15:04,ぜひ、よろしくお願いいたします。
User,翔,2026/01/11,00:34:03,夜分すみません。昨日のお話で胎内市？まで来て下さるって仰ってたのですがそこで受け渡しとかですとその場現金払いして貰えるのでしょうか？
User,翔,2026/01/11,00:35:12,"お金の振込なのか現金渡しなのか凄く気になってました。
自分あまり足跡残したくないのでもしできるのであればな〜と思いまして。🙇‍♂️🙏"
Account,内藤夏樹,2026/01/11,09:10:19,おはようございます。ご連絡ありがとうございます。事前にご連絡いただければ、もちろん現金でのご用意が可能です。
User,翔,2026/01/11,09:15:10,"おはようございます！それ凄く助かります！🙇‍♂️🙏
何も特にサインとか必要なしですか？"
Account,内藤夏樹,2026/01/11,10:53:23,"身分証の確認はさせていただきます。
サインも不要です。

弊社の古物台帳には記載が残りますことはご了承ください。"
User,翔,2026/01/11,10:56:30,わかりました！🙇‍♂️
