﻿アカウント名,にこにこ買取＠業界最高の買取価格宣言！
タイムゾーン,'+09:00
ダウンロード日時,2026/02/21 04:36
送信者タイプ,送信者名,送信日,送信時刻,内容
Account,応答メッセージ,2025/10/08,21:50:21,"フォンさん
はじめまして！にこにこ買取＠業界最高の買取価格宣言！です。
友だち追加ありがとうございます！
にこにこ買取です(moon big smile)

ポケモンカードなどトレーディングカード全般の買取を行っております。
買取ご希望のお客様はなんでもお気軽に連絡してください(saluting man)

ご郵送買取の流れはメニューから”郵送買取の流れ”をご確認ください(sparkle)

ご郵送買取ご希望の場合にはメニューの”申し込みフォーム”からご申請が可能となっております。

お問い合わせなどはお気にご連絡ください。"
User,フォン,2025/10/08,21:50:27,はじめまして
User,フォン,2025/10/08,21:50:39,トホク3ボックス買取いくらですか
User,フォン,2025/11/14,09:49:02,"すみません、お手数をおかけします。
11月28日のメガドリーム100ボックスの購入スケジュールと、まだ検索されていないパックについてお伺いしたいです。"
User,フォン,2025/11/29,12:05:12,136ボックスなら、もっと良い買取価格になりますか。
Account,内藤夏樹,2025/11/29,13:12:45,"毎々、お世話になっております。
価格表を更新しました。"
Account,内藤夏樹,2025/11/29,13:55:41,いくら希望でしょうか。
User,フォン,2026/01/09,21:46:03,"メガインフェルノX  シュリンクなし  18ボックス
ドリーム（Dorimu）シール 4 ボックス
デッキ100・50ボックス
こちらの数量を売りたいです"
User,フォン,2026/01/10,10:03:10,どうですか
