﻿アカウント名,にこにこ買取＠業界最高の買取価格宣言！
タイムゾーン,'+09:00
ダウンロード日時,2026/02/21 04:36
送信者タイプ,送信者名,送信日,送信時刻,内容
Account,応答メッセージ,2026/01/09,16:32:19,"Ryo  Manabeさん
はじめまして！にこにこ買取＠業界最高の買取価格宣言！です。
友だち追加ありがとうございます！
にこにこ買取です(moon big smile)

ポケモンカードなどトレーディングカード全般の買取を行っております。
買取ご希望のお客様はなんでもお気軽に連絡してください(saluting man)

ご郵送買取の流れはメニューから”郵送買取の流れ”をご確認ください(sparkle)

ご郵送買取ご希望の場合にはメニューの”申し込みフォーム”からご申請が可能となっております。

お問い合わせなどはお気にご連絡ください。"
User,Ryo  Manabe,2026/01/09,16:36:03,"初めて利用させて頂きます。

151、シュリンクあり、7BOX

買取希望です。"
User,Ryo  Manabe,2026/01/09,16:39:15,写真を送信しました。
User,Ryo  Manabe,2026/01/09,16:39:58,"ナイトワンダラー2BOX、¥8,000

この箱潰れは買取不可でしょうか？"
User,Ryo  Manabe,2026/01/09,16:41:28,"ナイトワンダラーが買取可能なら

インフェルノX 1BOX、¥12,300

も買取希望です"
Account,内藤夏樹,2026/01/09,16:50:42,"毎々、お世話になっております。
遅くなり申し訳ございません。"
Account,内藤夏樹,2026/01/09,16:50:55,問題ありません。
Account,内藤夏樹,2026/01/09,16:51:06,インフェルノは買取〆切となりました。
Account,内藤夏樹,2026/01/09,16:51:53,"毎々、お世話になっております。
御見積書を送付いたします。

- 買取見積書 -

・ポケモンカード
151 BOX
7箱
単価30,500円
小計213,500円

・ポケモンカード
ナイトワンダラー BOX
2箱
単価8,000円
小計16,000円

減額項目：
・該当なし

合計：229,500円
減額合計：-0円
最終買取金額：229,500円

【注意事項】
こちらのお見積もりを印刷して商品に同梱してください。
同梱がない場合には査定が遅れる場合がございます。
ご確認のほど、よろしくお願いいたします。
"
Account,内藤夏樹,2026/01/09,16:52:10,こちらよろしれば、メニューからご申請と発送をよろしくお願い申し上げます。
User,Ryo  Manabe,2026/01/09,16:54:17,"ありがとうございます。

見積もりはいつまで有効でしょうか？

今から仕事でして、終わり次第書類の作成と梱包、発送が明日の午前中になってしまいそうなのですが。"
Account,内藤夏樹,2026/01/09,16:55:54,明日で大丈夫です。
User,Ryo  Manabe,2026/01/09,16:56:35,"ありがとうございます。

発送までできましたらご連絡させて頂きます。

宜しくお願い致します🙇🏻"
Account,内藤夏樹,2026/01/09,17:12:46,よろしくお願い申し上げます。
User,Ryo  Manabe,2026/01/09,18:31:42,"お世話になります。

身分証はデータでアップしましたが、印刷して同封も必要でしょうか？"
Account,内藤夏樹,2026/01/09,18:32:53,可能ならば同封をお願いしております。
Account,内藤夏樹,2026/01/09,18:33:03,もしもすでに梱包しておりましたら次回以降で問題がありません。
User,Ryo  Manabe,2026/01/09,18:34:09,"かしこまりました、同封致します。
こちらも両面必要でしょうか？"
Account,内藤夏樹,2026/01/09,18:38:18,"ありがとうございます。
両面が必要です。"
Account,内藤夏樹,2026/01/09,18:38:23,お手間をおかけしてしまい申し訳ございません。
User,Ryo  Manabe,2026/01/09,21:38:45,とんでもないです💦
Account,内藤夏樹,2026/01/09,21:43:17,ありがとうございました。
User,Ryo  Manabe,2026/01/09,23:05:56,"ヤマト運輸
3861-7531-8922
真鍋　亮"
User,Ryo  Manabe,2026/01/09,23:06:09,"発送致しました。
宜しくお願い致します🙇🏻"
Account,応答メッセージ,2026/01/29,01:28:36,"Ryo  Manabeさん
はじめまして！にこにこ買取＠業界最高の買取価格宣言！です。
友だち追加ありがとうございます！
にこにこ買取です(moon big smile)

ポケモンカードなどトレーディングカード全般の買取を行っております。
買取ご希望のお客様はなんでもお気軽に連絡してください(saluting man)

ご郵送買取の流れはメニューから”郵送買取の流れ”をご確認ください(sparkle)

ご郵送買取ご希望の場合にはメニューの”申し込みフォーム”からご申請が可能となっております。

お問い合わせなどはお気にご連絡ください。"
