﻿アカウント名,にこにこ買取＠業界最高の買取価格宣言！
タイムゾーン,'+09:00
ダウンロード日時,2026/02/21 04:35
送信者タイプ,送信者名,送信日,送信時刻,内容
Account,応答メッセージ,2026/01/20,00:18:38,"桑山明弓さん
はじめまして！にこにこ買取＠業界最高の買取価格宣言！です。
友だち追加ありがとうございます！
にこにこ買取です(moon big smile)

ポケモンカードなどトレーディングカード全般の買取を行っております。
買取ご希望のお客様はなんでもお気軽に連絡してください(saluting man)

ご郵送買取の流れはメニューから”郵送買取の流れ”をご確認ください(sparkle)

ご郵送買取ご希望の場合にはメニューの”申し込みフォーム”からご申請が可能となっております。

お問い合わせなどはお気にご連絡ください。"
User,桑山明弓,2026/01/30,11:45:04,"初めての利用です。
買取よろしくお願いいたします。

ワンピースカード THE BEST vol.2　PRB-02 40BOX 4,500円"
Account,内藤夏樹,2026/01/30,11:46:28,"毎々、お世話になっております。  
御見積書を送付いたします。

- 買取見積書 -

・ワンピースカード　THE BEST vol.2  
40箱　単価4,500円　小計180,000円

合計箱数：40箱  
合計：180,000円  
減額合計：0円  
最終買取金額：180,000円

【注意事項】
* この見積もりを印刷して商品に同梱してください。
* 1枚の印刷が難しい場合は、スクリーンショットの分割でも可能です。
* 同梱がない場合、査定が遅れることがあります。
* 同梱物などの詳細は、メニューの「ご利用方法」を確認してください。
* メニューから申請と発送を行い、発送後は必ず追跡番号を連絡してください。

ご確認のほど、よろしくお願いいたします。"
User,桑山明弓,2026/01/30,12:11:54,"先ほどフォーム送信いたしました。
引き続きよろしくお願いします。"
Account,内藤夏樹,2026/01/30,12:14:30,よろしくお願いします。
User,桑山明弓,2026/01/30,13:16:30,"質問です。
初回利用なので同梱の身分証確認書類は住民票のみで大丈夫でしょうか？
アップロードは免許証で行いました。"
Account,内藤夏樹,2026/01/30,13:38:06,"毎々、お世話になっております。
ご利用方法を、ご確認ください。

住民票または印鑑証明書の同封をよろしくお願い申し上げます。"
User,桑山明弓,2026/01/30,13:57:21,"ご対応いただきありがとうございます。
先ほど発送させていただきました。

ヤマト運輸／289016908364／桑山明弓"
User,桑山明弓,2026/01/30,13:57:34,"明日午前着で指定しましたが、ヤマトより雪の関係で多少時間が前後する可能性がありますとのことでした。

以上、よろしくお願いいたします。"
Account,内藤夏樹,2026/01/30,14:32:20,ありがとうございました。
User,桑山明弓,2026/02/06,14:17:05,"先日はありがとうございました。
この度も買取よろしくお願いいたします。

▪️ワンピースカード EGGHEAD CRISIS　EB-04
20BOX 11,600円
▪️ワンピースカード　蒼海の七傑　OP-14
14BOX 8,000円"
Account,内藤夏樹,2026/02/06,14:25:18,毎々、お世話になっております。
Account,内藤夏樹,2026/02/06,14:26:54,"eb-04は11300円に変更となりました。
よろしいでしょうか。"
Account,内藤夏樹,2026/02/06,14:27:13,"毎々、お世話になっております。御見積書を送付いたします。
	∙	買取見積書 -
・ワンピースカード　EGGHEAD CRISIS20箱　単価11,300円　小計226,000円
・ワンピースカード　蒼海の七傑14箱　単価8,000円　小計112,000円
合計箱数：34箱合計：338,000円減額合計：0円最終買取金額：338,000円
【注意事項】
	∙	この見積もりを印刷して商品に同梱してください。
	∙	1枚の印刷が難しい場合は、スクリーンショットの分割でも可能です。
	∙	同梱がない場合、査定が遅れることがあります。
	∙	同梱物などの詳細は、メニューの「ご利用方法」を確認してください。
	∙	メニューから申請と発送を行い、発送後は必ず追跡番号を連絡してください。
ご確認のほど、よろしくお願いいたします。​​​​​​​​​​​​​​​​"
User,桑山明弓,2026/02/06,14:42:58,"そうなのですね💦
ご連絡ありがとうございます。
申し訳ありませんが、今回は見送らせていただきたいと思います。
またの機会ありましたらよろしくお願いいたします。"
Account,内藤夏樹,2026/02/06,14:50:13,承知しました。
User,桑山明弓,2026/02/12,12:39:11,"お世話になっております。
この度も買取よろしくお願いいたします。

▪️ワンピースカード　蒼海の七傑　OP-14
14BOX 8,700円
▪️Heroines Edition　EB-03
16BOX 14,800円
▪️受け継がれる意志　OP-13　
3BOX 15,100円"
Account,内藤夏樹,2026/02/12,12:41:27,"ありがとうございました。
今お見積もりをお送りします。"
Account,内藤夏樹,2026/02/12,12:41:53,"毎々、お世話になっております。御見積書を送付いたします。
受付ID: S7Q3R6
	∙	買取見積書 -
・ワンピースカード　蒼海の七傑14箱　単価8,700円　小計121,800円
・ワンピースカード　Heroines Edition16箱　単価14,800円　小計236,800円
・ワンピースカード　受け継がれる意志3箱　単価15,100円　小計45,300円
合計箱数：33箱合計：403,900円減額合計：0円最終買取金額：403,900円
【注意事項】
	∙	段ボールの外側に受付ID（S7Q3R6）を大きく記載してください。
	∙	この見積もりを印刷して商品に同梱してください。
	∙	1枚の印刷が難しい場合は、スクリーンショットの分割でも可能です。
	∙	同梱がない場合、査定が遅れることがあります。
	∙	同梱物などの詳細は、メニューの「ご利用方法」を確認してください。
	∙	メニューから申請と発送を行い、発送後は必ず追跡番号を連絡してください。
ご確認のほど、よろしくお願いいたします。​​​​​​​​​​​​​​​​"
User,桑山明弓,2026/02/12,13:01:05,"先ほどフォーム送信いたしました。
発送準備に入らせていただきます。
引き続きよろしくお願いします。"
Account,内藤夏樹,2026/02/12,13:25:38,よろしくお願い申し上げます。
User,桑山明弓,2026/02/12,15:14:29,"【状態確認お願いします】
お世話になっております。
梱包中に気づいたのですが、1箱写真のような角潰れがありました。
こちら買取可能でしょうか？"
User,桑山明弓,2026/02/12,15:14:37,写真を送信しました。
Account,内藤夏樹,2026/02/12,15:15:19,こちらは買取不可となる可能性が高いので除外していただけると助かります。
User,桑山明弓,2026/02/12,15:17:52,"承知しました。
除外した場合数が変わってしまうのですが
お見積り及び申込フォームの対応はどうすればよろしいでしょうか？"
Account,内藤夏樹,2026/02/12,16:11:45,こちらで最終的にご案内時に数量を調整します🙇🏻‍♂️
User,桑山明弓,2026/02/12,16:15:43,"お忙しいところご対応いただきありがとうございます。
それでは状態確認のやり取りの部分も一緒にスクショ同梱しておきます。
蒼海が14箱から13箱になります(ごめんなさい)
よろしくお願いします。"
Account,内藤夏樹,2026/02/12,16:55:52,送信が取り消されたメッセージです
Account,内藤夏樹,2026/02/12,16:56:02,"毎々、お世話になっております。  
御見積書を送付いたします。

受付ID: S7Q3R6

- 買取見積書 -

・ワンピースカード　蒼海の七傑  
13箱　単価8,700円　小計113,100円

・ワンピースカード　Heroines Edition  
16箱　単価14,800円　小計236,800円

・ワンピースカード　受け継がれる意志  
3箱　単価15,100円　小計45,300円

合計箱数：32箱  
合計：395,200円  
減額合計：0円  
最終買取金額：395,200円

【注意事項】
* 段ボールの外側に受付ID（S7Q3R6）を大きく記載してください。
* この見積もりを印刷して商品に同梱してください。
* 1枚の印刷が難しい場合は、スクリーンショットの分割でも可能です。
* 同梱がない場合、査定が遅れることがあります。
* 同梱物などの詳細は、メニューの「ご利用方法」を確認してください。
* メニューから申請と発送を行い、発送後は必ず追跡番号を連絡してください。

ご確認のほど、よろしくお願いいたします。"
User,桑山明弓,2026/02/12,17:00:11,"お手数おかけしました。
再度作成ありがとうございます(ごめんなさい)
新しい見積書を同梱し発送いたします。
申込フォームはどうしますか？"
Account,内藤夏樹,2026/02/12,17:00:30,"そのままで問題ありません。
こちらで差し替えさせていただきます。"
User,桑山明弓,2026/02/12,17:02:18,"承知しました。
お手数おかけして本当に申し訳ありません。
見積書は新しいもののみの同梱でよろしかったですか？
今ですと最初の見積書も同梱可能です。"
Account,内藤夏樹,2026/02/12,17:10:57,とんでもないことです。ご丁寧にご対応いただき感謝いたします。まだ間に合うようであれば新同梱していただけると助かります
User,桑山明弓,2026/02/12,17:47:54,"承知いたしました！
先ほど無事に発送させていただきました。
よろしくお願いします。

ヤマト運輸／289017488734／桑山明弓"
User,桑山明弓,2026/02/18,13:20:31,"いつも丁寧な対応ありがとうございます。
この度も買取お願いいたします(おねがいいたします)

▪︎THE BEST vol.1 PRB-01
12BOX 10200円
▪︎THE BEST vol.2 PRB-02
4BOX 5800円
▪︎Anime 25th collection EB-02
1BOX 13500円
▪︎メモリアルコレクション　EB-01
1BOX 13500円
▪︎神速の拳　OP-11
2BOX 15400円"
Account,内藤夏樹,2026/02/18,13:21:10,"毎々、お世話になっております。
こちらこそいつも有難うございます。"
Account,内藤夏樹,2026/02/18,13:21:44,"毎々、お世話になっております。御見積書を送付いたします。
受付ID: B7K3P5
	∙	買取見積書 -
・ワンピースカード　THE BEST vol.112箱　単価10,200円　小計122,400円
・ワンピースカード　THE BEST vol.24箱　単価5,800円　小計23,200円
・ワンピースカード　Anime 25th collection1箱　単価13,500円　小計13,500円
・ワンピースカード　メモリアルコレクション1箱　単価13,500円　小計13,500円
・ワンピースカード　神速の拳2箱　単価15,400円　小計30,800円
合計箱数：20箱合計：203,400円減額合計：0円最終買取金額：203,400円
【注意事項】
	∙	段ボールの外側に受付ID（B7K3P5）を大きく記載してください。
	∙	この見積もりを印刷して商品に同梱してください。
	∙	1枚の印刷が難しい場合は、スクリーンショットの分割でも可能です。
	∙	同梱がない場合、査定が遅れることがあります。
	∙	同梱物などの詳細は、メニューの「ご利用方法」を確認してください。
	∙	メニューから申請と発送を行い、発送後は必ず追跡番号を連絡してください。
ご確認のほど、よろしくお願いいたします。​​​​​​​​​​​​​​​​"
User,桑山明弓,2026/02/18,13:45:07,"先ほどフォーム送信いたしました。
発送準備に入らせていただきます。
引き続きよろしくお願いします。"
Account,内藤夏樹,2026/02/18,14:02:50,"ありがとうございました。
よろしくお願い申し上げます。"
User,桑山明弓,2026/02/18,16:33:45,"お世話になっております。
先ほど発送させていただきました。
引き続きよろしくお願いします。

ヤマト運輸／289017738074／桑山明弓"
Account,内藤夏樹,2026/02/18,16:34:11,ありがとうございました。
User,桑山明弓,2026/02/19,14:05:55,"お世話になっております。
続けての利用になりますが、新たに買取をよろしくお願いします。

▪︎THE BEST vol.2 PRB-02
10BOX　5800円

▪︎新たなる皇帝　OP-09
5BOX　9400円

▪︎500年後の未来　OP-07
5BOX  8900円

▪︎新時代の主役　OP-05
1BOX  30200円

▪︎覚醒の鼓動　FB-01
1BOX  5800円

▪︎怒りの咆哮　FB-03
1BOX 5600円

▪︎MANGA 02  SB-O2
6BOX 13000円"
Account,内藤夏樹,2026/02/19,14:38:21,"毎々、お世話になっております。御見積書を送付いたします。
受付ID: G6W9L4
	∙	買取見積書 -
・ワンピースカード　THE BEST vol.210箱　単価5,800円　小計58,000円
・ワンピースカード　新たなる皇帝5箱　単価9,400円　小計47,000円
・ワンピースカード　500年後の未来5箱　単価8,900円　小計44,500円
・ワンピースカード　新時代の主役1箱　単価30,200円　小計30,200円
・ドラゴンボールカード　覚醒の鼓動1箱　単価5,800円　小計5,800円
・ドラゴンボールカード　怒りの咆哮1箱　単価5,600円　小計5,600円
・ドラゴンボールカード　MANGA 026箱　単価13,000円　小計78,000円
合計箱数：29箱合計：269,100円減額合計：0円最終買取金額：269,100円
【注意事項】
	∙	段ボールの外側に受付ID（G6W9L4）を大きく記載してください。
	∙	この見積もりを印刷して商品に同梱してください。
	∙	1枚の印刷が難しい場合は、スクリーンショットの分割でも可能です。
	∙	同梱がない場合、査定が遅れることがあります。
	∙	同梱物などの詳細は、メニューの「ご利用方法」を確認してください。
	∙	メニューから申請と発送を行い、発送後は必ず追跡番号を連絡してください。
ご確認のほど、よろしくお願いいたします。​​​​​​​​​​​​​​​​"
User,桑山明弓,2026/02/19,15:07:16,"質問です。
免許証が今すぐに手元になくてマイナンバーで身分証提出しようと思うのですが、裏面って写真必要ですか？
個人番号が載っていると思うのですが…"
Account,内藤夏樹,2026/02/19,15:08:10,"保険証でも大丈夫です。

マイナンバーの番号は必ず隠して下さい🙇🏻‍♂️"
User,桑山明弓,2026/02/19,15:13:01,"ご回答ありがとうございます。
最近マイナ保険証にしてしまってないんです…。
番号等は分からないようにして送ることにします。"
Account,内藤夏樹,2026/02/19,15:19:42,よろしくお願い申し上げます。
User,桑山明弓,2026/02/19,18:06:19,"お世話になっております。
先ほど発送させていただきました。
引き続きよろしくお願いします。

ヤマト運輸／289017787892／桑山明弓"
Account,内藤夏樹,2026/02/19,19:12:55,ありがとうございます。
Account,内藤夏樹,2026/02/19,19:17:01,"いつも当店をご利用いただき、誠にありがとうございます。

お預かりしておりましたお品物の検品が完了いたしましたので、ご指定の口座へお振り込みの手続きをさせていただきました。 併せてご確認いただけますと幸いです。

この度はご利用いただき、重ねて御礼申し上げます。 またの機会がございましたら、ぜひお手伝いをさせていただけますと幸いです。

もしよろしければ、X（旧Twitter）にてご利用の感想や口コミを投稿していただけますと、スタッフ一同大変励みになります。

なお、万が一サービス内容にご満足いただけなかった点や、お気づきの点がございましたら、誠意を持って対応させていただきます。 大変お手数ですが、投稿の前に一度ダイレクトメッセージ等でご連絡いただけますと助かります。

今後ともよろしくお願い申し上げます。"
