﻿アカウント名,にこにこ買取＠業界最高の買取価格宣言！
タイムゾーン,'+09:00
ダウンロード日時,2026/02/21 04:36
送信者タイプ,送信者名,送信日,送信時刻,内容
Account,応答メッセージ,2025/06/09,12:53:40,"Moonさん
はじめまして！にこにこ買取＠業界最高の買取価格宣言！です。
友だち追加ありがとうございます！
にこにこ買取です(moon big smile)

ポケモンカードなどトレーディングカード全般の買取を行っております。
買取ご希望のお客様はなんでもお気軽に連絡してください(saluting man)

ご郵送買取の流れはメニューから”郵送買取の流れ”をご確認ください(sparkle)

お問い合わせなどはお気軽にメッセージからご連絡ください(phone)"
Account,応答メッセージ,2025/06/09,12:53:40,写真を送信しました。
Account,応答メッセージ,2025/06/09,12:53:40,写真を送信しました。
Account,応答メッセージ,2025/06/09,12:53:40,写真を送信しました。
User,Moon,2025/06/09,12:53:45,こんにちは
User,Moon,2025/06/09,12:54:17,ブラックボトルとホワイトフレアシュリンク付き各10boxを販売したいですが買収しますか？
Account,内藤夏樹,2025/06/09,12:59:21,"毎々、お世話になっております。
可能です。
よろしくお願い申し上げます。"
User,Moon,2025/06/09,13:10:26,申込書を作成して頂けませんか？
Account,内藤夏樹,2025/06/09,13:12:28,"・ポケモンカード　ブラックボルト（通常）　10箱　単価9,800円　小計98,000円
・ポケモンカード　ホワイトフレア（通常）　10箱　単価9,800円　小計98,000円

合計：196,000円
"
Account,内藤夏樹,2025/06/09,13:12:30,よろしくお願い申し上げます。
User,Moon,2025/06/09,13:24:51,はい
User,Moon,2025/06/09,13:34:52,商品の到着後、振り込みはいつごろでしょうか？
Account,内藤夏樹,2025/06/09,13:36:50,早いと即日です。
User,Moon,2025/06/09,13:37:54,すみませんが発送先はヤマトの住所ですが、会社の住所はないんでしょうか？
User,Moon,2025/06/09,13:38:15,初めて販売しますのでちょっと心配しています。
Account,内藤夏樹,2025/06/09,13:45:05,"会社の住所はありますよ。
防犯のためセンター留としております。"
User,Moon,2025/06/09,13:57:16,ごめんなさい、詐欺されましたことがありますのでまだ心配してます。
Account,内藤夏樹,2025/06/09,13:57:54,こちらの住所宛のみ受付しています。
Account,内藤夏樹,2025/06/09,13:58:14,https://info.gbiz.go.jp/hojin/ichiran?hojinBango=5110001038461
Account,内藤夏樹,2025/06/11,07:43:52,"おはようございます。
ホワイト＆ブラック通常盤募集します。
希望価格を教えてくださいね。"
User,Moon,2025/06/30,15:08:40,こんにちは
User,Moon,2025/06/30,15:09:13,"ブラックボトルシュリンク付き53BOX
ホワイトフレアシュリンク付き49boxを販売したいですが買収しますか？"
User,Moon,2025/06/30,16:28:32,本日発送可能です。
Account,内藤夏樹,2025/06/30,16:28:58,"毎々、お世話になっております。
ブラホワは〆切となりました。
"
Account,内藤夏樹,2025/06/30,16:29:00,ありがとうございました。
User,Moon,2025/06/30,16:29:06,はい
User,Moon,2025/07/04,15:01:03,こんにちは
Account,内藤夏樹,2025/07/04,15:11:43,毎々、お世話になっております。
User,Moon,2025/07/04,15:12:20,ホワイトフレア9000円で可能でしょうか？
User,Moon,2025/07/04,16:05:46,すみませんがテラスタルフェス60箱買収しますか？
Account,内藤夏樹,2025/07/04,16:29:30,こんにちは、はい。、
Account,内藤夏樹,2025/07/04,16:29:48,9900円です
User,Moon,2025/07/04,17:02:48,だいぶ下がってますね。
User,Moon,2025/07/04,17:02:54,検討致します
User,Moon,2025/07/12,17:42:45,こんにちは
User,Moon,2025/07/12,17:44:01,"ブラックボルト11box
ホワイトフレア10box
ロケット　5BOX
を販売したいですが買収しますか？"
User,Moon,2025/07/12,17:56:30,すみません
User,Moon,2025/07/15,15:06:34,こんにちは
User,Moon,2025/07/15,15:07:24,"ブラックボルト6BOX
ホワイトフレア12BOXを買収しますか？"
Account,内藤夏樹,2025/07/15,15:30:03,"毎々、お世話になっております。
〆切となりました"
User,Moon,2025/07/21,10:27:11,こんにちは
Account,内藤夏樹,2025/07/21,10:27:47,毎々、お世話になっております。
User,Moon,2025/07/21,10:29:39,"ブラックボルトDXと
ホワイトフレアDXを買収しますか"
Account,内藤夏樹,2025/07/21,10:31:45,はい
User,Moon,2025/07/21,10:36:20,"ブラック１６個
ホワイト１３個です"
User,Moon,2025/07/21,10:42:34,価格を確定していただきますか？
User,Moon,2025/07/21,11:02:34,いかがですか？
Account,内藤夏樹,2025/07/21,11:07:48,DXはすでに〆切となりまいした。
Account,内藤夏樹,2025/07/21,11:07:51,また明日よろしくお願いいたします。
User,Moon,2025/07/21,11:08:20,はい
User,Moon,2025/07/21,11:08:26,ブラックボルト買収しますか
Account,内藤夏樹,2025/07/21,11:18:13,通常版？
User,Moon,2025/07/21,11:18:19,はい
User,Moon,2025/07/21,11:18:47,そうです。
User,Moon,2025/07/21,11:19:01,役60箱があります。
User,Moon,2025/07/21,11:23:54,いかがですか？
Account,内藤夏樹,2025/07/21,11:34:29,〆切しておりました。
Account,内藤夏樹,2025/07/21,11:34:31,またよろしくお願いいたします。
User,Moon,2025/07/21,11:34:56,はい
User,Moon,2025/10/01,13:45:45,"お世話になります。
インフェルノXは13000円で可能でしょうか？"
Account,内藤夏樹,2025/10/01,13:46:26,"毎々、お世話になっております。
難しいです。
よろしくお願い申し上げます。"
User,Moon,2025/10/01,13:56:25,着払いはご対応可能ですか？
Account,内藤夏樹,2025/10/01,14:21:57,難しいです。
User,Moon,2025/10/01,14:22:42,"ありがとうございます
検討致します。"
Account,内藤夏樹,2025/10/01,14:22:57,よろしくお願い申し上げます。
User,Moon,2026/01/09,19:13:18,"今晩は。
すみませんがメガドリームは４個がありますので買収しますか？"
Account,内藤夏樹,2026/01/09,19:15:17,"毎々、お世話になっております。
メガドリームは本日〆切となってしまいました。"
User,Moon,2026/01/09,19:53:05,"はい、了解致しました。
またよろしくお願い致します。"
