﻿アカウント名,にこにこ買取＠業界最高の買取価格宣言！
タイムゾーン,'+09:00
ダウンロード日時,2026/02/21 04:36
送信者タイプ,送信者名,送信日,送信時刻,内容
Account,応答メッセージ,2025/06/09,13:50:12,"kokiさん
はじめまして！にこにこ買取＠業界最高の買取価格宣言！です。
友だち追加ありがとうございます！
にこにこ買取です(moon big smile)

ポケモンカードなどトレーディングカード全般の買取を行っております。
買取ご希望のお客様はなんでもお気軽に連絡してください(saluting man)

ご郵送買取の流れはメニューから”郵送買取の流れ”をご確認ください(sparkle)

お問い合わせなどはお気軽にメッセージからご連絡ください(phone)"
Account,応答メッセージ,2025/06/09,13:50:12,写真を送信しました。
Account,応答メッセージ,2025/06/09,13:50:12,写真を送信しました。
Account,応答メッセージ,2025/06/09,13:50:12,写真を送信しました。
User,koki,2025/06/13,10:55:36,おはようございます。１つ質問なんですが今ブラホワ買取してますか？宜しくお願い致します🙇
User,koki,2025/09/26,14:09:40,こんにちは。インフェルノx買取はおこなってますか？
Account,内藤夏樹,2025/09/26,14:16:19,"毎々、お世話になっております！
まだです🙇🏻‍♂️"
User,koki,2025/09/26,14:17:28,わかりました。買取の時は使わせていただくかもしれませんので宜しくお願い致します。
Account,内藤夏樹,2025/09/26,14:28:29,ぜひ、よろしくお願い申し上げます。
User,koki,2026/01/09,19:05:57,こんばんは。二つの伝説買取いくらでしょうか？
Account,内藤夏樹,2026/01/09,19:08:13,5200円をお願いしております。
User,koki,2026/01/09,19:09:22,わかりました。少し考えさせてもらいます。
Account,内藤夏樹,2026/01/09,19:09:32,よろしくお願いいたします。
