﻿アカウント名,にこにこ買取＠業界最高の買取価格宣言！
タイムゾーン,'+09:00
ダウンロード日時,2026/02/21 04:36
送信者タイプ,送信者名,送信日,送信時刻,内容
Account,応答メッセージ,2025/08/28,17:57:44,"川窪 将之さん
はじめまして！にこにこ買取＠業界最高の買取価格宣言！です。
友だち追加ありがとうございます！
にこにこ買取です(moon big smile)

ポケモンカードなどトレーディングカード全般の買取を行っております。
買取ご希望のお客様はなんでもお気軽に連絡してください(saluting man)

ご郵送買取の流れはメニューから”郵送買取の流れ”をご確認ください(sparkle)

ご郵送買取ご希望の場合にはメニューの”申し込みフォーム”からご申請が可能となっております。

お問い合わせなどはお気にご連絡ください。"
User,川窪 将之,2025/08/29,15:40:40,現在の買取はバトパと東北ピカチュウのみですか？
Account,内藤夏樹,2025/08/29,15:41:20,"毎々、お世話になっております。
現在はそちらのみとなります🙇🏻‍♂️"
User,川窪 将之,2026/01/09,18:17:01,"メガドリーム50BOX
無4BOX買取お願い致します。"
User,川窪 将之,2026/01/09,18:20:30,なる早で連絡ください
Account,内藤夏樹,2026/01/09,18:28:07,"毎々、お世話になっております。
本日は〆切となりました。"
