﻿アカウント名,にこにこ買取＠業界最高の買取価格宣言！
タイムゾーン,'+09:00
ダウンロード日時,2026/02/21 04:36
送信者タイプ,送信者名,送信日,送信時刻,内容
Account,応答メッセージ,2026/01/09,17:47:04,"ロビン&ルイちゃんさん
はじめまして！にこにこ買取＠業界最高の買取価格宣言！です。
友だち追加ありがとうございます！
にこにこ買取です(moon big smile)

ポケモンカードなどトレーディングカード全般の買取を行っております。
買取ご希望のお客様はなんでもお気軽に連絡してください(saluting man)

ご郵送買取の流れはメニューから”郵送買取の流れ”をご確認ください(sparkle)

ご郵送買取ご希望の場合にはメニューの”申し込みフォーム”からご申請が可能となっております。

お問い合わせなどはお気にご連絡ください。"
User,ロビン&ルイちゃん,2026/01/09,17:48:33,"お世話になります。
初めてのお取引で不安な事もあるのですが、色々教えて頂きながらお願いしたいです。"
User,ロビン&ルイちゃん,2026/01/09,17:48:50,ご相談等してもよろしいでしょうか、、？
Account,内藤夏樹,2026/01/09,18:03:12,"毎々、お世話になっております。
もちろんです☺️

心配ですよね、、、。"
User,ロビン&ルイちゃん,2026/01/09,18:06:05,ありがとうございます!これから毎度、ご相談、お願いすることになるかとしれませんが、お付き合い頂ければ幸いです。。
User,ロビン&ルイちゃん,2026/01/09,18:06:46,今回はメガドリーム30箱の買取を希望しているのですが、価格のご相談可能でしょうか、？
Account,内藤夏樹,2026/01/09,18:27:23,"とんでもないです。
返信が遅くなる場合もございますが、いつでもなんでも相談可能です。"
Account,内藤夏樹,2026/01/09,18:27:38,メガドリームは本日は〆切となってしまいましたが、明日以降は相談可能です。
