﻿アカウント名,にこにこ買取＠業界最高の買取価格宣言！
タイムゾーン,'+09:00
ダウンロード日時,2026/02/21 04:36
送信者タイプ,送信者名,送信日,送信時刻,内容
Account,応答メッセージ,2025/10/25,11:33:09,"西村温人さん
はじめまして！にこにこ買取＠業界最高の買取価格宣言！です。
友だち追加ありがとうございます！
にこにこ買取です(moon big smile)

ポケモンカードなどトレーディングカード全般の買取を行っております。
買取ご希望のお客様はなんでもお気軽に連絡してください(saluting man)

ご郵送買取の流れはメニューから”郵送買取の流れ”をご確認ください(sparkle)

ご郵送買取ご希望の場合にはメニューの”申し込みフォーム”からご申請が可能となっております。

お問い合わせなどはお気にご連絡ください。"
User,西村温人,2025/10/25,11:33:41,Heroines Editionのカートンの買取は行われていますか？ 
Account,内藤夏樹,2025/10/25,11:33:58,"毎々、お世話になっております。
やっております☺️"
User,西村温人,2025/10/25,11:34:10,金額は75000でしょうか？
Account,内藤夏樹,2025/10/25,11:34:34,"本日は 72000円です。
よろしくお願い申し上げます。"
User,西村温人,2025/10/25,11:36:27,"お願いしたいです
それと同時にブラックボルトとテラスタルフェスのboxを1つずつ買取依頼することは可能でしょうか？
どちらもシュリンク付きになります"
Account,内藤夏樹,2025/10/25,11:37:02,可能です。
User,西村温人,2025/10/25,11:37:17,ワンピースのカートンに関しては個数の制限はありますか？
Account,内藤夏樹,2025/10/25,11:37:25,"正式なお見積もりは追ってお送りします。

カートンは何個ありますか？"
User,西村温人,2025/10/25,11:37:56,3カートンあります
Account,内藤夏樹,2025/10/25,11:38:17,"EB03 3カートン
72000円"
Account,内藤夏樹,2025/10/25,11:38:42,"ブラックボルト
9400
テラスタルフェスex
13500"
Account,内藤夏樹,2025/10/25,11:38:49,こちらでご申請をよろしくお願い申し上げます。
User,西村温人,2025/10/25,11:45:55,"対応いただきありがとうございます
少しだけ考えさせてください"
Account,内藤夏樹,2025/10/25,11:46:04,はい、よろしくお願い申し上げます。
Account,内藤夏樹,2025/10/25,11:46:33,"流動性も高いので
1時間を期限とさせていただきます"
User,西村温人,2025/10/25,11:46:44,了解しました
User,西村温人,2025/10/28,14:02:30,Heroines Editionのカートンとboxの現在の買取価格をそれぞれ聞かせていただいてもよろしいでしょうか？
Account,内藤夏樹,2025/10/28,14:57:30,"毎々、お世話になっております。
昨日と同じとなります🙇🏻‍♂️"
User,西村温人,2025/10/28,14:58:26,"box 5500円
カートン 76000円
でよろしいでしょうか？"
Account,内藤夏樹,2025/10/28,14:58:53,"はい！
何カートンくらいありますか？"
User,西村温人,2025/10/28,15:55:11,1カートンと15boxを希望です
Account,内藤夏樹,2025/10/28,16:02:26,承ります。
Account,内藤夏樹,2025/10/28,16:03:14,"毎々、お世話になっております。  
御見積書を送付いたします。

- 買取見積書 -
  ・ワンピースカード　ヒロインズエディション（EB-03）　1カートン　単価76,000円　小計76,000円  
  ・ワンピースカード　ヒロインズエディション（EB-03）　15箱　単価5,600円　小計84,000円

合計：160,000円  
減額合計：0円  
最終買取金額：160,000円

ご確認のほど、よろしくお願いいたします。​​​​​​​​​​​​​​​​"
Account,内藤夏樹,2025/10/28,16:03:23,よろしければご申請と発送をよろしくお願い申し上げます。
User,西村温人,2025/10/28,16:05:55,量が多く段ボールが2箱になってしまう場合において送料無料キャンペーンは2箱共に適用させていただけるでしょうか？
Account,内藤夏樹,2025/10/28,16:21:26,はい、2箱に適用してください。
Account,内藤夏樹,2025/10/28,16:21:45,あまりに大きくならないようにだけご注文頂けますと幸甚に存じます。
User,西村温人,2025/10/28,16:44:30,"Heroines Edition
1カートンと14box
ブラックボルト・テラスタルフェス それぞれシュリンク付きで1boxずつ"
User,西村温人,2025/10/28,16:44:38,こちらで依頼させていただいてもよろしいでしょうか？
User,西村温人,2025/10/28,16:45:05,段ボールを2箱使う予定です
Account,内藤夏樹,2025/10/28,17:15:47,"承知しました。

ブラックボルトは9200円
テラスタルフェスexは13400円です"
Account,内藤夏樹,2025/10/28,17:16:15,"追って，詳細の見積もり書をお送りします。
発送手続きをしていただけたらと思います。"
User,西村温人,2025/10/28,18:56:49,本日の対応はないということでよろしいでしょうか？
Account,内藤夏樹,2025/10/28,18:59:24,"'
お見積もりをお送りします。"
Account,内藤夏樹,2025/10/28,18:59:27,"毎々、お世話になっております。  
御見積書を送付いたします。

- 買取見積書 -
  ・ワンピースカード　ヒロインズエディション（EB-03）　1カートン　単価76,000円　小計76,000円  
  ・ワンピースカード　ヒロインズエディション（EB-03）　14箱　単価5,600円　小計78,400円  
  ・ポケモンカード　ブラックボルト　1箱　単価9,200円　小計9,200円  
  ・ポケモンカード　テラスタルフェスex　1箱　単価13,400円　小計13,400円

合計：177,000円  
減額合計：0円  
最終買取金額：177,000円

ご確認のほど、よろしくお願いいたします。​​​​​​​​​​​​​​​​"
User,西村温人,2025/10/28,19:00:43,こちらでお願いします
Account,内藤夏樹,2025/10/28,19:01:06,では、発送をよろしくお願い申し上げます。
User,西村温人,2025/10/28,19:01:09,今からの発送の場合到着は明後日になると思うのですが価格保証はないという形になりますか？
Account,内藤夏樹,2025/10/28,19:02:28,今回は保証対象とさせて頂きます。
User,西村温人,2025/10/28,20:24:59,"対応いただきありがとうございます
ただ今発送させていただきました"
User,西村温人,2025/10/28,20:27:56,"ヤマト運輸
4986-6346-6011
西村温人

ヤマト運輸
4986-6346-6022
西村温人"
Account,内藤夏樹,2025/10/28,20:28:12,ありがとうございました。
Account,内藤夏樹,2025/10/30,19:57:20,"発送していただいた中にブラックボルトが確認できませんでした。
お間違いないでしょうか。"
Account,内藤夏樹,2025/10/30,19:59:09,別口で確認できました。
Account,内藤夏樹,2025/10/31,07:01:25,"毎々お世話になっております。
お振込みが完了しております。
この度はありがとうございました。"
User,西村温人,2025/10/31,12:38:08,"対応いただきありがとうございます
追加の買取依頼を検討しているのですが、ただ今のheroines editionのboxとカートンの買取価格をお聞きしてもよろしいでしょうか？"
Account,内藤夏樹,2025/10/31,12:45:54,"ありがとうございます。
カートンのみとなっており、82000円です。"
User,西村温人,2025/10/31,12:48:01,ありがとうございます、検討させていただきます
Account,内藤夏樹,2025/10/31,12:48:21,よろしくお願いします。
User,西村温人,2026/01/06,14:09:55,ポケモンカードのboxの買取価格の1/4以降の更新はありますか？
Account,内藤夏樹,2026/01/06,14:11:34,"毎々、お世話になっております。
本日開催のものが最新となります🙇🏻‍♂️"
Account,内藤夏樹,2026/01/06,14:11:44,後ほど日付は修正します。
User,西村温人,2026/01/07,12:33:58,"新時代の主役
THE BEST vol.1
THE BEST vol.2
蒼海の七傑

これらをそれぞれ1boxずつ買取希望です"
Account,内藤夏樹,2026/01/07,12:35:29,"毎々、お世話になっております。
お見積もりをお送りしますね。"
Account,内藤夏樹,2026/01/07,12:38:18,"毎々、お世話になっております。
御見積書を送付いたします。
 * 買取見積書 -
   ・ワンピースカード　新時代の主役 BOX　1箱　単価21,000円　小計21,000円
   ・ワンピースカード　THE BEST vol.1 BOX　1箱　単価6,600円　小計6,600円
   ・ワンピースカード　THE BEST vol.2 BOX　1箱　単価4,100円　小計4,100円
   ・ワンピースカード　蒼海の七傑 BOX　1箱　単価5,800円　小計5,800円
減額項目（ある場合）：
・該当なし
合計：37,500円
減額合計：-0円
最終買取金額：37,500円
【注意事項】
こちらのお見積もりを印刷して商品に同梱してください。
同梱がない場合には査定が遅れる場合がございますので、ご協力をお願いいたします。
ご確認のほど、よろしくお願いいたします。
"
User,西村温人,2026/01/07,12:48:17,2回目以降の取引になるので、本人確認書類を同梱する必要はないという認識で正しいですか？
Account,内藤夏樹,2026/01/07,12:54:03,はい、大丈夫です。
User,西村温人,2026/01/08,10:34:45,伝え忘れていたのですが、先日ヤマト運輸にて発送を行ったので、本日中には商品がそちらへ届くと思います
Account,内藤夏樹,2026/01/08,10:40:29,有難うございます
Account,内藤夏樹,2026/01/08,19:26:17,ザベスト2は開封済みが届きましたため、返送させて頂きます。
Account,内藤夏樹,2026/01/08,19:26:24,写真を送信しました。
Account,内藤夏樹,2026/01/08,19:26:24,写真を送信しました。
User,西村温人,2026/01/08,19:28:58,大変申し訳ありません、送るものを間違えてしまったのでそちらで処分していただくことは可能でしょうか？
Account,内藤夏樹,2026/01/08,19:42:29,よろしいでしょうか・・・？
Account,内藤夏樹,2026/01/08,19:42:39,中身は見ておりません。
Account,内藤夏樹,2026/01/08,19:45:10,"では 33,400円をお振込みとなります。

振込手数料を300円頂戴しております<(_ _)>"
User,西村温人,2026/01/08,22:07:58,"大丈夫です
誤ったものを送ってしまい申し訳ありません🙇‍♂️"
Account,内藤夏樹,2026/01/09,07:45:03,"毎々、お世話になっております。
こちらで処分とさせていただきます🙇🏻‍♂️"
User,西村温人,2026/01/09,15:42:53,はい、よろしくお願いします
