﻿アカウント名,にこにこ買取＠業界最高の買取価格宣言！
タイムゾーン,'+09:00
ダウンロード日時,2026/02/21 04:36
送信者タイプ,送信者名,送信日,送信時刻,内容
Account,応答メッセージ,2025/04/26,17:27:06,"タックさん
はじめまして！にこにこ買取＠業界最高の買取価格宣言！です。
友だち追加ありがとうございます！
にこにこ買取です(moon big smile)

ポケモンカードなどトレーディングカード全般の買取を行っております。
買取ご希望のお客様はなんでもお気軽に連絡してください(saluting man)

ご郵送買取の流れは以下の”郵送買取の流れ”をご確認ください(sparkle)

お問い合わせなどはお気軽にメッセージからご連絡ください(phone)"
Account,応答メッセージ,2025/04/26,17:27:06,写真を送信しました。
Account,応答メッセージ,2025/04/26,17:27:06,写真を送信しました。
User,タック,2025/04/26,17:28:46,こんにちは、ロケット団の栄光買取の値段はどうされますか？
User,タック,2025/05/02,14:13:58,"こんにちは、
アタッシュケース　1個
ポケモンカード151　シュリンク付き　1box
買取したいんですけど、どうすればいいですか？"
Account,内藤夏樹,2025/05/02,14:15:04,"毎々、お世話になっております。
ご連絡ありがとうございます。

アタッシュケースは46000円
151は20000円

となります。
よろしければ、メニューの買取申請をお願いします。"
User,タック,2025/06/06,17:52:41,"こんにちは
ブラックボルト 13box
ホワイトフレア　box
ブラックボルトDX 27box
ホワイトフレア DX 34boxを郵送で買取したいです"
Account,内藤夏樹,2025/06/06,18:00:02,"毎々、お世話になっております。
ブラホワは〆切となりました。
デラックスはお受けできます。
よろしくお願い申し上げます。"
Account,内藤夏樹,2025/06/06,18:11:57,いかがでしょうか。
User,タック,2025/06/06,18:19:25,そろそろですので、明日到着は間に合わないと思います。明日再予約します。
Account,内藤夏樹,2025/06/06,18:20:25,"ありがとうございます。
本日出していただければ価格を保証させていただきます。

よろしくお願い申し上げます。"
User,タック,2025/06/06,18:26:24,ではデラックス予約したいです。明日に到着出来なければまた連絡します。
Account,内藤夏樹,2025/06/06,18:32:23,"ありがとうございます。

ホワイトフレアデラックス　27箱
ブラックボルトデラックス　34箱

各12500円

ご申請をよろしくお願い申し上げます。"
User,タック,2025/06/06,18:37:54,ヤマトの今日発送終了しました、 じゃ明日また再予約します
Account,内藤夏樹,2025/06/06,18:39:35,"承知しました。
また、明日よろしくお願いします"
User,タック,2025/06/07,11:43:55,"おはようございます。
今日の買取値段はどうされますか？"
Account,内藤夏樹,2025/06/07,11:50:27,"毎々、お世話になっております。

デラックスそれぞれ
12500円でいかがでしょうか？"
User,タック,2025/06/07,11:57:09,"ブラック DX 33BOX
ホワイト DX 35BOX
値上げ可能でしょうか？"
Account,内藤夏樹,2025/06/07,12:01:26,"12700円でいかがでしょう。
よろしくお願い申し上げます。"
Account,内藤夏樹,2025/06/07,12:03:32,通常弾も、一緒に買取しましょうか。
User,タック,2025/06/07,12:07:03,"はい、通常の値段はどうですか？
ブラックホワイトは40box あります"
Account,内藤夏樹,2025/06/07,12:08:09,10600円でいかがでしょう。
Account,内藤夏樹,2025/06/07,12:08:24,全部まとめて弊社にてお願いします！
User,タック,2025/06/07,12:11:33,はい、大丈夫です。
User,タック,2025/06/07,12:11:48,ファイルセットは買取していますか？
Account,内藤夏樹,2025/06/07,12:12:19,ありがとうございました。
Account,内藤夏樹,2025/06/07,12:12:25,ご希望伺えますか？
Account,内藤夏樹,2025/06/07,12:12:32,ファイルセットです。
User,タック,2025/06/07,12:12:56,ブラックホワイトファイルセットです。
Account,内藤夏樹,2025/06/07,12:18:08,価格のご希望があれば伺います♪
Account,内藤夏樹,2025/06/07,12:18:20,数も教えてください
User,タック,2025/06/07,12:26:59,17個です。買取屋の方から価格を教えてくれませんか？良かったら一緒に買取します
Account,内藤夏樹,2025/06/07,12:36:13,4200円でいかがでしょうか？
Account,内藤夏樹,2025/06/07,12:37:28,"ブラックデラックス　33
ホワイトデラックス　35
各12700円

ブラック通常　40
ホワイト通常　40
各10600円

カードファイル　17
4200円"
Account,内藤夏樹,2025/06/07,12:37:30,よろしくお願い申し上げます。
User,タック,2025/06/07,12:51:19,"すみませんが、通常の数違いです
通常ブラック25box
通常ホワイト 18box です
"
Account,内藤夏樹,2025/06/07,12:51:50,承知しました。
Account,内藤夏樹,2025/06/07,12:52:09,"ブラックデラックス　33
ホワイトデラックス　35
各12700円

ブラック通常　25
ホワイト通常　18
各10600円

カードファイル　17
4200円"
Account,内藤夏樹,2025/06/07,12:52:15,こちらにてご申請をよろしくお願い申し上げます。
User,タック,2025/06/07,12:52:51,はい、分かりました
Account,内藤夏樹,2025/06/07,12:53:14,ありがとうございます😊
Account,内藤夏樹,2025/06/07,12:53:28,"また、熱風とテラスタルフェスexを大募集しております。

ぜひ、宜しくお願いします"
User,タック,2025/06/08,06:40:23,"すみませんが、昨日、通常ホワイトブラックの当選を受け取る時はシュリンクを９外されました
実際の発送は
通常ホワイト 13box
通常ブラック 21box
今日は到着したら確認お願いいたします"
Account,内藤夏樹,2025/06/08,07:02:37,わかりました
Account,内藤夏樹,2025/06/08,12:41:16,送信が取り消されたメッセージです
Account,内藤夏樹,2025/06/08,12:58:52,"・ポケモンカード　ブラックデラックス　33個　単価12,700円　小計419,100円
・ポケモンカード　ホワイトデラックス　35個　単価12,700円　小計444,500円
・ポケモンカード　ブラック通常　21個　単価10,600円　小計222,600円
・ポケモンカード　ホワイト通常　13個　単価10,600円　小計137,800円
・ポケモンカード　カードファイル　17個　単価4,200円　小計71,400円

合計：1,295,400円

【査定による減額】
・ホワイト（デラックスまたは通常）　凹み　-700円 × 2点 = -1,400円
・ブラック（デラックスまたは通常）　凹み　-700円 × 3点 = -2,100円

減額合計：-3,500円
最終買取金額：1,291,900円"
Account,内藤夏樹,2025/06/08,12:59:15,"一つの段ボールに入れすぎないようにしてください。
とても凹んでいてヒヤヒヤしました。"
Account,内藤夏樹,2025/06/08,12:59:37,写真を送信しました。
Account,内藤夏樹,2025/06/08,12:59:38,写真を送信しました。
Account,内藤夏樹,2025/06/08,12:59:38,写真を送信しました。
Account,内藤夏樹,2025/06/08,12:59:38,写真を送信しました。
Account,内藤夏樹,2025/06/08,12:59:38,写真を送信しました。
User,タック,2025/06/08,13:10:16,はい、分かりました。次回気を付けます。よろしくお願いいたします
Account,内藤夏樹,2025/06/08,13:19:52,ありがとうございます。
Account,内藤夏樹,2025/06/08,13:19:58,デラックスの追加はありませんか？
User,タック,2025/06/08,14:17:28,"ありますけど数少ないです。　
今日価格はどうされますか？
通常
デラックス
ファイルセット"
Account,内藤夏樹,2025/06/08,14:21:32,どれくらい？
User,タック,2025/06/08,14:56:53,"デラックス 20box ぐらい
通常 30box ぐらい
ファイルセット 25box です"
Account,内藤夏樹,2025/06/08,15:57:10,デラックスだけは買取できます！
Account,内藤夏樹,2025/06/08,15:57:33,12000円でどうですか？
User,タック,2025/06/08,16:39:52,今日の発送できるかどうかまだ分かりませんので
User,タック,2025/06/08,17:41:13,すみません、今日の発送出来ますので予約出来ますか？
Account,内藤夏樹,2025/06/08,17:41:48,何個ありますか？
Account,内藤夏樹,2025/06/08,17:42:46,今さっき大口入ったから〆切考えていました
User,タック,2025/06/08,17:43:26,20boxです
User,タック,2025/06/08,17:44:03,21個　です
Account,内藤夏樹,2025/06/08,17:45:22,"11800でいいですか？
それなら送ってください。"
Account,内藤夏樹,2025/06/08,17:45:27,ありがとうございます
User,タック,2025/06/08,17:47:22,12000円じゃないですか？　118000ならちょっと難しいです。
Account,内藤夏樹,2025/06/08,17:47:36,OK。
Account,内藤夏樹,2025/06/08,17:47:46,それぞれ何個？
Account,内藤夏樹,2025/06/08,17:47:57,箱潰れないように梱包してください
User,タック,2025/06/08,17:49:11,"ブラック 6個
ホワイト15個です。"
User,タック,2025/06/08,17:49:21,はい、分かりました
Account,内藤夏樹,2025/06/08,17:49:24,ありがとうございます
Account,内藤夏樹,2025/06/09,10:55:50,白黒もあつまりますか？
User,タック,2025/06/09,13:11:05,現在、私の在庫はなくなっています。ただし、もし御社が良い価格で買い取ってくださり、納品が1日遅れても大丈夫であれば、私のコミュニティから大量に集めて、まとめてお送りすることが可能です。
Account,内藤夏樹,2025/06/09,13:12:58,いい価格とは？
User,タック,2025/06/09,17:38:46,今の価格で大丈夫だと思います。ただ、皆から集めるのに1日かかってしまうので、私からあなたに送るのが少し遅れます。それがご負担になるかもしれないと思います。
Account,内藤夏樹,2025/06/09,18:12:35,ノーマルも集まりますか？
User,タック,2025/06/09,18:20:11,そうです。各種可能です。
Account,内藤夏樹,2025/06/09,18:21:21,また連絡するです
Account,内藤夏樹,2025/06/09,18:21:29,トリプレットビートはある？
Account,内藤夏樹,2025/06/09,21:43:38,"ブラックDX 6個 12000
ホワイトDX 15個 12000

252000円を振込みしました。"
User,タック,2025/06/09,22:26:48,ありがとうございます
User,タック,2025/06/09,22:27:56,あまりないです。いくつ欲しいですか？
Account,内藤夏樹,2025/06/10,08:15:36,通常弾が200ずつ欲しいです。
Account,内藤夏樹,2025/06/11,07:43:39,"おはようございます。
ホワイト＆ブラック通常盤募集します。
希望価格を教えてくださいね。"
User,タック,2025/06/11,10:22:36,おはようございます。出来れば、今日の価格を教えてくれませんか？
Account,内藤夏樹,2025/06/11,10:22:53,11000円で今日送って欲しいな
User,タック,2025/06/11,10:26:17,はい、分かりました。集まって数を教えます
Account,内藤夏樹,2025/06/11,10:26:31,"ありがとうございました。
キャンセルしないでね"
Account,内藤夏樹,2025/06/11,10:26:40,100ずつほしい
User,タック,2025/06/11,12:34:04,DX 欲しいですか？
Account,内藤夏樹,2025/06/11,12:43:04,今は通常に資金を使います
User,タック,2025/06/19,00:19:48,テラスタルフェスの価格はいくらですか？100box あります
Account,内藤夏樹,2025/06/19,10:35:52,今はいらないね
Account,内藤夏樹,2025/06/19,10:35:57,熱風はありますか
User,タック,2025/06/19,19:16:40,何百箱か持ってるけど、値上がりを待ってる
User,タック,2025/06/20,11:07:52,ホワブラシュリンク無しを買取していますか？
Account,内藤夏樹,2025/06/20,11:20:03,"毎々、お世話になっております。
していません"
User,タック,2025/06/20,12:46:25,"こんにちは、ホワイトDX 1box
ブラックDx 1box
ブラック 2box
楽園ドラゴナー 6box
バイオレット 1box
買取したいです。"
Account,内藤夏樹,2025/06/20,13:25:49,"毎々お世話になっております。
本日の買取はすべて終了しました。
また再開しましたらご連絡いたします。"
User,タック,2025/06/20,23:26:52,明日、大量のテラスタルクが届けるので、欲しかったら、ご連絡ください。
User,タック,2025/07/12,14:52:52,"通常ブラック22box
通常ホワイト 21box
熱風のアリーナ
クリムゾン 
楽園ドラゴナー　の価格は　どうですか？"
Account,内藤夏樹,2025/07/12,15:13:08,写真を送信しました。
User,タック,2025/07/12,15:14:10,"通常ブラック22box
通常ホワイト 21box
熱風のアリーナ 7box
クリムゾン  3box
楽園ドラゴナー 6box
買取したいです。"
Account,内藤夏樹,2025/07/12,15:14:43,はい、申請と発送をよろしくお願いいたします。
Account,内藤夏樹,2025/07/12,15:15:10,"今回以降こちらまで発送をお願いします。


請求先および発送先
株式会社AiGIVE 内藤宛
940-0864
新潟県長岡市川崎3-2366-7-103
050-5470-3570"
Account,内藤夏樹,2025/07/12,15:15:38,"・ポケモンカード　ブラックボルト　22箱　単価9,400円　小計206,800円
・ポケモンカード　ホワイトフレア　21箱　単価9,000円　小計189,000円
・ポケモンカード　熱風のアリーナ　7箱　単価8,800円　小計61,600円
・ポケモンカード　クリムゾンヘイズ　3箱　単価8,600円　小計25,800円
・ポケモンカード　楽園ドラゴーナ　6箱　単価8,000円　小計48,000円"
User,タック,2025/07/12,15:26:24,着払い可能でしょうか？
Account,内藤夏樹,2025/07/12,15:26:33,できません
User,タック,2025/07/12,15:26:48,はい、分かりました
Account,内藤夏樹,2025/07/12,15:28:10,よろしくお願い申し上げます。
User,タック,2025/07/12,16:22:37,テラスタルフェスを13box 追加したいんですけど、よろしいですか？
Account,内藤夏樹,2025/07/12,16:24:00,はい、よろしかお願いしまふ
User,タック,2025/07/12,16:24:49,すみません、テラスタルフェス 16box です
Account,内藤夏樹,2025/07/12,16:53:37,はい、よろしくお願い申し上げます。
User,タック,2025/07/12,17:27:35,テラスタルフェスを 9box追加したいです。全部テラスタルフェス25boxです
Account,内藤夏樹,2025/07/12,17:35:24,はい、よろしくお願い申し上げます。
Account,内藤夏樹,2025/07/12,17:35:30,あとで全部の数を教えてください
User,タック,2025/07/12,17:50:53,"通常ブラック22box
通常ホワイト 21box
熱風のアリーナ 7box
クリムゾン  3box
楽園ドラゴナー 6box
テラスタルフェス 25box"
Account,内藤夏樹,2025/07/12,18:26:52,はい、ありがとうございました。
Account,内藤夏樹,2025/07/13,13:02:16,送りましたか
Account,内藤夏樹,2025/07/13,13:02:25,伝票ください
User,タック,2025/07/13,13:36:55,発送しました。今日の午前中に到着予定です、まだ届けてないですか？
User,タック,2025/07/13,13:37:41,ヤマトの送り状は75259938574
Account,内藤夏樹,2025/07/13,13:38:16,ここに送りましたか
User,タック,2025/07/13,13:41:26,違います。申込みフォームを入力してから、その住所へ送りました
User,タック,2025/07/13,13:42:26,写真を送信しました。
User,タック,2025/07/13,13:42:34,この住所です
Account,内藤夏樹,2025/07/13,13:43:32,次からここへ送って
Account,内藤夏樹,2025/07/13,13:43:40,受取が遅くなります
User,タック,2025/07/13,13:45:38,はい、分かりました。新しい住所のメッセージが見えなかった。すみませんでした
Account,内藤夏樹,2025/07/13,14:53:45,ありがとうございました。
Account,内藤夏樹,2025/07/13,19:19:16,"・ポケモンカード　ブラックボルト　22箱　単価9,400円　小計206,800円
・ポケモンカード　ホワイトフレア　21箱　単価9,000円　小計189,000円
・ポケモンカード　熱風のアリーナ　7箱　単価8,800円　小計61,600円
・ポケモンカード　クリムゾンヘイズ　3箱　単価8,600円　小計25,800円
・ポケモンカード　楽園ドラゴーナ　6箱　単価8,000円　小計48,000円
・ポケモンカード　テラスタルフェスex　25箱　単価10,400円　小計260,000円"
Account,内藤夏樹,2025/07/13,19:57:58,送信が取り消されたメッセージです
Account,内藤夏樹,2025/07/13,20:02:32,"ポケモンカード ブラックボルト	22箱	9,400円	206,800円
ポケモンカード ホワイトフレア	21箱	9,000円	189,000円
ポケモンカード 熱風のアリーナ	7箱	8,800円	61,600円
ポケモンカード クリムゾンヘイズ	3箱	8,600円	25,800円
ポケモンカード 楽園ドラゴーナ	6箱	8,000円	48,000円
ポケモンカード テラスタルフェスex	25箱	10,400円	260,000円

合計：791,200円
減額：-700円 × 5点（ブラックボルト×2、ホワイトフレア×2、テラスタルフェス×1） = -3,500円
最終買取金額：787,700円"
User,タック,2025/07/14,23:45:07,ありがとうございます。減額の原因は何ですか？
Account,内藤夏樹,2025/07/15,11:27:53,凹みです
Account,内藤夏樹,2025/07/15,11:28:24,写真を送信しました。
Account,内藤夏樹,2025/07/15,11:28:32,このようなもの
Account,内藤夏樹,2025/07/15,11:28:47,バイオレット持っていますか？
User,タック,2025/07/15,12:58:59,30box ぐらいあります
Account,内藤夏樹,2025/07/15,13:39:00,売ってください
User,タック,2025/07/15,18:02:54,価格は6300円でしょうか？
Account,内藤夏樹,2025/07/15,19:31:29,はい！よろしくお願い申し上げます。
Account,内藤夏樹,2025/07/16,09:29:08,シャイニートレジャーはありまふか
User,タック,2025/07/22,16:48:38,こんにちは、熱風のアリーナ 40boxを買取したいです。
Account,内藤夏樹,2025/07/22,17:06:46,こんにちは
Account,内藤夏樹,2025/07/22,17:06:49,OKです。
Account,内藤夏樹,2025/07/22,17:06:52,よろしくお願いいたします。
User,タック,2025/07/22,17:24:53,今日の価格はいくらですか？
Account,内藤夏樹,2025/07/22,17:25:09,9000円が終わって、8800円です
User,タック,2025/07/22,17:28:10,そうですか。ではキャンセルしてまた連絡します。すみませんでした
Account,内藤夏樹,2025/07/22,17:58:10,わかりました
User,タック,2025/08/02,13:33:22,こんにちは　メガブレイブとメガシンフォニア 10セットを買取したいです。
Account,内藤夏樹,2025/08/02,14:31:42,"申し訳ございません。
終了しました。"
Account,内藤夏樹,2025/08/06,19:56:50,ロケット団はありますか
User,タック,2025/08/08,13:01:10,写真を送信しました。
User,タック,2025/08/08,13:01:10,"こんにちは、
ポケモンセンターセットを買取していますか？"
User,タック,2025/08/08,13:01:10,写真を送信しました。
Account,内藤夏樹,2025/08/08,13:02:14,少しほしいね
Account,内藤夏樹,2025/08/08,13:02:19,何箱ありますか
User,タック,2025/08/08,13:04:11,"ブレイブセット 3box
シンフォニアセット7box
"
User,タック,2025/08/08,13:04:24,写真を送信しました。
User,タック,2025/08/08,13:04:46,これ 10セット
Account,内藤夏樹,2025/08/08,13:05:48,ポケセンセットは10個欲しいよ
Account,内藤夏樹,2025/08/08,13:05:56,これは18000円になったよ
User,タック,2025/08/08,13:09:51,値下げされましたか？ シュリンク無し買取しますか？
Account,内藤夏樹,2025/08/08,13:10:55,"ツイートした。

シュリンクなしは買取していません"
User,タック,2025/08/08,13:11:35,じゃ10セットを予約します。
Account,内藤夏樹,2025/08/08,13:12:18,"ポケモンセンターセットは
ブレイブ
19300
シンフォニア
14500"
User,タック,2025/08/08,13:13:48,これ１０セットです
Account,内藤夏樹,2025/08/08,13:14:17,"メガセット　18000円
10セット"
Account,内藤夏樹,2025/08/08,13:14:23,申請よろしく
User,タック,2025/08/08,13:18:50,16セットを変更してくれませんか
Account,内藤夏樹,2025/08/08,13:20:31,OK
User,タック,2025/08/08,13:21:09,ありがとうございます
Account,内藤夏樹,2025/08/08,13:29:17,申請と発送をよろしく
User,タック,2025/08/08,16:45:57,送り先は教えてくれませんか？
Account,内藤夏樹,2025/08/08,16:46:15,"利用方法見るか
申請したら出てくる"
User,タック,2025/08/08,16:49:40,申しましたけどメモしてなかったです
Account,内藤夏樹,2025/08/08,16:50:06,利用方法に書いてあるよ
Account,内藤夏樹,2025/08/08,16:50:15,メニューを押して
Account,内藤夏樹,2025/08/08,16:50:17,見て
User,タック,2025/08/08,16:51:19,見つかった。ありがとうございます
Account,内藤夏樹,2025/08/08,16:53:38,有難う
Account,内藤夏樹,2025/08/09,11:43:21,"毎々、お世話になっております。  
御見積書を送付いたします。

- 買取見積書 -
・メガブレイブ＆メガシンフォニア　セット　10セット　単価18,000円　小計180,000円

減額項目：なし

合計：180,000円  
減額合計：0円  
最終買取金額：180,000円

ご確認のほど、よろしくお願いいたします。
振込しました。"
User,タック,2025/08/09,12:19:07,16セットを送りました
User,タック,2025/08/09,12:20:12,330860477931
Account,内藤夏樹,2025/08/09,12:20:15,間違えました。
Account,内藤夏樹,2025/08/09,12:21:11,"毎々、お世話になっております。  
御見積書を送付いたします。

- 買取見積書 -
・メガブレイブ＆メガシンフォニア　セット　16セット　単価18,000円　小計288,000円

減額項目：なし

合計：288,000円  
減額合計：0円  
最終買取金額：288,000円

ご確認のほど、よろしくお願いいたします。
"
Account,内藤夏樹,2025/08/09,12:22:10,足りなり分を振込みをしました。
User,タック,2025/08/09,13:44:46,300枚は値上げ可能でしょうか？
Account,内藤夏樹,2025/08/09,13:45:03,1200円でどう？
User,タック,2025/08/09,13:48:01,はい、予約します
Account,内藤夏樹,2025/08/09,13:48:19,では申請してください
Account,内藤夏樹,2025/08/09,13:48:21,有難う
User,タック,2025/08/09,15:28:40,申し訳ありません。現在、買取価格が高騰しております。お値段を上げていただくことは可能でしょうか
Account,内藤夏樹,2025/08/09,15:35:04,約束したよね？笑
Account,内藤夏樹,2025/08/09,15:35:11,1300円までにしてください
Account,内藤夏樹,2025/08/09,15:35:17,そのような裏切りはよくないですよ
Account,内藤夏樹,2025/08/09,15:36:19,"こちらが値下がりしたから
価格変更してなんて言ったら嫌ですよね"
User,タック,2025/08/09,15:46:06,あまり良いことではないのは承知していますが、普段取引している買取会社は、どこも売り手に対して買取価格を更新して引き上げてくれます。🙏
Account,内藤夏樹,2025/08/09,15:46:24,"あなたがイエス言わないなら

私は

法務省

へあなたの情報を全て提出する"
Account,内藤夏樹,2025/08/09,15:46:32,そして、振込みも組み戻しして止めるね
Account,内藤夏樹,2025/08/09,15:46:58,"面倒なことを
数万円のためにさせないで"
Account,内藤夏樹,2025/08/09,15:48:51,早く回答して
Account,内藤夏樹,2025/08/09,15:49:00,"イエス
ノー"
User,タック,2025/08/09,15:51:09,これまで多くのお取引をさせていただきましたので、今後はより良い関係を築きたいと思っております。もし買取価格を上げていただけるのであれば、私も販売数量を増やすことができます。お互いに利益があり、長くお付き合いできればと思います。
Account,内藤夏樹,2025/08/09,15:52:23,"1300でいいのなら
早く送ってくれ"
Account,内藤夏樹,2025/08/09,15:52:35,"それがノーなら
トランによって裁かれるでしょう"
User,タック,2025/08/09,16:36:01,1400円では難しいでしょうか。枚数は約500枚ございます。
Account,内藤夏樹,2025/08/09,16:48:24,"あなた申請していた。

利用規約の通り
申請後のキャンセルはキャンセル料かかるね。"
Account,内藤夏樹,2025/08/09,17:16:47,キャンセルはとても高いよ
Account,内藤夏樹,2025/08/09,17:16:55,"1300円なら
私は受け入れる"
Account,内藤夏樹,2025/08/09,17:17:15,"それを、受け入れない場合には
容赦しません"
Account,内藤夏樹,2025/08/09,17:17:23,法律であなたを裁きます
Account,内藤夏樹,2025/08/09,18:02:06,どうするの？
Account,内藤夏樹,2025/08/09,18:02:10,返事しなよ
User,タック,2025/08/09,18:32:01,受け取りしています。でもまだ終わいないです。今日の発送は間に合わない
User,タック,2025/08/09,18:32:09,写真を送信しました。
Account,内藤夏樹,2025/08/09,18:32:10,？？？
Account,内藤夏樹,2025/08/09,18:32:21,"今日出してください
約束でしょう"
Account,内藤夏樹,2025/08/09,18:33:18,"なんで
なにも
約束守らない？"
Account,内藤夏樹,2025/08/09,18:45:59,どうする
Account,内藤夏樹,2025/08/09,18:46:05,キャンセル料を請求するからね？
Account,内藤夏樹,2025/08/09,18:47:41,写真を送信しました。
Account,内藤夏樹,2025/08/09,18:48:11,"3万円だね。

本当にムカついてるから
裁判にするからね"
Account,内藤夏樹,2025/08/09,18:48:52,返事しろ
User,タック,2025/08/09,18:57:03,値上がりの影響で皆さんからキャンセルされ、自分で買いに行くことになり、間に合いませんでした。
Account,内藤夏樹,2025/08/09,19:00:58,"有難う。
明日なら送れますか？
間違いなく。

1300円
100パックでいいよ"
Account,内藤夏樹,2025/08/09,19:01:09,面倒なことはお互いにしたくない
User,タック,2025/08/09,19:19:51,出来ると思います
Account,内藤夏樹,2025/08/09,19:23:26,思いますはダメです
Account,内藤夏樹,2025/08/09,19:23:39,サーチしないで
Account,内藤夏樹,2025/08/09,19:23:41,わかるからね
User,タック,2025/08/09,19:49:07,はい、分かりました
Account,内藤夏樹,2025/08/10,09:06:18,追加の300パックは価格どうしますか？
User,タック,2025/08/10,09:35:36,探しているんですけど、各店は完売しました
Account,内藤夏樹,2025/08/10,09:54:44,100は送ってね？
Account,内藤夏樹,2025/08/10,09:54:46,困るよ
Account,内藤夏樹,2025/08/10,11:20:39,"裏切るなら
俺はいくらつかっても
あなたを地獄に送ります"
User,タック,2025/08/10,12:06:39,メッセージの内容に正直驚きました。誤解かもしれませんが、脅されているように感じます。今までこのような対応の買取会社は見たことがありません。この件については必要に応じて警察にも相談いたします。御社に商品を送るかどうか、慎重に検討させていただきますので、このメッセージの意図をご説明いただけますか。
Account,内藤夏樹,2025/08/10,12:16:25,お前が裏切らなければなってないから
Account,内藤夏樹,2025/08/10,12:16:32,契約違反はあなたですよ
Account,内藤夏樹,2025/08/10,12:16:43,どうぞ警察に相談してください
Account,内藤夏樹,2025/08/10,12:18:12,約束まもれよ？
Account,内藤夏樹,2025/08/10,12:18:34,"契約違反は
3万円払ってね"
Account,内藤夏樹,2025/08/10,12:18:46,日本人を舐めるなよ
Account,内藤夏樹,2025/08/10,12:19:20,"3万円のために
50万円裁判費用がかかっても
お前を許さないから"
Account,内藤夏樹,2025/08/10,12:19:25,震えてる待っていなさい
Account,内藤夏樹,2025/08/10,12:19:41,"そして、あなたは
在留資格を失い
強制送還です"
User,タック,2025/08/10,14:24:46,"初めから私は取引をキャンセルする意図は全くございませんでした。問題が発生した際には、すぐに貴社に連絡し、解決策を一緒に検討させていただきました。
もし当初から貴社がご理解いただいていれば、私が購入した相手もキャンセルすることなく、昨日には十分な数量を揃えてお渡しできておりました。
また、私がこれまで取引してきた他の買取業者様とは、価格が上昇した際に都度価格の見直しや更新を行うことは通常のことであり、問題なく合意を得ております。"
Account,内藤夏樹,2025/08/10,14:36:36,"何言っているのか。

まあいいです。

キャンセル料を払う？
ノーなら裁判にするだけです。"
User,タック,2025/08/10,15:01:21,送信が取り消されたメッセージです
User,タック,2025/08/10,15:01:37,今の買取価格はいくらですか？105パック売りますので、キャンセル料を差し引いてください。
Account,内藤夏樹,2025/08/10,15:01:56,今1500円
Account,内藤夏樹,2025/08/10,15:02:49,"1300×100
はあなたは守ると言った"
User,タック,2025/08/10,15:05:13,キャンセル料を払っているのに、なぜ100パックも送らなければならないのですか？
Account,内藤夏樹,2025/08/10,15:05:41,"キャンセル料を払うのね。

今は1500円"
Account,内藤夏樹,2025/08/10,15:05:58,"私はあなたと取引したくないから
キャンセル料だけ払って欲しいね"
User,タック,2025/08/10,15:21:32,料金払込票を送ってください
Account,内藤夏樹,2025/08/10,15:23:06,PayPayできますか？
User,タック,2025/08/10,15:27:35,ペイペイ使ってない。料金払込票は欲しいです
Account,内藤夏樹,2025/08/10,15:27:53,銀行振込みでいいですか？
Account,内藤夏樹,2025/08/10,15:28:23,"もう下がってきたから
1300×100
用意したら？"
User,タック,2025/08/10,15:41:16,料金支払証明として保存したいため、料金払込票を送ってください
User,タック,2025/08/10,15:42:01,あまりないので保存します。
Account,内藤夏樹,2025/08/10,15:54:44,"あなたが正式に謝罪して
100パックを1500円で販売してくれるのなら
キャンセル料は請求しません"
User,タック,2025/08/10,16:03:03,申し訳ありませんが、100パックしかなくて、私が定価に買うことができたので、もう少し長く保管しておきます
Account,内藤夏樹,2025/08/10,16:18:52,"わかりました。
請求書を作成するので情報を教えてください。（宛名）"
User,タック,2025/08/10,17:42:47,NGUYEN NHU THACH。こちらです
Account,内藤夏樹,2025/08/10,17:43:10,わかりました
Account,内藤夏樹,2025/08/11,20:11:11,ファイルを送信しました。
Account,内藤夏樹,2025/08/11,20:12:06,"毎々、お世話になっております。
キャンセルフィーの請求書です。

ご理解とお振込みをよろしくお願いいたします。

期日は 明日 8/12 までです。

期日超過の場合には弊社顧問弁護士　「砂山法律事務所」より連絡をさせていただきます。"
User,タック,2025/08/11,21:05:41,期日は明日無理です。今日は帰国しました。2週間後戻った払えます
Account,内藤夏樹,2025/08/11,21:06:14,帰国した証明を見せてください。
User,タック,2025/08/11,21:11:52,今パスポート持ってない、夜帰ったら見せます
Account,内藤夏樹,2025/08/11,21:12:27,わかりました
Account,内藤夏樹,2025/08/12,15:00:28,送らないのはなぜでしょうか？
Account,内藤夏樹,2025/08/12,15:01:41,"期日は29日まで。
それ以降はなにがあっても許しません。

裁判を行います。"
Account,内藤夏樹,2025/08/26,20:14:16,送信が取り消されたメッセージです
Account,内藤夏樹,2025/08/26,20:15:17,"毎々、お世話になっております。

期日の29日までにお振込みをお願い申し上げます。

それ以降、速やかに

砂山法律事務所と連携し、法的手続きに移行します。"
User,タック,2026/01/09,12:52:51,こんにちは、メガドリームを30box買取したいです。
Account,内藤夏樹,2026/01/09,12:55:39,早く払え
Account,内藤夏樹,2026/01/09,12:56:01,"帰ってきたなら
キャンセル料払いましょう"
