﻿アカウント名,にこにこ買取＠業界最高の買取価格宣言！
タイムゾーン,'+09:00
ダウンロード日時,2026/02/21 04:36
送信者タイプ,送信者名,送信日,送信時刻,内容
Account,応答メッセージ,2025/11/17,16:45:08,"かさん
はじめまして！にこにこ買取＠業界最高の買取価格宣言！です。
友だち追加ありがとうございます！
にこにこ買取です(moon big smile)

ポケモンカードなどトレーディングカード全般の買取を行っております。
買取ご希望のお客様はなんでもお気軽に連絡してください(saluting man)

ご郵送買取の流れはメニューから”郵送買取の流れ”をご確認ください(sparkle)

ご郵送買取ご希望の場合にはメニューの”申し込みフォーム”からご申請が可能となっております。

お問い合わせなどはお気にご連絡ください。"
User,か,2025/11/17,16:47:07,"初めまして
トウホクのピカチュウのBOX買い取りいくらでしょうか？"
Account,内藤夏樹,2025/11/17,17:01:37,"毎々、お世話になっております。
買取しておりません🙇🏻‍♂️"
User,か,2025/11/30,17:01:01,"本日のテラスタルフェスと
メガドリームの買取教えてほしいですー"
User,か,2025/11/30,17:01:03,！
Account,内藤夏樹,2025/11/30,17:05:26,"メガドリームのみとなっており
13000円となります！"
User,か,2025/11/30,17:10:51,テラスタルフェスは、おこなってませんか？
Account,内藤夏樹,2025/11/30,17:11:53,はい、本日は〆切となりました。
User,か,2025/11/30,17:12:28,明日とかするかもしれないですか？
User,か,2025/12/01,13:31:44,本日のメガドリームとテラスタルフェスの買取してますか？
Account,内藤夏樹,2025/12/01,13:50:19,"毎々お世話になっております。
このあと14時頃に更新予定となっております。"
User,か,2025/12/01,14:17:44,"ありがとうございます！
テラスタルフェスは、今日無理でしたか？"
Account,AIチャットボット(β),2025/12/01,14:17:45,情報利用許可のお願い
Account,内藤夏樹,2025/12/01,14:20:03,"毎々お世話になっております。
本日はメガドリームEXのみとなります。"
User,か,2026/01/08,13:38:13,"お世話になります
ワンピースの2周年Anniversaryの買取とかしてますか？"
Account,内藤夏樹,2026/01/08,13:50:14,"毎々、お世話になっております。
そちらの商品は買取しておりませんでした🙇🏻‍♂️"
User,か,2026/01/08,15:40:53,"了解致しました！
メガドリーム2箱と、インフェルノ1箱
買取お願いしたいです🙇‍♂️"
Account,内藤夏樹,2026/01/08,15:41:28,"メガドリームは現在
10800円となります。"
User,か,2026/01/08,15:42:42,"了解致しました！
お願いしたいです🙇‍♂️"
Account,内藤夏樹,2026/01/08,15:44:20,"毎々、お世話になっております。
御見積書を送付いたします。

- 買取見積書 -

・ポケモンカード
メガドリームex BOX
2箱
単価10,800円
小計21,600円

・ポケモンカード
インフェルノX BOX
1箱
単価11,600円
小計11,600円

減額項目：
・該当なし

合計：33,200円
減額合計：-0円
最終買取金額：33,200円

【注意事項】
こちらのお見積もりを印刷して商品に同梱してください。
同梱がない場合には査定が遅れる場合がございます。
ご確認のほど、よろしくお願いいたします。
"
Account,内藤夏樹,2026/01/08,15:44:25,よろしくお願い申し上げます。
User,か,2026/01/08,17:00:56,"ありがとうございます！
了解致しました！"
Account,内藤夏樹,2026/01/08,17:08:17,よろしくお願い申し上げます。
