﻿アカウント名,にこにこ買取＠業界最高の買取価格宣言！
タイムゾーン,'+09:00
ダウンロード日時,2026/02/21 04:36
送信者タイプ,送信者名,送信日,送信時刻,内容
Account,応答メッセージ,2025/03/24,13:03:08,"CTさん
はじめまして！にこにこ買取＠業界最高の買取価格宣言！です。
友だち追加ありがとうございます！
にこにこ買取です(moon big smile)

ポケモンカードなどトレーディングカード全般の買取を行っております。
買取ご希望のお客様はなんでもお気軽に連絡してください(saluting man)

ご郵送買取の流れは以下の”郵送買取の流れ”をご確認ください(sparkle)

お問い合わせなどはお気軽にメッセージからご連絡ください(phone)"
Account,応答メッセージ,2025/03/24,13:03:08,写真を送信しました。
Account,応答メッセージ,2025/03/24,13:03:08,写真を送信しました。
User,CT,2025/04/25,15:29:50,"お疲れ様です。
ロケットシュリンク付き。
30ボックス買取お願いしたいですが、大丈夫ですか？"
Account,内藤夏樹,2025/04/25,15:31:11,"毎々、お世話になっております。

はい、可能です。
よろしくお願い申し上げます。"
Account,内藤夏樹,2025/04/25,15:31:19,申請フォームよりご申請をよろしくお願い申し上げます。
User,CT,2025/04/25,15:39:09,金額は16800ですね
Account,内藤夏樹,2025/04/25,15:39:30,はい、間違いございません。
User,CT,2025/04/25,15:39:42,はい
Account,内藤夏樹,2025/04/25,15:39:48,よろしくお願い申し上げます。
User,CT,2025/04/25,15:41:32,送りました。
Account,内藤夏樹,2025/04/25,15:42:59,"確認しました。
発送をよろしくお願い申し上げます。"
User,CT,2025/04/25,15:43:45,すみません、送り先どちらになりますか？
User,CT,2025/04/25,15:44:34,発送時同封する書類は住民票と在留カードのコピーで十分ですか？
Account,内藤夏樹,2025/04/25,15:44:38,申請フォームの申請後画面に出てきます。
Account,内藤夏樹,2025/04/25,15:44:53,そちらをよろしくお願い申し上げます。
User,CT,2025/04/25,15:45:17,閉めてしましました。送っていただけますか？
Account,内藤夏樹,2025/04/25,15:45:24,"お買取希望の商品は以下の住所へ発送をお願い申し上げます。
ご利用方法に記載のある梱包に関する注意事項を改めてご確認ください。

また発送は原則ヤマト運輸さんよりお願い申し上げます。

【発送先】
ヤマト運輸 北陽センター 気付
株式会社AiGIVE 内藤宛
〒940-0871
新潟県長岡市北陽1-53-61
050-5470-3570

ヤマト運輸北陽センター:

https://locations.kuronekoyamato.co.jp/p/yamato01/prt/041160/?&p_f1=1&cond22=1&jiNm=%A4%AA%B5%D2%CD%CD%A5%B5%A1%BC%A5%D3%A5%B9%A5%BB%A5%F3%A5%BF%A1%BC&kykTel=0570-200-000&jiFax=0258-46-0585

また発送されましたら以下の情報をご連絡ください。
① 追跡番号
② 発送日・到着指定時間

ご確認のほどよろしくお願い申し上げます。"
User,CT,2025/04/25,15:46:00,ありがとうございます。
User,CT,2025/04/25,18:43:49,"ヤマト運輸
伝票番号: 330841921351"
User,CT,2025/04/25,18:49:10,よろしくお願いします。
Account,内藤夏樹,2025/04/25,20:52:55,ありがとうございました。
User,CT,2025/04/25,20:55:33,"'
明日また買取予定ありますか？"
User,CT,2025/04/25,20:55:43,ロケット団の栄光
Account,内藤夏樹,2025/04/25,20:56:56,"現在は予定なしです。
よろしくお願い申し上げます。"
User,CT,2025/04/25,22:23:09,"はいわかりました。
よろしくお願いします。"
Account,内藤夏樹,2025/04/26,22:25:08,"毎々、お世話になっております。
夜分遅くに申し訳ございません。

査定が終わりました。
満額にてお振込みしております。"
User,CT,2025/04/26,22:26:40,"早速対応ありがとうございます。
またよろしくお願いします。"
User,CT,2025/06/03,13:54:24,"お疲れ様です。
LINEにて買取やってますか？"
Account,内藤夏樹,2025/06/03,14:04:42,"毎々、お世話になっております。
やっています"
User,CT,2025/06/03,14:08:00,後で数量送ります。
User,CT,2025/06/03,14:57:53,"ロケット団 4個
熱風 30個
超電8個
クリムゾンヘイズ 7個
楽園 1個
変幻の仮面 1個
バイオレット3個"
User,CT,2025/06/03,14:57:56,よろしくお願いします。
Account,内藤夏樹,2025/06/03,14:59:30,"ロケット団 4個
熱風 30個
超電8個
クリムゾンヘイズ 7個
楽園 1個
変幻の仮面 1個
バイオレット3個

よろしくお願い申し上げます。"
User,CT,2025/06/03,15:08:08,はい
User,CT,2025/06/03,15:08:10,よろしくお願いします。
User,CT,2025/06/03,15:08:49,発送先はこちらに大丈夫ですか？
Account,内藤夏樹,2025/06/03,15:21:53,よろしくお願い申し上げます。
User,CT,2025/06/03,16:45:39,すみませんクリムゾンヘイズは5になります。
User,CT,2025/06/03,16:46:44,"ロケット団 4個 x12000
熱風 30個 x8000
超電8個 x8700
クリムゾンヘイズ 5個 x8400
楽園 1個 7000
変幻の仮面 1個 7500
バイオレット3個 x600
"
User,CT,2025/06/03,16:46:47,よろしくお願いします。
Account,内藤夏樹,2025/06/03,16:57:32,"・ポケモンカード　ロケット団の栄光　4箱　単価12,000円　小計48,000円
・ポケモンカード　熱風のアリーナ　30箱　単価8,000円　小計240,000円
・ポケモンカード　超電ブレイカー　8箱　単価8,700円　小計69,600円
・ポケモンカード　クリムゾンヘイズ　5箱　単価8,400円　小計42,000円
・ポケモンカード　楽園ドラゴーナ　1箱　単価7,000円　小計7,000円
・ポケモンカード　変幻の仮面　1箱　単価7,500円　小計7,500円
・ポケモンカード　バイオレットex　3箱　単価600円　小計1,800円

合計：415,900円"
User,CT,2025/06/03,17:04:23,バイオレットは6000です
User,CT,2025/06/03,17:04:32,写真を送信しました。
User,CT,2025/06/03,17:04:39,確認よろしくお願いします。
Account,内藤夏樹,2025/06/03,17:26:31,"・ポケモンカード　ロケット団の栄光　4箱　単価12,000円　小計48,000円
・ポケモンカード　熱風のアリーナ　30箱　単価8,000円　小計240,000円
・ポケモンカード　超電ブレイカー　8箱　単価8,700円　小計69,600円
・ポケモンカード　クリムゾンヘイズ　5箱　単価8,400円　小計42,000円
・ポケモンカード　楽園ドラゴーナ　1箱　単価7,000円　小計7,000円
・ポケモンカード　変幻の仮面　1箱　単価7,500円　小計7,500円
・ポケモンカード　バイオレットex　3箱　単価6,000円　小計18,000円

合計：432,100円"
Account,内藤夏樹,2025/06/03,17:26:37,失礼しました。
User,CT,2025/06/03,17:35:22,写真を送信しました。
User,CT,2025/06/03,17:35:32,"伝票送ります。
よろしくお願いします。"
Account,内藤夏樹,2025/06/04,20:24:50,"・ポケモンカード　ロケット団の栄光　4箱　単価12,000円　小計48,000円
・ポケモンカード　熱風のアリーナ　30箱　単価8,000円　小計240,000円
・ポケモンカード　超電ブレイカー　8箱　単価8,700円　小計69,600円
・ポケモンカード　クリムゾンヘイズ　5箱　単価8,400円　小計42,000円
・ポケモンカード　楽園ドラゴーナ　1箱　単価7,000円　小計7,000円
・ポケモンカード　変幻の仮面　1箱　単価7,500円　小計7,500円
・ポケモンカード　バイオレットex　3箱　単価6,000円　小計18,000円

合計：432,100円

【査定による減額】
・クリムゾンヘイズ　-700円 × 2点 = -1,400円
・熱風のアリーナ　　-700円 × 3点 = -2,100円
・バイオレットex　　 -700円 × 1点 = -700円
・ロケット団の栄光　 -700円 × 1点 = -700円

減額合計：-4,900円
最終買取金額：427,200円"
User,CT,2025/06/04,20:54:55,"連絡ありがとうございます。
-700の減額ちょっと多いですね。
-500でいかがですか？"
Account,内藤夏樹,2025/06/04,21:15:06,はい、わかりました。
Account,内藤夏樹,2025/06/04,21:15:54,"'-500×7=-3500

428,600"
User,CT,2025/06/04,21:32:49,はい
User,CT,2025/06/04,21:32:51,よろしくお願いします。
User,CT,2025/06/04,21:33:00,確認できました。
User,CT,2025/06/05,16:01:14,"お疲れ様です。
いつ振り込み可能ですか？"
Account,内藤夏樹,2025/06/05,21:37:54,"毎々、お世話になっております。
今夜お振込します。"
User,CT,2025/06/05,21:45:26,はいよろしくお願いします。
Account,内藤夏樹,2025/06/05,21:49:13,熱風まだありますか？
User,CT,2025/06/05,21:56:38,もうないですね
User,CT,2025/06/05,21:56:51,欲しいですか？いくらですか？
Account,内藤夏樹,2025/06/05,22:31:29,7900円
User,CT,2025/06/05,22:33:40,明日から新弾にちょっと大変ので
User,CT,2025/06/05,22:33:46,また連絡します
Account,内藤夏樹,2025/06/06,15:28:49,テラスタルフェスexも欲しいですね
User,CT,2025/06/06,15:31:29,月曜日集めましたら連絡します
Account,内藤夏樹,2025/06/06,15:45:48,月曜日までに欲しいですね
User,CT,2025/06/06,15:52:08,はい
User,CT,2025/06/06,15:52:13,また連絡します
Account,内藤夏樹,2025/06/11,07:44:15,"おはようございます。
ホワイト＆ブラック通常盤募集します。
希望価格を教えてくださいね。"
User,CT,2025/06/11,08:18:06,11.500いけますか？
User,CT,2025/06/11,08:18:22,100セットで
Account,内藤夏樹,2025/06/11,08:20:32,それは今は難しい
User,CT,2025/06/11,08:20:51,いくらいけますか？
User,CT,2025/06/11,08:21:02,大量集めます
Account,内藤夏樹,2025/06/11,08:21:17,"今決めてくれるなら
10800"
Account,内藤夏樹,2025/06/11,08:21:25,ダメ？
User,CT,2025/06/11,08:21:39,写真を送信しました。
User,CT,2025/06/11,08:21:58,11000はどうですか？
Account,内藤夏樹,2025/06/11,08:22:11,"いいです。
キャンセルなしで。"
Account,内藤夏樹,2025/06/11,08:22:17,それぞれ何個ありますか？
Account,内藤夏樹,2025/06/11,08:22:38,"ホワイトフレア
ブラックボルト

100箱ずつ
11000円"
Account,内藤夏樹,2025/06/11,08:22:44,これで申請してください
User,CT,2025/06/11,08:23:16,"ちょっと待ってくださいね。
数量と予約かどうか"
User,CT,2025/06/11,08:24:09,15分後返事します
Account,内藤夏樹,2025/06/11,08:24:26,いいですよ
Account,内藤夏樹,2025/06/11,08:24:31,相談あったらしてくださいね
User,CT,2025/06/11,08:32:32,"今決めるなら11.200 で100セット流せます。
検討よろしくおねがいします。"
Account,内藤夏樹,2025/06/11,08:32:40,いいよ。OK。
Account,内藤夏樹,2025/06/11,08:32:48,申請してください
User,CT,2025/06/11,08:32:51,はいよろしくお願いします。
Account,内藤夏樹,2025/06/11,08:33:05,テラスタルフェスexもないかな？
User,CT,2025/06/11,08:33:21,今ないですね
Account,内藤夏樹,2025/06/11,08:33:28,欲しいです。集めて欲しい
User,CT,2025/06/11,08:33:30,全部うちゃったんです
User,CT,2025/06/11,08:33:36,いくらいけますか？
Account,内藤夏樹,2025/06/11,08:33:39,今日はブラホワ送ってください
User,CT,2025/06/11,08:33:41,大量で
Account,内藤夏樹,2025/06/11,08:33:48,9400
User,CT,2025/06/11,08:34:23,"検討させていただきます。
今日もちょっと忙しいなので"
Account,内藤夏樹,2025/06/11,08:37:46,"そうですね。

ひとまず、申請して下さい。
ブラックボルト
ホワイトフレア

各100箱
各11200円"
Account,内藤夏樹,2025/06/11,08:37:49,よろしくお願い申し上げます。
User,CT,2025/06/11,08:38:08,はい
Account,内藤夏樹,2025/06/11,08:44:19,ありがとう
Account,内藤夏樹,2025/06/11,08:54:21,申請してね
User,CT,2025/06/11,08:56:36,今やります
Account,内藤夏樹,2025/06/11,09:09:53,助かります
User,CT,2025/06/11,09:10:26,DXの方は
User,CT,2025/06/11,09:10:29,いります？
Account,内藤夏樹,2025/06/11,09:10:43,そっちはあまり価格だせないね
User,CT,2025/06/11,09:11:02,はい了解です
Account,内藤夏樹,2025/06/11,09:18:43,ありがとう
Account,内藤夏樹,2025/06/11,09:18:49,テラスタルフェスexは集められる？
Account,内藤夏樹,2025/06/11,09:18:54,今日じゃない
User,CT,2025/06/11,09:19:17,10.000いけますか？
User,CT,2025/06/11,09:19:24,大量なら
Account,内藤夏樹,2025/06/11,09:24:02,1万円は今は厳しいな
User,CT,2025/06/11,09:29:56,"周り最低9600募集しています。
10.000じゃないと難しいですね"
Account,内藤夏樹,2025/06/11,11:10:04,9800は？
User,CT,2025/06/11,11:16:20,難しいですね😂
Account,内藤夏樹,2025/06/11,11:19:27,テラスタルフェスexは日本人から買いますね
Account,内藤夏樹,2025/06/11,11:19:30,有難う
User,CT,2025/06/11,11:25:10,はい
Account,内藤夏樹,2025/06/11,11:31:02,有難う
Account,内藤夏樹,2025/06/11,14:43:12,発送したら教えてくださいね
User,CT,2025/06/11,14:52:03,はい
User,CT,2025/06/11,14:52:13,17時ぐらいです。
User,CT,2025/06/11,14:52:34,今回大量なので着払おねがいします。
Account,内藤夏樹,2025/06/11,14:54:10,半分持つのでそれで勘弁してください
Account,内藤夏樹,2025/06/11,14:54:20,レシート送って
User,CT,2025/06/11,14:55:26,意味わからないです。😂
Account,内藤夏樹,2025/06/11,14:56:12,半分払う
Account,内藤夏樹,2025/06/11,14:56:29,それで許して
Account,内藤夏樹,2025/06/11,14:56:40,朝良い価格出したのに裏切らないでください
Account,内藤夏樹,2025/06/11,14:56:54,信頼大事
User,CT,2025/06/11,14:58:08,発送しますけど
User,CT,2025/06/11,14:58:26,発送だけ問い合わせですよ
User,CT,2025/06/11,14:58:33,勘違いないでください
Account,内藤夏樹,2025/06/11,14:59:55,わかりました
User,CT,2025/06/11,15:00:33,4個発送になるので結構大金ですから😂
Account,内藤夏樹,2025/06/11,15:03:12,"わかります。
だから半分は私が払うね。"
User,CT,2025/06/11,15:04:36,おkです
User,CT,2025/06/11,15:04:43,発送したら
User,CT,2025/06/11,15:04:47,連絡します
Account,内藤夏樹,2025/06/11,15:08:15,ありがとう
User,CT,2025/06/11,17:53:16,写真を送信しました。
User,CT,2025/06/11,17:53:23,よろしくお願いします。
Account,内藤夏樹,2025/06/11,17:57:21,"ありがとうございました。
半分はあなたに振り込みますね"
User,CT,2025/06/11,17:58:57,はい、ありがとうございます。
User,CT,2025/06/11,17:59:04,🫶
User,CT,2025/06/11,18:26:52,明日まだ欲しいですか？
Account,内藤夏樹,2025/06/11,18:40:37,欲しいかも
User,CT,2025/06/11,19:19:08,金額まだ決めてないですか？
Account,内藤夏樹,2025/06/11,20:06:25,決めていないです
Account,内藤夏樹,2025/06/11,20:06:29,また明日話そう
User,CT,2025/06/11,21:23:28,はい
User,CT,2025/06/11,21:23:32,また明日
User,CT,2025/06/12,11:14:47,今日はどうですか？
Account,内藤夏樹,2025/06/12,12:53:26,今日は業者から10800円で買えますね
User,CT,2025/06/12,12:54:07,その以上いけませんか？
Account,内藤夏樹,2025/06/12,12:54:23,10900円限界かも
User,CT,2025/06/12,13:05:21,"そうですね。
検討させていただきます"
User,CT,2025/06/12,13:20:57,今日何個まで欲しいですか？
Account,内藤夏樹,2025/06/12,13:33:06,100ずつ欲しいです
User,CT,2025/06/12,13:33:36,なら11.000いけますか？
User,CT,2025/06/12,13:33:57,なら100セット用意できます
Account,内藤夏樹,2025/06/12,14:08:58,"それは無理だったごめん

今は10500になったね"
User,CT,2025/06/12,14:17:18,そうですね
User,CT,2025/06/12,14:17:20,ありがとうございます。
Account,内藤夏樹,2025/06/12,14:18:25,また教えてください
Account,内藤夏樹,2025/06/12,14:18:33,多分下がって上がるね
User,CT,2025/06/12,14:19:12,そうですね😂
Account,内藤夏樹,2025/06/12,14:19:23,10600円
User,CT,2025/06/12,14:19:35,"また連絡します。
昨日の検討終わりましたか？"
User,CT,2025/06/12,14:20:36,11000までちょっと待ってると思います。
Account,内藤夏樹,2025/06/12,14:20:43,今決めて欲しいな
Account,内藤夏樹,2025/06/12,14:20:52,これはさっき回収できました
Account,内藤夏樹,2025/06/12,14:20:58,夜に検査します
User,CT,2025/06/12,14:22:30,今下がってしまったんで😆
Account,内藤夏樹,2025/06/12,14:22:43,また下がった？
User,CT,2025/06/12,14:23:07,今朝より
Account,内藤夏樹,2025/06/12,14:23:18,そうね
User,CT,2025/06/12,14:34:50,ちょっと様子見ます
Account,内藤夏樹,2025/06/12,14:35:02,遅くならないように
Account,内藤夏樹,2025/06/12,14:35:11,今なら10600でやるよ
User,CT,2025/06/12,14:35:32,"はい、わかりました。
また連絡します"
User,CT,2025/06/12,14:53:28,"10700どうですか？
26セット流します。"
Account,内藤夏樹,2025/06/12,14:53:41,10600だね
Account,内藤夏樹,2025/06/12,14:53:49,26セット少ないな
User,CT,2025/06/12,14:54:38,ちょっと安いからまだ寝かします．
User,CT,2025/06/12,14:54:41,😆
Account,内藤夏樹,2025/06/12,14:54:47,おけ
Account,内藤夏樹,2025/06/12,14:54:55,10700で100ならやろうかな
Account,内藤夏樹,2025/06/12,14:54:59,50でもいいよ
User,CT,2025/06/12,14:55:15,10700で
User,CT,2025/06/12,14:55:26,数量ちょっと確認します。
Account,内藤夏樹,2025/06/12,14:55:32,ありがとう
User,CT,2025/06/12,14:55:33,30ー50
Account,内藤夏樹,2025/06/12,14:55:46,50に近づけて
User,CT,2025/06/12,14:55:50,けど発送料半々いけますか？
Account,内藤夏樹,2025/06/12,14:55:58,それはダメごめん
User,CT,2025/06/12,14:56:06,😂
Account,内藤夏樹,2025/06/12,14:56:18,昨日のも値下がりしてるから許してね
User,CT,2025/06/12,14:56:57,他のとこ大量ならいつも着払いしてくれますけど
Account,内藤夏樹,2025/06/12,14:57:32,がんばるね今度
User,CT,2025/06/12,14:57:47,おk
Account,内藤夏樹,2025/06/12,15:10:18,ありがとう
User,CT,2025/06/12,15:21:15,多分今回26ぐらいしかないと思います。
User,CT,2025/06/12,15:21:29,1箱で発送行きます。
Account,内藤夏樹,2025/06/12,15:22:37,わかりましたね
User,CT,2025/06/12,15:23:10,はいよろしくお願いします。
Account,内藤夏樹,2025/06/12,15:39:31,"ブラックボルト
ホワイトフレア

26箱ずつ
10700円"
User,CT,2025/06/12,16:03:02,フォーム記入します？
Account,内藤夏樹,2025/06/12,16:18:15,してください、管理しますので
User,CT,2025/06/12,16:21:13,はい完了しました
Account,内藤夏樹,2025/06/12,16:26:27,ありがとうございました。
Account,内藤夏樹,2025/06/12,16:26:30,送ってください
User,CT,2025/06/12,16:27:01,はい
User,CT,2025/06/12,17:05:47,今26セット追加で大丈夫ですか？
User,CT,2025/06/12,17:06:02,合計52セット
Account,内藤夏樹,2025/06/12,17:09:52,いいですよ
User,CT,2025/06/12,17:10:07,オケです。
Account,内藤夏樹,2025/06/12,17:14:18,よろしくお願いします
User,CT,2025/06/12,18:12:56,写真を送信しました。
User,CT,2025/06/12,18:13:18,写真を送信しました。
User,CT,2025/06/12,18:13:27,伝票送ります。
User,CT,2025/06/12,18:13:39,二つですね
Account,内藤夏樹,2025/06/12,18:52:13,ありがとうございました。
User,CT,2025/06/12,18:59:29,はいよろしくお願いします。
Account,内藤夏樹,2025/06/12,21:30:38,写真を送信しました。
Account,内藤夏樹,2025/06/12,21:30:50,これは返しますね。
Account,内藤夏樹,2025/06/12,21:31:10,"あとシュリンク破れ、凹みで
3つだけ、-500円させてくださいね"
Account,内藤夏樹,2025/06/12,21:31:18,あとは大丈夫！完璧でした
User,CT,2025/06/12,21:31:38,これ-1000で受け取れます？
Account,内藤夏樹,2025/06/12,21:34:47,'-1000円は難しいね。
User,CT,2025/06/12,21:35:16,1個だねなのでお願い🙏
Account,内藤夏樹,2025/06/12,21:35:42,"難しいね。
かなり凹んでいます、たぶんなかもダメかもね"
User,CT,2025/06/12,21:36:05,返送のは面倒なので
User,CT,2025/06/12,21:36:13,発送料もかかるし
User,CT,2025/06/12,21:36:42,よろしくお願いします
Account,内藤夏樹,2025/06/12,21:37:15,ごめんなさい。
User,CT,2025/06/12,21:38:11,"はいわかりました。
それならそれを返送よろしくお願いします。"
User,CT,2025/06/12,21:38:32,"後は大丈夫ですね。
引き取りよろしくお願いします。"
Account,内藤夏樹,2025/06/12,21:38:43,"・ポケモンカード　ブラックボルト　99箱　単価11,200円　小計1,108,800円
・ポケモンカード　ホワイトフレア　100箱　単価11,200円　小計1,120,000円

合計：2,228,800円

【査定による減額】
・凹み　-500円 × 3点 = -1,500円

減額合計：-1,500円
最終買取金額：2,227,300円

送料負担：3,380円

総合計：2,230,680円"
Account,内藤夏樹,2025/06/12,21:38:52,これで振り込みますね。
User,CT,2025/06/12,21:39:43,"はい、確認できました。
よろしくお願いします。"
User,CT,2025/06/13,11:19:04,今日まだ欲しいですか？
Account,内藤夏樹,2025/06/13,11:51:07,"こんにちは！
いくらにしますか？なんこある？
デラックスもほしい"
User,CT,2025/06/13,11:58:03,今日10.500いけますか？
User,CT,2025/06/13,11:58:09,50セットぐらいあります
Account,内藤夏樹,2025/06/13,12:04:46,10500は厳しいかも
User,CT,2025/06/13,12:15:21,いくらいけますか？
Account,内藤夏樹,2025/06/13,12:17:17,10000だね、頑張って
Account,内藤夏樹,2025/06/13,12:17:32,50セットもっと欲しい
User,CT,2025/06/13,12:17:55,10200なら52セットいけますね。
Account,内藤夏樹,2025/06/13,12:45:20,"OK。
よろしくお願い申し上げます。"
Account,内藤夏樹,2025/06/13,12:45:33,デラックスはあつまりますか
User,CT,2025/06/13,12:45:53,少ないです。
User,CT,2025/06/13,12:45:58,はいよろしくお願いします。
User,CT,2025/06/13,12:46:23,今回の発送料はどうですか？
Account,内藤夏樹,2025/06/13,12:47:24,発送量は基本的に着払いしませんね
User,CT,2025/06/13,12:51:06,"はいオケです。
発送後連絡します。"
User,CT,2025/06/13,12:51:19,ちなみにテラス今いくらですか？
Account,内藤夏樹,2025/06/13,13:04:15,デラックスは？
Account,内藤夏樹,2025/06/13,13:04:26,9500がいいです
Account,内藤夏樹,2025/06/13,13:04:35,でも集まったからいらないかも
User,CT,2025/06/13,13:05:14,"そうですね。
最近新弾忙しいから集められないです。"
Account,内藤夏樹,2025/06/13,13:08:51,デラックスも欲しいです
User,CT,2025/06/13,13:10:02,テラスいま在庫ないですよ😂
Account,内藤夏樹,2025/06/13,13:10:34,"デラックス
DX"
User,CT,2025/06/13,13:12:50,今もうないですけど13.000なら集められますね。
Account,内藤夏樹,2025/06/13,13:13:58,そんなに高いのは今無理ごめん
Account,内藤夏樹,2025/06/13,13:15:00,送信が取り消されたメッセージです
User,CT,2025/06/13,13:16:16,いくらいけますか😂
Account,内藤夏樹,2025/06/13,13:16:25,12700
User,CT,2025/06/13,13:20:06,30セットあります
User,CT,2025/06/13,13:20:15,12.800いきましょう。
Account,内藤夏樹,2025/06/13,13:20:15,ありがとう
Account,内藤夏樹,2025/06/13,13:20:19,OK
User,CT,2025/06/13,13:20:34,後普通版もうちょっとありますけど
User,CT,2025/06/13,13:20:49,後で数量追加して大丈夫ですか？
User,CT,2025/06/13,13:20:56,15ー20セットぐらい
Account,内藤夏樹,2025/06/13,13:21:08,"合計教えて

ノーマル
10200
デラックス
12800"
User,CT,2025/06/13,13:21:20,まだ数えてないです。
User,CT,2025/06/13,13:21:25,オケです
User,CT,2025/06/13,13:21:52,"金額オケです。
数量数えてから送ります。"
Account,内藤夏樹,2025/06/13,13:22:00,ありがとう
Account,内藤夏樹,2025/06/13,14:56:32,"ノーマル
52セット
10200

デラックス
30セット
12800

今日はこれで終わりましょう。"
User,CT,2025/06/13,14:57:07,ノーマル60でお願いします。
Account,内藤夏樹,2025/06/13,14:57:27,オーケ
User,CT,2025/06/13,14:57:29,デラックスの数量今数えます
Account,内藤夏樹,2025/06/13,14:57:33,これで終わりです。
Account,内藤夏樹,2025/06/13,14:57:35,今日は
User,CT,2025/06/13,14:57:49,はいオケでsy
User,CT,2025/06/13,15:17:35,デラックスの方51個です。
Account,内藤夏樹,2025/06/13,15:30:01,"51は12800無理でした

30にしてね"
User,CT,2025/06/13,15:31:13,"合計51個です。
セットじゃないですね。"
Account,内藤夏樹,2025/06/13,15:39:52,30セットにしてね
Account,内藤夏樹,2025/06/13,15:40:00,今日はね
User,CT,2025/06/13,15:40:17,今日これしかないですね。
User,CT,2025/06/13,15:40:35,"30セットにならないです。
ごめんなさい🙏"
Account,内藤夏樹,2025/06/13,15:40:38,何個ずつ？
User,CT,2025/06/13,15:41:25,20黒31白です
User,CT,2025/06/13,15:42:02,また21黒30白
User,CT,2025/06/13,15:42:25,ダンボールしました。
Account,内藤夏樹,2025/06/13,15:45:01,わかったです
Account,内藤夏樹,2025/06/13,15:45:25,"ノーマル
52セット
10200

デラックス
51個
12800

今日はこれで終わりましょう。"
User,CT,2025/06/13,15:46:00,写真を送信しました。
User,CT,2025/06/13,15:46:14,もう終わりした。
User,CT,2025/06/13,15:46:16,😂
User,CT,2025/06/13,15:46:29,ノーマル59セットです。
User,CT,2025/06/13,15:46:39,デラックス51個で
Account,内藤夏樹,2025/06/13,15:46:40,これでしょ？
User,CT,2025/06/13,15:46:42,よろしくお願いします。
Account,内藤夏樹,2025/06/13,15:47:23,"ノーマル
59セット
10200

デラックス
51個
12800

今日はこれで終わりましょう。"
User,CT,2025/06/13,15:47:40,さっきオーケって言いましたのでダンボールしまいました。
User,CT,2025/06/13,15:47:47,はい
User,CT,2025/06/13,15:48:13,後で集荷してから伝票送ります。
Account,内藤夏樹,2025/06/13,15:57:29,はい、ありがとうございました。
User,CT,2025/06/13,16:51:28,申し込み書完了しました。
User,CT,2025/06/13,16:52:18,写真を送信しました。
User,CT,2025/06/13,16:52:23,写真を送信しました。
User,CT,2025/06/13,16:52:27,伝票送ります
User,CT,2025/06/13,16:53:57,よろしくお願いします。
Account,内藤夏樹,2025/06/13,17:19:05,ありがとう
User,CT,2025/06/13,17:19:24,ちなみにシュリンク無しはいらないですか？
Account,内藤夏樹,2025/06/13,20:03:33,検品中、ホワイトシュリなし1つありましたよ
Account,内藤夏樹,2025/06/13,20:04:51,これは返すね
User,CT,2025/06/13,20:10:12,まじですか😆😆
Account,内藤夏樹,2025/06/13,20:10:23,ホワイトフレアが1つ足りない
User,CT,2025/06/13,20:10:28,混ざってたんですね
Account,内藤夏樹,2025/06/13,20:10:30,シュリンクなしは返す
Account,内藤夏樹,2025/06/13,20:10:52,"シュリンクありが24しかない
追加で送れるか"
Account,内藤夏樹,2025/06/13,20:11:04,次回の分でいい
User,CT,2025/06/13,20:11:08,前回の潰れたやつは発送しましたか？
Account,内藤夏樹,2025/06/13,20:11:12,写真を送信しました。
Account,内藤夏樹,2025/06/13,20:11:13,写真を送信しました。
User,CT,2025/06/13,20:11:27,まだなら一緒で
User,CT,2025/06/13,20:11:31,お願いします
Account,内藤夏樹,2025/06/13,20:11:31,まだあります、明日返すのでそれと一緒にするね
User,CT,2025/06/13,20:11:39,はい
Account,内藤夏樹,2025/06/13,20:11:48,これは2個追加で送れるかな？
User,CT,2025/06/13,20:13:33,前回合計104で発送しましたが
User,CT,2025/06/13,20:14:00,黒52白52じゃないですか？
Account,内藤夏樹,2025/06/13,20:14:31,"はい、1はこの中身が
ブラックボルト26
ホワイトフレア25しかない
うち1つはシュリンクなし"
Account,内藤夏樹,2025/06/13,20:14:37,だから合計2個足りません
User,CT,2025/06/13,20:16:16,ちょっと確認します。
Account,内藤夏樹,2025/06/13,20:16:37,"そうしてください。
弊社もちょっと困っています"
Account,内藤夏樹,2025/06/13,20:17:29,あとは大丈夫そうです。
Account,内藤夏樹,2025/06/13,20:23:10,"ありましたね。
確認不足がありました。"
Account,内藤夏樹,2025/06/13,20:23:19,シュリンクなしだけ返します
User,CT,2025/06/13,20:23:28,よかったですね。
Account,内藤夏樹,2025/06/13,20:23:33,心配させて申し訳ございません
User,CT,2025/06/13,20:23:45,"それなら51白
52黒で"
User,CT,2025/06/13,20:23:56,大丈夫です。
User,CT,2025/06/13,20:24:19,1白シュリンク無しですね。
Account,内藤夏樹,2025/06/13,20:28:39,そうです
Account,内藤夏樹,2025/06/13,20:28:57,"凹みで-500,2個だけしますね"
Account,内藤夏樹,2025/06/13,20:31:34,"・ポケモンカード　ブラックボルト　52箱　単価10,700円　小計556,400円
・ポケモンカード　ホワイトフレア　51箱　単価10,700円　小計545,700円

合計：1,102,100円

【査定による減額】
・ブラックボルト　凹み　-500円 × 2点 = -1,000円

減額合計：-1,000円
最終買取金額：1,101,100円"
User,CT,2025/06/13,20:37:27,確認できました。引き取りよろしくお願いします。
Account,内藤夏樹,2025/06/13,20:37:42,振込みしました。
Account,内藤夏樹,2025/06/13,20:37:44,ありがとうございます。
User,CT,2025/06/13,20:37:59,ありがとうございます。
Account,内藤夏樹,2025/06/14,09:44:52,送信が取り消されたメッセージです
Account,内藤夏樹,2025/06/14,09:46:15,"・ポケモンカード　ノーマル（ブラック／ホワイト）118個　単価10,200円　小計1,203,600円
・ポケモンカード　デラックス（ブラック／ホワイト）51個　単価12,800円　小計652,800円

合計：1,856,400円

【査定による減額】
・凹み　-500円 × 4点 = -2,000円

減額合計：-2,000円
最終買取金額：1,854,400円"
Account,内藤夏樹,2025/06/14,09:46:57,振込みしました。
User,CT,2025/06/14,09:52:07,はいありがとうございます。
User,CT,2025/06/14,09:52:19,今日まだ欲しいですか？
Account,内藤夏樹,2025/06/14,09:52:31,"一旦大丈夫。
ありがとうございます"
User,CT,2025/06/14,09:54:05,はい他の必要あれば数量と金額教えてくださいね
Account,内藤夏樹,2025/06/16,13:58:30,今日は、何箱ありますか？
User,CT,2025/06/16,14:01:17,"何個欲しいですか？
後いくらいけますか？"
Account,内藤夏樹,2025/06/16,14:09:18,100ずつくらい
Account,内藤夏樹,2025/06/16,14:09:22,10400がいいね
User,CT,2025/06/16,14:10:35,今50ずつぐらいですね。
User,CT,2025/06/16,14:10:55,10500なら頑張って集められます。
Account,内藤夏樹,2025/06/16,14:11:12,"OK、いきましょう
今日発送できるかな"
Account,内藤夏樹,2025/06/16,14:11:17,約束だよ
User,CT,2025/06/16,14:11:59,もう14時だから発送時までちょっと厳しいかもね
User,CT,2025/06/16,14:12:38,間に合わないならできるだけ発送して大丈夫ですか？
User,CT,2025/06/16,14:33:30,現在143個ぐらい
User,CT,2025/06/16,14:33:37,黒白合わせて
Account,内藤夏樹,2025/06/16,14:34:10,"今回はそれでいきましょう。
バランスは合わせて欲しいね"
User,CT,2025/06/16,14:34:57,大体同じぐらいです。
Account,内藤夏樹,2025/06/16,14:35:08,わかりましたよ
Account,内藤夏樹,2025/06/16,14:35:17,シュリンクなし混ぜないでね
User,CT,2025/06/16,14:35:38,はいそれでいきましょう
User,CT,2025/06/16,14:36:04,はい😆
User,CT,2025/06/16,14:38:02,"144個で
10500
よろしくお願いします。"
Account,内藤夏樹,2025/06/16,15:00:24,はい、よろしくです
User,CT,2025/06/16,15:37:28,"すみません、確認したところ136個でした。
よろしくお願いします。"
Account,内藤夏樹,2025/06/16,15:37:47,わかりましたね
User,CT,2025/06/16,15:37:50,発送したら伝票送ります。
User,CT,2025/06/16,18:47:29,写真を送信しました。
User,CT,2025/06/16,18:47:34,写真を送信しました。
User,CT,2025/06/16,18:47:43,3つとなります。
User,CT,2025/06/16,18:47:44,よろしくお願いします
Account,内藤夏樹,2025/06/16,19:29:09,ありがとうございます。
User,CT,2025/06/16,23:58:48,明日また欲しいなら早めに教えてくださいね
User,CT,2025/06/17,17:58:09,昨日の届きましたか？
Account,内藤夏樹,2025/06/17,18:06:54,届いています、夜検査です
User,CT,2025/06/17,18:07:33,はいよろしくお願いします。
Account,内藤夏樹,2025/06/17,19:12:02,今日はもう出せない？？
User,CT,2025/06/17,19:22:07,今の時間ヤマトもう終わりましたね。
User,CT,2025/06/17,19:22:41,コンビニしか出せないですね。
User,CT,2025/06/17,19:22:54,まだ在庫ありますよ
Account,内藤夏樹,2025/06/17,19:25:23,"10400でいけますか？
何箱ありますか？"
User,CT,2025/06/17,19:39:18,明日200個ぐらい
User,CT,2025/06/17,19:39:30,DXもあります。
User,CT,2025/06/17,19:39:51,100個ぐらい
User,CT,2025/06/17,19:40:07,10.800希望です
Account,内藤夏樹,2025/06/17,19:40:10,明日はダメなんです、ごめんね
Account,内藤夏樹,2025/06/17,19:40:32,今日出して欲しいな
User,CT,2025/06/17,19:40:40,今日発送ですか？
Account,内藤夏樹,2025/06/17,19:40:42,10800はダメですね、腐るほど買えます
User,CT,2025/06/17,19:41:19,今日発送しても明後日に到着ですね
User,CT,2025/06/17,19:42:02,今日なら普通の100個あります。
User,CT,2025/06/17,19:42:14,DX100個
User,CT,2025/06/17,19:42:24,いくら出せますか？
Account,内藤夏樹,2025/06/17,19:42:27,100個ずつ？
Account,内藤夏樹,2025/06/17,19:42:32,10500頑張って
User,CT,2025/06/17,19:42:38,合計です。
Account,内藤夏樹,2025/06/17,19:42:42,明後日着でも大丈夫
Account,内藤夏樹,2025/06/17,19:43:05,DXは12800ね
User,CT,2025/06/17,19:44:11,"普通10.600で
DX13.000で今日12時前コンビニで発送します。
よろしくお願いします。"
User,CT,2025/06/17,19:44:50,DX今日13希望したところありますので
User,CT,2025/06/17,19:44:54,検討よろしくお願いします。
Account,内藤夏樹,2025/06/17,19:45:38,"普通、10500頼みます
DXは13000オーケ"
Account,内藤夏樹,2025/06/17,19:45:54,21時までやってるヤマト無いのか？
Account,内藤夏樹,2025/06/17,19:45:58,近くに
User,CT,2025/06/17,19:46:43,ないですね19時は最後です
Account,内藤夏樹,2025/06/17,19:46:50,わかりました
User,CT,2025/06/17,19:46:57,今日19時前にいえば出せたけど
Account,内藤夏樹,2025/06/17,19:47:26,"普通　10500
50ずつ

デラックス
13000
50ずつ"
Account,内藤夏樹,2025/06/17,19:47:39,"今日出してください
約束してくれるなら明日でも大丈夫"
User,CT,2025/06/17,19:48:27,普通10.600欲しいな
User,CT,2025/06/17,19:48:33,おねがい
User,CT,2025/06/17,19:48:50,約束できる
Account,内藤夏樹,2025/06/17,19:48:50,"今回はやめとくね
10500で他から買える"
User,CT,2025/06/17,19:49:20,"わかりました。
10500で"
Account,内藤夏樹,2025/06/17,19:49:30,ありがとう
User,CT,2025/06/17,19:49:34,明日発送します。
Account,内藤夏樹,2025/06/17,19:49:36,約束してくださいね
User,CT,2025/06/17,19:49:42,はい
User,CT,2025/06/17,19:49:49,。
User,CT,2025/06/17,19:50:01,明日発送したら伝票送ります。
Account,内藤夏樹,2025/06/17,19:50:11,やはり今日出してほしい
Account,内藤夏樹,2025/06/17,19:50:25,"申請してくださいね。
ありがとう"
User,CT,2025/06/17,19:51:26,明日集荷頼めるから
User,CT,2025/06/17,19:51:33,明日でお願いします。
User,CT,2025/06/17,19:51:54,約束だから心配しないで
Account,内藤夏樹,2025/06/17,19:52:01,約束破らないでくださいね
User,CT,2025/06/17,19:52:11,わかりました
User,CT,2025/06/17,19:52:20,しないよ
Account,内藤夏樹,2025/06/17,20:03:15,"わかった
ありがとう"
Account,内藤夏樹,2025/06/17,20:06:29,"・ポケモンカード　ホワイトフレア　67箱　単価10,500円　小計703,500円
・ポケモンカード　ブラックボルト　69箱　単価10,500円　小計724,500円

合計：1,428,000円

【査定による減額】
・凹み　-500円 × 5点 = -2,500円

減額合計：-2,500円
最終買取金額：1,425,500円"
Account,内藤夏樹,2025/06/17,20:08:02,振込しました
User,CT,2025/06/17,20:08:44,"確認できました。
ありがとうございます。"
User,CT,2025/06/18,01:19:31,"お疲れ様です。
確認したところDXの方は80個でした。
黒41
白39
よろしくお願いします。"
User,CT,2025/06/18,01:19:34,写真を送信しました。
User,CT,2025/06/18,01:20:06,普通版は52ずつです
Account,内藤夏樹,2025/06/18,07:41:17,承知しましたよ
Account,内藤夏樹,2025/06/18,07:41:24,ありがとうございます
Account,内藤夏樹,2025/06/18,07:41:29,本日無事に出荷してください
User,CT,2025/06/18,07:41:40,はい
User,CT,2025/06/18,07:41:45,発送したら連絡します
Account,内藤夏樹,2025/06/18,11:56:37,"本日以降、こちらに発送をよろしくお願い申し上げます。

請求先および発送先
株式会社AiGIVE 内藤宛
940-0864
新潟県長岡市川崎3-2366-7-103
050-5470-3570"
User,CT,2025/06/18,12:07:49,はい
User,CT,2025/06/18,12:08:01,今日普通版まだ欲しいですか？
Account,内藤夏樹,2025/06/18,12:22:19,10300で死ぬほど買える
Account,内藤夏樹,2025/06/18,12:22:31,10300でいけますか？
User,CT,2025/06/18,12:23:36,10500希望しますね
User,CT,2025/06/18,12:23:48,また52セット追加できます。
Account,内藤夏樹,2025/06/18,12:25:05,"１０５００はごめん。
１０３００でほかから買えるんだ"
User,CT,2025/06/18,12:26:17,検討させていただきます
User,CT,2025/06/18,12:26:39,また連絡します。
Account,内藤夏樹,2025/06/18,12:27:01,"・ポケモンカード　ホワイトフレア　52箱　単価10,500円　小計546,000円
・ポケモンカード　ブラックボルト　52箱　単価10,500円　小計546,000円
・ポケモンカード　ホワイトフレアDX　39箱　単価13,000円　小計507,000円
・ポケモンカード　ブラックボルトDX　41箱　単価13,000円　小計533,000円

合計：2,132,000円"
User,CT,2025/06/18,12:46:37,はいよろしくお願いします
User,CT,2025/06/18,16:13:56,お疲れ様です。
User,CT,2025/06/18,16:14:17,普通版の52セット追加お願いします。
User,CT,2025/06/18,16:17:17,まだ受け取れますか？
Account,内藤夏樹,2025/06/18,16:23:14,ごめんなさい、もうたくさん買っちゃったね
User,CT,2025/06/18,16:31:52,はいまた次回
Account,内藤夏樹,2025/06/18,17:21:19,ありがとう
User,CT,2025/06/18,17:44:07,写真を送信しました。
User,CT,2025/06/18,17:44:14,伝票送ります。よろしくお願いします
Account,内藤夏樹,2025/06/18,20:46:40,申請しましたか？
User,CT,2025/06/18,20:54:24,すみません忘れちゃって、今やります。
Account,内藤夏樹,2025/06/18,21:23:46,ありがとうございます。
User,CT,2025/06/19,11:01:32,今日BW欲しいですか？
User,CT,2025/06/19,11:01:42,普通版とDX
Account,内藤夏樹,2025/06/19,11:41:15,"毎々、お世話になっております。

一旦大丈夫。
ありがとう"
User,CT,2025/06/19,12:07:16,はい、欲しいなら教えてくださいね
Account,内藤夏樹,2025/06/19,12:29:56,10000は？
User,CT,2025/06/19,12:31:40,"100セットあります。
10300希望です🥺"
Account,内藤夏樹,2025/06/19,12:34:49,10000ですね、ごめんね
User,CT,2025/06/19,12:35:45,10.000今結構ありますけど大量なので金額🆙できないですか？
Account,内藤夏樹,2025/06/19,12:35:59,"難しいね。
たくさん買っちゃったから"
Account,内藤夏樹,2025/06/19,12:36:03,欲しいんだけど
User,CT,2025/06/19,12:42:10,"10200ください。
外の在庫そんなに多くないですから"
Account,内藤夏樹,2025/06/19,12:42:21,10000ですね
User,CT,2025/06/19,12:42:46,"10000まだ流せないですね。
また相談しましょう"
Account,内藤夏樹,2025/06/19,12:44:54,ブラックだけ10200で100買ってもいい？？
User,CT,2025/06/19,12:55:59,😂
User,CT,2025/06/19,12:56:20,ホワイトフレアのみ残ったら売りにくいですね
Account,内藤夏樹,2025/06/19,12:56:31,ダメだよねw
User,CT,2025/06/19,12:56:50,ですね
Account,内藤夏樹,2025/06/19,12:57:18,"10200の100セットいいんだけど
日曜日に振込みでも良いですか？"
User,CT,2025/06/19,12:58:45,"土曜日大丈夫ですか？
現在お金も必要なんで
"
Account,内藤夏樹,2025/06/19,13:02:50,んー。ちょっと難しいね。
Account,内藤夏樹,2025/06/19,13:02:58,日曜日まで日本にいないんだ
User,CT,2025/06/19,13:03:24,オケです
User,CT,2025/06/19,13:04:01,"それなら104セット10200/BOX
日曜日振り込みで"
User,CT,2025/06/19,13:04:03,よろしくお願いします。
Account,内藤夏樹,2025/06/19,13:04:43,"ちょと待ってね
10000の人いたよ"
Account,内藤夏樹,2025/06/19,13:04:58,あー、10000いました
User,CT,2025/06/19,13:11:14,😂
User,CT,2025/06/19,13:11:48,なら大丈夫です。
Account,内藤夏樹,2025/06/19,13:13:52,ごめんなさいね、またよろしくお願い申し上げます。
User,CT,2025/06/19,13:14:41,はい
Account,内藤夏樹,2025/06/19,15:39:14,"・ポケモンカード　ホワイトフレア　52箱　単価10,500円　小計546,000円
・ポケモンカード　ブラックボルト　52箱　単価10,500円　小計546,000円
・ポケモンカード　ホワイトフレアDX　39箱　単価13,000円　小計507,000円
・ポケモンカード　ブラックボルトDX　41箱　単価13,000円　小計533,000円

合計：2,132,000円

【査定による減額】
・ブラックボルトDX　凹み　-700円 × 3点 = -2,100円
・ホワイトフレア　　 凹み　-700円 × 3点 = -2,100円

減額合計：-4,200円
最終買取金額：2,127,800円

振込しました。"
User,CT,2025/06/19,15:41:19,ありがとうございます。
User,CT,2025/06/19,16:23:48,"お金まだ入ってないです。
確認よろしくお願いします。"
Account,内藤夏樹,2025/06/19,19:43:31,"振込み予定しているみたいです。
明日確認してみます。"
User,CT,2025/06/19,19:48:44,"はいわかりました。
ありがとうございます。"
User,CT,2025/06/20,09:01:50,"おはようございます。
BW風通版100セットぐらいまだあります。"
Account,内藤夏樹,2025/06/20,09:03:15,10200でいいのかな？
Account,内藤夏樹,2025/06/20,09:03:21,着金しましたか？
User,CT,2025/06/20,09:06:20,まだですね
User,CT,2025/06/20,09:06:47,お金まだ入ってないです
Account,内藤夏樹,2025/06/20,09:07:13,さっき銀行に確認しましたね
Account,内藤夏樹,2025/06/20,09:07:23,もうすぐ入るはずです、もう一回みてください
User,CT,2025/06/20,09:08:12,ちょっと時間かかるかも
User,CT,2025/06/20,09:08:24,後で確認します。
User,CT,2025/06/20,09:09:20,今日皆に10200買取しますが僕10.300に🆙できるかな😊
Account,内藤夏樹,2025/06/20,09:09:47,んー！10200でもうたくさん来たねw
Account,内藤夏樹,2025/06/20,09:09:58,ステラとナイト、未来とかありますか？
Account,内藤夏樹,2025/06/20,09:10:03,超電とか
Account,内藤夏樹,2025/06/20,09:10:12,それらが一緒なら考えるね
User,CT,2025/06/20,09:12:42,以前全部売っちゃった
User,CT,2025/06/20,09:12:58,今もうないですね
User,CT,2025/06/20,09:13:35,今日10200セットでおねがいします。
User,CT,2025/06/20,09:13:49,100セットで
Account,内藤夏樹,2025/06/20,09:16:52,いいですよ😊よろしくです。
Account,内藤夏樹,2025/06/20,09:17:16,ここに
User,CT,2025/06/20,09:17:34,はいよろしくおねがいします。
User,CT,2025/06/20,09:18:00,104セットですね
Account,内藤夏樹,2025/06/20,09:18:18,はい、よろしくお願い申し上げます。
User,CT,2025/06/20,09:18:33,発送後また連絡します
Account,内藤夏樹,2025/06/20,09:18:47,"・ポケモンカード　ブラックボルト　104箱　単価10,200円　小計1,060,800円
・ポケモンカード　ホワイトフレア　104箱　単価10,200円　小計1,060,800円

合計：2,121,600円"
User,CT,2025/06/20,09:26:00,はい
User,CT,2025/06/20,15:38:37,"お疲れ様です
ブラック27個
ホワイト6個
ありますが追加大丈夫ですか？"
Account,内藤夏樹,2025/06/20,16:34:48,追加ダメです！
User,CT,2025/06/20,16:35:08,はいわかりました。
User,CT,2025/06/20,18:19:10,写真を送信しました。
User,CT,2025/06/20,18:19:21,"伝票送ります。
よろしくお願いします。"
Account,内藤夏樹,2025/06/20,19:08:57,はい、ありがとうございました。
Account,内藤夏樹,2025/06/20,19:09:09,これらは日曜日に検査しますね
User,CT,2025/06/20,19:09:54,はいよろしくお願いします。
User,CT,2025/06/20,19:10:06,DXまだ欲しいですか？
Account,内藤夏樹,2025/06/20,20:08:07,まだ欲しいですね。少しだけ
User,CT,2025/06/20,20:11:10,"50 個です。
希望13.000ですね"
User,CT,2025/06/20,20:11:19,黒白合わせて
Account,内藤夏樹,2025/06/20,21:17:53,12800だね、ごめんね
User,CT,2025/06/20,21:18:36,"普通版今まだ欲しいですか？
残りあまり少ないですけど"
User,CT,2025/06/20,23:26:23,写真を送信しました。
User,CT,2025/06/20,23:26:31,このデッキ欲しいですか？
Account,内藤夏樹,2025/06/21,14:36:05,とても欲しい
User,CT,2025/06/21,14:36:54,今いくら出せますか？
Account,内藤夏樹,2025/06/21,14:37:10,22000-23000で買うことができる
User,CT,2025/06/21,14:37:53,日時と数量数えていただけますか？
Account,内藤夏樹,2025/06/21,14:38:05,日時？
User,CT,2025/06/21,14:38:10,発送日まだ未定なんですが
Account,内藤夏樹,2025/06/21,14:38:13,提案はありますか
Account,内藤夏樹,2025/06/21,14:38:28,22000以下でないと買えないです
User,CT,2025/06/21,14:39:24,22.000-23.000なら買取できますね？
User,CT,2025/06/21,14:39:51,届いた時発送可能です
User,CT,2025/06/21,14:40:45,現在数百あります。
Account,内藤夏樹,2025/06/21,14:41:29,"すごくいいね。

20000円がいいね。
22000円くらいは日本人から買える"
User,CT,2025/06/21,14:43:40,"量は多くないですね。
僕いつも大量ありますが"
User,CT,2025/06/21,14:44:16,22.000なら今200確定できます。
Account,内藤夏樹,2025/06/21,14:45:45,届き次第発送？
Account,内藤夏樹,2025/06/21,14:45:52,支払いはものが来てからでいい
User,CT,2025/06/21,14:45:53,はい
User,CT,2025/06/21,14:46:43,商品届いた日お支払いくればオケです。
User,CT,2025/06/21,14:48:27,確定できます？
Account,内藤夏樹,2025/06/21,15:02:59,少し待ってくださいね
Account,内藤夏樹,2025/06/21,15:03:17,22000はとても悩むラインですね
User,CT,2025/06/21,15:04:26,22.000結構いい金額と思います。
User,CT,2025/06/21,16:37:20,今残り150個です。
User,CT,2025/06/21,17:54:03,21.000いけますか？
User,CT,2025/06/21,17:54:15,良ければ流します。
Account,内藤夏樹,2025/06/21,18:01:17,"業者もどんどん価格下げています
まだ様子を見ています"
Account,内藤夏樹,2025/06/21,18:01:25,20000でてきています
User,CT,2025/06/21,18:01:56,20.000ならいけますか？
Account,内藤夏樹,2025/06/21,18:34:53,今は様子を見ます。だれも買わないね。
User,CT,2025/06/21,18:37:48,オーダーまだないですか？
Account,内藤夏樹,2025/06/22,06:58:54,全然ないですよ、どんどん下がる
User,CT,2025/06/22,10:18:55,そうですね
Account,内藤夏樹,2025/06/22,10:24:22,申請しましたか？
Account,内藤夏樹,2025/06/22,10:24:32,確認しています。
User,CT,2025/06/22,10:24:50,多分まだかも
User,CT,2025/06/22,10:24:54,よろしくお願いします
Account,内藤夏樹,2025/06/22,10:27:52,あとでもいいので申請してくださいね。
User,CT,2025/06/22,10:30:17,はい
User,CT,2025/06/22,10:36:18,完了しました。
Account,内藤夏樹,2025/06/22,11:38:46,"ブラックボルト: 104箱 × 10,200円 = 1,060,800円 ✓
ホワイトフレア: 104箱 × 10,200円 = 1,060,800円 ✓

合計: 2,121,600円 ✓
減額計算:

凹み: -700円 × 8点 = -5,600円 ✓

減額合計: -5,600円 ✓
最終買取金額: 2,121,600円 - 5,600円 = 2,116,000円 ✓"
Account,内藤夏樹,2025/06/22,11:38:48,振込みしました。
Account,内藤夏樹,2025/06/22,11:39:59,申請しましたか？
User,CT,2025/06/22,11:42:17,はい，やりましたよ
Account,内藤夏樹,2025/06/22,11:42:48,送信できていないみたいなのでもう一度お願いします
User,CT,2025/06/22,11:43:22,はい
User,CT,2025/06/22,11:44:37,写真を送信しました。
User,CT,2025/06/22,11:44:48,こうなりました
Account,内藤夏樹,2025/06/22,11:45:15,英語わかる？
Account,内藤夏樹,2025/06/22,11:45:22,タイムアウトです。
Account,内藤夏樹,2025/06/22,11:45:28,もう一度最初からしてください。
User,CT,2025/06/22,11:52:16,やり直しました。
Account,内藤夏樹,2025/06/22,11:52:59,どうもありがとうございます
User,CT,2025/06/22,11:53:19,今日欲しいのあります？
Account,内藤夏樹,2025/06/23,08:08:47,おはようございます
Account,内藤夏樹,2025/06/23,08:08:59,トーホクいくらになりました？
Account,内藤夏樹,2025/06/23,08:09:16,日本の業者は大変そうです
Account,内藤夏樹,2025/06/23,08:09:26,全然売れてないよ
User,CT,2025/06/23,08:09:42,"おはようございます。
18.000いけますか？"
Account,内藤夏樹,2025/06/23,08:16:09,日本の業者は14000で売っているよ笑
User,CT,2025/06/23,08:41:41,そんなに下がりましたか？
Account,内藤夏樹,2025/06/23,09:00:18,14000-15000ですね
User,CT,2025/06/23,09:03:07,送信が取り消されたメッセージです
User,CT,2025/06/23,09:03:42,今15.000なら買えますか？
Account,内藤夏樹,2025/06/23,11:58:50,うーん。ちょっと高い
User,CT,2025/06/23,12:01:13,他の結構流せました
User,CT,2025/06/23,12:01:23,送信が取り消されたメッセージです
Account,内藤夏樹,2025/06/23,12:28:55,その人に売ればいいよｗ
Account,内藤夏樹,2025/06/23,12:29:00,払わなくなるだけじゃないｗ
Account,内藤夏樹,2025/06/23,12:29:33,なんとなく誰かわかっちゃった
Account,内藤夏樹,2025/06/23,12:34:08,すごい数だねｗ
Account,内藤夏樹,2025/06/23,12:34:17,本当に買えるの？
User,CT,2025/06/23,12:41:18,すごい
User,CT,2025/06/23,12:41:33,わかります？
User,CT,2025/06/23,12:41:53,量結構ありますよ。
Account,内藤夏樹,2025/06/23,12:50:03,うん、これだけの量持っていける人
Account,内藤夏樹,2025/06/23,12:50:22,今回のテラスタルフェスも結構流した？その人に
Account,内藤夏樹,2025/06/23,12:52:05,ヴァンクォンさんは役割なんですか？
Account,内藤夏樹,2025/06/23,12:52:13,親分？
User,CT,2025/06/23,13:19:09,テラスタルフェスあまりですね。
User,CT,2025/06/23,13:19:23,1人でやってますよ。
Account,内藤夏樹,2025/06/23,13:48:19,そうでしたか
User,CT,2025/06/23,13:50:09,はい、たまに手伝ってくれる人いますが大体1人で
Account,内藤夏樹,2025/06/23,13:51:30,親分はいないのですか？日本人の
User,CT,2025/06/23,13:54:19,いないです
Account,内藤夏樹,2025/06/23,14:34:59,すごいですね。
Account,内藤夏樹,2025/06/23,14:58:38,テラスタルフェスはありますか
User,CT,2025/06/23,15:34:38,いくら出せますか？
Account,内藤夏樹,2025/06/23,15:34:53,9700
User,CT,2025/06/23,15:34:56,今日ちょっと用事があって大阪行きますが
Account,内藤夏樹,2025/06/23,15:35:05,ああ、今日欲しかったな
User,CT,2025/06/23,15:35:16,今日無理かね
Account,内藤夏樹,2025/06/23,15:42:10,OK
Account,内藤夏樹,2025/06/23,15:42:46,"そういえば、昨日のホワイトフレア
1つシュリンクなしありました
次回引かせてください

写真を見てみてね"
Account,内藤夏樹,2025/06/23,15:42:59,また溜まったら着払いで返します
User,CT,2025/06/23,16:24:59,シュリンク無し一個入ってましたか？
Account,内藤夏樹,2025/06/23,16:25:49,"あったんです。
検品の人が気付きました。
私が気が付かず申し訳ございません。

写真で確認してみてください"
Account,内藤夏樹,2025/06/23,16:26:00,ホワイトの下の段だね
User,CT,2025/06/23,16:26:27,"はいわかりました。
よろしくお願いします。"
Account,内藤夏樹,2025/06/23,16:27:46,次から私も遅くならないようにします
Account,内藤夏樹,2025/06/23,16:27:53,ごめんなさい
User,CT,2025/06/23,16:32:57,"大丈夫です。
こちらこそすみません。
検品漏れしました。"
Account,内藤夏樹,2025/06/23,16:52:28,ありがとうございます
User,CT,2025/06/23,16:54:10,テラスタルフェスはもし明日発送大丈夫なら集めます。
Account,内藤夏樹,2025/06/23,17:43:03,9500？
User,CT,2025/06/23,18:09:17,現在9500ちょっと難しいですね
Account,内藤夏樹,2025/06/23,18:16:25,9600は
User,CT,2025/06/23,18:57:01,みんな9500探していますのでちょっと難しいですね
Account,内藤夏樹,2025/06/23,20:43:55,了解
User,CT,2025/06/24,13:26:24,"BW DXまだあります。
受け取れますか？"
User,CT,2025/06/24,13:26:59,"ブラック25個
ホワイト21個で"
Account,内藤夏樹,2025/06/24,13:35:14,乗っけた価格でもいいかな？
User,CT,2025/06/24,13:35:34,大丈夫です。🙆
Account,内藤夏樹,2025/06/24,13:37:49,やさしいですね
Account,内藤夏樹,2025/06/24,13:37:52,どうしたの笑
User,CT,2025/06/24,13:38:00,😆
Account,内藤夏樹,2025/06/24,13:38:05,12800ですよ
Account,内藤夏樹,2025/06/24,13:38:20,トーホクどうなった
User,CT,2025/06/24,13:38:30,おかしいですか？
Account,内藤夏樹,2025/06/24,13:38:50,全然、おかしくない
User,CT,2025/06/24,13:38:55,トーホク16000ですね
Account,内藤夏樹,2025/06/24,13:38:55,いっつも高いから笑
Account,内藤夏樹,2025/06/24,13:39:07,"15000ならなあ。
200くらいやりたいですね"
User,CT,2025/06/24,13:39:34,155オーファありますから
User,CT,2025/06/24,13:39:44,😂
User,CT,2025/06/24,13:40:03,いつも大量で出してあげますから😆
Account,内藤夏樹,2025/06/24,13:40:08,15500は
User,CT,2025/06/24,13:40:18,16がいいな
Account,内藤夏樹,2025/06/24,13:40:32,"んー。
ちょっと待ってね"
User,CT,2025/06/24,13:40:39,はい
User,CT,2025/06/24,13:40:58,まずこれ確定ね
User,CT,2025/06/24,13:41:07,後で発送します
Account,内藤夏樹,2025/06/24,13:46:20,"12800
46個ね"
User,CT,2025/06/24,13:49:44,はい
User,CT,2025/06/24,13:49:57,151 21500 いけます？
Account,内藤夏樹,2025/06/24,13:58:02,"ごめん、めちゃたくさんあるので
要らないね"
User,CT,2025/06/24,13:58:18,"そうですね。
わかりました。"
Account,内藤夏樹,2025/06/24,14:13:12,ごめんね
Account,内藤夏樹,2025/06/24,14:13:29,"トーホク
16000円
約束できる？"
User,CT,2025/06/24,14:16:30,200個ですね。
User,CT,2025/06/24,14:16:48,"オケです。16.000で
確定します。"
Account,内藤夏樹,2025/06/24,14:26:21,まだです、確認していますから。
Account,内藤夏樹,2025/06/24,14:26:37,私はもしも値上がりした時にあなたたちが送らないとかをしんぱいしていますよ
User,CT,2025/06/24,14:27:37,心配しないで、僕何回も引き取りしましたの
User,CT,2025/06/24,14:27:51,信頼一番です。
Account,内藤夏樹,2025/06/24,15:04:46,"そうですか。
一回会いに行こうかな"
User,CT,2025/06/24,15:05:17,全然いいよ
User,CT,2025/06/24,15:05:20,秋葉原います。
User,CT,2025/06/24,15:05:39,いつでも来てください。
User,CT,2025/06/24,15:24:39,"数え間違いました。
45合計です．"
User,CT,2025/06/24,15:24:42,よろしくお願いします
Account,内藤夏樹,2025/06/24,15:25:12,千葉に住んでる？
User,CT,2025/06/24,15:25:19,はい
User,CT,2025/06/24,15:25:34,毎日秋葉原仕事です。
Account,内藤夏樹,2025/06/24,15:39:43,なにしていますか？秋葉原
Account,内藤夏樹,2025/06/24,15:39:46,仕事
User,CT,2025/06/24,15:40:37,飲食店やってますよ。
Account,内藤夏樹,2025/06/24,15:47:23,働いてる？
Account,内藤夏樹,2025/06/24,15:47:26,経営？
User,CT,2025/06/24,15:47:44,経営です。
Account,内藤夏樹,2025/06/24,15:48:12,"すごい。

在留資格でそこまでやっていいのか？"
User,CT,2025/06/24,15:49:00,在留資格今申告中です
User,CT,2025/06/24,15:49:09,来月出てます。
User,CT,2025/06/24,15:49:25,それは大丈夫ですね
User,CT,2025/06/24,16:12:15,写真を送信しました。
User,CT,2025/06/24,16:12:22,発送しました。
Account,内藤夏樹,2025/06/24,17:22:40,ありがとうございました。
User,CT,2025/06/24,17:49:26,トーホクまだ決めてないですか？値段あがっちゃいますよ。
Account,内藤夏樹,2025/06/24,17:50:00,上がらんよw
Account,内藤夏樹,2025/06/24,17:50:10,今日か明日には決めたい
User,CT,2025/06/24,17:51:09,まだわからないですね。
User,CT,2025/06/24,17:51:21,はいまた教えてくださいね
Account,内藤夏樹,2025/06/24,17:51:58,上がるかもしれないけどね。
Account,内藤夏樹,2025/06/24,17:52:11,"何を経営していますか。
教えてください。"
User,CT,2025/06/24,17:52:56,レストランです
User,CT,2025/06/24,17:53:03,秋葉原で
Account,内藤夏樹,2025/06/24,18:04:45,"どこですか。
行ってもいい？"
User,CT,2025/06/24,18:08:12,いいです。
User,CT,2025/06/24,18:08:28,いつ来られますか？
Account,内藤夏樹,2025/06/24,18:19:09,"来週かな。

どこですか？"
User,CT,2025/06/24,18:35:55,秋葉原駅5分歩きです。
User,CT,2025/06/24,18:36:09,着いたら案内します。🙆
Account,内藤夏樹,2025/06/24,18:36:37,場所知りたいですよ
Account,内藤夏樹,2025/06/24,18:37:07,会ってからでも大丈夫です
User,CT,2025/06/24,18:48:58,会ってからでいいですね。
User,CT,2025/06/24,18:49:08,連れて行きます。
Account,内藤夏樹,2025/06/24,18:55:54,ああ、早めに行かないとね。
User,CT,2025/06/24,18:56:11,明日でもいいよ
Account,内藤夏樹,2025/06/24,19:13:15,そんなに早くはいけませんw
User,CT,2025/06/24,19:21:37,はい日程決めましたら教えてください。
Account,内藤夏樹,2025/06/24,20:58:53,"とりあえず、とーほくは100確定で。
16000円。"
User,CT,2025/06/24,21:01:50,"オケです。
"
User,CT,2025/06/24,21:02:10,"トーホク
100x16.000
確定です。"
User,CT,2025/06/24,21:02:23,到着時発送します。
Account,内藤夏樹,2025/06/24,21:03:09,ありがとうございます。メモしました。
User,CT,2025/06/24,21:05:53,はいよろしくお願いします。
Account,内藤夏樹,2025/06/25,20:10:18,送信が取り消されたメッセージです
Account,内藤夏樹,2025/06/25,20:23:36,"・ポケモンカード　ブラックボルト（デラックス）　24箱　単価12,800円　小計307,200円
・ポケモンカード　ホワイトフレア（デラックス）　21箱　単価12,800円　小計268,800円

合計：576,000円

【査定による減額】
・前回取引分（シュリンクなし）　= -10,200円
・今回査定分（凹み）　-700円 × 4点 = -2,800円

減額合計：-13,000円
最終買取金額：563,000円"
User,CT,2025/06/25,20:36:30,"減額500よろしくお願いします。
700ちょっときついですね。😂"
Account,内藤夏樹,2025/06/25,20:38:17,okay 
Account,内藤夏樹,2025/06/25,20:38:29,"今回のは凹みが大きいけど
あなたに感謝してそうします"
User,CT,2025/06/25,20:39:17,ありがとうございます。🫶
Account,内藤夏樹,2025/06/26,11:09:49,"・ポケモンカード　ブラックボルト（デラックス）　24箱　単価12,800円　小計307,200円
・ポケモンカード　ホワイトフレア（デラックス）　21箱　単価12,800円　小計268,800円

合計：576,000円

【査定による減額】
・前回取引分（シュリンクなし）　= -10,200円
・今回査定分（凹み）　-500円 × 4点 = -2,000円

減額合計：-12,200円
最終買取金額：563,800円"
User,CT,2025/06/26,11:14:07,はいよろしくお願いします。
Account,内藤夏樹,2025/06/26,11:15:17,"毎々お世話になっております。
お振込を実行しておりますのでご確認をよろしくお願いいたします。"
User,CT,2025/06/26,11:19:34,はいありがとうございます。
User,CT,2025/06/26,18:24:51,BWまだ欲しいですか？
Account,内藤夏樹,2025/06/26,18:58:36,今日は集まりました。
User,CT,2025/06/26,19:07:57,はいまたよろしくお願いします
Account,内藤夏樹,2025/06/30,07:01:20,"おはようございます。
手が空いたときでいいので、これの申請だけ忘れないでくださいね。"
Account,内藤夏樹,2025/06/30,07:02:16,"	•	予約買取見積書（確定） -

・ポケモンカード　スペシャルボックス トーホク　100箱　単価16,000円　小計1,600,000円

⸻

✅ 合計金額：1,600,000円
✅ 状態：確定予約
✅ 入荷予定：8月中、ポケモンセンターからの出荷後に速やかに入荷・発送予定
✅ お取り置き済み・受領後に本査定となります。"
User,CT,2025/06/30,08:01:42,はいわかりました。
Account,内藤夏樹,2025/06/30,08:24:25,ありがとう
User,CT,2025/06/30,11:53:04,今日BW 要りますか？
Account,内藤夏樹,2025/06/30,12:15:11,今日はBWは積極的に買いません。
User,CT,2025/06/30,12:23:01,"今日
ブラックボルト 18個
ホワイト21個
ブラックボルト DX 11個
ホワイトボルト DX 6個
熱風のアリーナ 4個
バトルパートナーズ 6個
買取おねがいします"
User,CT,2025/06/30,12:23:16,あとテラスタルフェス 5個で
Account,内藤夏樹,2025/06/30,12:29:54,"・ポケモンカード　ブラックボルト　18箱　単価9,200円　小計165,600円
・ポケモンカード　ホワイトフレア　21箱　単価9,000円　小計189,000円
・ポケモンカード　ブラックボルト（デラックス）　11箱　単価12,800円　小計140,800円
・ポケモンカード　ホワイトフレア（デラックス）　6箱　単価12,800円　小計76,800円
・ポケモンカード　熱風のアリーナ　4箱　単価8,500円　小計34,000円
・ポケモンカード　バトルパートナーズ　6箱　単価7,300円　小計43,800円
・ポケモンカード　テラスタルフェスex　5箱　単価10,500円　小計52,500円

合計：702,500円"
Account,内藤夏樹,2025/06/30,12:30:00,"請求先および発送先
株式会社AiGIVE 内藤宛
940-0864
新潟県長岡市川崎3-2366-7-103
050-5470-3570"
User,CT,2025/06/30,12:30:17,はいよろしくお願いします。
Account,内藤夏樹,2025/06/30,12:30:29,申請は2件してくださいね
Account,内藤夏樹,2025/06/30,12:30:39,今日のものと、トーホク
User,CT,2025/06/30,12:30:59,はい後でやります。
Account,内藤夏樹,2025/06/30,12:31:24,ありがとう
User,CT,2025/06/30,12:31:55,🫶
User,CT,2025/06/30,14:33:41,写真を送信しました。
User,CT,2025/06/30,14:33:46,よろしくお願いします。
Account,内藤夏樹,2025/06/30,16:43:16,ありがとうございました。
Account,内藤夏樹,2025/07/01,11:54:25,"ブラック
ホワイト
ありますか"
Account,内藤夏樹,2025/07/01,11:54:39,"あと、これだけ
先に申請して"
User,CT,2025/07/01,16:12:59,今日はないですね
User,CT,2025/07/01,16:13:08,はい後でやります。
Account,内藤夏樹,2025/07/01,17:40:26,よろしくお願い申し上げます。
Account,内藤夏樹,2025/07/01,20:48:07,"バトルパートナーズが5箱しかありません。
写真などを確認してください。"
User,CT,2025/07/01,20:51:21,はい、確認できました。引き続き宜しくお願いします。
Account,内藤夏樹,2025/07/01,20:51:39,ホワイトフレアのシュリンク破れがあるのでこれも返しますね。
User,CT,2025/07/01,20:57:27,何個ですか？
User,CT,2025/07/01,20:57:37,これやりました。
Account,内藤夏樹,2025/07/01,20:59:53,1個
Account,内藤夏樹,2025/07/01,21:00:00,ありがとうございます。
User,CT,2025/07/01,21:00:31,それじゃ前回のシュリンク無しも一緒によろしくお願いします。
Account,内藤夏樹,2025/07/01,21:11:43,はい、了解です
Account,内藤夏樹,2025/07/01,21:13:54,"2箱
シュリンクなし
7900円で買いましょうか"
Account,内藤夏樹,2025/07/01,21:13:59,良かったら
User,CT,2025/07/01,21:14:20,オケです。
User,CT,2025/07/01,21:14:24,よろしくお願いしますZ
Account,内藤夏樹,2025/07/01,21:14:29,うん、ありがとう
User,CT,2025/07/02,16:41:45,"お疲れ様です。
これ振り込みましたか？"
Account,内藤夏樹,2025/07/02,16:44:37,"こんにちは！
今夜振込みします"
User,CT,2025/07/02,16:47:39,はいありがとうございます。
Account,内藤夏樹,2025/07/02,19:51:53,"商品名	数量	単価	小計
ポケモンカード ブラックボルト	18箱	9,200円	165,600円
ポケモンカード ホワイトフレア	21箱	9,000円	189,000円
ポケモンカード ブラックボルト（デラックス）	11箱	12,800円	140,800円
ポケモンカード ホワイトフレア（デラックス）	6箱	12,800円	76,800円
ポケモンカード 熱風のアリーナ	4箱	8,500円	34,000円
ポケモンカード バトルパートナーズ	5箱	7,300円	36,500円
ポケモンカード テラスタルフェスex	5箱	10,500円	52,500円

合計：695,200円

【査定による減額】
・凹み -500円 × 8点 = -4,000円

減額合計：-4,000円
最終買取金額：691,200円

ホワイトフレア（なし） 7900*2 = 15800

691200+15800=707000"
Account,内藤夏樹,2025/07/02,19:51:56,振り込みましちゃ
Account,内藤夏樹,2025/07/02,19:54:23,"ホワイトフレア 9000 *20 でした。
次回忘れない。"
User,CT,2025/07/02,20:25:19,マイナス9000ですね
Account,内藤夏樹,2025/07/02,20:27:01,ごめんなさいら間違えた
User,CT,2025/07/02,20:39:48,"大丈夫です。
次回しよう"
Account,内藤夏樹,2025/07/02,20:43:33,ありがとうございました。
Account,内藤夏樹,2025/07/04,16:01:17,"こんにちは、
ヒロシマも100いける？"
Account,内藤夏樹,2025/07/05,10:52:06,こんにちは
User,CT,2025/07/05,11:27:40,こんにちは
User,CT,2025/07/05,11:27:46,いくら出せますか？
Account,内藤夏樹,2025/07/05,11:40:09,"また下がりますから
無理しなくても大丈夫なんです

業者からは17000円で買えますね"
User,CT,2025/07/05,11:42:29,"17000なら僕も欲しいです。
今19-20 ぐらい流せます😂"
Account,内藤夏樹,2025/07/05,11:43:04,"また下がるよ笑
まだ待とうかな"
Account,内藤夏樹,2025/07/05,11:43:11,"ラブブは
仕入れることできますか？"
User,CT,2025/07/05,11:43:58,"まだ分からないけど
今知り合いは19.000募集しています．"
User,CT,2025/07/05,11:44:16,買取表あります？
Account,内藤夏樹,2025/07/05,11:44:40,ないので、相談してきめたいです
User,CT,2025/07/05,11:44:42,いい金額あれば全然ありますよ
Account,内藤夏樹,2025/07/05,11:44:42,ラブブ
User,CT,2025/07/05,11:45:24,買取表出して欲しいです。
Account,内藤夏樹,2025/07/05,11:45:41,どこが強いですか？ホムラ？
User,CT,2025/07/05,11:45:58,ラブブ？
Account,内藤夏樹,2025/07/05,11:46:03,はい
User,CT,2025/07/05,11:49:31,普通はベトナム人に販売します。
User,CT,2025/07/05,11:50:00,買取屋ならコレクトとか 買取博士かな
Account,内藤夏樹,2025/07/06,17:17:16,"こんにちは
ブラホワありますか"
User,CT,2025/07/06,23:17:44,今日はないですね
Account,内藤夏樹,2025/07/07,08:39:05,わかりました
Account,内藤夏樹,2025/07/07,08:39:16,福岡と広島も話し合いましょうね
User,CT,2025/07/07,08:39:41,はい
User,CT,2025/07/07,08:39:55,今日いくらですか？
Account,内藤夏樹,2025/07/07,08:41:11,ブラホワ？
User,CT,2025/07/07,08:41:35,ピカチュウデッキ
Account,内藤夏樹,2025/07/07,08:42:03,"16000-17000で考えていますので
まだ焦らなくても大丈夫かな"
Account,内藤夏樹,2025/07/07,08:42:18,"少なくとも
トーホクと同じで100は注文する予定です"
User,CT,2025/07/07,08:45:47,はい、今まだ高いのでもうちょっと様子見しましょう
Account,内藤夏樹,2025/07/07,11:25:11,必ずあなたから買います
User,CT,2025/07/07,12:17:56,はいありがとう🫶
Account,内藤夏樹,2025/07/07,12:20:02,今日、ブラックボルトとホワイトフレアは？
Account,内藤夏樹,2025/07/12,12:04:36,こんにちは
Account,内藤夏樹,2025/07/12,12:04:40,ブラホワありますか
Account,内藤夏樹,2025/07/12,12:04:45,100箱ほしいですよ
User,CT,2025/07/12,12:10:46,今旅行中です。😂
Account,内藤夏樹,2025/07/12,13:51:54,わかりました！楽しんで
User,CT,2025/07/12,14:09:30,🫶
Account,内藤夏樹,2025/07/18,12:40:45,"☝️本日の強化買取
たま〜にシングルも集めます
お知り合いにもお伝えいただけると嬉しいです☺️

⬛️AR/CHR : 170円
⬜️SR（ポケモン） : 330円

*同じカードは5枚まで
*状態が悪いものはご返送
*只今はご郵送のみ受付しております。
*直接買取は再開後改めて連絡します。"
Account,内藤夏樹,2025/07/22,11:28:02,こんにちは
Account,内藤夏樹,2025/07/22,11:28:07,仕事に戻りましたか？
User,CT,2025/07/22,11:28:30,はい今日から戻りました
Account,内藤夏樹,2025/07/22,11:29:04,おかえりなさい
Account,内藤夏樹,2025/07/22,11:29:08,"ブラックボルト
ホワイトフレア
シャイニートレジャー

100箱ずつ集まりますか？

価格は昼まで待って一番高いところより高くします"
User,CT,2025/07/22,11:29:32,今日発送ですか？
User,CT,2025/07/22,11:29:42,間に合うかな🥲
Account,内藤夏樹,2025/07/22,11:30:03,明日でも大丈夫
Account,内藤夏樹,2025/07/22,11:30:17,"色々声かけています。
一番条件が良いところから買いますね"
User,CT,2025/07/22,11:30:56,"ブラックボルト ホワイトいいけど
シャイニー多分ちょっときついかな"
User,CT,2025/07/22,11:31:10,シャイニー最近あまり多くない
User,CT,2025/07/22,11:31:27,なら良いです
Account,内藤夏樹,2025/07/22,12:40:17,"🔥【本日の強化買取】🔥

⬛️ブラックボルト : 8,800円
⬜️ホワイトフレア : 8,200円
🟦ブラホワDX各：13,800円
🟥ロケット団の栄光：11,100円
🟪151：23,800円
🟧未来の一閃：5,800円
🟨シャイニートレジャー：8,700円

*只今はご郵送のみ受付しております。
*直接買取は再開後改めて連絡します。"
Account,内藤夏樹,2025/07/25,06:48:15,"おはようございます。

フクオカとヒロシマについて話し合いしましょう。"
User,CT,2025/07/25,07:38:22,おはようございます。
User,CT,2025/07/25,07:38:43,いくらですか？
Account,内藤夏樹,2025/07/25,07:42:21,今はいくらが相場でしたか？
User,CT,2025/07/25,07:43:08,19.000ですかね
Account,内藤夏樹,2025/07/25,07:43:43,"今日決めましょう。

それと、メガのポケモンセンターセットはありますか？"
User,CT,2025/07/25,07:45:45,はい、ありますがちょっと高いです。
Account,内藤夏樹,2025/07/25,07:47:36,"聞きたいです。
あと発売日発送のメガ2種類"
User,CT,2025/07/25,07:51:31,はい
User,CT,2025/07/25,07:51:38,ちょっと待ってください。
User,CT,2025/07/25,07:51:54,後で送ります。
User,CT,2025/07/25,07:53:22,メガ風通のは22.000／セット
User,CT,2025/07/25,08:07:11,写真を送信しました。
User,CT,2025/07/25,08:07:11,写真を送信しました。
User,CT,2025/07/25,08:07:20,23.000/ボックス
Account,内藤夏樹,2025/07/25,08:55:36,"有難うございます。

普通のが
22000

ポケセンは
23000"
Account,内藤夏樹,2025/07/25,08:55:38,ですね？
Account,内藤夏樹,2025/07/25,08:55:46,今日ブラホワもありますか？
Account,内藤夏樹,2025/07/25,08:55:52,通常
User,CT,2025/07/25,08:55:57,はい
User,CT,2025/07/25,08:56:04,今日いくらいけますか？
Account,内藤夏樹,2025/07/25,08:56:35,普通のLINE教えてくれますか？
Account,内藤夏樹,2025/07/25,08:57:22,https://line.me/ti/p/_PtbSeMcz1
Account,内藤夏樹,2025/07/25,08:57:25,からラインください
Account,内藤夏樹,2025/07/25,08:57:40,あなたとはビジネスパートナーになりたい
User,CT,2025/07/25,08:58:05,送りました。
User,CT,2025/08/02,12:19:20,今日新弾欲しいですか？
Account,内藤夏樹,2025/08/02,12:20:51,写真を送信しました。
Account,内藤夏樹,2025/08/02,12:20:57,これと同じでよければ
User,CT,2025/08/02,12:21:26,今日めっちゃ上がりましたね
Account,内藤夏樹,2025/08/02,12:32:10,ダメ？
Account,内藤夏樹,2025/08/02,12:32:16,50ずつくらい買うけど
Account,内藤夏樹,2025/08/02,12:44:26,これ
User,CT,2025/08/02,12:45:50,はい
User,CT,2025/08/02,12:46:38,"100セットx19.000。
着払いお願いします。
発送したら連絡します。
"
Account,内藤夏樹,2025/08/02,12:46:48,はい、よろしくお願いします
Account,内藤夏樹,2025/08/02,12:46:57,発送先住所間違えないで
User,CT,2025/08/02,12:48:14,もう一度送っていただけますか？
Account,内藤夏樹,2025/08/02,12:48:32,メニューの利用方法に記載さています
User,CT,2025/08/02,12:56:14,はい
User,CT,2025/08/02,17:21:42,写真を送信しました。
User,CT,2025/08/02,17:22:04,写真を送信しました。
User,CT,2025/08/02,17:22:18,伝票番号を送ります。
User,CT,2025/08/02,17:22:22,よろしくお願いします。
Account,内藤夏樹,2025/08/02,17:22:35,ありがとうございました。
Account,内藤夏樹,2025/08/03,13:15:02,"毎々、お世話になっております。  
御見積書を送付いたします。

- 買取見積書 -
・メガブレイブ＆メガシンフォニア　セット　144個　単価19,000円　小計2,736,000円

減額項目：
・とっても大きなへこみ：-1,000円 × 3点 = -3,000円  
・凹み：-500円 × 5点 = -2,500円

合計：2,736,000円  
最終買取金額：2,730,500円

振込しました。"
User,CT,2025/08/03,13:16:17,ありがとうございます。
Account,内藤夏樹,2025/08/03,13:16:29,奥様？
User,CT,2025/08/03,13:16:52,姉です
Account,内藤夏樹,2025/08/03,13:17:06,OK
Account,内藤夏樹,2025/08/03,13:17:14,家族はみんなこっちにいる？
User,CT,2025/08/03,13:17:30,2人だけで
User,CT,2025/08/03,13:17:40,みんなまだ向こういます
Account,内藤夏樹,2025/08/03,13:20:58,ゆうちょのキャッシュカード写真おくってください
Account,内藤夏樹,2025/08/03,13:21:06,失敗しているようだ
User,CT,2025/08/03,13:26:37,写真を送信しました。
User,CT,2025/08/03,13:26:41,お願いします。
Account,内藤夏樹,2025/08/03,13:28:52,振込しました。
User,CT,2025/08/03,13:32:12,ありがとうございます。
Account,内藤夏樹,2025/08/04,17:54:50,"ホワイトフレアは7400

50いけますか？"
Account,内藤夏樹,2025/08/04,17:55:03,今回の分も同じところに振込しますか？
User,CT,2025/08/04,17:58:47,はい、よろしくお願いします。
User,CT,2025/08/04,17:59:00,ホワイトのみですか？
User,CT,2025/08/04,17:59:15,いつ発送でいいですか？
Account,内藤夏樹,2025/08/04,17:59:22,"ホワイトフレアのみなんです。
ブラックボルトは多くある。

明日でOKです。"
User,CT,2025/08/04,18:02:23,"ちょっと金額と在庫確認します。
後で返事します。"
Account,内藤夏樹,2025/08/04,18:03:03,はい、よろしくね。
User,CT,2025/08/04,19:52:07,ホワイトのみちょっと難しそうなので
User,CT,2025/08/04,19:53:06,多分引き受けてできないと思います。
Account,内藤夏樹,2025/08/05,10:48:43,振込先はどこですか？
User,CT,2025/08/05,10:49:15,こちらによろしくお願いします。
Account,内藤夏樹,2025/08/05,10:52:16,"'- 買取見積書 -
・メガブレイブ＆メガシンフォニア　セット　30個　単価18,000円　小計540,000円  
・メガブレイブ＆メガシンフォニア　セット　4個　単価17,500円　小計70,000円  
・メガブレイブ＆メガシンフォニア　セット　6個　単価19,000円　小計114,000円

減額項目：なし

合計：724,000円  
減額合計：0円  
最終買取金額：724,000円"
Account,内藤夏樹,2025/08/05,10:53:50,振込しました
User,CT,2025/08/05,10:54:25,ありがとうございます。
User,CT,2025/08/05,11:08:09,今日メガ欲しいですか？
Account,内藤夏樹,2025/08/05,18:38:50,"こんにちは、メガはまだ足りています。

ブラホワはありますか
ロケット団は8900円でいけますか"
User,CT,2025/08/05,18:40:26,"ブラックホワイトセットいくらですか？
ロケット8.900ちょっと難しいですね。"
Account,内藤夏樹,2025/08/05,18:44:08,ロケット団は9000円いいよ
Account,内藤夏樹,2025/08/05,18:44:40,"ブラホワ
16200"
User,CT,2025/08/05,19:17:33,何セット欲しいですか？
Account,内藤夏樹,2025/08/05,19:17:56,50は欲しいです
Account,内藤夏樹,2025/08/05,19:18:01,ロケット団もよろしくね
User,CT,2025/08/05,19:22:58,ロケット今在庫ないけど9.000で集めるのはちょっと難しそうで
Account,内藤夏樹,2025/08/05,19:35:22,いくらならいけるの？
User,CT,2025/08/05,20:07:57,ロケット最近値段下がるので金額分かりにくいね
User,CT,2025/08/05,20:11:51,明日またちょっと忙しいのでロケットちょっと引き受けてできないと思います。
Account,内藤夏樹,2025/08/06,19:56:18,ロケット団も9400までなら出しますよ
Account,内藤夏樹,2025/08/07,18:40:22,ブラックアンドホワイトも欲しいです
Account,内藤夏樹,2025/08/13,12:14:24,"トーホク今日出す？
明日？"
User,CT,2025/08/13,12:22:04,今日まだ届いていないですね。
Account,内藤夏樹,2025/08/13,12:38:50,いつの予定ですか
User,CT,2025/08/13,12:41:45,"まだ未定ですね。
届いたら連絡します。"
Account,内藤夏樹,2025/08/13,12:45:46,はい、わかりました
Account,内藤夏樹,2025/08/13,12:45:54,関西の方が早いのかな
User,CT,2025/08/13,12:53:50,そうかも知らないですね。
Account,内藤夏樹,2025/08/13,15:48:23,"メガセット
今日出せるのありますか？

18500円だと嬉しい"
User,CT,2025/08/13,15:55:47,風通のセットですか？
Account,内藤夏樹,2025/08/13,15:56:02,ノーマル
User,CT,2025/08/13,15:57:04,何セット欲しいですか？
Account,内藤夏樹,2025/08/13,15:57:27,"とりあえず
18500で50ほしい"
Account,内藤夏樹,2025/08/13,15:57:41,今日出して欲しい
Account,内藤夏樹,2025/08/13,15:57:50,行ける分で構わないだす
User,CT,2025/08/13,15:58:08,オケです。
User,CT,2025/08/13,15:59:29,"50セットx18.500 
よろしくお願いします。
できる分後で連絡します。"
Account,内藤夏樹,2025/08/13,16:00:15,ありがとうございました。
Account,内藤夏樹,2025/08/13,16:00:24,今日出し、明日着て
User,CT,2025/08/13,17:06:55,"発送しました。
40セットしか出来なかった。
よろしくお願いします"
Account,内藤夏樹,2025/08/13,17:07:06,"嬉しいです。
ありがとうございました。"
User,CT,2025/08/13,17:07:26,写真を送信しました。
Account,内藤夏樹,2025/08/14,16:50:11,申請をよろしくお願いいたします。
User,CT,2025/08/14,16:50:28,はい
User,CT,2025/08/14,17:00:35,送りました。
Account,内藤夏樹,2025/08/14,17:01:37,ありがとうございました。
Account,内藤夏樹,2025/08/14,17:01:42,夜振込みをします
User,CT,2025/08/14,17:03:35,ありがとうございます。
User,CT,2025/08/15,09:37:52,"お疲れ様です。
昨日まだ振り込まないですか？"
Account,内藤夏樹,2025/08/15,10:04:21,"戻っていました。
もう一度やってみます"
User,CT,2025/08/15,10:06:29,口座番号間違いましたか？
User,CT,2025/08/15,10:06:37,。
Account,内藤夏樹,2025/08/15,10:06:57,もう一回やってみた
Account,内藤夏樹,2025/08/15,10:06:59,ゆうちょ
Account,内藤夏樹,2025/08/15,10:07:20,トーホクいつになりますか
User,CT,2025/08/15,10:07:57,多分明日です。
User,CT,2025/08/15,10:08:14,今日まだ全部揃ってないです。
Account,内藤夏樹,2025/08/15,10:08:30,半分送ってくれますか
User,CT,2025/08/15,10:10:23,今日届く分で数量わかれば連絡します。
Account,内藤夏樹,2025/08/15,13:57:56,ありがとうございました。
Account,内藤夏樹,2025/08/15,13:58:02,お金届いた？
User,CT,2025/08/15,13:58:49,入った。ありがとう🙏
Account,内藤夏樹,2025/08/16,20:05:15,明日は何セット送れそうですか？
User,CT,2025/08/16,20:15:23,今日まだ全然届いていないですね。明日集めたら連絡します。
Account,内藤夏樹,2025/08/19,12:32:07,"ステラミラクルとナイトワンダラーを１００箱ずつほしいです
５７００−５８００円を希望しています"
User,CT,2025/08/19,12:44:36,"57-58ちょっと難しいですね。
同じぐらいの金額で集めてますから"
User,CT,2025/08/19,12:44:48,6000でよければ流します。
Account,内藤夏樹,2025/08/19,12:45:04,"6000ね。
少しだけお待ちください"
User,CT,2025/08/19,12:45:35,100個ずつ多分足りないけど
Account,内藤夏樹,2025/08/19,12:45:40,5900でもいいですか
Account,内藤夏樹,2025/08/19,12:45:53,何個ありますか、聞いてみてください
Account,内藤夏樹,2025/08/19,12:46:08,着払いいいです
User,CT,2025/08/19,12:46:32,"ちょっと難しいです。
58-60で買ったやつもありましたので🥲"
User,CT,2025/08/19,12:47:01,6000 50ずつ多分あります。
Account,内藤夏樹,2025/08/19,12:52:43,"おけおけ
それはもらいます
着払いは厳しいけど許してください"
User,CT,2025/08/19,12:57:24,okですZ
User,CT,2025/08/19,12:57:36,発送したら連絡します。
User,CT,2025/08/19,12:57:50,数と伝票番号
Account,内藤夏樹,2025/08/19,12:57:53,もっとあると嬉しい
User,CT,2025/08/19,12:58:37,もっとあれば連絡します
Account,内藤夏樹,2025/08/21,22:04:46,"毎々、お世話になっております。  
御見積書を送付いたします。

- 買取見積書 -
・ポケモンカード　ステラミラクル　52箱　単価6,000円　小計312,000円  
・ポケモンカード　ナイトワンダラー　48箱　単価6,000円　小計288,000円  

減額項目：なし  

合計：600,000円  
減額合計：0円  
最終買取金額：600,000円  

ご確認のほど、よろしくお願いいたします。"
Account,内藤夏樹,2025/08/21,22:04:54,"これで振込します。
申請だけお願いします。"
Account,内藤夏樹,2025/08/21,22:05:02,振込先はどうしますか？
User,CT,2025/08/21,22:28:03,前回のゆうちょ銀行にお願いします
Account,内藤夏樹,2025/08/21,22:28:24,妹さんね
Account,内藤夏樹,2025/08/21,22:28:47,申請よろしくお願い申し上げます。
Account,内藤夏樹,2025/08/21,22:29:08,メガトレーナーボックスありますか？
User,CT,2025/08/21,22:29:55,はい
User,CT,2025/08/21,22:30:14,定価6300のやつですか？
User,CT,2025/08/21,23:14:51,送りました。
Account,内藤夏樹,2025/08/22,07:54:22,写真を送信しました。
Account,内藤夏樹,2025/08/22,07:54:25,これです
Account,内藤夏樹,2025/08/22,07:54:30,30個欲しいです
User,CT,2025/08/22,08:09:28,いくらですか？
Account,内藤夏樹,2025/08/22,09:24:03,6800くらい
Account,内藤夏樹,2025/08/22,09:24:07,7000でもよい
User,CT,2025/08/22,09:28:43,ちょっと確認します。
Account,内藤夏樹,2025/08/22,12:26:35,ありがとうございます！
Account,内藤夏樹,2025/08/22,12:26:39,写真を送信しました。
Account,内藤夏樹,2025/08/22,12:26:55,"これは集まりますか？
来週50ミドルボックスを購入すると思う"
User,CT,2025/08/22,12:33:10,今日ちょっと忙しいので集められないですね
User,CT,2025/08/22,12:33:22,いくらですか？
Account,内藤夏樹,2025/08/22,12:40:40,26000円くらいだとどうです？
User,CT,2025/08/22,12:43:57,ラブブあまりやってないですけど周りに聞いてみます。
Account,内藤夏樹,2025/08/22,12:48:11,ぜひ！
Account,内藤夏樹,2025/08/25,19:50:12,ラブブよろしくお願いします
User,CT,2025/08/27,16:06:37,写真を送信しました。
User,CT,2025/08/27,16:06:42,よろしくおねがいします。
Account,内藤夏樹,2025/08/27,16:10:11,どうもありがとう
Account,内藤夏樹,2025/08/28,12:59:48,"'- 買取見積書 -
・トウホク（推定：プロモ・地域限定）　50点　単価16,000円　小計800,000円  
・ナイトワンダラー　52箱　単価6,000円　小計312,000円  
・ステラミラクル　55箱　単価6,000円　小計330,000円  
・熱風のアリーナ　36箱　単価9,700円　小計349,200円  
・楽園ドラゴーナ　7箱　単価9,000円　小計63,000円  
・超電ブレイカー　8箱　単価11,300円　小計90,400円  
・バイオレットex　4箱　単価6,800円　小計27,200円  
・クレイバースト　1箱　単価10,800円　小計10,800円  
・黒炎の支配者　1箱　単価11,700円　小計11,700円  

減額項目：なし  

合計：1,994,300円  
減額合計：0円  
最終買取金額：1,994,300円  

申請してください。"
User,CT,2025/08/28,13:02:58,"ありがとうございます。
今やります。"
User,CT,2025/08/28,13:08:04,"完了しました。
よろしくおねがいします。"
Account,内藤夏樹,2025/08/28,13:12:48,振込みします
User,CT,2025/08/28,13:13:19,"ありがとうございます。
明日欲しいものありますか？ラブブ以外"
Account,内藤夏樹,2025/08/28,13:15:49,振込みしましたよ
Account,内藤夏樹,2025/08/28,13:15:54,一旦大丈夫。ありがとう
User,CT,2025/08/28,13:16:17,"はいわかりました。
ありがとう"
User,CT,2025/09/23,11:02:13,"お疲れ様です。
マックプロモ169枚あります。"
Account,内藤夏樹,2025/09/23,11:02:24,メガもある？
Account,内藤夏樹,2025/09/23,11:02:31,マック売っていいのですか？
Account,内藤夏樹,2025/09/23,11:02:35,上がるよきっと
User,CT,2025/09/23,11:02:45,メガもうないです。
Account,内藤夏樹,2025/09/23,11:02:45,メガ50ずつ欲しいです
User,CT,2025/09/23,11:03:12,今日多分集められないですね。
User,CT,2025/09/23,11:03:23,マック売りたいですね。
User,CT,2025/09/23,11:03:46,169枚7.000upできますか？
User,CT,2025/09/23,11:11:56,どうですか？
User,CT,2025/09/23,12:22:38,"後レイジング、スノー、熱風のアリーナもちょっとあります。
それもおねがいします。"
Account,内藤夏樹,2025/10/02,07:07:36,"おはようございます。
ありがとうございます！

メガブレイブとメガシンフォニア100箱ずつ欲しいのですが、集めることできたりしますか・・・？"
Account,内藤夏樹,2025/10/29,07:37:03,"インフェルノX	M2	¥15,800
メガブレイブ	M1L	¥11,000
メガシンフォニア	M1S	¥7,700
ブラックボルト	SV11	¥9,300
ホワイトフレア	SV12	¥8,300
メガシンフォニアは100箱ほしいです。"
User,CT,2025/12/10,01:13:14,写真を送信しました。
Account,AIチャットボット(β),2025/12/10,01:13:15,情報利用許可のお願い
User,CT,2025/12/10,01:13:17,よろしくお願いします。
Account,AIチャットボット(β),2025/12/10,01:13:18,情報利用許可のお願い
Account,内藤夏樹,2026/01/05,16:08:26,"メガドリーム11000円
300個いけますか"
Account,内藤夏樹,2026/01/05,16:21:18,集まった
Account,内藤夏樹,2026/01/05,16:21:21,ごめん
User,CT,2026/01/05,16:21:44,"メガドリーム今日きついですね。
もう4時半ので"
Account,内藤夏樹,2026/01/05,16:24:06,明日いけますか
Account,内藤夏樹,2026/01/05,16:24:10,10800円は？
User,CT,2026/01/05,16:33:12,明日多分行けますが11できないですか？
Account,内藤夏樹,2026/01/05,16:42:56,10800でお願い
User,CT,2026/01/05,16:48:51,明日どうなるかわからないのでちょっと不安ですZ
User,CT,2026/01/05,16:49:01,🥹
Account,内藤夏樹,2026/01/05,16:52:10,今確保だけしておけば問題ないじゃない
User,CT,2026/01/05,17:04:52,"今在庫ないですね。
これから集めますので"
Account,内藤夏樹,2026/01/05,17:05:08,"そうですね
無理かな"
Account,内藤夏樹,2026/01/05,17:05:12,やめましょう
User,CT,2026/01/05,17:05:21,はい
User,CT,2026/01/05,17:05:35,明日また話しましょう
Account,内藤夏樹,2026/01/05,17:06:16,はい
Account,内藤夏樹,2026/01/06,14:36:07,インフェルノは買えますか？
User,CT,2026/01/06,14:36:52,シュリンクありですか？
Account,内藤夏樹,2026/01/06,14:50:18,ありです
User,CT,2026/01/06,18:23:58,いくらですか？
Account,内藤夏樹,2026/01/06,18:24:17,11000-11200くらいがいいな
User,CT,2026/01/06,19:28:29,"今日ちょっと上がってますね。
今集めにくいと思います"
Account,内藤夏樹,2026/01/06,19:38:16,わかりました
Account,内藤夏樹,2026/01/07,15:42:57,"ブラックボルト（SV11） ¥11,800  / ¥16,000 (DX)
ホワイトフレア（SV12） ¥10,500  / ¥14,500 (DX)

"
Account,内藤夏樹,2026/01/07,15:43:04,なんとかなると嬉しい
User,CT,2026/01/07,16:18:46,DX今めっちゃ珍しいですね
Account,内藤夏樹,2026/01/07,16:33:06,ですね
Account,内藤夏樹,2026/01/08,14:50:50,"ブラック
ホワイト
いくらでいけますか？"
User,CT,2026/01/08,15:38:05,"今在庫ないですね。
すみません"
Account,内藤夏樹,2026/01/08,15:39:57,わかりました
