﻿アカウント名,にこにこ買取＠業界最高の買取価格宣言！
タイムゾーン,'+09:00
ダウンロード日時,2026/02/21 04:36
送信者タイプ,送信者名,送信日,送信時刻,内容
Account,応答メッセージ,2025/12/12,13:15:34,"Naさん
はじめまして！にこにこ買取＠業界最高の買取価格宣言！です。
友だち追加ありがとうございます！
にこにこ買取です(moon big smile)

ポケモンカードなどトレーディングカード全般の買取を行っております。
買取ご希望のお客様はなんでもお気軽に連絡してください(saluting man)

ご郵送買取の流れはメニューから”郵送買取の流れ”をご確認ください(sparkle)

ご郵送買取ご希望の場合にはメニューの”申し込みフォーム”からご申請が可能となっております。

お問い合わせなどはお気にご連絡ください。"
User,Na,2026/01/08,13:50:55,"こんにちは
メガドリームとインフェルノ
100ボックスづつありますが全部買取しますか？"
Account,内藤夏樹,2026/01/08,13:55:02,"毎々、お世話になっております。
メガドリームは〆切となってしまいました。
申し訳ございません。"
Account,内藤夏樹,2026/01/08,13:55:10,インフェルノは買取させていただけるとありがたいです。
User,Na,2026/01/08,14:25:00,"かしこまりました
メガドリームと一緒に売りたかった
また連絡いたします
ありがとうございます"
Account,内藤夏樹,2026/01/08,14:26:29,はい
