﻿アカウント名,にこにこ買取＠業界最高の買取価格宣言！
タイムゾーン,'+09:00
ダウンロード日時,2026/02/21 04:36
送信者タイプ,送信者名,送信日,送信時刻,内容
Account,応答メッセージ,2026/01/06,14:56:49,"貴嗣さん
はじめまして！にこにこ買取＠業界最高の買取価格宣言！です。
友だち追加ありがとうございます！
にこにこ買取です(moon big smile)

ポケモンカードなどトレーディングカード全般の買取を行っております。
買取ご希望のお客様はなんでもお気軽に連絡してください(saluting man)

ご郵送買取の流れはメニューから”郵送買取の流れ”をご確認ください(sparkle)

ご郵送買取ご希望の場合にはメニューの”申し込みフォーム”からご申請が可能となっております。

お問い合わせなどはお気にご連絡ください。"
User,貴嗣,2026/01/06,15:02:26,"蒼海の七傑 ×9 ¥5,600
神速の拳 ×3¥8,500"
Account,内藤夏樹,2026/01/06,15:02:54,"毎々、お世話になっております。
有難うございます。"
Account,内藤夏樹,2026/01/06,15:02:58,賜ります。
User,貴嗣,2026/01/06,15:03:30,申し訳ございません。価格間違えました。神速の拳9000いけますか？
Account,内藤夏樹,2026/01/06,15:04:15,8800円まで値上げします🙇🏻‍♂️
User,貴嗣,2026/01/06,15:04:38,ありがとうございます。では、お願いします。
Account,内藤夏樹,2026/01/06,15:05:30,"毎々、お世話になっております。
御見積書を送付いたします。
 * 買取見積書 -
・ワンピースカード　蒼海の七傑 BOX
9箱　単価5,600円
小計50,400円
・ワンピースカード　神速の拳 BOX
3箱　単価8,800円
小計26,400円
減額項目（ある場合）：
・該当なし
合計：76,800円
減額合計：-0円
最終買取金額：76,800円
【注意事項】
こちらのお見積もりを印刷して商品に同梱してください。
同梱がない場合には査定が遅れる場合がございますので、ご協力をお願いいたします。
ご確認のほど、よろしくお願いいたします。"
User,貴嗣,2026/01/06,19:44:40,ヤマト運輸／307391681365／平田貴嗣
User,貴嗣,2026/01/06,19:44:43,よろしくお願いします。
Account,内藤夏樹,2026/01/06,19:45:10,ありがとうございました。
Account,内藤夏樹,2026/01/07,19:25:34,"毎々、お世話になっております。
お振込みを行いました。
ご確認を宜しくお願い致します。"
User,貴嗣,2026/01/07,20:07:51,"76,500円しか振り込まれていません。"
Account,内藤夏樹,2026/01/07,21:00:27,"10万円未満のお取引においては
一律に300円の振込手数料を頂戴しております。"
User,貴嗣,2026/01/07,21:01:48,承知しました。ありがとうございます。また、よろしくお願いします。
Account,内藤夏樹,2026/01/07,21:25:28,よろしくお願い申し上げます🙇
