﻿アカウント名,にこにこ買取＠業界最高の買取価格宣言！
タイムゾーン,'+09:00
ダウンロード日時,2026/02/21 04:36
送信者タイプ,送信者名,送信日,送信時刻,内容
Account,応答メッセージ,2024/10/22,17:31:40,"かずまさん
はじめまして！にこにこ買取＠業界最高の買取価格宣言！です。
友だち追加ありがとうございます！
にこにこ買取です(moon big smile)

ポケモンカードなどトレーディングカード全般の買取を行っております。
買取ご希望のお客様はなんでもお気軽に連絡してください(saluting man)

ご郵送買取の流れは以下の”郵送買取の流れ”をご確認ください(sparkle)

お問い合わせなどはお気軽にメッセージからご連絡ください(phone)"
Account,応答メッセージ,2024/10/22,17:31:40,写真を送信しました。
Account,応答メッセージ,2024/10/22,17:31:40,写真を送信しました。
User,かずま,2025/06/01,14:57:43,"お世話になっております。
バイオレット10box買取お願いいたします。"
Account,内藤夏樹,2025/06/01,15:01:43,"毎々、お世話になっております。

バイオレットの価格表示に誤りがありました。"
Account,内藤夏樹,2025/06/01,15:01:47,申し訳ございません。
Account,内藤夏樹,2025/06/01,15:07:37,"今ほど価格表を更新しました。
メニューの価格表よりご確認をお願いします。"
User,かずま,2025/10/22,15:53:50,"お世話になっております。
フォロワー限定特価で熱風のアリーナ買取お願いしたいのですが、まだ継続中でしょうか？"
Account,内藤夏樹,2025/10/22,15:54:21,"毎々、お世話になっております！
まだ集めておりました。"
User,かずま,2025/10/22,15:55:01,本日から送料無料になったということですが、条件等はございますでしょうか？
Account,内藤夏樹,2025/10/22,15:55:25,10箱以上からが対象となります。
Account,内藤夏樹,2025/10/22,15:55:36,また、こちらのポストを参照お願いします。
Account,内藤夏樹,2025/10/22,15:55:55,https://x.com/niko_kaitori/status/1980839656683106482?s=46
User,かずま,2025/10/22,16:15:18,"下記全てシュリンク付き

熱風のアリーナ×4box
超電ブレイカー×1box
ホワイトフレア×3box
ブラックボルト×2box
郵送買取お願いしたいです🙇‍♀️"
Account,内藤夏樹,2025/10/22,17:00:05,"毎々、お世話になっております。
今お見積もりをお送りします。"
Account,内藤夏樹,2025/10/22,17:00:47,"毎々、お世話になっております。  
御見積書を送付いたします。

- 買取見積書 -
  ・ポケモンカード　熱風のアリーナ　4箱　単価11,800円　小計47,200円  
  ・ポケモンカード　超電ブレイカー　1箱　単価14,200円　小計14,200円  
  ・ポケモンカード　ホワイトフレア　3箱　単価8,700円　小計26,100円  
  ・ポケモンカード　ブラックボルト　2箱　単価9,500円　小計19,000円

合計：106,500円  
減額合計：0円  
最終買取金額：106,500円

ご確認のほど、よろしくお願いいたします。​​​​​​​​​​​​​​​​"
User,かずま,2025/10/22,17:01:48,確認いたしました。よろしくお願いいたします。
Account,内藤夏樹,2025/10/22,17:03:20,ご申請と発送をよろしくお願い申し上げます。
User,かずま,2025/10/22,17:23:50,"申請完了いたしました。
初回ですので住民票同梱させていただきます。よろしくお願いいたします"
Account,内藤夏樹,2025/10/22,17:24:08,よろしくお願い申し上げます。
User,かずま,2025/10/22,17:24:48,住民票と商品10点の梱包で問題ございませんでしょうか？
Account,内藤夏樹,2025/10/22,17:25:28,問題ございません。
User,かずま,2025/10/22,17:54:14,"発送完了致しました。
ヤマト運輸
2890-1225-0332
10/23　AM着
以上よろしくお願いいたします。"
Account,内藤夏樹,2025/10/22,17:56:42,ありがとうございました。
User,かずま,2026/01/07,17:28:56,"お世話になっております。
本日の郵送買取の受付終了していますでしょうか？"
Account,内藤夏樹,2026/01/07,17:35:37,"毎々、お世話になっております。
まだ受付しております。"
User,かずま,2026/01/07,17:39:55,"ご返信ありがとうございます。
受け継がれる意志1カートン郵送買取をお願いしたいと思っておりますが、カートンはカドショからの伝票直付けでの購入品でして、上からの伝票直付けで買取を可能でしょうか？"
Account,内藤夏樹,2026/01/07,17:43:47,"ご連絡有難うございます。

伝票着だと輸送時に傷がつく可能性がありますので，可能ならばプチプチで巻くことやダンボールに入れていただけると助かります。"
User,かずま,2026/01/07,18:01:34,"ありがとうございます。本日良い段ボールがないため、また後日お願いする可能性がございます。
今後ともよろしくお願いいたします🙇‍♀️"
Account,内藤夏樹,2026/01/07,18:04:26,"ヤマト運輸様でそのまま購入できるかと思います。
よろしくお願い申し上げます🙇🏻‍♂️"
