﻿アカウント名,にこにこ買取＠業界最高の買取価格宣言！
タイムゾーン,'+09:00
ダウンロード日時,2026/02/21 04:36
送信者タイプ,送信者名,送信日,送信時刻,内容
Account,応答メッセージ,2025/11/20,17:01:49,"ふうかさん
はじめまして！にこにこ買取＠業界最高の買取価格宣言！です。
友だち追加ありがとうございます！
にこにこ買取です(moon big smile)

ポケモンカードなどトレーディングカード全般の買取を行っております。
買取ご希望のお客様はなんでもお気軽に連絡してください(saluting man)

ご郵送買取の流れはメニューから”郵送買取の流れ”をご確認ください(sparkle)

ご郵送買取ご希望の場合にはメニューの”申し込みフォーム”からご申請が可能となっております。

お問い合わせなどはお気にご連絡ください。"
User,さとう　ふうか,2025/11/20,17:03:14,"初めまして、お世話になっております。
佐藤修斗の同居人のものです。
佐藤修斗に代わって買取を依頼したく連絡させていただきました。"
Account,内藤夏樹,2025/11/20,17:30:57,送信が取り消されたメッセージです
Account,内藤夏樹,2025/11/20,17:31:16,いつもお世話になっております🙇🏻‍♂️
User,さとう　ふうか,2025/11/20,17:35:15,"突然の連絡申し訳ありません。ご返信ありがとうございます。
佐藤修斗本人から連絡できない状況でして、代わりに連絡させていただきました。
本人より急遽400万円用意してくれと伝言がありました。
上記金額までボックスの買取可能でしょうか？"
Account,内藤夏樹,2025/11/20,17:48:23,"お。
理由は聞ける範囲で聞けます？"
Account,内藤夏樹,2025/11/20,17:52:06,可能な限り、ご協力はもちろんさせていただきます。
User,さとう　ふうか,2025/11/20,18:35:21,にこにこさんは前回のことも知っていると本人から伺っていますので、恐らく想像されている通りです。
Account,内藤夏樹,2025/11/20,18:36:33,"失礼ながら予想していました。
ちなみに400万円の内訳を聞けますか。"
User,さとう　ふうか,2025/11/20,18:37:15,ありがとうございます。私ひとりではどれを手放すか判断つきませんので、彼と活動していた友人たちと相談し、連絡させていただきと思います。
Account,内藤夏樹,2025/11/20,18:38:42,"そうですね。

金が必要な理由がよくわからないのですが、聞けます？"
User,さとう　ふうか,2025/11/20,18:38:56,保釈請求のためです。
Account,内藤夏樹,2025/11/20,18:40:09,"間のものですね。
理解です。"
Account,内藤夏樹,2025/11/20,18:41:05,今タイミング的にあまり余剰資金が無く、私が協力できない場合にはスクエア(他の買取屋)さんとかに頼れる状況とか聞いていますか？
User,さとう　ふうか,2025/11/20,18:44:04,"できるだけ早くお金を用意しないといけなくて、にこにこさんが全ては難しいのであれば、一部他の振り込みが早い買取屋さん検討もしたいと考えています。
ただ私自身は人脈がないもので、それも周りの相談していきたいと思います。"
User,さとう　ふうか,2025/11/20,18:44:30,満遍なく売るようにとの伝言だったので、ひとまず今考えているのは151、テラス、インフェルノ、ブラホワ、ロケットなどを考えています。自宅の在庫数を確認、どれを残すか検討後また連絡させていただきます。
Account,内藤夏樹,2025/11/20,19:08:45,"はい、よろしくお願い申し上げます。

早いのはスクエアさんで、修斗さんもよく利用されていたと思います。"
User,さとう　ふうか,2025/11/20,19:56:01,ちなみにいくらくらいまでなら買取可能でしょうか？
Account,内藤夏樹,2025/11/20,19:57:02,価格によりますが、200万くらいでしょうか。
User,さとう　ふうか,2025/11/20,19:58:44,承知いたしました。よろしくお願いいたします。
User,さとう　ふうか,2025/11/23,10:43:55,"一旦今週前半までに200万円分買取お願いいたします。
現在のボックスの買取価格をお聞きしたいのですが、X等で価格表出しますでしょうか？"
Account,内藤夏樹,2025/11/23,14:16:04,"毎々、お世話になっております。
承知しました、頑張ります。

ただし、新作発売前なので買取価格が良くないので他が良かればそちらに回していただいて構いません。"
User,さとう　ふうか,2025/11/23,20:20:28,151の買取は可能でしょうか？
Account,内藤夏樹,2025/11/24,07:17:28,"現在、弊社では年内の買取方針について大きな変更があり、お力添えが難しい状況となってしまいました。
新作発売に向けて社内のリソースを集中させるため、大変恐縮ながら、今年いっぱいは旧作（既存のボックス）の高額な買取は一旦控えるという方針を決定いたしました。
長らくお付き合いいただいておりますので、なんとかお力になりたい気持ちは山々なのですが、方針から逸脱してしまうため、ご希望に沿うことができません。

修斗さんも以前ご利用されていたというスクエア様の方が、資金調達のスピードや買取額の面で、今すぐにでもお力になれる可能性が高いかと存じます。
恐れ入りますが、そちらをご検討いただければ幸いです。"
User,さとう　ふうか,2025/11/24,16:17:53,"承知いたしました。
また機会があればよろしくお願い致します。"
Account,内藤夏樹,2025/11/24,16:24:38,申し訳ございません。
User,さとう　ふうか,2025/11/26,16:47:26,20万円分の買取なら可能でしょうか？
User,さとう　ふうか,2025/11/26,16:48:30,できたら明日中くらいにお願いしたいです。
User,さとう　ふうか,2025/11/26,16:48:48,ちなみに現金手渡しのお取引でお願いしたいのですが、、
Account,内藤夏樹,2025/11/26,17:04:48,"毎々、お世話になっております。
現時点において買取はできないという判断に至っております。
大変申し訳ございませんがご理解頂けますと幸甚に存じます。"
Account,内藤夏樹,2025/11/26,17:05:11,20万円足りないのでしょうか。
User,さとう　ふうか,2025/11/26,17:05:30,直近22万必要でして、
Account,内藤夏樹,2025/11/26,17:05:46,いつまでですか。
User,さとう　ふうか,2025/11/26,17:05:58,今週中までにはと考えております。
User,さとう　ふうか,2025/11/26,17:06:07,もちろん佐藤修斗に必要なお金になります。
Account,内藤夏樹,2025/11/26,17:06:56,"今週中ですね。
その時、少しお話しできますか。"
User,さとう　ふうか,2025/11/26,17:07:23,買取可能なのでしょうか？
Account,内藤夏樹,2025/11/26,17:10:08,"お話を聞けるのであれば、その時に判断します。

会社では買取できないため、完全に個人のやり取りになります。"
User,さとう　ふうか,2025/11/26,17:10:21,本当にありがとうございます。承知いたしました。
Account,内藤夏樹,2025/11/26,17:10:59,"明日明後日が新弾のため身動きがなかなか取りにくいです。

いつまでに用意できれば間に合いますか"
User,さとう　ふうか,2025/11/26,17:12:32,12月第1週までにできたらと考えております。
Account,内藤夏樹,2025/11/26,17:12:44,なら間に合いますね。
User,さとう　ふうか,2025/11/26,17:13:00,にこにこさんの予定に合わせますので、よろしくお願いいたします。
Account,内藤夏樹,2025/11/26,17:13:57,"今日の夜でも新潟には行けますが
どうですか？

151を出せるなら
8箱くらいご用意ください。
なければなんでもいいです。"
User,さとう　ふうか,2025/11/26,17:14:25,今日中でも構いません。よろしくお願いいたします。
Account,内藤夏樹,2025/11/26,17:15:25,"わかりました。
20時頃かなと思います。

お一人で不安でしたら
修斗さんの仲間にいて頂いても構いません"
User,さとう　ふうか,2025/11/26,17:15:46,ありがとうございます。自宅でよろしいでしょうか？北越高校の前の自宅になります。
Account,内藤夏樹,2025/11/26,17:15:58,大丈夫です。
User,さとう　ふうか,2025/11/26,17:16:03,よろしくお願いいたします。
User,さとう　ふうか,2025/11/26,17:54:09,"度々申し訳ありません、今日ひとまず買取は見送らせていただいてもよろしいでしょうか？
ただ、状況だけ話せる範囲では話したいと思いますので、来ていただくのは構いません。"
Account,内藤夏樹,2025/11/26,18:11:37,"19時過ぎに到着できそうです。
よろしいでしょうか。"
Account,内藤夏樹,2025/11/26,18:11:47,買取の件、かしこまりました。
Account,内藤夏樹,2025/11/26,18:12:08,大変な時にご配慮頂き有難う御座います。
User,さとう　ふうか,2025/11/26,18:13:20,"19時で大丈夫です。
よろしくお願いいたします。"
User,さとう　ふうか,2025/11/26,18:13:42,お取引していただける予定だったのに申し訳ありません。ありがとうございます。
Account,内藤夏樹,2025/11/26,18:19:21,いえ、この状況ならありがたい判断です。
Account,内藤夏樹,2025/11/26,19:03:38,まもなく到着します。
User,さとう　ふうか,2025/11/26,19:03:51,自宅におりますのでお待ちしております。
User,さとう　ふうか,2025/11/26,19:15:14,今日は天気悪い中わざわざ着ていただいて本当にありがとうございました。
Account,内藤夏樹,2025/11/26,19:30:34,時間を頂き有難うございました。
User,さとう　ふうか,2026/01/07,15:27:18,"受け継がれる意思の買取、お願いできたりしませんか？
私づてだと買取難しいでしょうか？"
Account,内藤夏樹,2026/01/07,15:29:46,"毎々お世話になっております！
そうですね、他の方からご連絡いただくほうが弊社としては嬉しいです！"
