﻿アカウント名,にこにこ買取＠業界最高の買取価格宣言！
タイムゾーン,'+09:00
ダウンロード日時,2026/02/21 04:36
送信者タイプ,送信者名,送信日,送信時刻,内容
Account,応答メッセージ,2026/01/04,14:36:24,"Doan Tuyenさん
はじめまして！にこにこ買取＠業界最高の買取価格宣言！です。
友だち追加ありがとうございます！
にこにこ買取です(moon big smile)

ポケモンカードなどトレーディングカード全般の買取を行っております。
買取ご希望のお客様はなんでもお気軽に連絡してください(saluting man)

ご郵送買取の流れはメニューから”郵送買取の流れ”をご確認ください(sparkle)

ご郵送買取ご希望の場合にはメニューの”申し込みフォーム”からご申請が可能となっております。

お問い合わせなどはお気にご連絡ください。"
User,Doan Tuyen,2026/01/06,15:51:26,すみませんが郵送買取可能でしょうか
Account,内藤夏樹,2026/01/06,15:53:05,"毎々、お世話になっております。
どの商品でしょうか"
User,Doan Tuyen,2026/01/06,16:27:26,op-13 box です
Account,内藤夏樹,2026/01/06,16:28:41,"ありがとうございました。

9000円です"
User,Doan Tuyen,2026/01/06,23:55:25,すみませんが埼玉県から郵送可能でしょうか
Account,内藤夏樹,2026/01/07,07:17:18,可能です。
