﻿アカウント名,にこにこ買取＠業界最高の買取価格宣言！
タイムゾーン,'+09:00
ダウンロード日時,2026/02/21 04:35
送信者タイプ,送信者名,送信日,送信時刻,内容
Account,応答メッセージ,2025/07/21,11:11:56,"Ryosukeさん
はじめまして！にこにこ買取＠業界最高の買取価格宣言！です。
友だち追加ありがとうございます！
にこにこ買取です(moon big smile)

ポケモンカードなどトレーディングカード全般の買取を行っております。
買取ご希望のお客様はなんでもお気軽に連絡してください(saluting man)

ご郵送買取の流れはメニューから”郵送買取の流れ”をご確認ください(sparkle)
URL→https://docs.google.com/document/d/1C26OXaKsxKKKeJA-46Uvyudph5wG-l-PZCBXFh9K5Nw/edit?usp=sharing

ご郵送買取ご希望の場合にはメニューの”申し込みフォーム”からご申請が可能となっております。

お問い合わせなどはお気にご連絡ください。"
Account,応答メッセージ,2025/07/21,11:11:56,写真を送信しました。
User,Ryosuke,2025/07/21,11:12:15,シュリンクなしも買取可能でしょうか？
User,Ryosuke,2025/07/21,11:12:34,可能な場合、ブラックボルトとホワイトフレアの価格教えてください。
Account,内藤夏樹,2025/07/21,11:18:04,"毎々、お世話になっております。
シュリンクなしの買取は行っておりませんでした。"
User,Ryosuke,2025/07/21,11:18:46,"わかりました。
ありがとうございます。"
User,Ryosuke,2025/08/10,16:37:34,ピカチュープロモ2600円で買取しておりますか？
User,Ryosuke,2025/08/10,16:37:39,48枚です
User,Ryosuke,2026/02/19,15:14:49,ワンピースプロモカード一番くじ買取しておりますでしょうか？
Account,内藤夏樹,2026/02/19,15:20:01,現在は募集しておりませんでした。
User,Ryosuke,2026/02/19,19:11:22,"わかりました。
また宜しくお願い致します。"
