﻿アカウント名,にこにこ買取＠業界最高の買取価格宣言！
タイムゾーン,'+09:00
ダウンロード日時,2026/02/21 04:36
送信者タイプ,送信者名,送信日,送信時刻,内容
Account,応答メッセージ,2025/03/23,16:25:20,"りょうたさん
はじめまして！にこにこ買取＠業界最高の買取価格宣言！です。
友だち追加ありがとうございます！
にこにこ買取です(moon big smile)

ポケモンカードなどトレーディングカード全般の買取を行っております。
買取ご希望のお客様はなんでもお気軽に連絡してください(saluting man)

ご郵送買取の流れは以下の”郵送買取の流れ”をご確認ください(sparkle)

お問い合わせなどはお気軽にメッセージからご連絡ください(phone)"
Account,応答メッセージ,2025/03/23,16:25:20,写真を送信しました。
Account,応答メッセージ,2025/03/23,16:25:20,写真を送信しました。
User,りょうた,2025/03/23,16:36:51,"はじめまして
シュリンク付き未開封BOXの郵送買取お願いします。

熱風のアリーナ12個
黒煙の支配者1個
シャイニートレジャーex 1個

合計14個お願いします。
本日の便で発送できます。"
Account,内藤夏樹,2025/03/23,16:38:56,"毎々、お世話になっております。
ご連絡ありがとうございました。"
Account,内藤夏樹,2025/03/23,16:39:02,"```
お買取見積書（2025/03/23）

熱風のアリーナ, 12箱, 12,300円, 147,600円
黒煙の支配者, 1箱, 9,000円, 9,000円
シャイニートレジャー, 1箱, 7,500円, 7,500円

合計: 14箱, 164,100円

※この見積りは買取価格表（2025/03/23現在）に基づいています。
```"
Account,内藤夏樹,2025/03/23,16:39:17,よろしければ、メニューの申請フォームよりご申請をお願いします。
Account,内藤夏樹,2025/03/23,16:39:28,申請後ご連絡をお願いします。
User,りょうた,2025/03/23,16:46:31,"ありがとうございます。
申請中ですが本人確認書類がアップロードできません。
このLINE上に送ってよろしいでしょうか"
Account,内藤夏樹,2025/03/23,16:52:46,"大丈夫です。
よろしくお願い申し上げます。"
Account,内藤夏樹,2025/03/23,16:53:45,もしくは大変お手数なのですが、他のブラウザでやり直すと解消するケースがあります。
User,りょうた,2025/03/23,17:08:48,"ダンボールのサイズが小さかったので黒煙とシャイニートレジャーはキャンセルでお願いします。
熱風のアリーナシュリンク付きのみ12個送らせていただきます。"
User,りょうた,2025/03/23,17:09:01,写真を送信しました。
User,りょうた,2025/03/23,17:09:03,写真を送信しました。
User,りょうた,2025/03/23,17:11:33,"すみませんがいろいろ試しましたがフォームに書類を添付できないので申請できないです。
添付しなくても良い方法を教えて下さい。"
Account,内藤夏樹,2025/03/23,17:13:17,こちら承知しました。
Account,内藤夏樹,2025/03/23,17:13:31,フォームの申請自体ができないでしょうか？
User,りょうた,2025/03/23,17:13:47,何かを添付しないと進めないです
Account,内藤夏樹,2025/03/23,17:20:47,"初めてのパターンのため、印刷と記入をお願いしてもよろしいでしょうか？

商品と同梱をお願いします。"
Account,内藤夏樹,2025/03/23,17:20:57,ファイルを送信しました。
User,りょうた,2025/03/23,17:30:18,"お手数おかけしました。
いろいろ試してなんとか添付できました。ありがとうございます。
申請完了しました。"
Account,内藤夏樹,2025/03/23,17:30:40,"ありがとうございました！
どのように解決できましたでしょうか？"
Account,内藤夏樹,2025/03/23,17:30:46,こちらまで発送をよろしくお願い申し上げます。
Account,内藤夏樹,2025/03/23,17:30:56,"お買取希望の商品は以下の住所へ発送をお願い申し上げます。
ご利用方法に記載のある梱包に関する注意事項を改めてご確認ください。

また発送は原則ヤマト運輸さんよりお願い申し上げます。

【発送先】
ヤマト運輸 北陽センター 気付
株式会社AiGIVE 内藤宛
〒940-0871
新潟県長岡市北陽1-53-61
050-5470-3570

ヤマト運輸北陽センター:

https://locations.kuronekoyamato.co.jp/p/yamato01/prt/041160/?&p_f1=1&cond22=1&jiNm=%A4%AA%B5%D2%CD%CD%A5%B5%A1%BC%A5%D3%A5%B9%A5%BB%A5%F3%A5%BF%A1%BC&kykTel=0570-200-000&jiFax=0258-46-0585

また発送されましたら以下の情報をご連絡ください。
① 追跡番号
② 発送日・到着指定時間

ご確認のほどよろしくお願い申し上げます。"
User,りょうた,2025/03/23,17:31:06,写真のファイルを小さくしてやり直しました。
User,りょうた,2025/03/23,17:31:32,上記住所へ着払いでよかったでしょうか。
Account,内藤夏樹,2025/03/23,17:33:16,ありがとうございました。
Account,内藤夏樹,2025/03/23,17:33:21,着払いにてよろしくお願い申し上げます。
User,りょうた,2025/03/23,18:03:57,"ヤマト運輸より発送完了しました。
2890-0392-4823
伊永亮太
明日午前中着です。
よろしくお願いします。"
Account,内藤夏樹,2025/03/23,18:24:20,ありがとうございました。
Account,内藤夏樹,2025/03/24,21:19:48,"毎々、お世話になっております。
査定が終わりました。

1点のみ箱潰れがあり、-1000円とさせていただきました。

写真を参照してください。

よろしければお振込みを行います。"
Account,内藤夏樹,2025/03/24,21:19:55,写真を送信しました。
Account,内藤夏樹,2025/03/24,21:19:55,写真を送信しました。
User,りょうた,2025/03/24,21:50:20,"かしこまりました。
振り込みよろしくお願いします。"
Account,内藤夏樹,2025/03/24,21:52:00,12300*12=147600 から-1000しますので、146600円をお振込みします。
User,りょうた,2025/03/24,21:52:35,よろしくお願いします。
Account,内藤夏樹,2025/03/24,21:53:20,振込みしました。
User,りょうた,2025/03/24,21:53:46,"ありがとうございました。
またよろしくお願いします。"
Account,応答メッセージ,2025/12/20,16:32:04,"りょうたさん
はじめまして！にこにこ買取＠業界最高の買取価格宣言！です。
友だち追加ありがとうございます！
にこにこ買取です(moon big smile)

ポケモンカードなどトレーディングカード全般の買取を行っております。
買取ご希望のお客様はなんでもお気軽に連絡してください(saluting man)

ご郵送買取の流れはメニューから”郵送買取の流れ”をご確認ください(sparkle)

ご郵送買取ご希望の場合にはメニューの”申し込みフォーム”からご申請が可能となっております。

お問い合わせなどはお気にご連絡ください。"
User,りょうた,2026/01/04,14:38:49,"蒼海の七傑　未開封カートン
3個あります。

１個70,000の買取可能でしょうか。"
Account,内藤夏樹,2026/01/04,14:52:03,"毎々、お世話になっております。
可能です。

70000円＊3カートン"
User,りょうた,2026/01/04,15:01:54,"ありがとうございます
本日発送で予約させていただきます"
Account,内藤夏樹,2026/01/04,15:06:23,"毎々、お世話になっております。  
御見積書を送付いたします。

- 買取見積書 -
・ワンピースカード　蒼海の七傑 カートン　3カートン　単価70,000円　小計210,000円

減額項目（ある場合）：
・該当なし

合計：210,000円  
減額合計：-0円  
最終買取金額：210,000円

20箱以上のため、送料は弊社負担でお送りください。

【注意事項】
こちらのお見積もりを印刷して商品に同梱してください。
同梱がない場合には査定が遅れる場合がございますので、ご協力をお願いいたします。
ご確認のほど、よろしくお願いいたします。"
User,りょうた,2026/01/04,15:15:33,"見積もりありがとうございます。
Googleドライブ使い方がわからなくて困ってます。
アップロードできません。"
User,りょうた,2026/01/04,15:15:57,前も買取してもらった事あるので身分証の写真などはなしで良いですか？
Account,内藤夏樹,2026/01/04,15:16:51,写真がアップロードできない場合には、ほかの写真をUPしていただき、こちらのチャットに身分証とセルフィーのアップをお願い致します。
User,りょうた,2026/01/04,15:17:40,"セルフィーに対抗あるので無しでお願いできますか。
以前はなかったと思うのですが。"
Account,内藤夏樹,2026/01/04,15:19:35,"古物営業法に基づく本人確認手続き（非対面取引）において、郵送買取の場合はより厳格な確認が義務付けられております。

私共といたしましても、お客様に極力ご負担をかけたくないという思いはございますが、法令遵守（コンプライアンス）の観点から、現在は一律で「身分証＋ご本人様のお顔」のセット確認をお願いしている状況です。

お手続きを完了させるためにどうしても避けて通れない手順となりますので、何卒ご理解とご協力をいただけますと幸いです。"
User,りょうた,2026/01/04,15:20:13,"かしこまりました。
今回はキャンセルさせていただきます。
また機会ありましたらよろしくお願いします。"
Account,内藤夏樹,2026/01/04,15:20:36,"ご希望に沿えず誠に残念ではございますが、今回のキャンセルを承知いたしました。

本人確認の手続きにつきまして、ご負担を感じさせてしまい申し訳ございません。法令遵守のためとはいえ、お客様にご不便をおかけしてしまったことをお詫び申し上げます。

また何かお役に立てる機会がございましたら、その際はぜひよろしくお願いいたします。

丁寧なご返信をありがとうございました。"
