﻿アカウント名,にこにこ買取＠業界最高の買取価格宣言！
タイムゾーン,'+09:00
ダウンロード日時,2026/02/21 04:36
送信者タイプ,送信者名,送信日,送信時刻,内容
Account,応答メッセージ,2024/10/02,14:07:03,"まさひこさん
はじめまして！にこにこ買取＠業界最高の買取価格宣言！です。
友だち追加ありがとうございます！
にこにこ買取です(moon big smile)

ポケモンカードなどトレーディングカード全般の買取を行っております。
買取ご希望のお客様はなんでもお気軽に連絡してください(saluting man)

ご郵送買取の流れは以下の”郵送買取の流れ”をご確認ください(sparkle)

お問い合わせなどはお気軽にメッセージからご連絡ください(phone)"
Account,応答メッセージ,2024/10/02,14:07:03,写真を送信しました。
Account,応答メッセージ,2024/10/02,14:07:03,写真を送信しました。
User,まさひこ,2024/10/04,15:38:12,郵送の場合は免許証のコピーだけでよろしいでしょうか？
Account,内藤夏樹,2024/10/04,16:04:21,"毎々、お世話になっております。
はい、お願いします。"
User,まさひこ,2024/10/04,16:05:56,"承知しました！
新たる皇帝とパラダイムトリガーの買取お願いしたいです。"
Account,内藤夏樹,2024/10/04,16:06:17,"ありがとうございます！

何個ずつございますでしょうか？"
User,まさひこ,2024/10/04,16:07:11,新たなる皇帝7つ、パラダイムトリガー３つになります。
Account,内藤夏樹,2024/10/04,16:11:20,"承知しました。
ありがとうございます。"
User,まさひこ,2024/10/04,16:12:38,パラダイムトリガーのペリペリ無しは買取していませんよね？
Account,内藤夏樹,2024/10/04,16:17:19,はい、有りのみ買取しております。
User,まさひこ,2024/10/04,16:17:45,承知しました！
Account,内藤夏樹,2024/10/04,16:18:03,ご確認いただき、ありがとうございます。
User,まさひこ,2024/10/04,16:19:09,新たなる皇帝7つとパラダイムトリガー２つお願いします。
User,まさひこ,2024/10/04,16:19:31,これより梱包をし買い取りフォーム入力致します。
Account,内藤夏樹,2024/10/04,16:23:17,はい、ありがとうございました。
Account,内藤夏樹,2024/10/04,16:23:44,"'

お買取希望の商品は以下の住所へ発送をお願い申し上げます(saluting man)
ご利用方法に記載のある梱包に関する注意事項を改めてご確認ください。

また発送は原則ヤマト運輸さんよりお願い申し上げます(sparkle)

【発送先】
株式会社AiGIVE 内藤宛
〒940-0081
新潟県長岡市南町1-6-13
050-5470-3570

また発送されましたら以下の情報をご連絡ください(explaining)
①　追跡番号
②　発送日・到着指定時間"
User,まさひこ,2024/10/04,17:06:36,"279024033153
只今発送完了いたしました。
明日の午前指定で最短発送いたしました。"
Account,内藤夏樹,2024/10/04,17:07:05,ありがとうございました。
User,まさひこ,2024/10/04,17:11:40,今後も頼むかもしれないのでよろしくお願いします。
Account,内藤夏樹,2024/10/04,17:12:04,"ぜひとも、よろしくお願い申し上げます。

記載のないものでも基本的には買取させていただきます。"
User,まさひこ,2024/10/04,17:13:19,遊戯王BOX、ワンピpsa等も買い取りありますか？
Account,内藤夏樹,2024/10/04,17:13:45,"遊戯は現在買取していません。
PSAは買取しています。"
User,まさひこ,2024/10/04,17:22:28,わかりました。
Account,内藤夏樹,2024/10/04,18:09:39,よろしくお願い申し上げます。
Account,内藤夏樹,2024/10/06,11:50:37,"毎々、お世話になっております。

新たなる皇帝 49,000
パラダイムトリガー 10,400

合計
59,400

をお振込みしました。"
User,まさひこ,2024/10/06,12:07:26,"振り込み確認いたしました！
またよろしくお願いします！"
User,まさひこ,2024/10/09,14:06:51,バラパックは買い取りしていませんよね？
Account,内藤夏樹,2024/10/09,14:22:48,サーチ済みでしょうか？
User,まさひこ,2024/10/09,14:50:52,未サーチです！
Account,内藤夏樹,2024/10/09,23:21:31,151でしょうか？
User,まさひこ,2024/10/09,23:28:01,151は40p、ブイユニは少しあります？
Account,内藤夏樹,2024/10/10,06:49:14,151 320円でやらせてください☺️
User,まさひこ,2024/10/10,06:50:28,"わかりました！
検討します！"
Account,内藤夏樹,2024/10/10,08:54:12,よろしくお願い申し上げます。
User,まさひこ,2024/10/10,12:20:24,本日の価格表は何時頃てますでしょうか？
Account,内藤夏樹,2024/10/10,13:35:31,"今週はかなり集まりましたので掲載しません。

なにかあれば教えてください。"
User,まさひこ,2024/10/10,13:38:50,パラダイムトリガー1BOXと白熱アルカナ1BOX、151バラパック40pです！
User,まさひこ,2024/10/10,13:39:18,スターターデッキ等は買い取りしていませんよね？
User,まさひこ,2024/10/10,13:41:04,"ワンピースカード
1stアニバーサリーセット英語版
買い取りしていますか？"
User,まさひこ,2024/10/14,17:54:38,遊戯王クロスオーバーブレイカーズは買い取りしていますか？
Account,内藤夏樹,2024/10/15,08:38:27,"毎々、お世話になっております。
そちらの商品は残念ながら買取しておりません。
機能拡充をはかり、買取商品も拡大を行っております。
今しばらくお待ちください。"
User,まさひこ,2024/10/15,08:43:44,"承知しました！
パラダイムトリガーと白熱アルカナはどうですか？"
Account,内藤夏樹,2024/10/16,07:21:45,"毎々、お世話になっております。
本日価格表を更新します。
ご確認をお願いします。"
User,まさひこ,2024/10/16,07:22:38,承知しました！
User,まさひこ,2024/10/19,09:46:16,本日の超電ブレイカーカートンの買取はいくらですか？
Account,内藤夏樹,2024/10/19,11:40:34,"毎々、お世話になっております。

本日はブレイカーの買取は停止しました。"
User,まさひこ,2024/10/19,11:43:00,承知しました！
Account,内藤夏樹,2024/10/23,12:29:18,"毎々、お世話になっております。

ブレイカーカートンございましたらお買取の方、よろしくお願い申し上げます。"
User,まさひこ,2024/11/15,17:02:23,ポケモンカード151の買取いくらですか？
Account,内藤夏樹,2024/11/15,17:22:56,"毎々、お世話になっております。

9200円でやらせていただいております。"
User,まさひこ,2024/11/15,17:27:24,承知しました！
Account,内藤夏樹,2024/11/15,17:49:03,よろしくお願い申し上げます。
User,まさひこ,2024/11/16,12:22:34,本日ポケモンカード151の買取価格はいくらですか？
Account,内藤夏樹,2024/11/16,12:50:29,10500円にて買取しております。
User,まさひこ,2024/11/16,12:54:49,151、10BOX、超電ブレイカーカートン買取お願いします！
Account,内藤夏樹,2024/11/16,13:32:06,"ありがとうございます！
ブレイカーは58000円でいかがでしょうか？"
User,まさひこ,2024/11/16,13:42:18,151の買取だけでお願いします！
Account,内藤夏樹,2024/11/16,14:40:05,"ありがとうございました。
お買取申請フォームをご入力をお願い申し上げます。"
User,まさひこ,2024/11/16,16:07:43,279029213735
User,まさひこ,2024/11/16,16:08:14,"買取申請フォーム入力済みです。
明日午前指定で発送完了しました。"
Account,内藤夏樹,2024/11/16,16:11:31,"ありがとうございました。

発送先が変更になっております！
変更可能でしょうか？"
Account,内藤夏樹,2024/11/16,16:11:41,"お買取希望の商品は以下の住所へ発送をお願い申し上げます。
ご利用方法に記載のある梱包に関する注意事項を改めてご確認ください。

また発送は原則ヤマト運輸さんよりお願い申し上げます。

【発送先】
株式会社AiGIVE 内藤宛
〒940-0864
新潟県長岡市川崎3-2366-7-103
050-5470-3570

また発送されましたら以下の情報をご連絡ください。
①　追跡番号
②　発送日・到着指定時間"
User,まさひこ,2024/11/16,16:12:04,戻って変更して来ます
Account,内藤夏樹,2024/11/16,16:12:20,申し訳ございません、手間をおかけしました。
User,まさひこ,2024/11/16,16:24:47,変更し発送完了しました！
User,まさひこ,2024/11/16,16:28:43,"番地が長いですがどのようなに入力すればよろしいでしょうか？
3丁目、2366、7-103号ですかね？"
User,まさひこ,2024/11/16,16:28:50,写真を送信しました。
User,まさひこ,2024/11/16,16:29:48,今後の為、登録の都合ですので教えていただけると幸いです。
Account,内藤夏樹,2024/11/16,16:55:43,"はい、その通りです。
ありがとうございました。"
User,まさひこ,2024/11/16,16:56:26,承知しました！
Account,内藤夏樹,2024/11/16,17:08:36,ありがとうございました。
User,まさひこ,2024/11/17,11:24:58,写真を送信しました。
User,まさひこ,2024/11/17,11:25:15,シュリンク緩いものがあるのですが、買取不可ですか？
Account,内藤夏樹,2024/11/17,11:47:29,"毎々、お世話になっております。
緩いものは大丈夫です。
検品させてください。"
User,まさひこ,2024/11/17,11:58:21,"承知しました！
数まとまり次第、買取お願いするかもしれないのでよろしくお願いします。"
Account,内藤夏樹,2024/11/17,11:58:46,ありがとうございました。
Account,内藤夏樹,2024/11/18,10:57:51,"毎々、お世話になっております。

検品中となります。

次回からで構いませんので、翌日到着が出来ない場合にはご連絡頂けますと幸甚に存じます。"
Account,内藤夏樹,2024/11/18,11:13:10,"申し訳ございません、違う方への誤送信でした。
大変失礼しました。"
User,まさひこ,2024/11/18,11:13:28,"発送の時点では翌日午前の到着可能だったので発送いたしました。

その時点で運送の遅延などありませんでしたので、その後の遅延はわかりませんでした。"
User,まさひこ,2024/11/18,11:46:35,本日151の買取価格はいくらですか？
Account,内藤夏樹,2024/11/18,12:21:24,10300円でやっています！
User,まさひこ,2024/11/18,12:21:51,承知しました！
User,まさひこ,2024/11/19,17:08:17,住所変更でちゃんと届きましたでしょうか？
Account,内藤夏樹,2024/11/19,17:29:37,"毎々、お世話になっております。

はい、今夜お振込みの予定です。
お待たせしてしまい申し訳ございません。"
User,まさひこ,2024/11/19,17:30:20,ちゃんと届いていれば問題ないです！
Account,内藤夏樹,2024/11/19,17:30:45,ちなみに、テラスタルなどはお買取に出される予定はありますか？
User,まさひこ,2024/11/19,17:33:57,出すかもしれません！
Account,内藤夏樹,2024/11/19,17:36:39,"ぜひ！
ご検討いただけると嬉しいです。

何箱くらいのご予定ですか？"
User,まさひこ,2024/11/19,17:49:38,"買取価格良ければあちこち回収いきますが。

たくさん確保していないので。"
User,まさひこ,2024/11/19,18:02:34,遊戯王QUARTER CENTURY LIMITED PACKは買取しますか？
Account,内藤夏樹,2024/11/19,20:56:11,"151 10BOX 10500 = 105000

お振込み手数料 -300"
Account,内藤夏樹,2024/11/19,20:56:14,となります。
User,まさひこ,2024/11/19,21:30:24,"入金確認いたしました！
またよろしくお願いします。"
Account,内藤夏樹,2024/11/20,08:44:15,"また、よろしくお願い申し上げます。

テラスタルは6000円で当日お持ち込みだといかがでしょう？"
User,まさひこ,2024/11/20,08:44:51,検討しておきます！
Account,内藤夏樹,2024/11/20,08:49:35,"明日までのものになります。
よろしくお願い申し上げます。"
User,まさひこ,2024/11/20,08:51:06,"承知しました！


遊戯王QUARTER CENTURY LIMITED PACKは買取しますか？"
Account,内藤夏樹,2024/11/20,08:55:46,遊戯王は現在買取の予定はありません。
Account,内藤夏樹,2024/11/20,08:55:53,調べてみて回答しますね☺️
User,まさひこ,2024/11/20,08:56:30,"承知しました！
本日到着予定なので販路探してまして。"
User,まさひこ,2024/11/29,12:34:51,本日ポケモンカード151買取はいくらですか？
Account,内藤夏樹,2024/11/29,12:35:48,"毎々、お世話になっております。

ご連絡ありがとうございました。

10000円でやらせていただいております☺️"
User,まさひこ,2024/11/29,12:36:10,承知しました！
User,まさひこ,2024/11/29,12:39:23,明日発売のワンピースカード王族の血統は買取ら予定はありますか？
User,まさひこ,2024/11/29,12:53:46,バイオレット、トリプレットビート、レイジングサーフの買取いくらですか？
Account,内藤夏樹,2024/11/29,14:09:11,"ワンピースは予定しておりません。
また、他のものも現在は買取停止となります。
申し訳ございません。"
User,まさひこ,2024/11/29,14:09:46,"承知しました！
上記の買取はいくらでしょうか？"
User,まさひこ,2024/12/02,21:10:05,テラスタルは発売日から予約以外買取はしませんか？
Account,内藤夏樹,2024/12/03,06:34:38,"毎々、お世話になっております。
発売以降もしています☺️"
User,まさひこ,2024/12/03,06:35:02,いくら買取の予定ですか？
Account,内藤夏樹,2024/12/03,06:35:28,ご希望があればお聞きします☺️
User,まさひこ,2024/12/03,06:37:19,"当日どれくらい買えるか確定していないですが買取高い所に買取お願いしようかと思いまして。

10ボックス〜の予定です。"
User,まさひこ,2024/12/03,06:38:05,にこにこさんがいつも高額なので期待しています。
Account,内藤夏樹,2024/12/03,07:27:27,"また当日決めましょうか☺️
よろしくお願い申し上げます。"
User,まさひこ,2024/12/03,07:27:54,承知しました！
User,まさひこ,2024/12/06,10:23:14,本日テラスタルの買取はいくらでしょうか？
Account,内藤夏樹,2024/12/06,10:24:15,"6500
145000

です！

拡散しないでください☺️"
Account,内藤夏樹,2024/12/06,10:24:21,何箱ございますか？
User,まさひこ,2024/12/06,10:25:51,"拡散しません！
今の所10です！
もう少し増えると思います！"
User,まさひこ,2024/12/06,10:26:09,ちなみにシュリなしぺりぺりありは買取してますか？
Account,内藤夏樹,2024/12/06,10:26:20,"また数教えてください！
多分、おたちゅうが強いですよ！"
User,まさひこ,2024/12/06,10:26:23,今の所さん15でした！
Account,内藤夏樹,2024/12/06,10:26:32,こちらは今の所取っていません🙇🏻‍♂️
User,まさひこ,2024/12/06,10:26:42,承知しました！
User,まさひこ,2024/12/06,10:33:28,昼過ぎまでに個数確定して発送いたします！
Account,内藤夏樹,2024/12/06,10:33:40,ありがとうございました。
User,まさひこ,2024/12/06,11:47:03,今の所30から35BOXくらい発送予定です！
Account,内藤夏樹,2024/12/06,12:27:11,ありがとうございます😊
Account,内藤夏樹,2024/12/06,12:27:24,数量が確定したらまた連絡してください☺️
User,まさひこ,2024/12/06,12:30:10,分かりました。
Account,内藤夏樹,2024/12/06,12:36:42,よろしくお願い申し上げます。
User,まさひこ,2024/12/06,16:00:48,"返信遅くなりすみません。
40ボックス買取お願いします！"
Account,内藤夏樹,2024/12/06,16:02:46,"ありがとうございました！

6500円×40

でよろしくお願い申し上げます。"
User,まさひこ,2024/12/07,11:27:08,"昨日発送連絡忘れていました。
申し訳ございません。"
User,まさひこ,2024/12/07,11:27:57,本日テラスタルフェスの買取価格教えて下さい。
Account,内藤夏樹,2024/12/07,12:25:46,番号をご連絡いただけますか？
Account,内藤夏樹,2024/12/07,12:25:56,6300円です。
User,まさひこ,2024/12/07,13:05:53,"出先ですぐ確認出来ません。
申し訳ございません。"
User,まさひこ,2024/12/07,13:06:03,本日も買取お願いします！
Account,内藤夏樹,2024/12/07,13:11:17,"はい、ありがとうございました。

数はどうですか？"
User,まさひこ,2024/12/07,13:11:50,8から10くらいです！
Account,内藤夏樹,2024/12/07,13:16:32,承知しました。
User,まさひこ,2024/12/07,16:03:56,ポケカのRR、R、ARカードの買取はしていないですよね？
Account,内藤夏樹,2024/12/07,16:23:25,はい、現在は停止います。
User,まさひこ,2024/12/07,16:24:21,"承知しました！
これより発送いたします！"
Account,内藤夏樹,2024/12/07,16:26:46,何箱でしょうか？
User,まさひこ,2024/12/07,16:31:16,9ボックスです！
Account,内藤夏樹,2024/12/07,16:31:53,"承知しました。
ありがとうございます😊"
Account,内藤夏樹,2024/12/07,16:32:03,6300×9
User,まさひこ,2024/12/07,16:34:48,"279031933692
昨日のテラスタル40ボックスの伝票番号です。"
Account,内藤夏樹,2024/12/07,16:35:07,ありがとうございました😊
User,まさひこ,2024/12/07,16:39:51,279032095786
User,まさひこ,2024/12/07,16:40:05,明日午前指定で発送完了しました。
Account,内藤夏樹,2024/12/07,16:40:11,ありがとうございました。
Account,内藤夏樹,2024/12/07,17:39:26,"毎々、お世話になっております。

12/6
6500×40
260,000

のお振込みが完了しました。"
User,まさひこ,2024/12/07,19:38:08,入金確認しました！
User,まさひこ,2024/12/08,11:05:22,本日テラスタル買取はいくらでしょうか？
Account,内藤夏樹,2024/12/08,11:38:00,"一旦箱の買取は〆切となりました！

ありがとうございます☺️"
Account,内藤夏樹,2024/12/08,11:44:25,"毎々、お世話になっております。

本日到着分は大きな箱潰れが一つありました。
こちらは-1000円させていただきたいです。

もちろんご返送も可能です。

6300×9=56700
56700-1000=55700

となります。"
User,まさひこ,2024/12/08,11:46:38,"1000円引でお願いします。
確認不足大変申し訳ございません。"
Account,内藤夏樹,2024/12/08,11:46:58,写真を送信しました。
Account,内藤夏樹,2024/12/08,11:47:07,ご了承ありがとうございます。
User,まさひこ,2024/12/08,13:32:36,本日テラスタル買取価格教えて下さい。
Account,内藤夏樹,2024/12/08,13:50:22,"一旦箱の買取は〆切となりました！

ありがとうございます☺️"
User,まさひこ,2024/12/08,13:50:46,"承知しました！
ちなみに151はいくらの買取ですか？"
Account,内藤夏樹,2024/12/08,16:26:35,151は11000円です。
Account,内藤夏樹,2024/12/08,16:27:47,"振込み手数料の300円を差し引いた
55400円をお振込みしました。
よろしくお願い申し上げます。"
User,まさひこ,2024/12/09,15:10:24,"入金確認しました！
またよろしくお願いします。"
Account,内藤夏樹,2024/12/09,15:10:48,"ありがとうございました！

テラスタルございますか？"
User,まさひこ,2024/12/09,15:11:41,少しならあります！
Account,内藤夏樹,2024/12/09,15:12:07,"どれくらいございますか？

買取できます☺️"
User,まさひこ,2024/12/09,15:14:08,"手持ち3BOX、セブンに３BOX位取り置きあります。
ちなみに買取いくらですか？
本日6600円のお店ありまして、買取お願いしようかと思ってました。"
Account,内藤夏樹,2024/12/09,15:14:38,6600オッケーです！
Account,内藤夏樹,2024/12/09,15:14:46,めちゃくちゃ助かります☺️
Account,内藤夏樹,2024/12/09,15:15:02,200箱くらい集めていますので、もっとあると嬉しいです☺️
User,まさひこ,2024/12/09,15:15:52,"明日山形方面のファミマで151とテラスタル入荷あるので買えたら少し買う予定です！
"
User,まさひこ,2024/12/09,15:17:31,明日山形から新潟まで行くのであちこちテラスタル探してみますね！
Account,内藤夏樹,2024/12/09,15:17:54,"すごいです！

明日の買取はまた明日価格決めますか？"
User,まさひこ,2024/12/09,15:21:39,"そうですね！
明日どれくらい買えるかも不明なので😅
山形制限ある店結構あるので明日にならないと購入数わからないので😅
入荷数によって制限かける店多数で…
よろしくお願いします。

とりあえず今日はセブン取り置き分クロネコ終わるまでに回収出来ればいいのですが😭
回収出来なければ明日の発送になるので折り返し連絡いたします。"
Account,内藤夏樹,2024/12/09,15:24:22,"承知しました！

発送は本日中に行っていただけたら大丈夫です。"
User,まさひこ,2024/12/09,16:18:47,テラスタル6BOX買取お願いします！
Account,内藤夏樹,2024/12/09,16:21:38,"ありがとうございました。

6600×6

となります。

申請をお願いします🙇🏻‍♂️"
User,まさひこ,2024/12/09,16:43:55,279032427343
User,まさひこ,2024/12/09,16:44:04,発送完了しました。
Account,内藤夏樹,2024/12/09,17:02:10,ありがとうございました。
Account,内藤夏樹,2024/12/11,07:18:21,"39600-300=39,300 

をお振込みしました。"
User,まさひこ,2024/12/11,07:28:56,入金確認しました！
User,まさひこ,2024/12/11,07:29:34,"昨日は急用入り全然買いに行けませんでした。

昨日買取いくらでしたか？"
Account,内藤夏樹,2024/12/11,07:30:36,"ありがとうございました。

めちゃくちゃ高騰しましたよね、、、8000円は取ってたのではないかと思います。"
User,まさひこ,2024/12/11,07:33:46,"昨日9000円の店もありましたね。
ここまでなると思わず、初日に流したBOXが悔やまれます。"
User,まさひこ,2024/12/11,07:34:31,"まだしばらく買取中止しませんか？

セブンに発注来てるみたいなので頼もうかと思ってます。"
Account,内藤夏樹,2024/12/11,07:35:19,"やりすぎですよね、、、。

私もなかなか悔しいです。
悩みますよね。

でも逆パターンもありえる話なので、頭と尻尾はくれてやる精神がやはり良いと思います。
判断を間違えていることは絶対にないです。"
User,まさひこ,2024/12/11,07:37:02,"逆パターン想定しながらヒヤヒヤしてます。

海外版がまだ発売していないので、それまでだとは思うんですが"
Account,内藤夏樹,2024/12/11,07:37:28,"海外からの買いはそこまでないですよ。
冷静にみています。"
User,まさひこ,2024/12/11,07:38:32,"そーなんですね。

とりあえず、明日ファミマ周りしてみます。"
Account,内藤夏樹,2024/12/11,11:27:31,また教えてください☺️
User,まさひこ,2024/12/11,11:28:01,承知しました！
User,まさひこ,2024/12/14,15:01:30,本日テラスタル買取いくらですか？
Account,内藤夏樹,2024/12/14,15:05:00,"毎々、お世話になっております！

今日は9500です！"
User,まさひこ,2024/12/14,15:09:47,承知しました！
Account,内藤夏樹,2024/12/14,15:10:09,なん箱ございますか？
User,まさひこ,2024/12/14,15:11:38,"15位はあります！

申し訳ないのですが、本日は1万買取の所に出そうと思います。
"
Account,内藤夏樹,2024/12/14,15:11:51,そうしてください☺️
User,まさひこ,2024/12/14,15:12:02,またお願いします！
Account,内藤夏樹,2024/12/14,15:12:07,また教えてください☺️
User,まさひこ,2024/12/14,15:12:32,承知しました！
Account,内藤夏樹,2024/12/14,15:15:45,はい！
User,まさひこ,2024/12/19,13:39:10,テラスタル買取いくらでしょうか？
Account,内藤夏樹,2024/12/19,17:50:30,"毎々、お世話になっております。

申し訳ございません。
ただいま長期出張中につき買取申し込みができても、査定が月曜日になります🙇🏻‍♂️"
User,まさひこ,2024/12/19,18:07:33,承知しました！
Account,内藤夏樹,2024/12/19,19:35:40,また、その時によろしくお願い申し上げます。
User,まさひこ,2024/12/19,19:39:35,年内は何日まで買取していますか？
Account,内藤夏樹,2024/12/26,14:02:36,"毎々、お世話になっております。

遅くなりました。
30日まではやっている予定です！"
User,まさひこ,2024/12/26,14:25:54,３０日発送分はオッケーですよね？
Account,内藤夏樹,2024/12/26,14:34:03,30到着が望ましいです、、、。
Account,内藤夏樹,2024/12/26,14:34:11,テラスタルフェスは結構集まりましたか？
User,まさひこ,2024/12/26,14:35:18,今はほぼないですが３０日コンビニあるのでそれ回ろうかと思ってました。
Account,内藤夏樹,2024/12/26,15:24:27,"そうなんですね！
30発送分は来年とさせてください。"
User,まさひこ,2024/12/26,15:35:43,送信が取り消されたメッセージです
User,まさひこ,2024/12/26,15:35:58,"承知しました！
買えたらご連絡いたします。"
User,まさひこ,2024/12/26,18:10:55,テラスタルフェスのシュリンクなしは買取していますか？
User,まさひこ,2024/12/28,12:46:02,本日テラスタル買取いくらですか？
Account,内藤夏樹,2024/12/28,13:19:29,8000円でとります！
User,まさひこ,2024/12/28,13:21:00,シュリンクなしは買取していますか？
Account,内藤夏樹,2024/12/28,13:23:39,"なしは買取しておりません。
よろしくお願い申し上げます。"
User,まさひこ,2024/12/28,13:24:27,承知しました。
User,まさひこ,2025/01/03,12:09:48,"明けましておめでとうございます。
今年の買取は何日からでしょうか？"
Account,内藤夏樹,2025/01/03,12:10:23,"あけましておめでとう御座います。

いつでも大丈夫です。

ぜひお申し付けください。"
User,まさひこ,2025/01/03,12:10:55,テラスタルフェスは何BOXからいくら買取ですか？
Account,内藤夏樹,2025/01/03,12:11:40,"まさひこさんは特段、最低数は設けません。

8800円でいかがでしょうか？"
Account,内藤夏樹,2025/01/03,12:11:57,"超電ブレイカーを集めています。
できればカートンです。"
User,まさひこ,2025/01/03,12:13:55,"テラスタル様子見します。

ブレイカーカートンないです。"
Account,内藤夏樹,2025/01/03,12:15:04,"何箱ありましたか？
希望価格ありますか。

ブレイカーはバラ箱ありますか？"
User,まさひこ,2025/01/03,12:18:52,"テラスタル18ボックス位と、ブレイカーは買わないとないです。
まだブレイカー売ってる店はあるのですが。

テラスタル希望額は高い方がいいです。
中旬までには相場まで流したいです。"
User,まさひこ,2025/01/03,12:19:16,中旬までには相場見て流しいです。
Account,内藤夏樹,2025/01/03,12:20:48,"なるほど！
今の価格上昇は意味がわからないので、下がる可能性の方が高いと思います。"
User,まさひこ,2025/01/03,12:22:35,"同じ意見です。

本日他県買取で9000もあるので様子見してる次第です。"
Account,内藤夏樹,2025/01/03,12:23:10,9000円なら頑張れますよ！
Account,内藤夏樹,2025/01/03,12:23:41,ブレイカーもよかったらぜひ、お願いします🙇🏻‍♂️🙇🏻‍♂️
Account,内藤夏樹,2025/01/03,12:24:00,5500出します☺️
User,まさひこ,2025/01/03,12:24:28,"承知しました！

にこにこさん以外に使ってる買取屋さんの本日買取そろそろ出るのでそれ見て判断して、本日流します！"
Account,内藤夏樹,2025/01/03,12:24:49,"ぜひ！
もし高かったら教えてくださいね☺️"
User,まさひこ,2025/01/03,12:25:48,"ブレイカー高額ですね！
さっきまでのカドショで買っておけば良かったです。"
User,まさひこ,2025/01/03,12:26:01,承知しました！
Account,内藤夏樹,2025/01/03,12:26:15,"新潟に売っていましたか？
バトロコですか。"
User,まさひこ,2025/01/03,12:27:36,"バトロコではないです！
コングです！
会員なので割引聞いて1日3BOX買えます！

家族連れて行ければもう少し買えます！"
Account,内藤夏樹,2025/01/03,12:29:05,"ありがとうございます！
もし行くタイミングがあれば、ぜひ、よろしくお願い申し上げます。"
User,まさひこ,2025/01/03,12:30:30,承知しました！
User,まさひこ,2025/01/03,13:40:35,9100円の買取店ありました！
Account,内藤夏樹,2025/01/03,13:40:47,どこですか！？
User,まさひこ,2025/01/03,13:41:00,名古屋のお店です！
Account,内藤夏樹,2025/01/03,13:42:41,スクショかリンクありますか？
User,まさひこ,2025/01/03,13:43:02,写真を送信しました。
Account,内藤夏樹,2025/01/03,13:43:24,ごめんなさい、店名わかりますか、、、？
User,まさひこ,2025/01/03,13:44:23,買取EXPOです！
Account,内藤夏樹,2025/01/03,13:44:38,"わかりました。
9100円でいいですよ！"
User,まさひこ,2025/01/03,13:45:13,"わかりました！
これより梱包して明日午前に到着で発送いたします！"
Account,内藤夏樹,2025/01/03,13:45:32,"ありがとうございました。
申請フォームもよろしくお願い申し上げます。
"
User,まさひこ,2025/01/03,13:53:59,18box買取お願いします！
Account,内藤夏樹,2025/01/03,13:54:36,"テラスタルフェスex
18箱
9100円

こちらでよろしくお願い申し上げます。"
User,まさひこ,2025/01/03,14:52:34,免許証のコピーも同梱でしたよね？
Account,内藤夏樹,2025/01/03,15:15:20,必要です。
User,まさひこ,2025/01/03,15:15:29,承知しました！
User,まさひこ,2025/01/03,15:15:49,シュリなし8000円の買取店も出てきました！
Account,内藤夏樹,2025/01/03,15:16:10,弊社はシュリなしは買取していません
User,まさひこ,2025/01/03,15:16:54,承知しました。
User,まさひこ,2025/01/03,15:45:45,279036684065
User,まさひこ,2025/01/03,15:46:01,明日の午前中指定で発送完了しました。
Account,内藤夏樹,2025/01/03,15:46:12,ありがとうございました。
Account,内藤夏樹,2025/01/05,12:59:24,"毎々、お世話になっております。

本日査定及び振込みします。

シャイニートレジャーめちゃくちゃ集めています。
どこよりも高く買いますので、もし可能ならコングで集めてください☺️"
User,まさひこ,2025/01/05,13:00:00,ちなみにいくらですか？
Account,内藤夏樹,2025/01/05,13:00:52,5600出します！
User,まさひこ,2025/01/05,13:01:42,承知しました！
Account,内藤夏樹,2025/01/05,13:02:35,多分コング制限なしです。会員なら割引適用なので良い内容かなと思います。
User,まさひこ,2025/01/05,13:09:00,10月くらいにカートン買おうとお待ってたら別店舗のコングに持って行くとマイ店舗のカートン持ってかれたので、今の在庫どうなってるか確認しときます。
Account,内藤夏樹,2025/01/05,13:13:36,"わかりました！
数見えましたらご連絡してください！"
User,まさひこ,2025/01/05,13:15:32,承知しました！
Account,内藤夏樹,2025/01/05,13:18:21,いつもありがとうございます😊
User,まさひこ,2025/01/05,16:14:02,コング確認した所シャイニートレジャーはバラしかなそうです。
Account,内藤夏樹,2025/01/05,16:31:39,バラで全く問題ありません！
Account,内藤夏樹,2025/01/05,16:33:20,"163800円を振込みしました。
ありがとうございました。"
User,まさひこ,2025/01/05,17:12:10,入金確認しました！
Account,内藤夏樹,2025/01/05,18:32:10,ありがとうございました。
User,まさひこ,2025/01/06,13:06:09,超電ブレイカーは買取いくらですか？
Account,内藤夏樹,2025/01/06,14:06:45,5800円でどうですか？
Account,内藤夏樹,2025/01/06,14:06:56,シャイニートレジャーもお願いします🙇🏻‍♂️
User,まさひこ,2025/01/06,20:13:01,"今日行って来たら全然在庫ありませんでした。
思ったより買えませんでした。
他買取店も高額あるので様子みます。"
User,まさひこ,2025/01/06,20:13:07,すみません。
Account,内藤夏樹,2025/01/07,08:09:21,"毎々、お世話になっております。
価格は相談してください。
基本的には上行きます！"
User,まさひこ,2025/01/07,08:13:25,いつもありがとうございます！
Account,内藤夏樹,2025/01/07,08:46:02,とんでもないです☺️
User,まさひこ,2025/01/09,17:35:06,テラスタルフェス 買取いくらでしょうか？
Account,内藤夏樹,2025/01/09,17:36:50,11000円です！
User,まさひこ,2025/01/09,17:38:11,承知しました！
Account,内藤夏樹,2025/01/09,17:40:07,安いって思いますかね？
Account,内藤夏樹,2025/01/09,17:40:17,あんまり投げてもらえなくて、、、
Account,内藤夏樹,2025/01/09,17:40:30,希望ありますか？
User,まさひこ,2025/01/09,17:42:44,"12000円ならと思ってました。

みなさん様子見で投げないんですよね。"
User,まさひこ,2025/01/10,07:37:14,テラスタルの、今日の買取価格出ましたら教えてください。
Account,内藤夏樹,2025/01/10,07:50:22,毎々、お世話になっております。
Account,内藤夏樹,2025/01/10,07:50:33,希望あればある程度はお聞きできます。よろしくお願い申し上げます。
User,まさひこ,2025/01/10,07:52:43,そんなに数持ってないので、12000円だと助かります…
Account,内藤夏樹,2025/01/10,08:04:08,"1.2はキツいです。
申し訳ございません。"
User,まさひこ,2025/01/10,08:04:31,1.1ですかね？
Account,内藤夏樹,2025/01/10,08:04:44,1.15まではなんとかしますよ！
User,まさひこ,2025/01/10,08:06:11,"承知しました！
今出先なので家戻ったら個数連絡いたします！"
Account,内藤夏樹,2025/01/10,08:37:53,よろしくお願い申し上げます。
User,まさひこ,2025/01/10,13:54:22,"テラスタル4BOXお願いします！

ワンピースカードのザベスト買取してませんよね？
1BOXあるんですけど、どうにか処理したくて。
"
Account,内藤夏樹,2025/01/10,14:06:50,ワンピはすみません🙇🏻‍♂️
Account,内藤夏樹,2025/01/10,14:06:55,4箱承知しました。
User,まさひこ,2025/01/10,14:07:26,ワンピ承知しました！
Account,内藤夏樹,2025/01/10,14:17:37,ありがとうございます😭
User,まさひこ,2025/01/10,16:19:28,279037767971
User,まさひこ,2025/01/10,16:19:43,明日の午前中指定で発送完了しました。
Account,内藤夏樹,2025/01/10,20:15:39,ありがとうございました。
User,まさひこ,2025/01/10,20:16:54,送信が取り消されたメッセージです
Account,内藤夏樹,2025/01/11,13:34:20,"11500*4=46000
振込手数料300

買取金額 45700円"
User,まさひこ,2025/01/11,14:01:31,入金確認しました！
Account,内藤夏樹,2025/01/15,11:20:10,"毎々、お世話になっております！
テラスタルフェスまたよろしくお願い申し上げます。"
User,まさひこ,2025/01/23,14:04:17,テラスタル買取してきますか？
Account,内藤夏樹,2025/01/23,14:04:42,はい！していますよ！
User,まさひこ,2025/01/23,14:12:21,買取いくらですか？
Account,内藤夏樹,2025/01/23,14:13:16,10800円です！
User,まさひこ,2025/01/23,14:25:02,4BOX買取お願いします！
Account,内藤夏樹,2025/01/23,14:34:20,よろしくお願い申し上げます。
User,まさひこ,2025/01/23,15:10:53,"279039348431
明日午前指定で発送完了しました。"
Account,内藤夏樹,2025/01/23,16:19:17,ありがとうございました。
User,まさひこ,2025/01/23,16:19:42,明日発売のバトルパートナーズは買取しますか？
Account,内藤夏樹,2025/01/23,16:43:14,バトルパートナーズはしません！
User,まさひこ,2025/01/23,16:43:26,承知しました！
Account,内藤夏樹,2025/01/25,10:13:17,"お待たせしてしまい申し訳ございません。

42900円を振込みしました。"
User,まさひこ,2025/01/25,13:05:01,"入金確認しました！
またよろしくお願いします。"
Account,内藤夏樹,2025/01/25,14:48:13,よろしくお願い申し上げます！
User,まさひこ,2025/01/25,18:20:55,今日発売の遊戯王BOXは買取してますか？
Account,内藤夏樹,2025/01/25,18:52:27,"毎々、お世話になっております。

しておりません！"
User,まさひこ,2025/01/25,18:52:46,承知しました。
Account,内藤夏樹,2025/01/25,18:53:31,すみません🙇🏻‍♂️
User,まさひこ,2025/01/27,18:23:55,バトルパートナーズはこの先買取しないんですか？
Account,内藤夏樹,2025/01/27,18:26:59,はい！しません！
User,まさひこ,2025/01/27,18:30:13,"承知しました！

テラスタルはしてますよね？"
Account,内藤夏樹,2025/01/27,18:34:48,しています！！！
User,まさひこ,2025/01/27,18:35:14,"承知しました！
もう少し数まとまったら、買い取りお願いします！"
Account,内藤夏樹,2025/01/27,18:46:15,よろしくお願い申し上げます。
User,まさひこ,2025/02/03,18:31:58,テラスタルフェス、超電ブレイカー、バイオレット、クリムゾンヘイズの買取いくらですか？
Account,内藤夏樹,2025/02/03,19:14:19,"毎々、お世話になっております。
テラスタルフェスex
12000円"
Account,内藤夏樹,2025/02/03,19:14:26,その他は少しお待ちください
User,まさひこ,2025/02/03,19:15:15,承知しました。
Account,内藤夏樹,2025/02/03,19:22:12,"超電
8,000
クリムゾン
4,800
バイオレット
4,500"
Account,内藤夏樹,2025/02/03,19:22:15,です！
User,まさひこ,2025/02/03,19:23:02,"承知しました！
ちょっと検討します！"
Account,内藤夏樹,2025/02/03,23:44:51,"よろしくお願い申し上げます！
なにか希望があれば教えてくださいね！"
User,まさひこ,2025/02/04,00:44:44,わかりました！
User,まさひこ,2025/02/05,12:34:53,テラスタルフェスは買取いくらですか？
Account,内藤夏樹,2025/02/05,12:36:00,11800です！
User,まさひこ,2025/02/05,12:38:05,承知しました！
Account,内藤夏樹,2025/02/05,12:41:53,何箱ございますか？
User,まさひこ,2025/02/05,12:43:23,5BOXです！
Account,内藤夏樹,2025/02/05,12:43:40,承知しました！
Account,内藤夏樹,2025/02/05,12:44:14,1.2出たので合わせますね！
User,まさひこ,2025/02/05,12:44:45,ちなみに、コレクションファイルセットは買取してますか？
Account,内藤夏樹,2025/02/05,12:44:48,写真を送信しました。
Account,内藤夏樹,2025/02/05,12:44:53,買ってないです！
User,まさひこ,2025/02/05,12:47:10,"承知しました！
テラスタル買取お願いします！"
User,まさひこ,2025/02/05,14:28:19,"279040785866
明日午前指定で発送完了しました。"
Account,内藤夏樹,2025/02/05,15:04:26,よろしくお願い申し上げますありがとうございます！
Account,内藤夏樹,2025/02/06,20:28:25,"毎々、お世話になっております。
振込みを行いました。

59700円です。

雪の影響で到着が遅くなりました。"
User,まさひこ,2025/02/07,07:09:45,入金確認しました。
User,まさひこ,2025/02/16,13:33:46,22日発売の遊戯王アートコレクションは買取予定ありますか？
Account,内藤夏樹,2025/02/16,17:13:28,"毎々、お世話になっております！
現在のところ予定はしておりません！"
User,まさひこ,2025/02/16,17:23:20,承知しました。
Account,内藤夏樹,2025/02/18,07:54:42,"毎々、お世話になっております。

アーコレはカートンでしょうか？"
User,まさひこ,2025/02/18,07:57:29,バラです。
Account,内藤夏樹,2025/02/18,09:02:00,何箱ありますか？
User,まさひこ,2025/02/18,09:03:52,"当日ならないとどれくらい帰るかわかりませんが、5、6BOXは確定してます。
あとはどれくらい買えるかわかりません。"
Account,内藤夏樹,2025/02/18,09:37:47,"承知しました！
また、その時話ししましょうか"
User,まさひこ,2025/02/18,09:39:06,承知しました！
User,まさひこ,2025/02/20,13:38:17,"シャイニートレジャー、151、テラスタルフェス
買取いくらですか？"
Account,内藤夏樹,2025/02/20,13:38:44,今は買取していませんので、希望があれば聞きます♪
User,まさひこ,2025/02/20,13:43:14,"シャイニー75
151、21
テラスタル16
どうですか？"
Account,内藤夏樹,2025/02/20,13:43:26,何箱ありますか？
User,まさひこ,2025/02/20,13:44:22,"シャイニー2箱
151、1箱
テラスタル1箱です！"
Account,内藤夏樹,2025/02/20,14:06:24,151はその価格では取れないです🙇🏻‍♂️🙇🏻‍♂️
User,まさひこ,2025/02/20,14:07:44,シャイニー2箱とテラスタル1箱お願いします！
Account,内藤夏樹,2025/02/20,14:15:53,はい！よろしくお願い申し上げます。
User,まさひこ,2025/02/20,15:02:01,764189604496
User,まさひこ,2025/02/20,15:02:10,明日午前指定で発送いたしました。
Account,内藤夏樹,2025/02/20,15:42:45,ありがとうございました。最短で明日の夜または明後日中の確認と振込みになります🙇🏻‍♂️
User,まさひこ,2025/02/20,15:43:28,よろしくお願いします。
User,まさひこ,2025/02/22,06:33:52,今日発売のアーコレはいくらくらいの買取予定ですか？
User,まさひこ,2025/02/22,12:27:53,9箱くらいは確保できたのですが、買取お願いします。
Account,内藤夏樹,2025/02/22,12:39:32,"毎々、お世話になっております。

7,000円で取らせてください🙇🏻‍♂️"
User,まさひこ,2025/02/22,12:40:39,"承知しました。
これより発送準備いたします。"
User,まさひこ,2025/02/22,13:40:47,279042841512
User,まさひこ,2025/02/22,13:40:56,明日午前指定で発送いたしました。
Account,内藤夏樹,2025/02/22,14:16:49,ありがとうございました。
Account,内藤夏樹,2025/02/22,14:16:59,まとめて査定とお振込みでもよろしいでしょうか？
User,まさひこ,2025/02/22,14:28:01,お任せします。
Account,内藤夏樹,2025/02/22,16:04:09,"ありがとうございます。
明日同時にさせていただきます。"
User,まさひこ,2025/02/22,16:49:38,よろしくお願いします。
Account,内藤夏樹,2025/02/23,20:26:12,"毎々、お世話になっております。

93,700円をお振込みしました。"
User,まさひこ,2025/02/23,20:59:34,入金確認しました！
User,まさひこ,2025/02/24,16:53:21,遊戯王アーコレ買取していますか？
Account,内藤夏樹,2025/02/24,16:54:12,今はしておりません！
User,まさひこ,2025/02/24,16:54:39,承知しました。
User,まさひこ,2025/03/13,11:41:05,明日発売の熱風のアリーナは買取予定ありますか？
Account,内藤夏樹,2025/03/13,12:47:29,現在はありません！
User,まさひこ,2025/03/13,12:51:58,承知しました！
User,まさひこ,2025/03/14,10:24:50,遊戯王アーコレは買取してますか？
Account,内藤夏樹,2025/03/14,10:32:21,していません！
User,まさひこ,2025/03/14,10:33:19,承知しました！
User,まさひこ,2025/03/17,14:30:25,熱風のアリーナ買取してますか？
Account,内藤夏樹,2025/03/18,07:09:36,遅くなりました🙇🏻‍♂️
Account,内藤夏樹,2025/03/18,07:09:40,はい！買取しています！
User,まさひこ,2025/03/18,07:10:17,今日の買取価格は昼頃でますか？
Account,内藤夏樹,2025/03/18,07:11:08,はい！また昼頃決めましょう😊
User,まさひこ,2025/03/18,07:11:35,承知しました！
User,まさひこ,2025/03/18,14:15:46,熱風のアリーナはいくら買取ですか？
Account,内藤夏樹,2025/03/18,14:21:36,"13000円くらいでどうですか？
調べられてなくてごめんなさい🙇‍♀️"
User,まさひこ,2025/03/18,14:25:43,"よろしくお願いします！
クリムゾンも1BOX買取お願いできますか？"
User,まさひこ,2025/03/18,14:26:09,"熱風のアリーナ3
クリムゾン1BOXです！"
User,まさひこ,2025/03/18,14:27:18,熱風プロモパックは買取してませんよね？
Account,内藤夏樹,2025/03/18,14:31:21,"熱風　13,000
クリムゾン　6,000
プロモ 800"
Account,内藤夏樹,2025/03/18,14:31:28,こちらでお願いします！
Account,内藤夏樹,2025/03/18,14:31:43,"他に熱風売ってくれそうな人いたら
声掛けてください🙇🏻‍♂️🙇🏻‍♂️"
User,まさひこ,2025/03/18,14:34:34,プロモは8個です！
User,まさひこ,2025/03/18,14:34:55,これより梱包をし発送いたします。
Account,内藤夏樹,2025/03/18,14:38:45,"承知しました。
よろしくお願いします"
User,まさひこ,2025/03/18,15:10:57,279045567872
User,まさひこ,2025/03/18,15:11:10,明日午前指定で発送いたしました。
Account,内藤夏樹,2025/03/18,16:09:57,ありがとうございました。
Account,内藤夏樹,2025/03/20,17:00:39,"確認が遅くなり申し訳ございません。

こちらの熱風のアリーナが凹みと一部破れがございます。

弊社では買取の際には8000円で買取させていただけたらと思います。

もちろんそのままご返品も可能です。"
Account,内藤夏樹,2025/03/20,17:00:46,写真を送信しました。
User,まさひこ,2025/03/20,17:02:22,"大変申し訳ございません。
8000円でお願いします。"
Account,内藤夏樹,2025/03/20,17:02:49,"ご理解ありがとうございました。
こちらの価格で弊社で買取させていただきますね。"
Account,内藤夏樹,2025/03/20,17:05:49,"38,100をお振込します。"
Account,内藤夏樹,2025/03/20,17:06:20,"熱風 13000×2
熱風 8000
クリムゾン 6000
プロモ 800×8"
User,まさひこ,2025/03/20,17:09:05,合計46400円じゃないですか？
Account,内藤夏樹,2025/03/20,17:16:55,"合計に誤りがありました。
8300円をすぐにお振り込みします。"
User,まさひこ,2025/03/20,17:17:54,"すみません。
お願いします。"
Account,内藤夏樹,2025/03/20,17:34:05,買取価格は今どこが強いですか？
User,まさひこ,2025/03/20,17:40:17,ソムリエとかですかね？
User,まさひこ,2025/03/20,18:59:20,入金確認しました！
User,まさひこ,2025/03/29,20:15:31,"本日テラスタル、熱風、バトルパートナーズの買取いくらでしたか？
参考までに教えていただきたいです。"
Account,内藤夏樹,2025/03/29,20:35:54,"毎々、お世話になっております。
本日はとってませんでした🙇🏻‍♂️"
Account,内藤夏樹,2025/03/29,20:35:58,ご希望あれば教えてください
User,まさひこ,2025/03/29,20:40:56,来週買取お願いしようかと思ってまして、とりあえず現状知りたくて聞きました。
User,まさひこ,2025/04/03,16:35:59,熱風、バトパ買取いくらでしょうか？
Account,内藤夏樹,2025/04/04,08:51:24,"毎々、お世話になっております！

希望ありますか？"
User,まさひこ,2025/04/04,09:24:42,"熱風12500
バトパ9100
テラスタル13000
いかがでしょうか？
これより高い場合はにこにこさんの値段でおお願いします。

ナイトワンダラーも買取お願いします。"
User,まさひこ,2025/04/04,09:25:24,"熱風2
バトパ2
テラスタル2
ナイト3です。"
User,まさひこ,2025/04/04,09:25:48,ワンピ神速も、買取してたら助かります。
Account,内藤夏樹,2025/04/04,09:49:27,熱風は12200でいかがでしょうか。
Account,内藤夏樹,2025/04/04,09:49:36,神速はカートンのみとなります🙇🏻‍♂️🙇🏻‍♂️
User,まさひこ,2025/04/04,09:55:20,"12200お願いします！
神速承知しました。"
Account,内藤夏樹,2025/04/04,09:59:01,はい、よろしくお願いします。
Account,内藤夏樹,2025/04/04,09:59:18,ナイトは買取停止中です
User,まさひこ,2025/04/04,10:00:14,"熱風12200
バトパ9100
テラスタル13000
お願いします。
"
Account,内藤夏樹,2025/04/04,10:04:39,はい、よろしくお願い申し上げます。
User,まさひこ,2025/04/04,10:48:05,279047551985
User,まさひこ,2025/04/04,10:48:16,明日午前指定で発送いたしました。
Account,内藤夏樹,2025/04/04,16:03:18,ありがとうございました。
Account,内藤夏樹,2025/04/05,16:40:53,"テラスタルフェスexに1点凹みがありましたため、1000円減額となります。

よろしいでしょうか。"
Account,内藤夏樹,2025/04/05,16:41:06,写真を送信しました。
Account,内藤夏樹,2025/04/05,16:42:38,"合計で 67,600円となります。"
User,まさひこ,2025/04/05,16:49:34,お願いします。
User,まさひこ,2025/04/05,16:50:10,"発送前検品では潰れてなかったのですが😓
輸送の際に潰れてしまったのでしょうね😓"
Account,内藤夏樹,2025/04/05,16:57:03,"ご確認をありがとうございました。
今夜振込みします。"
Account,内藤夏樹,2025/04/05,16:57:27,梱包はとてもしっかりされておりますので、梱包前かなあと思います。
User,まさひこ,2025/04/05,16:58:10,承知しました。
User,まさひこ,2025/04/06,16:51:23,入金確認しました！
Account,内藤夏樹,2025/04/06,17:06:45,ありがとうございました。
User,まさひこ,2025/04/09,13:59:09,スペシャルバトルセットは買取してますか？
Account,内藤夏樹,2025/04/10,07:55:07,"毎々、お世話になっております。
スペシャルバトルセットとはなんですか？"
User,まさひこ,2025/04/10,08:00:27,ニャースプロモ入ってるやつです！
Account,内藤夏樹,2025/04/10,09:02:08,ああ！書います！
User,まさひこ,2025/04/10,09:06:02,いくらですか？
User,まさひこ,2025/04/10,09:06:21,シュリ付き未開封です。
Account,内藤夏樹,2025/04/10,13:30:47,希望あればお願いします！
Account,内藤夏樹,2025/04/10,13:31:26,https://x.com/kaitoriexpo/status/1910174979993608329?s=46&t=TLkfEM-H1zcz42sr9LdUHw
User,まさひこ,2025/04/10,13:35:53,にこにこさんはいくらの買取予定ですか？
Account,内藤夏樹,2025/04/10,13:36:18,こちらに100円上乗せしますよ！
Account,内藤夏樹,2025/04/10,13:36:50,"他にもありませんか？
振込み手数料をなくして欲しいです"
User,まさひこ,2025/04/10,13:38:04,熱風2、超電1あります！
User,まさひこ,2025/04/10,13:38:19,バトルセットは２つです！
Account,内藤夏樹,2025/04/10,13:40:23,10万円以上は出して欲しいです、、、
Account,内藤夏樹,2025/04/10,13:40:36,100円引いても意味が無くなっちゃいます、、、
Account,内藤夏樹,2025/04/10,13:40:47,100円上乗せしてもでした
User,まさひこ,2025/04/10,13:41:22,もう少し在庫まとまってから買取りお願いします。
Account,内藤夏樹,2025/04/10,13:41:29,はい、よろしくお願いします
User,まさひこ,2025/04/10,13:41:58,ロケット団は買取予定ありますか？
Account,内藤夏樹,2025/04/10,13:42:16,"今の所はないです。
確定しているものがあれば教えてください"
User,まさひこ,2025/04/10,13:42:35,ロケット団の確定分ですか？
Account,内藤夏樹,2025/04/10,13:42:40,はい
Account,内藤夏樹,2025/04/10,13:42:47,相談可能です
User,まさひこ,2025/04/10,13:43:48,5BOXとセブン一店舗分です！
Account,内藤夏樹,2025/04/10,13:44:06,発売日当日発送ですよね？
User,まさひこ,2025/04/10,13:44:25,そのつもりです！
Account,内藤夏樹,2025/04/10,13:44:35,希望あれば！お願いします！
User,まさひこ,2025/04/10,13:44:56,他よりにこにこさんが高ければよろしくお願いします！
Account,内藤夏樹,2025/04/10,13:45:08,なので希望を聞いています
User,まさひこ,2025/04/10,13:46:20,２万2000円くらいですかね？
User,まさひこ,2025/04/10,13:47:16,どんなもんなんでしょうか？
Account,内藤夏樹,2025/04/10,13:56:28,2.2だと、普通に買えちゃいます、、、笑
User,まさひこ,2025/08/03,08:49:20,本日はブレイブ、シンフォニアの買取しますか？
Account,内藤夏樹,2025/08/03,13:29:22,"毎々、お世話になっております。
現在停止中です。"
User,まさひこ,2025/08/03,13:29:39,承知しました。
User,まさひこ,2025/09/16,11:48:58,二つの伝説6500円なんですか？
Account,内藤夏樹,2025/09/16,12:06:16,"毎々、お世話になっております。
二つの伝説は価格掲載ミスがありました🙇🏻‍♂️"
User,まさひこ,2025/12/27,13:41:21,スタートデッキは買取していますか？
Account,内藤夏樹,2025/12/27,19:21:30,"毎々、お世話になっております。
カートンと白箱のみとなります🙇🏻‍♂️"
User,まさひこ,2025/12/27,19:22:16,承知しました。
