﻿アカウント名,にこにこ買取＠業界最高の買取価格宣言！
タイムゾーン,'+09:00
ダウンロード日時,2026/02/21 04:37
送信者タイプ,送信者名,送信日,送信時刻,内容
Account,応答メッセージ,2025/06/09,15:00:28,"直樹さん
はじめまして！にこにこ買取＠業界最高の買取価格宣言！です。
友だち追加ありがとうございます！
にこにこ買取です(moon big smile)

ポケモンカードなどトレーディングカード全般の買取を行っております。
買取ご希望のお客様はなんでもお気軽に連絡してください(saluting man)

ご郵送買取の流れはメニューから”郵送買取の流れ”をご確認ください(sparkle)

お問い合わせなどはお気軽にメッセージからご連絡ください(phone)"
Account,応答メッセージ,2025/06/09,15:00:28,写真を送信しました。
Account,応答メッセージ,2025/06/09,15:00:28,写真を送信しました。
Account,応答メッセージ,2025/06/09,15:00:28,写真を送信しました。
User,直樹,2025/09/22,12:48:59,"はじめまして
ワンピース受け継がれる意志 OP-13　
３箱
７０００円
よろしくお願いします"
Account,内藤夏樹,2025/09/22,12:51:53,"毎々、お世話になっております。
御見積書を送付いたします。

買取見積書 -
・ワンピースカード　受け継がれる意思　3箱　単価7,000円　小計21,000円

減額項目（ある場合）：
・減額項目：-円 × 点 = -円

合計：21,000円
減額合計：0円
最終買取金額：21,000円"
Account,内藤夏樹,2025/09/22,12:51:55,よろしくお願い申し上げます。
User,直樹,2025/09/22,14:21:51,"発送完了しました
クロネコヤマト
279067516033
辻直樹
よろしくお願いします"
Account,内藤夏樹,2025/09/22,14:23:07,ありがとうございます。
User,直樹,2025/09/22,14:24:21,送信しましたフォームのほうは大丈夫でしたでしょうか？
Account,内藤夏樹,2025/09/22,14:26:09,はい、確認できております。
User,直樹,2025/09/22,14:26:39,"わかりました
それではよろしくお願いします"
Account,内藤夏樹,2025/09/22,14:27:45,よろしくお願い申し上げます。
User,直樹,2025/10/22,12:42:31,"お世話になります
インフェルノ6
ブラックボルト3
ホワイトフレア3
以上買取お願いしたいです
よろしくお願いします"
Account,内藤夏樹,2025/10/22,12:42:44,毎々、お世話になっております。
Account,内藤夏樹,2025/10/22,12:43:28,"毎々、お世話になっております。
御見積書を送付いたします。

買取見積書 -
・ポケモンカード　インフェルノX　6箱　単価15,600円　小計93,600円
・ポケモンカード　ブラックボルト　3箱　単価9,500円　小計28,500円
・ポケモンカード　ホワイトフレア　3箱　単価8,700円　小計26,100円

合計：148,200円
減額合計：0円
最終買取金額：148,200円"
User,直樹,2025/10/22,12:47:29,"ありがとうございます
フォームの入力いたします
送料着払サービスを利用して発送で大丈夫ですか？"
Account,内藤夏樹,2025/10/22,12:48:37,はい、よろしくお願い申し上げます。
User,直樹,2025/10/22,12:48:53,わかりました
User,直樹,2025/10/22,14:33:58,"先程発送完了致しました
クロネコヤマト
461589192746
辻直樹
よろしくお願いします"
User,直樹,2025/10/22,14:34:07,写真を送信しました。
Account,内藤夏樹,2025/10/23,22:48:20,"毎々、お世話になっております。
遅くに申し訳ございません。

お振込みを完了しております。
ありがとうございました。"
User,直樹,2025/10/23,22:49:46,"着金確認しました
またよろしくお願いします"
User,直樹,2025/12/02,12:42:59,"お世話になります
メガドリーム24箱買取お願いします"
Account,AIチャットボット(β),2025/12/02,12:43:00,情報利用許可のお願い
User,直樹,2025/12/19,14:43:16,"お世話になります
スターターデッキ16個お願いしたいです
明日到着で3500円大丈夫でしょうか？"
Account,内藤夏樹,2025/12/19,14:50:39,はい、よろしくお願いします。
Account,内藤夏樹,2025/12/19,14:50:52,"毎々、お世話になっております。
御見積書を送付いたします。
	•	買取見積書 -
・ポケモンカード　スタートデッキ100バトルコレクション　16箱　単価3,500円　小計56,000円

合計箱数：16箱
合計：56,000円
減額合計：0円
最終買取金額：56,000円

【スタートデッキ100バトルコレクション 専用注意事項】
・配送希望：20日午前中必着
・予約後キャンセル不可
・利用規約を必ずご確認ください

ご確認のほど、よろしくお願いいたします。"
User,直樹,2025/12/19,17:02:47,"お世話になります
16箱予定ですが、2箱追加は大丈夫でしょうか？
よろしくお願いします"
Account,内藤夏樹,2025/12/19,17:06:06,"大丈夫です。
よろしくお願い申し上げます。"
User,直樹,2025/12/19,17:07:02,"このまま発送箱の中に追加して送付いたします
新しく申し込み必要でしょうか？"
Account,内藤夏樹,2025/12/19,17:09:58,こちらのLINEで更新を賜りました。
User,直樹,2025/12/19,17:10:46,"わかりました
ありがとうございます
それでは発送いたしますので、画像お待ちください"
User,直樹,2025/12/19,17:21:30,写真を送信しました。
User,直樹,2025/12/19,17:21:43,"発送完了致しました
よろしくお願いします"
Account,内藤夏樹,2025/12/19,17:22:21,ありがとうございました。
Account,内藤夏樹,2025/12/20,10:40:58,"毎々お世話になっております。
発送先の住所に誤りがあるため、転送費用が1000円ほどかかります。"
User,直樹,2025/12/20,11:06:34,"すみません
わかりました
振込額より減額でお願いしても大丈夫でしょうか？"
Account,内藤夏樹,2025/12/20,15:59:51,"配送先誤りによる到着遅延が発生しております。 この場合、誠に恐縮ですが利用規約第4条第2項に基づき、仮査定価格ではなく「実到着日（12/21）の相場価格」にて買取を行わせていただきます。

 • 買取見積書 -
・ポケモンカード　スタートデッキ100バトルコレクション　16箱　単価 2,700円"
User,直樹,2025/12/20,16:00:35,"わかりました
よろしくお願いします"
Account,内藤夏樹,2025/12/20,16:00:41,ご理解ありがとうございます。
Account,内藤夏樹,2025/12/21,17:29:13,"毎々、お世話になっております。
御見積書を送付いたします。

買取見積書 -
・ポケモンカード　スタートデッキ100バトルコレクション　16箱　単価2,700円　小計43,200円

減額項目：
・送料転送：-1,000円
合計箱数：16箱
合計：43,200円
減額合計：1,000円
最終買取金額：42,200円"
User,直樹,2025/12/21,17:29:41,"はい
わかりました
よろしくお願いします"
User,直樹,2025/12/22,12:41:05,"すみません
先日18個に変更して了解いただいております
現在入金いただいておりますのが16個分でして、２個分不足しております
確認のほどよろしくお願いします"
Account,内藤夏樹,2025/12/22,13:03:51,"毎々、お世話になっております。
大変申し訳ございません。
至急不足分の

5,400円

をお振込みします。"
User,直樹,2025/12/22,13:09:06,"お手数おかけして申し訳ありません
よろしくお願いします"
Account,内藤夏樹,2025/12/22,13:55:45,"こちらこそ申し訳ございません。
本日お振込み致します。"
User,直樹,2025/12/22,13:56:16,"ありがとうございます
お待ちしております🙇"
Account,内藤夏樹,2025/12/22,19:53:53,"毎々、お世話になっております。
お振込みを行いました。
ご確認を宜しくお願い致します。"
User,直樹,2025/12/22,20:02:29,"ご多忙の中、お手数おかけして申し訳ありませんでした
着金確認致しました。
またよろしくお願いします
ありがとうございました(ありがとう)"
