﻿アカウント名,にこにこ買取＠業界最高の買取価格宣言！
タイムゾーン,'+09:00
ダウンロード日時,2026/02/21 04:37
送信者タイプ,送信者名,送信日,送信時刻,内容
Account,応答メッセージ,2025/07/19,13:17:10,"ちかいさん
はじめまして！にこにこ買取＠業界最高の買取価格宣言！です。
友だち追加ありがとうございます！
にこにこ買取です(moon big smile)

ポケモンカードなどトレーディングカード全般の買取を行っております。
買取ご希望のお客様はなんでもお気軽に連絡してください(saluting man)

ご郵送買取の流れはメニューから”郵送買取の流れ”をご確認ください(sparkle)
URL→https://docs.google.com/document/d/1C26OXaKsxKKKeJA-46Uvyudph5wG-l-PZCBXFh9K5Nw/edit?usp=sharing

ご郵送買取ご希望の場合にはメニューの”申し込みフォーム”からご申請が可能となっております。

お問い合わせなどはお気にご連絡ください。"
Account,応答メッセージ,2025/07/19,13:17:10,写真を送信しました。
User,ちかい,2025/12/19,15:38:20,"お世話になります。
スタートデッキ100 バトルコレクション ×26箱　
買取希望です。
よろしくお願いします。"
Account,内藤夏樹,2025/12/19,15:57:06,"毎々、お世話になっております。
御見積書を送付いたします。
	•	買取見積書 -
・ポケモンカード　スタートデッキ100バトルコレクション　26箱　単価3,500円　小計91,000円

合計箱数：26箱
合計：91,000円
減額合計：0円
最終買取金額：91,000円

20箱以上のため、送料は弊社負担でお送りください。

【スタートデッキ100バトルコレクション 専用注意事項】
・配送希望：20日午前中必着
・予約後キャンセル不可
・利用規約を必ずご確認ください

ご確認のほど、よろしくお願いいたします。"
Account,内藤夏樹,2025/12/19,15:57:08,よろしくお願い申し上げます。
User,ちかい,2025/12/19,16:55:17,"商品発送致しました。
ヤマト運輸/4677-1267-5592/中山誓
よろしくお願い致します。"
Account,内藤夏樹,2025/12/20,10:29:18,24箱しか確認できませんでした。
User,ちかい,2025/12/20,10:31:35,"こちらの記載ミスです。
24箱でした。"
User,ちかい,2025/12/20,10:31:43,写真を送信しました。
Account,内藤夏樹,2025/12/20,10:36:12,申請後のキャンセルはできないため、本日送っていただけますでしょうか。
User,ちかい,2025/12/20,10:42:56,今一箱しか手元になく、明日か明後日にもう一箱届きますが、本日に二箱送るのは難しい状態です。
Account,内藤夏樹,2025/12/20,10:50:27,"1箱をお送りください。
キャンセル料が発生する事案ですので至急対応いただけますと幸いです。"
User,ちかい,2025/12/20,10:52:51,了解致しました。本日、一箱発送致します。
Account,内藤夏樹,2025/12/20,10:54:04,よろしくお願いいたします。
User,ちかい,2025/12/20,13:46:31,"発送致しました。
ヤマト運輸/4681-1664-7316
よろしくお願い致します。"
Account,内藤夏樹,2025/12/20,14:50:57,ありがとうございました。
Account,内藤夏樹,2025/12/21,11:52:43,"御見積書を送付いたします。

買取見積書 -
・ポケモンカード　スタートデッキ100バトルコレクション　24箱　単価3,500円　小計84,000円
・ポケモンカード　スタートデッキ100バトルコレクション　1箱　単価2,700円　小計2,700円

合計箱数：25箱
合計：86,700円
減額合計：0円
最終買取金額：86,700円"
User,ちかい,2025/12/21,14:02:26,"ご迷惑お掛けしました。
また、機会があればよろしくお願い致します。"
