﻿アカウント名,にこにこ買取＠業界最高の買取価格宣言！
タイムゾーン,'+09:00
ダウンロード日時,2026/02/21 04:37
送信者タイプ,送信者名,送信日,送信時刻,内容
Account,応答メッセージ,2025/09/09,19:16:38,"鮎さん
はじめまして！にこにこ買取＠業界最高の買取価格宣言！です。
友だち追加ありがとうございます！
にこにこ買取です(moon big smile)

ポケモンカードなどトレーディングカード全般の買取を行っております。
買取ご希望のお客様はなんでもお気軽に連絡してください(saluting man)

ご郵送買取の流れはメニューから”郵送買取の流れ”をご確認ください(sparkle)

ご郵送買取ご希望の場合にはメニューの”申し込みフォーム”からご申請が可能となっております。

お問い合わせなどはお気にご連絡ください。"
User,鮎,2025/09/09,19:16:41,お疲れ様です
User,鮎,2025/09/09,19:16:52,discordでの買取価格掲載は終了でしょうか？
Account,内藤夏樹,2025/09/09,20:57:49,"毎々、お世話になっております。
はい、終了し、公式ラインに移行しました。"
User,鮎,2025/12/20,16:47:57,お疲れ様です。
User,鮎,2025/12/20,16:48:14,"スタートデッキ100
買取お願いします"
Account,内藤夏樹,2025/12/20,17:02:17,〆切となりました。
User,鮎,2025/12/20,17:03:47,わかりました！
