﻿アカウント名,にこにこ買取＠業界最高の買取価格宣言！
タイムゾーン,'+09:00
ダウンロード日時,2026/02/21 04:37
送信者タイプ,送信者名,送信日,送信時刻,内容
Account,応答メッセージ,2025/06/11,11:19:33,"pokemonさん
はじめまして！にこにこ買取＠業界最高の買取価格宣言！です。
友だち追加ありがとうございます！
にこにこ買取です(moon big smile)

ポケモンカードなどトレーディングカード全般の買取を行っております。
買取ご希望のお客様はなんでもお気軽に連絡してください(saluting man)

ご郵送買取の流れはメニューから”郵送買取の流れ”をご確認ください(sparkle)

お問い合わせなどはお気軽にメッセージからご連絡ください(phone)"
Account,応答メッセージ,2025/06/11,11:19:33,写真を送信しました。
Account,応答メッセージ,2025/06/11,11:19:33,写真を送信しました。
Account,応答メッセージ,2025/06/11,11:19:33,写真を送信しました。
User,PIKA,2025/06/11,11:21:35,すみません、今日はホワイトフレアとブラックボルトの box買取ありますか？
Account,内藤夏樹,2025/06/11,11:24:21,"毎々、お世話になっております。
明日着のみ受付可能です。

10800円ね"
Account,内藤夏樹,2025/06/11,11:24:23,です
User,PIKA,2025/06/11,11:31:06,boxどのぐらいいけますか？
Account,内藤夏樹,2025/06/11,11:31:15,100ずつ欲しいです
User,PIKA,2025/07/01,13:45:32,"すみません
"
User,PIKA,2025/07/01,13:45:38,写真を送信しました。
User,PIKA,2025/07/01,13:46:02,これ16セットありけど
User,PIKA,2025/07/01,13:46:12,送信が取り消されたメッセージです
User,PIKA,2025/07/01,13:46:24,まだ買取行けますか？
Account,内藤夏樹,2025/07/01,13:46:47,"毎々、お世話になっております。

ブラックボルトは8900円になりました。
ホワイトフレアは8800円です。"
User,PIKA,2025/07/01,13:47:24,どっちも9千円無理ですね🥵
Account,内藤夏樹,2025/07/01,13:47:40,ブラックボルトは9000円OKです
User,PIKA,2025/07/01,13:48:54,ちょっと考える😓
Account,内藤夏樹,2025/07/01,14:42:51,おけです
User,PIKA,2025/07/14,12:26:00,"こんにちは、
長期的なお取引をさせていただきたいと考えております。本日はどのような箱をご購入されますか？集荷し、明日の朝に発送いたしますので、お手元に届くと思います。ご希望の数量と価格表をお知らせください。
よろしくお願い致します🙇"
User,PIKA,2025/07/17,12:41:45,"Ar 100枚あるんけど
180円難しいですね😓"
User,PIKA,2025/07/17,12:42:26,sr も100枚ぐらいあり
Account,内藤夏樹,2025/07/17,12:43:57,こんにちは！
Account,内藤夏樹,2025/07/17,12:44:04,同じカード3枚まで
Account,内藤夏樹,2025/07/17,12:44:08,大丈夫ですか？
User,PIKA,2025/07/17,12:45:36,大丈夫ね😊
Account,内藤夏樹,2025/07/17,12:48:37,"わかりました。
何枚ありますか？"
Account,内藤夏樹,2025/07/17,12:48:49,"170円でどうですか？
SRは320円"
User,PIKA,2025/07/17,12:49:43,まだ正確な数を数えていません。今夜お知らせしてもよろしいでしょうか？
User,PIKA,2025/07/17,12:50:10,スタンプを送信しました。
Account,内藤夏樹,2025/07/17,12:50:41,"いいですよ。
ありがとうございます。"
Account,内藤夏樹,2025/07/17,12:50:47,数はもっとほしいです。
Account,内藤夏樹,2025/07/18,12:34:16,数えましたか
Account,内藤夏樹,2025/07/18,12:34:20,早くほしいです
User,PIKA,2025/07/18,12:38:21,"忘れちゃった
srは100枚
Ar50枚しかない😓"
User,PIKA,2025/07/18,12:39:00,遅い返事は本当にごめんなさい🙇‍♂️
Account,内藤夏樹,2025/07/18,12:39:55,いいですよ。
Account,内藤夏樹,2025/07/18,12:39:58,申請をお願いします。
User,PIKA,2025/07/18,12:52:55,写真を送信しました。
Account,内藤夏樹,2025/07/18,12:55:08,ありがとうございます。
Account,内藤夏樹,2025/07/18,12:55:12,発送してください
Account,内藤夏樹,2025/07/18,12:55:31,"株式会社AiGIVE 内藤宛
940-0864
新潟県長岡市川崎3-2366-7-103
070-9126-7304"
Account,内藤夏樹,2025/07/18,12:55:34,ここに送ってください。
User,PIKA,2025/07/18,12:55:54,"はい
今日発送します
よろしくお願い致します。"
User,PIKA,2025/07/18,13:34:23,今日box値段買取ありますか？
Account,内藤夏樹,2025/07/18,13:35:23,昨日と同じです
User,PIKA,2025/07/18,20:12:51,写真を送信しました。
User,PIKA,2025/07/18,20:13:18,それ明日この値段大丈夫ですか？
User,PIKA,2025/07/18,20:13:42,たぶんどっちも20boxぐらいあります
Account,内藤夏樹,2025/07/18,22:09:01,明日また相談にしましょう
User,PIKA,2025/07/18,23:14:01,よろしくお願い致します。
User,PIKA,2025/07/18,23:15:25,"あ
Ar 実は55枚だけど、でも50枚大丈夫🙆
少し4枚同じあるのでごめんなさい🙇‍♂️"
Account,内藤夏樹,2025/07/18,23:31:59,はい、
Account,内藤夏樹,2025/07/19,11:00:47,"AR: 55枚 × 170円 = 9,350円

SR: 68枚 × 320円 = 21,760円

合計は 9,350円+21,760円=31,110円 となります。

SRはポケモンのみとなりますので34枚は返送します。

"
User,PIKA,2025/07/19,11:06:27,"はい
分かりました"
Account,内藤夏樹,2025/07/19,11:22:58,"AR
や
SRはまだ集まりますか？"
User,PIKA,2025/07/19,11:23:25,送信が取り消されたメッセージです
User,PIKA,2025/07/19,11:23:38,まだあります。
Account,内藤夏樹,2025/07/19,11:29:45,売ってください
User,PIKA,2025/07/19,11:30:22,まだ正確な数を数えていません。今夜お知らせしてもよろしいでしょうか？
User,PIKA,2025/07/19,11:30:37,"あ
今日box値段買取ありますか？"
User,PIKA,2025/07/19,11:30:50,昨日の同じですか？
Account,内藤夏樹,2025/07/19,11:39:59,もちろんです。
Account,内藤夏樹,2025/07/19,11:40:06,どの箱を売りたいですか
User,PIKA,2025/07/19,11:40:26,写真を送信しました。
User,PIKA,2025/07/19,11:40:47,このbox売りたい😓
Account,内藤夏樹,2025/07/19,11:40:51,今日の昼過ぎに決めたいです
Account,内藤夏樹,2025/07/19,11:40:54,何箱ありますか？
User,PIKA,2025/07/19,11:42:18,どっちもたぶん20boxから30boxぐらいかな
Account,内藤夏樹,2025/07/19,11:53:16,これの200円プラスにします
Account,内藤夏樹,2025/07/19,11:53:22,写真を送信しました。
User,PIKA,2025/07/19,11:54:33,"はい
分かりました、
本日は数量を報告し発送させていただきます。"
Account,内藤夏樹,2025/07/19,11:54:39,よろしくお願い申し上げます。
Account,内藤夏樹,2025/07/19,11:54:52,"一緒に振込しますね。
手数料が節約できます"
Account,内藤夏樹,2025/07/19,11:54:58,また教えてください
User,PIKA,2025/07/19,11:55:12,"はい
よろしくお願い致します"
User,PIKA,2025/07/19,20:14:27,写真を送信しました。
User,PIKA,2025/07/19,20:15:07,本日発送いたしましたので、明日の朝にはお受け取りいただけると思います。
User,PIKA,2025/07/19,20:15:10,よろしくお願い致します。
User,PIKA,2025/07/19,20:15:37,写真を送信しました。
User,PIKA,2025/07/19,20:16:48,この箱はまだ必要ですか？明日商品が届くので75セットくらいあります。
Account,内藤夏樹,2025/07/20,11:17:09,必要です。
Account,内藤夏樹,2025/07/20,11:17:16,価格は追って相談しましょう。
Account,内藤夏樹,2025/07/20,11:17:22,SRやARは集まりますか？
User,PIKA,2025/07/20,13:20:29,"あ
sr:50
Arも50枚あります"
User,PIKA,2025/07/20,13:38:28,写真を送信しました。
User,PIKA,2025/07/20,13:38:46,これまだ13700 ですか？
Account,内藤夏樹,2025/07/20,13:39:21,13500どうですか？
User,PIKA,2025/07/20,13:42:15,"13600お願い🥵
"
Account,内藤夏樹,2025/07/20,13:42:24,わかりました
Account,内藤夏樹,2025/07/20,13:42:33,ARやSRはもっと欲しい
Account,内藤夏樹,2025/07/20,17:01:34,送ってくださいね
Account,内藤夏樹,2025/07/20,17:01:37,申請も、よろしくお願い申し上げます。
User,PIKA,2025/07/21,00:20:04,写真を送信しました。
User,PIKA,2025/07/21,00:21:03,"携帯の電池が切れてその時間にテキストメッセージを送れなかったので、今日送りました。
本当にごめんなさい🙇‍♂️"
User,PIKA,2025/07/21,00:21:39,ar vs sr 明日送ってもいいですか？
User,PIKA,2025/07/21,00:21:54,"Ar：50枚
sr：150枚"
Account,内藤夏樹,2025/07/21,08:49:40,大丈夫です。
Account,内藤夏樹,2025/07/21,08:49:51,すべて揃って振込をしますね
Account,内藤夏樹,2025/07/21,08:57:26,"こちらの申請をお願い致します。
ポケモンカード ブラックボルト	6箱	9,400円	56,400円
ポケモンカード ホワイトフレア	7箱	8,700円	60,900円
ポケモンカード ロケット団の栄光	8箱	11,200円	89,600円
ポケモンカード 超電ブレイカー	5箱	10,800円	54,000円
ポケモンカード 熱風のアリーナ	1箱	9,000円	9,000円
ポケモンカード ワイルドフォース	1箱	7,000円	7,000円

合計：276,900円

減額：
・店舗シール：-100円 × 3点 = -300円
・凹み：-700円 × 1点 = -700円

減額合計：-1,000円
最終買取金額：275,900円
"
Account,内藤夏樹,2025/07/21,11:22:31,"毎々、お世話になっております。  
御見積書を送付いたします。

- 買取見積書 -
・ポケモンカード　ブラックボルト（デラックス）　12箱　単価13,700円　小計164,400円  
・ポケモンカード　ホワイトフレア（デラックス）　4箱　単価13,700円　小計54,800円  
・ポケモンカード　サイバージャッジ　4箱　単価6,600円　小計26,400円  
・ポケモンカード　バトルパートナーズ　1箱　単価7,200円　小計7,200円  
・ポケモンカード　楽園ドラゴーナ　2箱　単価8,500円　小計17,000円  
・ポケモンカード　ホワイトフレア　25箱　単価8,700円　小計217,500円  
・ポケモンカード　シャイニートレジャーex　2箱　単価8,500円　小計17,000円  
・ポケモンカード　テラスタルフェスex　2箱　単価10,600円　小計21,200円

減額項目：なし

合計：525,500円  
減額合計：0円  
**最終買取金額：525,500円**

ご確認のほど、よろしくお願いいたします。"
User,PIKA,2025/07/21,11:43:49,"はい、あってます
よろしくお願い致します。"
Account,内藤夏樹,2025/07/21,12:00:47,申請してください
User,PIKA,2025/07/21,12:13:04,写真を送信しました。
User,PIKA,2025/07/21,12:13:19,送りました。
Account,内藤夏樹,2025/07/21,13:10:26,ありがとうございました。
User,PIKA,2025/07/21,13:15:33,写真を送信しました。
User,PIKA,2025/07/21,13:15:52,送信が取り消されたメッセージです
User,PIKA,2025/07/21,13:16:12,今日のboxの買取ですね？
Account,内藤夏樹,2025/07/21,13:34:55,今日はもう〆切ました
User,PIKA,2025/07/21,17:04:58,写真を送信しました。
User,PIKA,2025/07/21,17:05:09,これですね
Account,内藤夏樹,2025/07/21,17:05:17,ありがとうございました。
User,PIKA,2025/07/21,17:05:26,rr 欲しいですか？
Account,内藤夏樹,2025/07/21,17:05:34,今は大丈夫です。
User,PIKA,2025/07/22,12:27:59,今日まとめ全部振り込みですか？
Account,内藤夏樹,2025/07/22,12:30:25,その予定です
User,PIKA,2025/07/22,13:43:34,今日boxの買取やってますか？
Account,内藤夏樹,2025/07/22,13:44:17,やっています
User,PIKA,2025/07/22,13:44:37,写真を送信しました。
User,PIKA,2025/07/22,13:44:52,値段同じですか？
Account,内藤夏樹,2025/07/22,13:45:08,〆切もありますが、大丈夫です
User,PIKA,2025/07/22,13:45:46,スタンプを送信しました。
Account,内藤夏樹,2025/07/22,15:55:15,"毎々、お世話になっております。  
御見積書を送付いたします。

- 買取見積書 -
・ポケモンカード　ホワイトフレア（デラックス）　24箱　単価13,700円　小計328,800円  
・ポケモンカード　サイバージャッジ　4箱　単価6,600円　小計26,400円  
・ポケモンカード　バトルパートナーズ　1箱　単価7,200円　小計7,200円  
・ポケモンカード　楽園ドラゴーナ　2箱　単価8,500円　小計17,000円  
・ポケモンカード　ホワイトフレア　4箱　単価8,700円　小計34,800円  
・ポケモンカード　ブラックボルト　12箱　単価9,400円　小計112,800円  
・ポケモンカード　シャイニートレジャーex　2箱　単価8,500円　小計17,000円  
・ポケモンカード　テラスタルフェスex　2箱　単価10,600円　小計21,200円

減額項目：
・店舗シール：-100円 × 3点 = -300円  
・凹み：-700円 × 2点 = -1,400円

合計：565,200円  
減額合計：-1,700円  
最終買取金額：563,500円

ご確認のほど、よろしくお願いいたします。"
User,PIKA,2025/07/22,15:56:13,"はい
よろしくお願い致します。"
Account,内藤夏樹,2025/07/22,16:07:39,送信が取り消されたメッセージです
Account,内藤夏樹,2025/07/22,16:07:53,"毎々、お世話になっております。  
御見積書を送付いたします。

- 買取見積書 -
・ポケモンカード　AR　53枚　単価170円　小計9,010円  
・ポケモンカード　SR　140枚　単価330円　小計46,200円  
・ポケモンカード　SR（同一カード10枚目以降）　29枚　単価150円　小計4,350円

減額項目：なし

合計：59,560円  
減額合計：0円  
最終買取金額：59,560円

ご確認のほど、よろしくお願いいたします。
"
Account,内藤夏樹,2025/07/22,16:08:46,"同じカード5枚までだけどおまけで10枚までOKしました。

トレーナーは61枚ありましたので返しますね。"
Account,内藤夏樹,2025/07/22,16:10:58,"これまでの3つの買取見積書の最終買取金額を合計して、最終的な合計金額を算出します。

ポケモンカード (AR/SRメイン) の最終買取金額: 59,560円

ポケモンカード (ボックス各種) の最終買取金額: 563,500円

ポケモンカード (複数ボックス) の最終買取金額: 275,900円

これらの合計は、

59,560円+563,500円+275,900円=898,960円"
Account,内藤夏樹,2025/07/22,16:16:17,振り込みしました。
User,PIKA,2025/07/22,20:41:34,写真を送信しました。
User,PIKA,2025/07/22,20:41:56,"今日これだけ送った、
よろしくお願い致します。"
Account,内藤夏樹,2025/07/23,08:46:59,"はい、ありがとうございました。

事前に教えてくださいね"
User,PIKA,2025/07/23,19:40:46,"はい
分かりました。"
User,PIKA,2025/07/23,19:40:54,srまだ欲しいですか？
Account,内藤夏樹,2025/07/23,21:39:24,欲しいです
Account,内藤夏樹,2025/07/24,12:43:03,申請しましたか？
Account,内藤夏樹,2025/07/24,12:43:41,ブラックボルトホワイトフレア
User,PIKA,2025/07/24,12:43:50,忘れちゃった😓😓
User,PIKA,2025/07/24,12:44:02,"今やってる
ごめんなさい"
Account,内藤夏樹,2025/07/24,12:44:11,"ブラックボルト　8800円
ホワイトフレア　8200円

本当は22日はもっと安いけどおまけします。"
Account,内藤夏樹,2025/07/24,12:44:16,SRとARもっとください。
User,PIKA,2025/07/24,12:45:32,写真を送信しました。
User,PIKA,2025/07/24,12:45:33,写真を送信しました。
User,PIKA,2025/07/24,12:45:53,"あ
それこのbox送った"
User,PIKA,2025/07/24,12:46:02,はい
Account,内藤夏樹,2025/07/24,12:46:27,確認しますね。夜になります。
User,PIKA,2025/07/25,18:16:27,写真を送信しました。
User,PIKA,2025/07/25,18:16:44,"これ送りました
よろしくお願い致します。"
User,PIKA,2025/07/25,22:57:25,写真を送信しました。
User,PIKA,2025/07/25,22:57:25,写真を送信しました。
User,PIKA,2025/07/25,22:58:12,このboxのARは200円難しいですね？
Account,内藤夏樹,2025/07/26,11:51:32,このARはいくらがいいですか
User,PIKA,2025/07/26,11:52:36,200円どうですか？
Account,内藤夏樹,2025/07/26,11:52:48,"いいですよ。
何枚ある？"
Account,内藤夏樹,2025/07/26,11:52:53,"毎々、お世話になっております。  
御見積書を送付いたします。

- 買取見積書 -
・ポケモンカード　ブラックボルト（デラックス）　3箱　単価13,600円　小計40,800円  
・ポケモンカード　ホワイトフレア（デラックス）　3箱　単価13,600円　小計40,800円

減額項目：なし

合計：81,600円  
減額合計：0円  
最終買取金額：81,600円

ご確認のほど、よろしくお願いいたします。"
User,PIKA,2025/07/26,11:53:11,ありがとうございます。
User,PIKA,2025/07/26,11:57:35,今聞きてます、ちょっと待ってくださいね
Account,内藤夏樹,2025/07/26,20:57:07,振り込みしました。
User,PIKA,2025/07/26,21:52:07,写真を送信しました。
User,PIKA,2025/07/26,21:52:08,写真を送信しました。
User,PIKA,2025/07/26,21:53:14,このセットは17500円難しいですね？
Account,内藤夏樹,2025/07/27,14:53:43,17300円はどうですか
User,PIKA,2025/07/27,14:54:30,"はい、
今日送ります。
よろしくお願い致します。"
Account,内藤夏樹,2025/07/27,14:54:50,何セットありますか？
User,PIKA,2025/07/27,14:57:37,20セットぐらいあります
Account,内藤夏樹,2025/07/27,15:07:45,わかりました
Account,内藤夏樹,2025/07/27,15:07:48,よろしくお願い申し上げます。
User,PIKA,2025/07/27,22:16:14,写真を送信しました。
User,PIKA,2025/07/27,22:16:14,写真を送信しました。
User,PIKA,2025/07/27,22:16:23,よろしくお願い致します。
Account,内藤夏樹,2025/07/27,22:46:49,OK
Account,内藤夏樹,2025/07/28,13:05:56,ブラホワもう少し集まりますか？
User,PIKA,2025/07/28,13:06:34,何個欲しいですか？
Account,内藤夏樹,2025/07/28,13:15:24,50ずつくらい
User,PIKA,2025/07/28,13:16:23,写真を送信しました。
User,PIKA,2025/07/28,13:16:23,写真を送信しました。
User,PIKA,2025/07/28,13:16:32,このboxですね
Account,内藤夏樹,2025/07/28,13:16:41,YES
Account,内藤夏樹,2025/07/28,13:16:52,明日着いけますか
User,PIKA,2025/07/28,13:18:21,"いけるけどでも
今買取集ますね！

"
User,PIKA,2025/07/28,13:21:17,もしあれば連絡しますね！
Account,内藤夏樹,2025/07/28,17:16:50,どうですか？
User,PIKA,2025/07/28,17:25:45,誰も売ってない🤧
User,PIKA,2025/07/28,17:31:25,でもセット値段教えて！
Account,内藤夏樹,2025/07/28,17:33:28,"ブラックボルト	8800
ホワイトフレア	7700"
Account,内藤夏樹,2025/07/28,19:17:34,"'- 買取見積書 -
・ポケモンカード　ブラックボルト（通常）　21箱　単価8,650円　小計181,650円  
・ポケモンカード　ホワイトフレア（通常）　17箱　単価8,650円　小計147,050円  
・ポケモンカード　楽園ドラゴーナ　2箱　単価8,300円　小計16,600円  
・ポケモンカード　超電ブレイカー　3箱　単価10,700円　小計32,100円  
・ポケモンカード　熱風のアリーナ　1箱　単価9,000円　小計9,000円  

減額項目：
・凹み：-700円 × 4点 = -2,800円

合計：386,400円  
減額合計：-2,800円  
最終買取金額：383,600円

ご確認のほど、よろしくお願いいたします。
振込しました。"
User,PIKA,2025/07/28,19:23:32,はい、よろしくお願いします。
Account,内藤夏樹,2025/07/31,22:10:17,ブラックとホワイトはありますか
User,PIKA,2025/07/31,22:10:45,写真を送信しました。
User,PIKA,2025/07/31,22:11:00,明日このboxだけあります🥵
Account,内藤夏樹,2025/07/31,22:11:52,これは日曜日に話し合おう
User,PIKA,2025/07/31,22:12:33,"はい
よろしくお願い致します。"
Account,内藤夏樹,2025/07/31,22:12:47,何箱あります？
Account,内藤夏樹,2025/07/31,22:12:52,100ずつありまか
User,PIKA,2025/07/31,22:13:09,それぐらいかな
User,PIKA,2025/08/01,09:57:25,これ今日の値段ありますか？
Account,内藤夏樹,2025/08/01,10:08:45,明日きめる
User,PIKA,2025/08/01,21:19:06,写真を送信しました。
User,PIKA,2025/08/01,21:19:30,明日50セットあります🥵
Account,内藤夏樹,2025/08/02,12:11:50,写真を送信しました。
Account,内藤夏樹,2025/08/02,12:11:55,＋100円
User,PIKA,2025/08/02,12:23:37,たぶん難しい😓
Account,内藤夏樹,2025/08/02,12:32:26,いくら？
User,PIKA,2025/08/02,12:36:21,セット：2万1千円難しいですね😓
Account,内藤夏樹,2025/08/02,12:36:29,全然むり
User,PIKA,2025/08/02,14:14:55,セット／19500円できますか？
User,PIKA,2025/08/02,14:14:58,🥵🥵🥵
Account,内藤夏樹,2025/08/02,14:31:50,終わりました
User,PIKA,2025/08/02,14:35:08,🤦🏻🤦🏻🤦🏻
User,PIKA,2025/08/03,13:35:33,"AR:1000枚あり
SR:1000枚あり
欲しいですか？"
Account,内藤夏樹,2025/08/03,13:38:51,来週はなそう
Account,内藤夏樹,2025/08/04,17:55:10,"ホワイトフレアは7400

50いけますか？"
Account,内藤夏樹,2025/08/05,18:39:03,ヘイ？
User,PIKA,2025/08/05,18:47:23,"はい
もしもし"
Account,内藤夏樹,2025/08/05,19:06:47,"ホワイトフレアは7400

50いけますか？

ロケット団
9000円"
User,PIKA,2025/08/05,21:55:25,たぶんいけない🥵
Account,内藤夏樹,2025/08/05,21:56:33,"ブラホワセットでは？

ロケット団もだめ？"
User,PIKA,2025/08/05,21:57:05,ブラホワセットではいくらですか？
Account,内藤夏樹,2025/08/05,21:57:19,16200円
Account,内藤夏樹,2025/08/05,21:57:26,ロケット団はいくらならありそうですか
User,PIKA,2025/08/05,21:59:29,今から買取やってます。
Account,内藤夏樹,2025/08/05,22:03:10,有難う
Account,内藤夏樹,2025/08/06,19:55:59,どうですか？？
Account,内藤夏樹,2025/08/06,19:56:10,ロケット団も9400までなら出しますよ
Account,内藤夏樹,2025/08/07,14:14:34,ハロー？
User,PIKA,2025/08/07,17:03:17,もしもし
Account,内藤夏樹,2025/08/07,18:37:36,ブラホワどう
User,PIKA,2025/08/07,19:45:09,買取やってるけど、でも誰も売ってない🥵
Account,内藤夏樹,2025/08/07,20:21:06,ロケットは？
User,PIKA,2025/08/09,11:18:46,写真を送信しました。
User,PIKA,2025/08/09,11:18:52,これ欲しいですか？
Account,内藤夏樹,2025/08/09,11:54:59,ほしい！
User,PIKA,2025/08/09,11:55:11,いくらですか？
Account,内藤夏樹,2025/08/09,11:55:19,いくらがいい
User,PIKA,2025/08/09,11:55:53,1300円でいい？
Account,内藤夏樹,2025/08/09,13:12:03,ちょい高いね
User,PIKA,2025/08/09,13:12:21,写真を送信しました。
User,PIKA,2025/08/09,13:12:35,今どんどん上がったよ🥵
Account,内藤夏樹,2025/08/09,13:12:47,1200で
Account,内藤夏樹,2025/08/09,13:12:54,ダメならもういらないや
User,PIKA,2025/08/09,13:13:05,難しいですね😓
Account,内藤夏樹,2025/08/09,13:13:11,ハハ
Account,内藤夏樹,2025/08/09,13:13:13,オーケー
Account,内藤夏樹,2025/08/09,13:13:29,また下がっても買わないからね笑
Account,内藤夏樹,2025/08/09,13:13:37,タイミング大事だよ
User,PIKA,2025/08/09,13:14:38,🤧🤧🤧
User,PIKA,2025/08/09,13:14:52,今2000pack持ってる🤦🏻
Account,内藤夏樹,2025/08/09,13:15:02,すごいね
Account,内藤夏樹,2025/08/09,13:15:08,早く売らないと大変なことになるよ
User,PIKA,2025/08/09,13:15:53,写真を送信しました。
User,PIKA,2025/08/09,13:16:08,全部予約した🥵
Account,内藤夏樹,2025/08/09,13:17:33,よかたね
User,PIKA,2025/08/10,02:04:48,写真を送信しました。
User,PIKA,2025/08/10,02:04:53,やばい
Account,内藤夏樹,2025/08/10,08:58:37,すごいよね
Account,内藤夏樹,2025/08/10,09:55:00,今はまだある？
Account,内藤夏樹,2025/08/10,09:55:11,全部売った？
User,PIKA,2025/08/10,09:55:16,今全部2500円売った
User,PIKA,2025/08/10,09:55:22,やばくない🥵
Account,内藤夏樹,2025/08/10,09:55:23,すごい！
Account,内藤夏樹,2025/08/10,09:55:34,なぜこんなに人気があるのかわからないよ
Account,内藤夏樹,2025/08/10,09:55:40,中身クソじゃん
Account,内藤夏樹,2025/08/12,21:57:09,"黒と白
16700円ではつまりました"
Account,内藤夏樹,2025/08/12,21:57:11,か？
User,PIKA,2025/08/12,21:58:07,送信が取り消されたメッセージです
User,PIKA,2025/08/12,21:58:27,今日150セット売っちゃった
User,PIKA,2025/08/12,21:58:33,17300円
Account,内藤夏樹,2025/08/12,21:59:25,えー
Account,内藤夏樹,2025/08/12,21:59:46,"高いね
すごい"
User,PIKA,2025/08/12,22:00:11,🥵🥵🥵
Account,内藤夏樹,2025/08/13,15:50:25,メガセットありますか？
Account,内藤夏樹,2025/08/13,15:50:28,18500円
User,PIKA,2025/08/13,15:52:01,あります
User,PIKA,2025/08/13,15:52:08,高いね
Account,内藤夏樹,2025/08/13,15:52:16,100出せますか？今日
User,PIKA,2025/08/13,15:52:34,100セットちょっと難しいね
Account,内藤夏樹,2025/08/13,15:52:43,何セット？
User,PIKA,2025/08/13,15:52:47,でも50たぶんいける
Account,内藤夏樹,2025/08/13,15:56:23,では、本日、よろしくお願い申し上げます。
Account,内藤夏樹,2025/08/13,15:56:29,50でね
Account,内藤夏樹,2025/08/13,15:56:32,申請もよろしくお願い申し上げます。
User,PIKA,2025/08/13,15:56:56,"oki 
もし足り無いはごめんね"
User,PIKA,2025/08/13,15:57:04,今探すので
Account,内藤夏樹,2025/08/13,15:57:11,大丈夫よ！
Account,内藤夏樹,2025/08/13,15:57:12,ありがとうございました。
User,PIKA,2025/08/13,16:07:51,100セットいけそう
Account,内藤夏樹,2025/08/13,16:08:26,今日出して、明日到着？
Account,内藤夏樹,2025/08/13,16:09:13,"まった、集まったので

50で大丈夫"
Account,内藤夏樹,2025/08/13,16:09:15,有難う
User,PIKA,2025/08/13,16:10:02,明日の午前中いける
Account,内藤夏樹,2025/08/13,16:10:09,ありがとうございました。
User,PIKA,2025/08/13,16:38:06,65セットぐらいでいい？
User,PIKA,2025/08/13,16:38:08,🥵🥵🥵
Account,内藤夏樹,2025/08/13,16:38:19,50で計算しました
User,PIKA,2025/08/13,16:39:55,分かりました
Account,内藤夏樹,2025/08/13,16:46:10,ありがとうございました。
Account,内藤夏樹,2025/08/13,16:46:18,"50
18500"
User,PIKA,2025/08/14,13:03:33,写真を送信しました。
User,PIKA,2025/08/14,13:03:37,よろしくお願い致します。
Account,内藤夏樹,2025/08/14,14:51:13,ありがとうございました。
Account,内藤夏樹,2025/08/14,16:44:15,"毎々、お世話になっております。  
御見積書を送付いたします。

- 買取見積書 -
・メガブレイブ＆メガシンフォニア　セット　50セット　単価18,500円　小計925,000円

減額項目：
・凹み：-700円 × 5点 = -3,500円

合計：925,000円  
減額合計：-3,500円  
最終買取金額：921,500円

ご確認のほど、よろしくお願いいたします。
振込みをしました。"
User,PIKA,2025/08/14,16:44:36,分かりました、よろしくお願い致します。
Account,内藤夏樹,2025/08/14,19:19:45,"ありがとうございました。

ARありますか？"
User,PIKA,2025/08/15,00:35:01,ありますよ
User,PIKA,2025/08/15,00:35:08,1000枚ぐらい
User,PIKA,2025/08/15,00:35:18,srまだ欲しいですか？
Account,内藤夏樹,2025/08/15,06:24:41,"今日送れますか？
500枚"
Account,内藤夏樹,2025/08/15,06:24:57,"ARだけ
SRはまだ沢山あるね"
User,PIKA,2025/08/15,13:56:26,"明日送るでいい？
今日トホクのboxやってるけど"
Account,内藤夏樹,2025/08/15,13:57:47,今日送って欲しいです
User,PIKA,2025/08/15,13:58:00,ちょっと難しいですね😓
Account,内藤夏樹,2025/08/15,13:58:12,明日ね
Account,内藤夏樹,2025/08/15,13:58:19,必ず
User,PIKA,2025/08/15,13:58:37,"はい、明日送ります
よろしくお願い致します。"
User,PIKA,2025/08/16,01:49:58,新弾のboxシュリンクなし欲しいですか
Account,内藤夏樹,2025/08/16,11:03:23,ARよろしくお願い申し上げます。
Account,内藤夏樹,2025/08/16,11:03:33,シュリンクなしは買っていませんでした
User,PIKA,2025/08/16,13:27:00,ar は今日300枚だけあるけど大丈夫ですか？
Account,内藤夏樹,2025/08/16,13:27:13,はい、大丈夫
User,PIKA,2025/08/16,13:27:23,ありがとうございます
User,PIKA,2025/08/16,13:27:33,"今日送ります
よろしくお願い致します。"
Account,内藤夏樹,2025/08/16,15:31:49,よろしくお願い申し上げます。
Account,内藤夏樹,2025/08/17,10:05:04,送りましたか
User,PIKA,2025/08/17,10:45:20,送りましたけど申請忘れちゃった
User,PIKA,2025/08/17,12:02:39,写真を送信しました。
User,PIKA,2025/08/17,12:02:54,"送りました
よろしくお願い致します。"
Account,内藤夏樹,2025/08/17,12:59:17,ありがとうございました。
Account,内藤夏樹,2025/08/17,20:38:50,同じの3枚までです。
User,PIKA,2025/08/17,20:39:07,🤦🏻🤦🏻🤦🏻
User,PIKA,2025/08/17,20:39:17,ごめん🙇
User,PIKA,2025/08/17,20:39:38,"めっちゃ同じですね
残り150円でいい"
Account,内藤夏樹,2025/08/17,20:46:55,"ありがとうございます。
計算します。"
Account,内藤夏樹,2025/08/17,21:03:02,"60枚が180円
あと、281枚が150円ね。

数あっていますか？"
User,PIKA,2025/08/17,21:03:20,oki
User,PIKA,2025/08/17,21:03:24,よろしくお願い致します。
Account,内藤夏樹,2025/08/17,21:03:27,300枚以上送りました？
User,PIKA,2025/08/17,21:03:59,そうですね🥵
Account,内藤夏樹,2025/08/17,21:04:02,OK
Account,内藤夏樹,2025/08/19,12:32:04,"ステラミラクルとナイトワンダラーを１００箱ずつほしいです
５７００−５８００円を希望しています"
User,PIKA,2025/08/23,14:36:28,すみません、これ振り込みましたか？
Account,内藤夏樹,2025/08/23,15:00:52,確認すると返金されていました。
Account,内藤夏樹,2025/08/23,15:00:55,すぐに送りますね。
Account,内藤夏樹,2025/08/23,15:01:08,トレーナーボックスMEGAないですか
User,PIKA,2025/08/23,15:01:36,全部売っちゃった😓
Account,内藤夏樹,2025/08/23,15:05:45,ああ！
User,PIKA,2025/08/25,14:23:48,もしもし
User,PIKA,2025/08/25,14:24:29,送信が取り消されたメッセージです
User,PIKA,2025/08/25,14:24:51,メガセットシュリンクあり：18000円でいい？
User,PIKA,2025/08/25,14:25:00,200セットぐらいある
Account,内藤夏樹,2025/08/25,14:36:28,"こんにちは
全然無理ですね！"
User,PIKA,2025/08/25,14:36:48,17800どうですか？
Account,内藤夏樹,2025/08/25,15:31:26,厳しいね
Account,内藤夏樹,2025/08/25,15:31:30,ロケット団はありますか？
Account,内藤夏樹,2025/08/26,11:43:32,これ買えますか
Account,内藤夏樹,2025/08/26,11:43:37,写真を送信しました。
User,PIKA,2025/08/27,14:18:50,写真を送信しました。
User,PIKA,2025/08/27,14:19:07,全部売っちゃった😭
Account,内藤夏樹,2025/08/27,14:19:42,買取強いのどこですか？
Account,内藤夏樹,2025/08/27,14:19:47,価格を参考にする
User,PIKA,2025/08/27,14:20:05,モトさん池袋
Account,内藤夏樹,2025/08/27,14:20:11,ヤバいねここw
Account,内藤夏樹,2025/08/27,14:20:19,ベトナム人歓迎？
Account,内藤夏樹,2025/08/27,14:20:26,参考にするね
User,PIKA,2025/08/27,14:20:45,できます
User,PIKA,2025/12/19,23:10:32,写真を送信しました。
User,PIKA,2025/12/19,23:10:41,これ今いくらですか？
