﻿アカウント名,にこにこ買取＠業界最高の買取価格宣言！
タイムゾーン,'+09:00
ダウンロード日時,2026/02/21 04:37
送信者タイプ,送信者名,送信日,送信時刻,内容
Account,応答メッセージ,2025/04/25,15:27:06,"池本悠馬さん
はじめまして！にこにこ買取＠業界最高の買取価格宣言！です。
友だち追加ありがとうございます！
にこにこ買取です(moon big smile)

ポケモンカードなどトレーディングカード全般の買取を行っております。
買取ご希望のお客様はなんでもお気軽に連絡してください(saluting man)

ご郵送買取の流れは以下の”郵送買取の流れ”をご確認ください(sparkle)

お問い合わせなどはお気軽にメッセージからご連絡ください(phone)"
Account,応答メッセージ,2025/04/25,15:27:06,写真を送信しました。
Account,応答メッセージ,2025/04/25,15:27:06,写真を送信しました。
User,池本悠馬,2025/12/19,15:04:27,"買取申請を希望します
スタートデッキ100バトルコレクション×10"
User,池本悠馬,2025/12/19,15:14:49,"買取申請を希望します
①スタートデッキ100バトルコレクション
②10個
③3500円"
Account,内藤夏樹,2025/12/19,15:15:27,"毎々、お世話になっております。
御見積書を送付いたします。
	•	買取見積書 -
・ポケモンカード　スタートデッキ100バトルコレクション　10箱　単価3,500円　小計35,000円

合計箱数：10箱
合計：35,000円
減額合計：0円
最終買取金額：35,000円

【スタートデッキ100バトルコレクション 専用注意事項】
・配送希望：20日午前中必着
・予約後キャンセル不可
・利用規約を必ずご確認ください

ご確認のほど、よろしくお願いいたします。"
Account,内藤夏樹,2025/12/19,15:15:29,よろしくお願い申し上げます。
User,池本悠馬,2025/12/19,15:18:31,確認致しました。
User,池本悠馬,2025/12/19,15:22:04,他何か記入する書類や添付する身分証などはありますでしょうか？
Account,内藤夏樹,2025/12/19,15:56:37,メニューから申請をよろしくお願い申し上げます。
User,池本悠馬,2025/12/19,15:59:33,"フォーム記入しました
順次発送します"
Account,内藤夏樹,2025/12/19,16:11:45,よろしくお願い申し上げます。
User,池本悠馬,2025/12/19,16:49:47,発送処理致しました
User,池本悠馬,2025/12/19,16:50:28,"ヤマト運輸
5052-4517-6520"
User,池本悠馬,2025/12/19,16:52:30,"確認不足ですみません。
添付書類を住民票のみ発送しています。"
User,池本悠馬,2025/12/19,16:53:28,他身分証は同梱していません、
Account,内藤夏樹,2025/12/19,16:53:41,"ありがとうございました。
ご連絡有難うございます。
大丈夫です。"
