﻿アカウント名,にこにこ買取＠業界最高の買取価格宣言！
タイムゾーン,'+09:00
ダウンロード日時,2026/02/21 04:37
送信者タイプ,送信者名,送信日,送信時刻,内容
Account,応答メッセージ,2025/06/02,11:08:01,"takaさん
はじめまして！にこにこ買取＠業界最高の買取価格宣言！です。
友だち追加ありがとうございます！
にこにこ買取です(moon big smile)

ポケモンカードなどトレーディングカード全般の買取を行っております。
買取ご希望のお客様はなんでもお気軽に連絡してください(saluting man)

ご郵送買取の流れはメニューから”郵送買取の流れ”をご確認ください(sparkle)

お問い合わせなどはお気軽にメッセージからご連絡ください(phone)"
User,taka,2025/12/16,12:54:51,「①ポケモンカードメガドリームex②11箱／③11000円」
Account,内藤夏樹,2025/12/16,13:05:57,"毎々、お世話になっております。  
御見積書を送付いたします。

- 買取見積書 -
  ・ポケモンカード　メガドリームex　11箱　単価11,000円　小計121,000円

合計箱数：11箱
合計：121,000円  
減額合計：0円  
最終買取金額：121,000円

ご確認のほど、よろしくお願いいたします。​​​​​​​​​​​​​​​​"
Account,内藤夏樹,2025/12/16,13:06:08,よろしければ、メニューから申請と発送をよろしくお願い申し上げます。
User,taka,2025/12/16,14:38:52,"「ヤマト運輸／3861-7192-3270／矢藤貴文」
よろしくお願いします"
Account,内藤夏樹,2025/12/16,14:39:21,ありがとうございました。
Account,内藤夏樹,2025/12/17,19:29:08,"毎々、お世話になっております。
お振込みを行いました。"
User,taka,2025/12/17,19:52:45,ありがとうございました。確認出来ました。
User,taka,2025/12/19,12:40:39,スタートデッキバトルコレクション8箱買取お願いしたいです。
Account,内藤夏樹,2025/12/19,12:50:06,"毎々お世話になっております。
当該商品は10個以上からのお申し込みとなります。"
User,taka,2025/12/19,12:55:48,それでは10個で買取お願いします
Account,内藤夏樹,2025/12/19,13:00:44,"毎々、お世話になっております。  
御見積書を送付いたします。

- 買取見積書 -
  ・ポケモンカード　スタートデッキ100バトルコレクション　10箱　単価3,500円　小計35,000円

合計箱数：10箱
合計：35,000円  
減額合計：0円  
最終買取金額：35,000円

**配送希望：20日午前中必着**
**予約後キャンセル不可**
**利用規約を必ず確認してください**

ご確認のほど、よろしくお願いいたします。​​​​​​​​​​​​​​​​"
User,taka,2025/12/19,13:04:05,"度々すみません、
こちら申請フォームから申請して発送すればいいでしょうか？"
Account,内藤夏樹,2025/12/19,13:05:45,はい、メニューの申請フォームから申請をよろしくお願い申し上げます。
User,taka,2025/12/19,13:05:51,あとバトルコレクションは1つ1つ梱包したほうがいいでしょうか？
Account,内藤夏樹,2025/12/19,13:06:15,一つ一つ梱包は可能な限り避けて頂きたいです🙇🏻‍♂️
User,taka,2025/12/19,13:06:24,分かりました！ありがとうございました
Account,内藤夏樹,2025/12/19,13:08:01,よろしくお願い申し上げます。
User,taka,2025/12/19,15:08:14,"「ヤマト運輸／3861-7228-0196／矢藤貴文」
よろしくお願いします"
Account,内藤夏樹,2025/12/19,15:15:35,ありがとうございました。
