﻿アカウント名,にこにこ買取＠業界最高の買取価格宣言！
タイムゾーン,'+09:00
ダウンロード日時,2026/02/21 04:37
送信者タイプ,送信者名,送信日,送信時刻,内容
Account,応答メッセージ,2025/08/08,14:23:20,"yukaさん
はじめまして！にこにこ買取＠業界最高の買取価格宣言！です。
友だち追加ありがとうございます！
にこにこ買取です(moon big smile)

ポケモンカードなどトレーディングカード全般の買取を行っております。
買取ご希望のお客様はなんでもお気軽に連絡してください(saluting man)

ご郵送買取の流れはメニューから”郵送買取の流れ”をご確認ください(sparkle)

ご郵送買取ご希望の場合にはメニューの”申し込みフォーム”からご申請が可能となっております。

お問い合わせなどはお気にご連絡ください。"
User,yuka,2025/10/21,15:57:57,"現在のインフェルノX
シュリンク付きの買取価格
はおいくらでしょうか？"
Account,内藤夏樹,2025/10/21,15:59:21,"毎々、お世話になっております。
〆切となりました。"
User,yuka,2025/10/21,16:00:15,"承知しました。
ありがとうございます。"
User,yuka,2025/10/22,14:53:22,インフェルノXまだ買取していますか？
User,yuka,2025/10/22,15:19:04,"インフェルノX／②4箱／③15,600
メガブレイブ／②3箱／③11,200
メガシンフォニア／②1箱／③7,600
ブラックボルト／②2箱／③9,500
ホワイトフレア／②1箱／③8,700
ロケット団の栄光／②1箱／③11,500

買取査定お願いします。"
Account,内藤夏樹,2025/10/22,15:19:04,"毎々、お世話になっております。
してあります。"
Account,内藤夏樹,2025/10/22,15:19:31,"毎々、お世話になっております。  
御見積書を送付いたします。

- 買取見積書 -
  ・ポケモンカード　インフェルノX　4箱　単価15,600円　小計62,400円  
  ・ポケモンカード　メガブレイブ　3箱　単価11,200円　小計33,600円  
  ・ポケモンカード　メガシンフォニア　1箱　単価7,600円　小計7,600円  
  ・ポケモンカード　ブラックボルト　2箱　単価9,500円　小計19,000円  
  ・ポケモンカード　ホワイトフレア　1箱　単価8,700円　小計8,700円  
  ・ポケモンカード　ロケット団の栄光　1箱　単価11,500円　小計11,500円

合計：142,800円  
減額合計：0円  
最終買取金額：142,800円

ご確認のほど、よろしくお願いいたします。​​​​​​​​​​​​​​​​"
User,yuka,2025/10/22,15:19:49,上記送料無料対応可能でしょうか？
User,yuka,2025/10/22,15:28:36,"こちらXをみました。
可能でしたら予約お願いします。"
Account,内藤夏樹,2025/10/22,15:34:15,送料無料です。
User,yuka,2025/10/22,15:44:28,"承知しました。
申込フォーム入力完了しました。
本日着払にて発送させて
いただきます。"
Account,内藤夏樹,2025/10/22,15:47:01,よろしくお願い申し上げます。
User,yuka,2025/10/22,17:17:13,写真を送信しました。
User,yuka,2025/10/22,17:17:23,"発送完了しました。
よろしくお願いします！"
User,yuka,2025/10/23,19:19:42,"こちら振込予定日はいつごろに
なりますでしょうか？"
User,yuka,2025/12/19,14:41:07,"スタートデッキ100
8箱
本日郵送にて買取査定お願いします。"
Account,内藤夏樹,2025/12/19,14:51:21,"ありがとうございました。
大変申し訳ございません。
10個からお申込みが可能な商品となっております🙇🏻‍♂️"
User,yuka,2025/12/19,14:57:58,"承知しました！
ありがとうございます！"
