﻿アカウント名,にこにこ買取＠業界最高の買取価格宣言！
タイムゾーン,'+09:00
ダウンロード日時,2026/02/21 04:37
送信者タイプ,送信者名,送信日,送信時刻,内容
Account,応答メッセージ,2025/12/18,18:29:58,"愛香さん
はじめまして！にこにこ買取＠業界最高の買取価格宣言！です。
友だち追加ありがとうございます！
にこにこ買取です(moon big smile)

ポケモンカードなどトレーディングカード全般の買取を行っております。
買取ご希望のお客様はなんでもお気軽に連絡してください(saluting man)

ご郵送買取の流れはメニューから”郵送買取の流れ”をご確認ください(sparkle)

ご郵送買取ご希望の場合にはメニューの”申し込みフォーム”からご申請が可能となっております。

お問い合わせなどはお気にご連絡ください。"
User,愛香,2025/12/18,18:32:26,"スタートデッキ100バトルコレクション　10箱　4000円
郵送買取お願いします"
Account,内藤夏樹,2025/12/18,18:33:42,"毎々、お世話になっております。
新潟に土曜日に到着が可能でしょうか。"
User,愛香,2025/12/18,18:33:58,はい可能です
Account,内藤夏樹,2025/12/18,18:34:39,"毎々、お世話になっております。  
御見積書を送付いたします。

- 買取見積書 -
  ・ポケモンカード　スタートデッキ100バトルコレクション　10箱　単価4,000円　小計40,000円

合計箱数：10箱
合計：40,000円  
減額合計：0円  
最終買取金額：40,000円

ご確認のほど、よろしくお願いいたします。​​​​​​​​​​​​​​​​"
User,愛香,2025/12/18,18:34:57,お願いします
Account,内藤夏樹,2025/12/18,18:35:16,メニューから申請をよろしくお願い申し上げます。
User,愛香,2025/12/18,18:42:43,申請完了しました
Account,内藤夏樹,2025/12/18,18:43:00,ありがとうございます。
User,愛香,2025/12/18,18:45:17,初回取引は商品と住民票だけでいいですか？
Account,内藤夏樹,2025/12/18,18:51:55,"大丈夫です。
よろしくお願い申し上げます。"
User,愛香,2025/12/18,22:02:51,すみません、明日中に商品が確保できそうにないためこちらの取引キャンセルでお願いします。大変申し訳ございませんがまた機会がありましたら宜しくお願い致します。
Account,内藤夏樹,2025/12/18,22:09:05,"今回は承知しました。

基本的に予約商品のキャンセルはできませんため、利用規約などをよくお読み頂けますよう、お願い申し上げます。"
