﻿アカウント名,にこにこ買取＠業界最高の買取価格宣言！
タイムゾーン,'+09:00
ダウンロード日時,2026/02/21 04:37
送信者タイプ,送信者名,送信日,送信時刻,内容
Account,応答メッセージ,2025/04/27,16:03:29,"りゅーとさん
はじめまして！にこにこ買取＠業界最高の買取価格宣言！です。
友だち追加ありがとうございます！
にこにこ買取です(moon big smile)

ポケモンカードなどトレーディングカード全般の買取を行っております。
買取ご希望のお客様はなんでもお気軽に連絡してください(saluting man)

ご郵送買取の流れは以下の”郵送買取の流れ”をご確認ください(sparkle)

お問い合わせなどはお気軽にメッセージからご連絡ください(phone)"
Account,応答メッセージ,2025/04/27,16:03:29,写真を送信しました。
Account,応答メッセージ,2025/04/27,16:03:29,写真を送信しました。
User,りゅーと,2025/06/17,09:06:29,いつから買取再開しますか？
Account,内藤夏樹,2025/06/17,09:43:31,"ご郵送買取は再開しています。

ご希望があればお伺いできます。
よろしくお願い申し上げます。"
User,りゅーと,2025/06/17,09:44:01,"デラックスシュリありと、
RRとかシングル関係買取してるかなと！"
User,りゅーと,2025/06/17,10:51:22,返信よろしくお願いします
Account,内藤夏樹,2025/06/17,10:58:28,"いずれも現在受付しておりませんでした。
申し訳ございません。

来週以降ですね、再開の予定となっております。"
User,りゅーと,2025/06/20,08:54:03,RRなど買取してますか？
User,りゅーと,2025/12/18,19:12:55,スタデいくらですか？
