﻿アカウント名,にこにこ買取＠業界最高の買取価格宣言！
タイムゾーン,'+09:00
ダウンロード日時,2026/02/21 04:37
送信者タイプ,送信者名,送信日,送信時刻,内容
Account,応答メッセージ,2025/12/18,18:51:28,"山中魁刀さん
はじめまして！にこにこ買取＠業界最高の買取価格宣言！です。
友だち追加ありがとうございます！
にこにこ買取です(moon big smile)

ポケモンカードなどトレーディングカード全般の買取を行っております。
買取ご希望のお客様はなんでもお気軽に連絡してください(saluting man)

ご郵送買取の流れはメニューから”郵送買取の流れ”をご確認ください(sparkle)

ご郵送買取ご希望の場合にはメニューの”申し込みフォーム”からご申請が可能となっております。

お問い合わせなどはお気にご連絡ください。"
User,山中魁刀,2025/12/18,18:51:36,https://x.com/niko_kaitori/status/2001581004214108368?s=46
User,山中魁刀,2025/12/18,18:51:55,"お世話になっております
こちら持ち込みとありますが場所はどちらでしょうか？"
Account,内藤夏樹,2025/12/18,18:53:06,"毎々、お世話になっております。

長岡市で対面にて受け渡しとなります🙇🏻‍♂️"
