﻿アカウント名,にこにこ買取＠業界最高の買取価格宣言！
タイムゾーン,'+09:00
ダウンロード日時,2026/02/21 04:37
送信者タイプ,送信者名,送信日,送信時刻,内容
Account,応答メッセージ,2025/10/31,23:16:22,"しゅうへいさん
はじめまして！にこにこ買取＠業界最高の買取価格宣言！です。
友だち追加ありがとうございます！
にこにこ買取です(moon big smile)

ポケモンカードなどトレーディングカード全般の買取を行っております。
買取ご希望のお客様はなんでもお気軽に連絡してください(saluting man)

ご郵送買取の流れはメニューから”郵送買取の流れ”をご確認ください(sparkle)

ご郵送買取ご希望の場合にはメニューの”申し込みフォーム”からご申請が可能となっております。

お問い合わせなどはお気にご連絡ください。"
User,しゅうへい,2025/11/02,11:16:19,"10箱から着払いで発送可能との事ですが、あまりにも減額が大きかった商品のみキャンセルする場合も
往復分の送料がこちら負担になってしまいますか？"
Account,内藤夏樹,2025/11/02,11:17:48,"毎々、お世話になっております。

返送料はご負担頂いております。
その場合10箱に満たなくなるとキャンペーンの対象外となります。"
User,しゅうへい,2025/12/17,12:52:19,"メガドリーム
21box買取お願いいたします(おねがいいたします)"
Account,内藤夏樹,2025/12/17,12:54:54,本日は10200円となります。
User,しゅうへい,2025/12/17,12:55:08,分かりました、またお願いいたします(おねがいいたします)
