﻿アカウント名,にこにこ買取＠業界最高の買取価格宣言！
タイムゾーン,'+09:00
ダウンロード日時,2026/02/21 04:37
送信者タイプ,送信者名,送信日,送信時刻,内容
Account,応答メッセージ,2025/04/30,13:42:05,"Longさん
はじめまして！にこにこ買取＠業界最高の買取価格宣言！です。
友だち追加ありがとうございます！
にこにこ買取です(moon big smile)

ポケモンカードなどトレーディングカード全般の買取を行っております。
買取ご希望のお客様はなんでもお気軽に連絡してください(saluting man)

ご郵送買取の流れは以下の”郵送買取の流れ”をご確認ください(sparkle)

お問い合わせなどはお気軽にメッセージからご連絡ください(phone)"
Account,応答メッセージ,2025/04/30,13:42:05,写真を送信しました。
Account,応答メッセージ,2025/04/30,13:42:05,写真を送信しました。
User,Lucky🧸,2025/05/01,14:13:28,"初めて買取します。
よろしくお願いいたします。"
Account,内藤夏樹,2025/05/01,14:23:05,"毎々、お世話になっております。
ご連絡ありがとうございます。

買取希望商品と数量をご連絡ください。"
User,Lucky🧸,2025/05/01,14:30:39,"ロケットシュリンク付き　20ボックスです。
"
User,Lucky🧸,2025/05/01,14:31:18,すみません　東京でお店ありますか　直接持って行きたいですけど。
Account,内藤夏樹,2025/05/01,14:37:21,すみませんが新潟県です。
User,Lucky🧸,2025/05/01,14:47:18,"郵送で元払いと着払いどちらの方やっていますか。
よろしくお願いいたします。"
Account,内藤夏樹,2025/05/01,14:47:30,元払いです。
User,Lucky🧸,2025/05/03,10:40:46,おはようございます☀
User,Lucky🧸,2025/05/03,10:41:31,今日アタッシュケースいくら買取中でしょうか。
Account,内藤夏樹,2025/05/03,10:50:20,"おはようございます。
現在は買取していません"
User,Lucky🧸,2025/05/03,14:17:17,"こんにちは☀️
今日買取の表お願いいたします。"
User,Lucky🧸,2025/05/08,14:14:09,こんにちは☀️
User,Lucky🧸,2025/05/08,14:14:19,"買取希望したいです
よろしくお願いいたします。"
User,Lucky🧸,2025/05/08,14:16:07,ロケットシュリンク付き　25box予約したいです。
User,Lucky🧸,2025/05/08,14:20:14,写真を送信しました。
User,Lucky🧸,2025/05/08,14:20:22,"初めて買取します
よろしくお願いいたします。"
User,Lucky🧸,2025/05/08,14:27:20,"x25 15000
本日発送可能です。"
User,Lucky🧸,2025/05/08,14:54:26,？
User,Lucky🧸,2025/05/08,22:54:14,すみません　やっていますか
User,Lucky🧸,2025/05/15,15:10:59,"こんにちは☀️
次回　lineも見てください
よろしくお願いいたします。"
User,Lucky🧸,2025/05/15,20:53:02,メール見てから　返事してください？　本当にお店やってるですか？
User,Lucky🧸,2025/06/01,14:58:30,ナイトワンダラー　7500買取中ですか
User,Lucky🧸,2025/06/02,12:55:53,買取予約したいです。
User,Lucky🧸,2025/06/02,12:56:03,"テラスタルフェス
ナイトワン
ステラミ
"
User,Lucky🧸,2025/12/17,12:50:37,郵送買取予約したいです。
