﻿アカウント名,にこにこ買取＠業界最高の買取価格宣言！
タイムゾーン,'+09:00
ダウンロード日時,2026/02/21 04:37
送信者タイプ,送信者名,送信日,送信時刻,内容
Account,応答メッセージ,2025/06/24,13:20:05,"はやうぇいさん
はじめまして！にこにこ買取＠業界最高の買取価格宣言！です。
友だち追加ありがとうございます！
にこにこ買取です(moon big smile)

ポケモンカードなどトレーディングカード全般の買取を行っております。
買取ご希望のお客様はなんでもお気軽に連絡してください(saluting man)

ご郵送買取の流れはメニューから”郵送買取の流れ”をご確認ください(sparkle)
URL→https://docs.google.com/document/d/1C26OXaKsxKKKeJA-46Uvyudph5wG-l-PZCBXFh9K5Nw/edit?usp=sharing

ご郵送買取ご希望の場合にはメニューの”申し込みフォーム”からご申請が可能となっております。

お問い合わせなどはお気にご連絡ください。"
Account,応答メッセージ,2025/06/24,13:20:05,写真を送信しました。
User,はやうぇい,2025/06/24,13:34:49,"✨
① 商品名　ロケット団の栄光
② 数量　10
③ 買取価格10800

✨
① 商品名　151
② 数量  7
③ 買取価格 21000

✨
① 商品名　ブラックデラックス
② 数量 5
③ 買取価格12800

✨
① 商品名　ホワイトデラックス
② 数量 3
③ 買取価格12800

✨
① 商品名　ホワイト
② 数量　2
③ 買取価格　9500

✨
① 商品名　ステラミラクル
② 数量　5
③ 買取価格　5600

✨
① 商品名　ナイトワンダラー
② 数量　5
③ 買取価格　5600

以上郵送買取よろしくお願いします🙇
"
User,はやうぇい,2025/06/24,13:36:45,"追加で
① 商品名　バイオレット
② 数量　1
③ 買取価格　6000
こちらもお願いします。"
Account,内藤夏樹,2025/06/24,13:37:25,"毎々、お世話になっております。
ご連絡ありがとうございました。"
Account,内藤夏樹,2025/06/24,13:37:29,"・ポケモンカード　ロケット団の栄光　10箱　単価10,800円　小計108,000円
・ポケモンカード　ポケモンカード151　7箱　単価21,000円　小計147,000円
・ポケモンカード　ブラックボルト（デラックス）　5箱　単価12,800円　小計64,000円
・ポケモンカード　ホワイトフレア（デラックス）　3箱　単価12,800円　小計38,400円
・ポケモンカード　ホワイトフレア　2箱　単価9,500円　小計19,000円
・ポケモンカード　ステラミラクル　5箱　単価5,600円　小計28,000円
・ポケモンカード　ナイトワンダラー　5箱　単価5,600円　小計28,000円
・ポケモンカード　バイオレットex　1箱　単価6,000円　小計6,000円

合計：438,400円"
Account,内藤夏樹,2025/06/24,13:37:36,"こちらで賜りました。
発送をよろしくお願い申し上げます。"
User,はやうぇい,2025/06/24,13:51:04,"ありがとうございます◎
フォーム完了✅です
発送いたしましたら連絡いたします"
Account,内藤夏樹,2025/06/24,13:58:07,よろしくお願い申し上げます。
User,はやうぇい,2025/06/24,19:06:29,写真を送信しました。
User,はやうぇい,2025/06/24,19:06:29,"ヤマト運輸
330430766046
冨永諒

明日25水曜日午前中に
到着いたします！
よろしくお願いします🙇
"
Account,内藤夏樹,2025/06/24,19:13:27,ありがとうございました。
User,はやうぇい,2025/06/25,12:08:22,写真を送信しました。
User,はやうぇい,2025/06/25,12:09:05,"おはようございます◎
午前指定がヤマト側の遅延で14時から16時になってます"
Account,内藤夏樹,2025/06/25,12:41:37,"毎々、お世話になっております。
承知しました。"
Account,内藤夏樹,2025/06/25,19:47:34,"毎々、お世話になっております。
検品しています。
ロケット団の栄光は9箱しか確認ができません。
1箱を追加で送っていただくことはできますか？"
User,はやうぇい,2025/06/25,19:48:25,"ロケット団なかったですか💦すみません！
追加で送ります🙇"
Account,内藤夏樹,2025/06/25,19:48:30,発送前の写真があればご確認していただけると助かります。
Account,内藤夏樹,2025/06/25,19:48:41,よろしくお願い申し上げます。
Account,内藤夏樹,2025/06/25,19:48:48,到着後にお振込みします。
Account,内藤夏樹,2025/06/25,19:49:26,"ホワイトフレアと151
1箱ずつ凹みがあり、-700円減額となります。"
User,はやうぇい,2025/06/25,19:51:48,"かしこまりました◎
発送次第すぐ連絡いたします"
Account,内藤夏樹,2025/06/25,19:54:19,よろしくお願い申し上げます。
Account,内藤夏樹,2025/06/25,20:16:33,"・ポケモンカード　ロケット団の栄光　10箱　単価10,800円　小計108,000円
・ポケモンカード　ポケモンカード151　7箱　単価21,000円　小計147,000円
・ポケモンカード　ブラックボルト（デラックス）　5箱　単価12,800円　小計64,000円
・ポケモンカード　ホワイトフレア（デラックス）　3箱　単価12,800円　小計38,400円
・ポケモンカード　ホワイトフレア　2箱　単価9,500円　小計19,000円
・ポケモンカード　ステラミラクル　5箱　単価5,600円　小計28,000円
・ポケモンカード　ナイトワンダラー　5箱　単価5,600円　小計28,000円
・ポケモンカード　バイオレットex　1箱　単価6,000円　小計6,000円

合計：438,400円

【査定による減額】
・ポケモンカード151　凹み　-700円 × 1点 = -700円
・ホワイトフレア　　 凹み　-700円 × 1点 = -700円

減額合計：-1,400円
最終買取金額：437,000円"
Account,内藤夏樹,2025/06/25,20:16:36,査定結果となります。
Account,内藤夏樹,2025/06/26,11:15:39,発送後に追跡番号のご連絡をお願いします。
User,はやうぇい,2025/06/26,12:43:32,写真を送信しました。
User,はやうぇい,2025/06/26,12:44:12,"468136039744
こちらで明日午前中に
ロケット団　1box
到着いたします

お手数をおかけいたしました🙇"
Account,内藤夏樹,2025/06/26,12:44:21,ありがとうございました。
User,はやうぇい,2025/06/28,05:49:19,"お世話になります◎
昨日1boxで送った分到着確認出来ましたでしょうか？"
Account,内藤夏樹,2025/06/28,11:54:34,"毎々、お世話になっております。
本日検品となります。
よろしくお願い申し上げます。"
User,はやうぇい,2025/06/28,12:48:11,かしこまりました
Account,内藤夏樹,2025/06/30,07:00:51,"毎々お世話になっております。
連絡ができておらず申し訳ございません。

土曜日にお振込みまで完了しております。
ご確認をお願い申し上げます。"
User,はやうぇい,2025/06/30,07:14:19,"確認出来ました◎
ありがとうございました

またお願いする事が多々あると思いますのでよろしくお願いします！"
Account,内藤夏樹,2025/06/30,07:36:58,よろしくお願い申し上げます。
User,はやうぇい,2025/07/19,12:10:59,"おはようございます☀️
今日は買取案内ありますでしょうか？"
Account,内藤夏樹,2025/07/19,16:53:48,"遅くなり申し訳ございません！
明日案内する予定です。"
User,はやうぇい,2025/07/19,22:25:06,かしこまりました！
User,はやうぇい,2025/07/20,17:29:48,"お世話になります！
こちら買取希望ですが
本日は可能でしょうか？

ブラック7
バトルパートナーズ　12
テラスタルフェス　8
楽園ドラゴーナ　3
ホワイトフレア　12
ホワイトフレアDX 1
ブラックボルトDX 1
パラダイムトリガー　1
クレイバースト 1
クリムゾンヘイズ　1
スカーレット　1
変幻の仮面　1
シャイニートレジャー1
ステラ4
ナイト5
ロケット5

以上です！"
Account,内藤夏樹,2025/07/20,17:30:14,"毎々、お世話になっております。
可能です！
お見積もりお送りします😊"
User,はやうぇい,2025/07/20,17:30:27,お願いします◎
Account,内藤夏樹,2025/07/20,17:36:09,"ブラックボルトとホワイトフレアは
申し訳ございませんが〆切となりました"
Account,内藤夏樹,2025/07/20,17:37:54,"'
・ポケモンカード　バトルパートナーズ　12箱　単価7,500円　小計90,000円
・ポケモンカード　テラスタルフェスex　8箱　単価10,300円　小計82,400円
・ポケモンカード　楽園ドラゴーナ　3箱　単価8,000円　小計24,000円
・ポケモンカード　ホワイトフレア（デラックス）　1箱　単価13,700円　小計13,700円
・ポケモンカード　ブラックボルト（デラックス）　1箱　単価13,700円　小計13,700円
・ポケモンカード　パラダイムトリガー　1箱　単価11,800円　小計11,800円
・ポケモンカード　クレイバースト　1箱　単価10,200円　小計10,200円
・ポケモンカード　クリムゾンヘイズ　1箱　単価8,600円　小計8,600円
・ポケモンカード　スカーレットex　1箱　単価7,400円　小計7,400円
・ポケモンカード　変幻の仮面　1箱　単価8,200円　小計8,200円
・ポケモンカード　シャイニートレジャーex　1箱　単価8,700円　小計8,700円
・ポケモンカード　ステラミラクル　4箱　単価5,600円　小計22,400円
・ポケモンカード　ナイトワンダラー　5箱　単価5,600円　小計28,000円
・ポケモンカード　ロケット団の栄光　5箱　単価11,300円　小計56,500円"
Account,内藤夏樹,2025/07/20,17:38:12,"請求先および発送先
株式会社AiGIVE 内藤宛
940-0864
新潟県長岡市川崎3-2366-7-103
050-5470-3570"
Account,内藤夏樹,2025/07/20,17:38:22,上記まで発送をよろしくお願い申し上げます。
User,はやうぇい,2025/07/20,17:43:49,"かしこまりました◎
そちらの金額で大丈夫です🙆発送いたしましたら
連絡します！"
Account,内藤夏樹,2025/07/20,17:45:49,ありがとうございました。
Account,内藤夏樹,2025/07/20,17:45:56,ご申請もよろしくお願い申し上げます。
User,はやうぇい,2025/07/20,19:01:59,"ヤマト運輸
307473051060
冨永諒

上記の発送先に発送いたしました。
明日21日月曜日午前中に
到着いたします！
よろしくお願いします🙇"
User,はやうぇい,2025/07/20,19:02:03,写真を送信しました。
User,はやうぇい,2025/07/20,19:02:23,フォームも完了済み✅です
Account,内藤夏樹,2025/07/20,20:54:45,ありがとうございました。
Account,内藤夏樹,2025/07/21,11:17:36,"毎々、お世話になっております。  
御見積書を送付いたします。

- 買取見積書 -
・ポケモンカード　バトルパートナーズ　12箱　単価7,500円　小計90,000円  
・ポケモンカード　テラスタルフェスex　8箱　単価10,300円　小計82,400円  
・ポケモンカード　楽園ドラゴーナ　3箱　単価8,000円　小計24,000円  
・ポケモンカード　ホワイトフレア（デラックス）　1箱　単価13,700円　小計13,700円  
・ポケモンカード　ブラックボルト（デラックス）　1箱　単価13,700円　小計13,700円  
・ポケモンカード　パラダイムトリガー　1箱　単価11,800円　小計11,800円  
・ポケモンカード　クレイバースト　1箱　単価10,200円　小計10,200円  
・ポケモンカード　クリムゾンヘイズ　1箱　単価8,600円　小計8,600円  
・ポケモンカード　スカーレットex　1箱　単価7,400円　小計7,400円  
・ポケモンカード　変幻の仮面　1箱　単価8,200円　小計8,200円  
・ポケモンカード　シャイニートレジャーex　1箱　単価8,700円　小計8,700円  
・ポケモンカード　ステラミラクル　4箱　単価5,600円　小計22,400円  
・ポケモンカード　ナイトワンダラー　5箱　単価5,600円　小計28,000円  
・ポケモンカード　ロケット団の栄光　5箱　単価11,300円　小計56,500円

減額項目：
・凹み：-700円 × 1点（ブラックボルトDX） = -700円  
・ハードケース：-200円 × 1点（変幻の仮面） = -200円

合計：393,600円  
減額合計：-900円  
**最終買取金額：392,700円**

ご確認のほど、よろしくお願いいたします。"
User,はやうぇい,2025/07/21,11:21:55,そちらで全て買取で大丈夫です！よろしくお願いします🙇
Account,内藤夏樹,2025/07/21,11:22:47,ありがとうございました。
Account,内藤夏樹,2025/07/21,11:22:50,お振込みをします。
User,はやうぇい,2025/07/21,14:36:19,"お世話になります！
ブラックボルト7
ホワイトフレア12
今日もう買取難しいでしょうか？💦"
Account,内藤夏樹,2025/07/21,14:36:54,"毎々、お世話になっております。

申し訳ございません！
ブラホワ各種は〆切となりまひた🙇🏻‍♂️"
User,はやうぇい,2025/07/21,14:37:31,かしこまりました！
User,はやうぇい,2025/08/10,15:36:18,"お世話になります！
今日のマクドナルドプロモ
もう〆切ましたでしょうか？"
Account,内藤夏樹,2025/08/10,15:36:35,"毎々、お世話になっております。
はい！申し訳ございません！
〆切となりました。"
User,はやうぇい,2025/08/10,15:36:43,かしこまりました🙇
User,はやうぇい,2025/08/22,14:37:37,"お世話になります◎

ブラックボルト 2カートン
あるのですが＋料金にはならないですよね？"
Account,内藤夏樹,2025/08/22,14:47:36,"毎々、お世話になっております。
少しだけとなりますが、頑張ります😊

単価+200でいかがでしょうか？"
User,はやうぇい,2025/08/22,15:07:26,"ありがとうございます🙇
そちらで2カートン分
お願いします！
本日の買取依頼品になります！

バトルパートナーズ4
クリムゾンヘイズ1
ワイルドフォース1
ブラックボルト2
パラダイムトリガー1
ロケット団の栄光1
スカーレット1
熱風のアリーナ1
スノーバザード1
トリプレットビート1　
🔥ブラックボルト2カートン (＋200円)

以上郵送買取よろしくお願いします◎"
Account,内藤夏樹,2025/08/22,15:11:00,"毎々、お世話になっております。
本日の価格で後ほどお見積もりを送付します。

こちらで確定させてください🙇🏻‍♂️"
Account,内藤夏樹,2025/08/22,15:11:06,"ありがとうございます🙇
そちらで2カートン分
お願いします！
本日の買取依頼品になります！

バトルパートナーズ4
クリムゾンヘイズ1
ワイルドフォース1
ブラックボルト2
パラダイムトリガー1
ロケット団の栄光1
スカーレット1
熱風のアリーナ1
スノーバザード1
トリプレットビート1　
🔥ブラックボルト2カートン (＋200円)

以上郵送買取よろしくお願いします◎"
Account,内藤夏樹,2025/08/22,15:16:36,"毎々、お世話になっております。  
御見積書を送付いたします。

- 買取見積書 -
・ポケモンカード　バトルパートナーズ　4箱　単価7,500円　小計30,000円  
・ポケモンカード　クリムゾンヘイズ　1箱　単価8,600円　小計8,600円  
・ポケモンカード　ワイルドフォース　1箱　単価7,100円　小計7,100円  
・ポケモンカード　ブラックボルト　2箱　単価9,300円　小計18,600円  
・ポケモンカード　パラダイムトリガー　1箱　単価11,800円　小計11,800円  
・ポケモンカード　ロケット団の栄光　1箱　単価9,300円　小計9,300円  
・ポケモンカード　スカーレットex　1箱　単価8,200円　小計8,200円  
・ポケモンカード　熱風のアリーナ　1箱　単価9,600円　小計9,600円  
・ポケモンカード　スノーハザード　1箱　単価7,000円　小計7,000円  
・ポケモンカード　トリプレットビート　1箱　単価10,700円　小計10,700円  
・ポケモンカード　ブラックボルト　24箱　単価9,500円　小計228,000円  

減額項目：なし  

合計：348,900円  
減額合計：0円  
最終買取金額：348,900円  

ご確認のほど、よろしくお願いいたします。"
Account,内藤夏樹,2025/08/22,15:16:41,お間違い無いでしょうか
User,はやうぇい,2025/08/22,15:23:16,"はい◎
よろしくお願いします！
発送いたしましたら連絡します"
User,はやうぇい,2025/08/22,17:13:59,写真を送信しました。
User,はやうぇい,2025/08/22,17:14:25,"ヤマト運輸
307477409820
冨永諒

上記の発送先に発送いたしました。
明日23日土曜日午前中に
到着いたします！
よろしくお願いします🙇"
Account,内藤夏樹,2025/08/23,15:05:39,"毎々、お世話になっております。
満額にてお振込みをしました。"
User,はやうぇい,2025/08/23,15:12:40,"毎回迅速な対応振込みありがとうございます！
他の買取屋と比べて
ダントツで素晴らしい対応です🙇✨
またbox貯まったらお声かけします！"
Account,内藤夏樹,2025/08/23,15:40:19,よろしくお願い申し上げます。
User,はやうぇい,2025/10/23,13:31:11,"お世話になります◎
インフェルノ　3カートン
あるのですが➕単価にはなりますでしょうか？"
Account,内藤夏樹,2025/10/23,13:56:25,"毎々、お世話になっております！
カートンもちろんです

15600×12でいかがですか？"
User,はやうぇい,2025/10/23,14:08:40,"そちらで大丈夫です◎

インフェルノ3カートン
インフェルノ11box
ブラックボルト3box
ホワイトフレア3box
テラスタルフェス2box
メガシンフォニア1box
スノーハザード1box
熱風のアリーナ1box

以上郵送買取お願いします🙇"
Account,内藤夏樹,2025/10/23,14:10:40,"毎々、お世話になっております。  
御見積書を送付いたします。

- 買取見積書 -
  ・ポケモンカード　インフェルノX　3カートン　単価187,200円　小計561,600円  
  ・ポケモンカード　インフェルノX　11箱　単価15,500円　小計170,500円  
  ・ポケモンカード　ブラックボルト　3箱　単価9,400円　小計28,200円  
  ・ポケモンカード　ホワイトフレア　3箱　単価8,500円　小計25,500円  
  ・ポケモンカード　テラスタルフェスex　2箱　単価13,500円　小計27,000円  
  ・ポケモンカード　メガシンフォニア　1箱　単価7,400円　小計7,400円  
  ・ポケモンカード　スノーハザード　1箱　単価7,500円　小計7,500円  
  ・ポケモンカード　熱風のアリーナ　1箱　単価11,300円　小計11,300円

合計：839,000円  
減額合計：0円  
最終買取金額：839,000円

ご確認のほど、よろしくお願いいたします。​​​​​​​​​​​​​​​​"
User,はやうぇい,2025/10/23,14:11:57,ありがとうございます◎テラスタルフェス単価14200ではなかったでしょうか？
Account,内藤夏樹,2025/10/23,14:17:20,"ポストに誤りがありました。
リストに記載が正しいです、申し訳ございません🙇🏻‍♂️"
User,はやうぇい,2025/10/23,14:19:03,"かしこまりました◎
リスト値段で大丈夫です👌
よろしくお願いします"
Account,内藤夏樹,2025/10/23,14:31:54,ご理解ありがとうございます😭
User,はやうぇい,2025/10/23,16:27:14,写真を送信しました。
User,はやうぇい,2025/10/23,16:27:15,"'
発送会社　ヤマト運輸
追跡番号　461589220842
発送者名　冨永諒
到着予定日　10月24日(金)午前中

こちらで本日発送いたしました！よろしくお願いします🙇"
User,はやうぇい,2025/11/06,17:17:40,"お世話になります！
またカートンの方➕単価up
してもらえたら助かります🙇

メガシンフォニア　1カートン
ロケット団の栄光 1カートン
メガシンフォニア3box
ロケット団の栄光1box
インフェルノ2box
ホワイトフレア3box
変幻の仮面1box
クレイバースト2box
シャイニートレジャー2box
シャイニースターv1box

こちら郵送買取お願いします🙇"
Account,内藤夏樹,2025/11/06,17:25:25,"毎々、お世話になっております。
本日〆切してしまいましたため、また明日、よろしくお願い申し上げます。"
User,はやうぇい,2025/11/06,17:26:17,"かしこまりました！
またお願いします"
User,はやうぇい,2025/11/08,15:24:04,"お世話になります！
今日買取受け付けてますか？"
Account,内藤夏樹,2025/11/08,16:08:42,"毎々、お世話になっております。
明日募集する予定です🙇🏻‍♂️"
User,はやうぇい,2025/11/08,16:09:20,分かりました◎
User,はやうぇい,2025/11/09,13:56:49,"お世話になります！
またカートンの方➕単価up
してもらえたら助かります🙇

メガシンフォニア　1カートン
ロケット団の栄光 1カートン
メガシンフォニア3box
ロケット団の栄光1box
インフェルノ2box
ホワイトフレア3box
変幻の仮面1box
クレイバースト1box
シャイニートレジャー3box

シャイニースターv1box
マクドナルド未開封 38パック

こちら郵送買取お願いします🙇"
Account,内藤夏樹,2025/11/09,14:01:08,"＋１００程度しかできませんが、計算しております。
マクドナルドプロモは買取停止となりました。"
Account,内藤夏樹,2025/11/09,14:02:23,"毎々、お世話になっております。  
御見積書を送付いたします。

- 買取見積書 -
・ポケモンカード　メガシンフォニア　1カートン（12箱）　単価7,700円　小計92,400円  
・ポケモンカード　ロケット団の栄光　1カートン（12箱）　単価11,800円　小計141,600円  
・ポケモンカード　メガシンフォニア　3箱　単価7,600円　小計22,800円  
・ポケモンカード　ロケット団の栄光　1箱　単価11,700円　小計11,700円  
・ポケモンカード　インフェルノX　2箱　単価14,700円　小計29,400円  
・ポケモンカード　ホワイトフレア　3箱　単価8,200円　小計24,600円  
・ポケモンカード　変幻の仮面　1箱　単価8,000円　小計8,000円  
・ポケモンカード　クレイバースト　1箱　単価10,700円　小計10,700円  
・ポケモンカード　シャイニートレジャーex　3箱　単価11,200円　小計33,600円

合計箱数：38箱
合計：374,800円  
減額合計：0円  
最終買取金額：374,800円

20箱以上のため、送料は弊社負担でお送りください。

ご確認のほど、よろしくお願いいたします。

シャイニースターも買取をしておりませんでした。
申し訳ございません。"
User,はやうぇい,2025/11/09,14:05:30,"かしこまりました◎
ありがとうございます！
ではそちらで買取予約
よろしくお願いします🙇"
User,はやうぇい,2025/11/09,16:48:24,"すみません熱風のアリーナ
1boxだけ追加大丈夫でしょうか？"
User,はやうぇい,2025/11/09,17:24:14,追加はまた今度にいたします🙏お手数をおかけしました！今回申し込み分は今から発送いたします。
Account,内藤夏樹,2025/11/09,17:35:43,よろしくお願い申し上げます。
Account,内藤夏樹,2025/11/09,17:35:51,返信が遅くなってしまい申し訳ございませんでした。
User,はやうぇい,2025/11/09,19:07:49,"'
発送会社　ヤマト運輸
追跡番号　461589642393
発送者名　冨永諒
到着予定日　11月10日月曜日(午前中)

こちらで本日発送いたしました！よろしくお願いします🙇"
User,はやうぇい,2025/11/29,13:15:51,"お世話になります！
メガドリーム 9box
熱風のアリーナ1box
買取よろしくお願いします◎"
Account,内藤夏樹,2025/11/29,13:16:20,"毎々、お世話になっております。  
御見積書を送付いたします。

- 買取見積書 -
・ポケモンカード　メガドリームex　9箱　単価12,600円　小計113,400円  
・ポケモンカード　熱風のアリーナ　1箱　単価12,600円　小計12,600円

合計箱数：10箱
合計：126,000円  
減額合計：0円  
最終買取金額：126,000円

ご確認のほど、よろしくお願いいたします。"
User,はやうぇい,2025/11/29,13:46:01,"ありがとうございます◎
そちらで買取予約お願いします"
Account,内藤夏樹,2025/11/29,13:54:40,宜しくお願い致します。
User,はやうぇい,2025/11/29,14:55:28,"発送会社　ヤマト運輸
追跡番号　330384402692
発送者名　冨永諒
到着予定日　11月30日(日)午前中

こちらで本日発送いたしました！よろしくお願いします🙇"
Account,内藤夏樹,2025/11/29,15:04:39,ありがとうございました。
User,はやうぇい,2025/12/17,11:50:39,"お世話になります！
本日メガドリーム
1カートン
買取お願いしたいのですが
可能でしょうか？"
Account,内藤夏樹,2025/12/17,11:54:41,"毎々、お世話になっております。
本日から出張のため買取ができない状態です🙇🏻‍♂️"
User,はやうぇい,2025/12/17,11:55:08,"かしこまりました◎
お返事ありがとうございます！"
