﻿アカウント名,にこにこ買取＠業界最高の買取価格宣言！
タイムゾーン,'+09:00
ダウンロード日時,2026/02/21 04:37
送信者タイプ,送信者名,送信日,送信時刻,内容
Account,応答メッセージ,2025/11/30,16:35:18,"トミーさん
はじめまして！にこにこ買取＠業界最高の買取価格宣言！です。
友だち追加ありがとうございます！
にこにこ買取です(moon big smile)

ポケモンカードなどトレーディングカード全般の買取を行っております。
買取ご希望のお客様はなんでもお気軽に連絡してください(saluting man)

ご郵送買取の流れはメニューから”郵送買取の流れ”をご確認ください(sparkle)

ご郵送買取ご希望の場合にはメニューの”申し込みフォーム”からご申請が可能となっております。

お問い合わせなどはお気にご連絡ください。"
User,トミー,2025/12/02,13:09:07,MEGAドリーム　シュリンク無しの買取価格が知りたいです
Account,AIチャットボット(β),2025/12/02,13:09:07,情報利用許可のお願い
User,トミー,2025/12/02,13:09:23,MEGAドリーム　シュリンク無しの買取価格が知りたいです
Account,AIチャットボット(β),2025/12/02,13:09:26,"お問い合わせありがとうございます！
適切な回答が見つかりませんでした。ほかの聞き方をお試しください。"
User,トミー,2025/12/02,13:09:33,シュリンク無しの買取価格が知りたいです
Account,AIチャットボット(β),2025/12/02,13:09:35,"誠に申し訳ございませんが、弊社ではシュリンク（外装フィルム）がついていない製品の買取は一切行っておりません。
ご要望にお応えできず大変恐縮ですが、シュリンク付きの製品の買取をご検討いただけますようお願い申し上げます。"
User,トミー,2025/12/17,10:22:27,現在も郵送のみの受付ですか？
