﻿アカウント名,にこにこ買取＠業界最高の買取価格宣言！
タイムゾーン,'+09:00
ダウンロード日時,2026/02/21 04:37
送信者タイプ,送信者名,送信日,送信時刻,内容
Account,応答メッセージ,2025/09/24,11:46:02,"かなざわさん
はじめまして！にこにこ買取＠業界最高の買取価格宣言！です。
友だち追加ありがとうございます！
にこにこ買取です(moon big smile)

ポケモンカードなどトレーディングカード全般の買取を行っております。
買取ご希望のお客様はなんでもお気軽に連絡してください(saluting man)

ご郵送買取の流れはメニューから”郵送買取の流れ”をご確認ください(sparkle)

ご郵送買取ご希望の場合にはメニューの”申し込みフォーム”からご申請が可能となっております。

お問い合わせなどはお気にご連絡ください。"
User,かなざわ,2025/11/05,08:03:31,商品到着後振り込みまで何日かかりますか？
User,かなざわ,2025/11/05,08:05:21,"すみません、Xを見たら記載ありました。
北海道から発送します。仕事終わるのが遅いためコンビニからの発送になりますが問題ないでしょうか？"
Account,内藤夏樹,2025/11/05,08:53:32,"毎々、お世話になっております。
当日便に乗せていただけたら有難いです。

そうではない場合には価格保証は賜ることができません。"
User,かなざわ,2025/11/05,12:11:23,わかりました。時間的に送るの難しいので例えば翌日価格でもよければ大丈夫ですかね？
Account,内藤夏樹,2025/11/05,12:14:49,物によりますため、個別に相談いただけますと幸甚に存じます。
User,かなざわ,2025/11/05,12:16:16,"インフェルノ3
ブレイブ1
シンフォニア1
ブラックボルト1
ホワイトフレイア1
テラスタル3

で考えています。"
Account,内藤夏樹,2025/11/05,12:16:37,"大丈夫です。
本日出荷でよろしくお願い申し上げます。"
Account,内藤夏樹,2025/11/05,12:16:50,コンビニからで問題ありません。
User,かなざわ,2025/11/05,12:25:59,わかりました。ありがとうございます。
Account,内藤夏樹,2025/11/05,12:29:33,"毎々、お世話になっております。  
御見積書を送付いたします。

- 買取見積書 -
  ・ポケモンカード　インフェルノX　3箱　単価15,000円　小計45,000円  
  ・ポケモンカード　メガブレイブ　1箱　単価10,800円　小計10,800円  
  ・ポケモンカード　メガシンフォニア　1箱　単価7,600円　小計7,600円  
  ・ポケモンカード　ブラックボルト　1箱　単価9,000円　小計9,000円  
  ・ポケモンカード　ホワイトフレア　1箱　単価8,200円　小計8,200円  
  ・ポケモンカード　テラスタルフェスex　3箱　単価12,400円　小計37,200円

合計：117,800円  
減額合計：0円  
最終買取金額：117,800円

ご確認のほど、よろしくお願いいたします。​​​​​​​​​​​​​​​​"
Account,内藤夏樹,2025/11/05,12:29:39,送料はご負担をよろしくお願い申し上げます。
User,かなざわ,2025/11/05,12:30:21,ありがとうございます。フォーム入力します。
Account,内藤夏樹,2025/11/05,12:30:40,"お手間をおかけします。
よろしくお願いします。"
User,かなざわ,2025/11/05,12:34:41,今マイナ免許証を載せたんですがセルフィーはどうすれば良いでしょう？
Account,内藤夏樹,2025/11/05,12:35:45,"ご利用方法に記載の通りに
身分証とご自身を映して撮影をよろしくお願い申し上げます。"
User,かなざわ,2025/11/05,12:38:33,入力終わりました、住民票を同梱して発送します。
Account,内藤夏樹,2025/11/05,12:39:57,よろしくお願いします。
User,かなざわ,2025/11/05,23:12:20,送信が取り消されたメッセージです
User,かなざわ,2025/11/05,23:15:35,送信が取り消されたメッセージです
User,かなざわ,2025/11/05,23:57:15,送信が取り消されたメッセージです
User,かなざわ,2025/11/06,00:05:07,"度々申し訳ございません。
住民票を出そうとしたのですが、時間外のため出せませんでした。
ですので発送は明日にします。
金額が変わる際は教えていただければと思います。
また、メガブレイブとメガシンフォニアが確認したところなく、代わりにインフェルノとブラックボルトが一つずつありました。そのため、明日再度入力フォームからやり直そうと思います。
よろしくお願いします。"
User,かなざわ,2025/11/06,00:05:57,"インフェルノ4
ブラックボルト2
ホワイトフレア1
テラスタルフェス3
以上です。"
Account,内藤夏樹,2025/11/06,10:15:54,"毎々、お世話になっております。
事情はわかりました。

本日の発送をよろしくお願い申し上げます。

価格はそのままで大丈夫です。"
User,かなざわ,2025/11/06,11:41:02,"ありがとうございます。
昨日のようにお見積りいただけますか？それをフォームに添付します。"
Account,内藤夏樹,2025/11/06,12:33:48,"毎々、お世話になっております。  
御見積書を送付いたします。

- 買取見積書 -
  ・ポケモンカード　インフェルノX　3箱　単価15,000円　小計45,000円  
  ・ポケモンカード　メガブレイブ　1箱　単価10,800円　小計10,800円  
  ・ポケモンカード　メガシンフォニア　1箱　単価7,600円　小計7,600円  
  ・ポケモンカード　ブラックボルト　1箱　単価9,000円　小計9,000円  
  ・ポケモンカード　ホワイトフレア　1箱　単価8,200円　小計8,200円  
  ・ポケモンカード　テラスタルフェスex　3箱　単価12,400円　小計37,200円

合計：117,800円  
減額合計：0円  
最終買取金額：117,800円

ご確認のほど、よろしくお願いいたします。​​​​​​​​​​​​​​​​"
User,かなざわ,2025/11/06,12:35:52,"すみません、メガブレイブとメガシンフォニアが手元になく、
インフェルノ4
ブラックボルト2
ホワイトフレア1
テラスタルフェス3
となりますが大丈夫ですか？"
Account,内藤夏樹,2025/11/06,12:38:46,"'
- 買取見積書 -
  ・ポケモンカード　インフェルノX　4箱　単価15,000円
  ・ポケモンカード　ブラックボルト　2箱　単価9,000円
  ・ポケモンカード　ホワイトフレア　1箱　単価8,200円
  ・ポケモンカード　テラスタルフェスex　3箱　単価12,400円"
Account,内藤夏樹,2025/11/06,12:38:54,こちらでご申請をよろしくお願いします。
User,かなざわ,2025/11/06,12:42:05,ありがとうございます。今再度フォームを送信しました。本日中に発送します。
Account,内藤夏樹,2025/11/06,12:44:26,よろしくお願いします
User,かなざわ,2025/11/06,19:20:06,"送り状番号
386167572464"
User,かなざわ,2025/11/06,19:20:12,よろしくお願いします。
Account,内藤夏樹,2025/11/09,10:13:39,送信が取り消されたメッセージです
Account,内藤夏樹,2025/11/09,10:13:54,"毎々、お世話になっております。  
御見積書を送付いたします。

- 買取見積書 -
・ポケモンカード　インフェルノX　4箱　単価15,000円　小計60,000円  
・ポケモンカード　ブラックボルト　2箱　単価9,000円　小計18,000円  
・ポケモンカード　ホワイトフレア　1箱　単価8,200円　小計8,200円  
・ポケモンカード　テラスタルフェスex　3箱　単価12,400円　小計37,200円

合計箱数：10箱
合計：123,400円  
減額合計：0円  
最終買取金額：123,400円

お振込みをしました。"
User,かなざわ,2025/11/09,12:53:36,早急な振込ありがとうございます。またよろしくお願いします。
User,かなざわ,2025/11/19,13:14:06,本日の価格が知りたいですが出ていますでしょうか？
Account,内藤夏樹,2025/11/19,13:37:23,"毎々、お世話になっております。
本日はお休みとなります。
またよろしくお願いいたします。"
User,かなざわ,2025/11/19,13:49:09,"テラスタルフェス　
シュリ付3
インフェルノ
シュリ付3
メガブレイブ
シュリ付2
メガシンフォニア
シュリ付2
ブラックボルト
シュリ付1
こちらで考えておりますので明日ご連絡ください。
よろしくお願いします。"
User,かなざわ,2025/11/19,22:33:33,"訂正
テラスタルフェス　
シュリ付5
インフェルノ
シュリ付3
メガブレイブ
シュリ付2
メガシンフォニア
シュリ付2
ブラックボルト
シュリ付1
こちらで考えておりますので明日ご連絡ください。
よろしくお願いします。"
User,かなざわ,2025/11/19,22:35:48,何度もすみません、シュリ無しだったのでやはり最初のでお願いします
User,かなざわ,2025/11/20,13:24:58,値段出ましたらお願いします
Account,内藤夏樹,2025/11/20,13:41:07,"毎々、お世話になっております。
本日はお休みとなります。
またよろしくお願いいたします。"
User,かなざわ,2025/11/20,13:50:21,いつから営業開始でしょう？
Account,内藤夏樹,2025/11/20,13:50:37,未定でございます。
User,かなざわ,2025/11/20,13:50:59,わかりました！
User,かなざわ,2025/12/16,17:41:40,"①メガドリームex
②5箱
③55000円
こちらでよろしいでしょうか？"
Account,内藤夏樹,2025/12/16,18:12:40,"毎々お世話になっております。
本日はすべて〆切となりました。
またよろしくお願いします。"
