﻿アカウント名,にこにこ買取＠業界最高の買取価格宣言！
タイムゾーン,'+09:00
ダウンロード日時,2026/02/21 04:37
送信者タイプ,送信者名,送信日,送信時刻,内容
Account,応答メッセージ,2025/04/30,16:46:50,"飯田晴信さん
はじめまして！にこにこ買取＠業界最高の買取価格宣言！です。
友だち追加ありがとうございます！
にこにこ買取です(moon big smile)

ポケモンカードなどトレーディングカード全般の買取を行っております。
買取ご希望のお客様はなんでもお気軽に連絡してください(saluting man)

ご郵送買取の流れは以下の”郵送買取の流れ”をご確認ください(sparkle)

お問い合わせなどはお気軽にメッセージからご連絡ください(phone)"
Account,応答メッセージ,2025/04/30,16:46:50,写真を送信しました。
Account,応答メッセージ,2025/04/30,16:46:50,写真を送信しました。
User,飯田晴信,2025/12/16,15:38:18,"メガドリーム27
メガシンフオニア7
メガブレイブ7
シュリンク付き
買取お願いいたします"
Account,内藤夏樹,2025/12/16,15:43:28,"毎々お世話になっております。
本日はすべて〆切となりました。
またよろしくお願いします。"
