﻿アカウント名,にこにこ買取＠業界最高の買取価格宣言！
タイムゾーン,'+09:00
ダウンロード日時,2026/02/21 04:37
送信者タイプ,送信者名,送信日,送信時刻,内容
Account,応答メッセージ,2025/06/07,14:04:24,"Tuấn Hiệuさん
はじめまして！にこにこ買取＠業界最高の買取価格宣言！です。
友だち追加ありがとうございます！
にこにこ買取です(moon big smile)

ポケモンカードなどトレーディングカード全般の買取を行っております。
買取ご希望のお客様はなんでもお気軽に連絡してください(saluting man)

ご郵送買取の流れはメニューから”郵送買取の流れ”をご確認ください(sparkle)

お問い合わせなどはお気軽にメッセージからご連絡ください(phone)"
User,Tuấn Hiệu,2025/12/12,19:59:08,写真を送信しました。
User,Tuấn Hiệu,2025/12/12,19:59:40,このカートン売りたいですが。
User,Tuấn Hiệu,2025/12/12,20:00:16,買取をしていただけませんか？
