﻿アカウント名,にこにこ買取＠業界最高の買取価格宣言！
タイムゾーン,'+09:00
ダウンロード日時,2026/02/21 04:37
送信者タイプ,送信者名,送信日,送信時刻,内容
Account,応答メッセージ,2025/10/23,16:56:55,"青木佳亮さん
はじめまして！にこにこ買取＠業界最高の買取価格宣言！です。
友だち追加ありがとうございます！
にこにこ買取です(moon big smile)

ポケモンカードなどトレーディングカード全般の買取を行っております。
買取ご希望のお客様はなんでもお気軽に連絡してください(saluting man)

ご郵送買取の流れはメニューから”郵送買取の流れ”をご確認ください(sparkle)

ご郵送買取ご希望の場合にはメニューの”申し込みフォーム”からご申請が可能となっております。

お問い合わせなどはお気にご連絡ください。"
User,青木佳亮,2025/10/23,16:58:24,"１センチ未満の破れは減額でしょうか？
また、住民票は必要ですか？"
Account,内藤夏樹,2025/10/23,16:58:58,"毎々、お世話になっております。
ご利用方法にサンプルが記載してあります。"
Account,内藤夏樹,2025/10/23,16:59:17,初回お取引の場合には住民票が必要です。
User,青木佳亮,2025/10/23,17:02:02,"かしこまりました。
５月に取得した住民票でも大丈夫ですか？"
Account,内藤夏樹,2025/10/23,17:07:11,3ヶ月以内のものでお願いします。
User,青木佳亮,2025/10/23,17:10:09,かしこまりました。
Account,内藤夏樹,2025/10/23,17:13:31,ご理解ありがとうございます
User,青木佳亮,2025/11/18,14:34:43,白熱のアルカナのカートンは買取してますか？
Account,内藤夏樹,2025/11/18,14:54:04,"毎々、お世話になっております。
現在は買取しておりません。"
User,青木佳亮,2025/11/18,14:57:20,かしこまりました
User,青木佳亮,2025/12/04,07:34:17,メガドリームは本日いくらでしょうか？
Account,AIチャットボット(β),2025/12/04,07:34:18,情報利用許可のお願い
User,青木佳亮,2025/12/05,14:55:59,休みですか？
Account,AIチャットボット(β),2025/12/05,14:56:01,"お問い合わせありがとうございます！
適切な回答が見つかりませんでした。ほかの聞き方をお試しください。"
Account,内藤夏樹,2025/12/05,14:56:12,毎々、お世話になっております。
Account,内藤夏樹,2025/12/05,14:56:15,"毎々、お世話になっております。
メガドリームのみ
本日は12400円でご案内しております。"
User,青木佳亮,2025/12/05,14:56:23,かしこまりました
