﻿アカウント名,にこにこ買取＠業界最高の買取価格宣言！
タイムゾーン,'+09:00
ダウンロード日時,2026/02/21 04:37
送信者タイプ,送信者名,送信日,送信時刻,内容
Account,応答メッセージ,2024/10/23,23:18:04,"れさん
はじめまして！にこにこ買取＠業界最高の買取価格宣言！です。
友だち追加ありがとうございます！
にこにこ買取です(moon big smile)

ポケモンカードなどトレーディングカード全般の買取を行っております。
買取ご希望のお客様はなんでもお気軽に連絡してください(saluting man)

ご郵送買取の流れは以下の”郵送買取の流れ”をご確認ください(sparkle)

お問い合わせなどはお気軽にメッセージからご連絡ください(phone)"
Account,応答メッセージ,2024/10/23,23:18:04,写真を送信しました。
Account,応答メッセージ,2024/10/23,23:18:04,写真を送信しました。
User,れ,2024/10/25,10:49:26,151の買取11500円ですか？
User,れ,2024/10/25,10:49:48,Twitter上では11500ですが、買取表には10000円と書いてあるのですがどちらでしょうか？
Account,内藤夏樹,2024/10/25,11:10:58,"毎々、お世話になっております！

11500円で買取しております！"
User,れ,2024/10/25,11:17:30,ありがとうございます。大口でも金額アップはなしですか？
Account,内藤夏樹,2024/10/25,11:18:32,"はい、この価格はなしとさせてください。
何箱ございますか？"
User,れ,2024/10/25,11:19:47,30BOX弱です。わかりました。
Account,内藤夏樹,2024/10/25,11:20:45,"ご理解ありがとうございました。

お買取よろしければ、申請フォームをご作成ののち
数量、金額をご連絡下さい。"
User,れ,2024/10/25,11:58:29,"151
32BOX
11500円"
Account,内藤夏樹,2024/10/25,12:14:56,"ありがとうございました。

以下まで、本日が発送ください。"
Account,内藤夏樹,2024/10/25,12:15:13,"'

お買取希望の商品は以下の住所へ発送をお願い申し上げます(saluting man)
ご利用方法に記載のある梱包に関する注意事項を改めてご確認ください。

また発送は原則ヤマト運輸さんよりお願い申し上げます(sparkle)

【発送先】
株式会社AiGIVE 内藤宛
〒940-0081
新潟県長岡市南町1-6-13
050-5470-3570

また発送されましたら以下の情報をご連絡ください(explaining)
①　追跡番号
②　発送日・到着指定時間"
User,れ,2024/10/25,17:48:00,"①  4939-8046-6781
② 10/25発送した為10/26 午前中に到着予定です。"
Account,内藤夏樹,2024/10/25,18:52:32,ありがとうございます。
User,れ,2024/10/26,11:34:17,商品に減額がある場合は事前に教えてもらいたいです。
Account,内藤夏樹,2024/10/26,11:38:29,"毎々、お世話になっております。
はい、もちろんでございます。"
User,れ,2024/10/26,11:39:02,"ありがとうございます。
そこが心配だったので💦
最後まで宜しくお願いします。"
Account,内藤夏樹,2024/10/26,11:39:31,はい、査定後またご連絡します。
Account,内藤夏樹,2024/10/26,12:36:42,"毎々、お世話になっております。
査定が終わり7点のシュリンク破れや潰れが認められました。
これらは着払いでご返品もしくは、1点-1000円でお買取も可能です。

お申し付けください。"
Account,内藤夏樹,2024/10/26,12:38:17,写真を送信しました。
Account,内藤夏樹,2024/10/26,12:38:17,写真を送信しました。
Account,内藤夏樹,2024/10/26,12:38:18,写真を送信しました。
Account,内藤夏樹,2024/10/26,12:38:19,写真を送信しました。
Account,内藤夏樹,2024/10/26,12:38:19,写真を送信しました。
Account,内藤夏樹,2024/10/26,12:38:20,写真を送信しました。
Account,内藤夏樹,2024/10/26,12:38:20,写真を送信しました。
Account,内藤夏樹,2024/10/26,12:38:20,送信が取り消されたメッセージです
User,れ,2024/10/26,13:29:25,わかりました。
User,れ,2024/10/26,13:29:52,そうしましたら合計361000円でお間違い無いでしょうか？
Account,内藤夏樹,2024/10/26,13:55:24,"はい。
11500×25=287500
10500×7=73500
合計
361000

となります。
よろしいでしょうか。"
User,れ,2024/10/26,14:06:34,宜しくお願いします
Account,内藤夏樹,2024/10/26,14:34:01,ありがとうございました。
Account,内藤夏樹,2024/10/26,14:34:06,明日までにお振込みします。
User,れ,2024/10/26,14:57:42,はい。
Account,内藤夏樹,2024/10/27,08:15:31,"お振込みしました。
ご確認をよろしくお願い申し上げます。"
User,れ,2024/10/27,09:11:51,確認できました。ありがとうございました。また機会がありましたら宜しくお願いします🙇
User,れ,2025/03/23,13:13:15,"お世話になっております。
本日熱風のアリーナ買取していますでしょうか？"
User,れ,2025/03/23,13:13:33,郵送買取希望です
Account,内藤夏樹,2025/03/23,13:34:42,"毎々、お世話になっております。
価格をご連絡します。"
Account,内藤夏樹,2025/03/23,13:36:40,12300円でいかがでしょうか。
User,れ,2025/03/23,13:42:30,"12500は厳しいでしょうか？
１６box買取していただきたいです。"
Account,内藤夏樹,2025/03/23,13:45:53,送料を負担する必要があるので12400円で何卒ご容赦ください
User,れ,2025/03/23,13:49:00,ありがとうございます💦
User,れ,2025/03/23,13:49:19,現在、バトルパートナーズのシュリンク無しは買取していませんか？
Account,内藤夏樹,2025/03/23,13:51:32,もしもよろしい場合にはメニューより買取申請を宜しくお願いします。
Account,内藤夏樹,2025/03/23,13:51:38,しておりません。
User,れ,2025/06/01,15:03:11,"お世話になっております。
上記の写真は今日の買取金額でしょうか？"
User,れ,2025/06/01,15:03:26,バイオレットの単価15500円でしょうか？
Account,内藤夏樹,2025/06/01,15:03:47,"毎々、お世話になっております。
価格表に誤りがありました。申し訳ございません。"
User,れ,2025/06/01,15:04:10,承知しました🫡
Account,内藤夏樹,2025/06/01,15:07:24,"今ほど価格表を更新しました。
メニューの価格表よりご確認をお願いします。"
User,れ,2025/06/06,14:15:19,"お世話になってます。
シュリンク無しの買取はしていませんか？"
Account,内藤夏樹,2025/06/06,14:16:00,"毎々、お世話になっております。
はい、しておりません。"
User,れ,2025/06/12,11:04:08,"お世話になっています。
本日はブラックボルト、ホワイトフレアの方は買取していますか？"
User,れ,2025/06/20,09:21:40,"ブラックボルト11個
ホワイトフレア13個
超電ブレイカー11個
テラスタルフェスex 7個
ジャニートレジャー9個
黒煙の支配者3個
変幻の仮面2個
バイオレット2個
未来の一関2個"
User,れ,2025/06/20,09:22:01,"お世話になっております。
買取お願いしたいです。
全てシュリンク付きです。"
Account,内藤夏樹,2025/06/20,09:22:41,"毎々、お世話になっております。
ありがとうございました。よろしくお願い申し上げます。"
Account,内藤夏樹,2025/06/20,09:23:30,"・ポケモンカード　ブラックボルト　11箱　単価10,200円　小計112,200円
・ポケモンカード　ホワイトフレア　13箱　単価10,200円　小計132,600円
・ポケモンカード　超電ブレイカー　11箱　単価8,800円　小計96,800円
・ポケモンカード　テラスタルフェスex　7箱　単価9,200円　小計64,400円
・ポケモンカード　シャイニートレジャーex　9箱　単価8,200円　小計73,800円
・ポケモンカード　黒炎の支配者　3箱　単価10,000円　小計30,000円
・ポケモンカード　変幻の仮面　2箱　単価7,500円　小計15,000円
・ポケモンカード　バイオレットex　2箱　単価6,000円　小計12,000円
・ポケモンカード　未来の一閃　2箱　単価5,500円　小計11,000円

合計：547,800円"
Account,内藤夏樹,2025/06/20,09:24:40,ご申請と発送をよろしくお願い申し上げます。
User,れ,2025/06/20,09:26:52,はい
User,れ,2025/06/20,09:27:29,着払いでは無くなったのでしょうか？
Account,内藤夏樹,2025/06/20,09:27:45,はい
User,れ,2025/06/20,09:28:08,わかりました。
Account,内藤夏樹,2025/06/20,09:31:49,よろしくお願い申し上げます。
User,れ,2025/06/20,09:53:10,"追加で、
未来の一閃1個
クリムゾンヘイズ3個
熱風のアリーナ1個
スカーレット1個
ステラミラクル4個
ナイトワンダラー1個
お願いします。"
Account,内藤夏樹,2025/06/20,09:53:36,承知しました。今更新します。
User,れ,2025/06/20,09:54:22,"それとホワイトフレア13個ではなく12個で
ブラックボルトが11個から12個で数え間違えてました。"
Account,内藤夏樹,2025/06/20,09:56:43,"毎々、お世話になっております。
ツイートで告知の通り、ブラホワは 9800円に変更になっておりました。
申し訳ございません。

感謝の気持ちで10000円に変更しました。
ご検討ください。

追って、検算もさせていただきます。"
Account,内藤夏樹,2025/06/20,09:56:46,"・ポケモンカード　ブラックボルト　12箱　単価10,000円　小計120,000円
・ポケモンカード　ホワイトフレア　12箱　単価10,000円　小計120,000円
・ポケモンカード　超電ブレイカー　11箱　単価8,800円　小計96,800円
・ポケモンカード　テラスタルフェスex　7箱　単価9,200円　小計64,400円
・ポケモンカード　シャイニートレジャーex　9箱　単価8,200円　小計73,800円
・ポケモンカード　黒炎の支配者　3箱　単価10,000円　小計30,000円
・ポケモンカード　変幻の仮面　2箱　単価7,500円　小計15,000円
・ポケモンカード　バイオレットex　2箱　単価6,000円　小計12,000円
・ポケモンカード　未来の一閃　3箱　単価5,500円　小計16,500円
・ポケモンカード　クリムゾンヘイズ　3箱　単価8,400円　小計25,200円
・ポケモンカード　熱風のアリーナ　1箱　単価8,000円　小計8,000円
・ポケモンカード　スカーレットex　1箱　単価7,500円　小計7,500円
・ポケモンカード　ステラミラクル　4箱　単価5,600円　小計22,400円
・ポケモンカード　ナイトワンダラー　1箱　単価5,600円　小計5,600円

合計：616,400円"
User,れ,2025/06/20,09:57:59,ブラックボルトとホワイトフレアの個数が入れ替わっただけでトータルの個数は変動ないのですが、金額先ほどの10200円ではないのですか？
User,れ,2025/06/20,09:59:40,それと追加で超電を11→14で変更お願いします
Account,内藤夏樹,2025/06/20,09:59:49,"10200円が誤っておりました。
申し訳ございません。

ツイートの通りです。"
Account,内藤夏樹,2025/06/20,09:59:57,今更新します。
Account,内藤夏樹,2025/06/20,10:00:52,"📅 2025/05/16 - No.12（更新）
	•	買取見積書 -

・ポケモンカード　ブラックボルト　12箱　単価10,000円　小計120,000円
・ポケモンカード　ホワイトフレア　12箱　単価10,000円　小計120,000円
・ポケモンカード　超電ブレイカー　14箱　単価8,800円　小計123,200円
・ポケモンカード　テラスタルフェスex　7箱　単価9,200円　小計64,400円
・ポケモンカード　シャイニートレジャーex　9箱　単価8,200円　小計73,800円
・ポケモンカード　黒炎の支配者　3箱　単価10,000円　小計30,000円
・ポケモンカード　変幻の仮面　2箱　単価7,500円　小計15,000円
・ポケモンカード　バイオレットex　2箱　単価6,000円　小計12,000円
・ポケモンカード　未来の一閃　3箱　単価5,500円　小計16,500円
・ポケモンカード　クリムゾンヘイズ　3箱　単価8,400円　小計25,200円
・ポケモンカード　熱風のアリーナ　1箱　単価8,000円　小計8,000円
・ポケモンカード　スカーレットex　1箱　単価7,500円　小計7,500円
・ポケモンカード　ステラミラクル　4箱　単価5,600円　小計22,400円
・ポケモンカード　ナイトワンダラー　1箱　単価5,600円　小計5,600円

合計：643,600円"
User,れ,2025/06/20,10:02:25,すみません、かなりの数ありもう一度数をまとめた文送る為3分ほど待っていただけますか？
Account,内藤夏樹,2025/06/20,10:02:53,"全然大丈夫です。
今の価格は保証となります。

まとめてご連絡ください。
ありがとうございます。"
User,れ,2025/06/20,10:05:44,送信が取り消されたメッセージです
User,れ,2025/06/20,10:05:50,送信が取り消されたメッセージです
User,れ,2025/06/20,10:14:48,"・ブラックボルト 10
・ホワイトフレア　14
・楽園ドラゴーナ　3
・テラスタルフェス　4
・黒炎の支配者　3
・変幻の仮面　2
・ナイトワンダラー 1
・ステラミラクル　4
・未来の一閃　4
・クリムゾンヘイズ　2
・熱風のアリーナ 1
・超電ブレイカー　14
・スカーレット1
です。宜しくお願いします"
Account,内藤夏樹,2025/06/20,10:27:43,"・ポケモンカード　ブラックボルト　10箱　単価10,000円　小計100,000円
・ポケモンカード　ホワイトフレア　14箱　単価10,000円　小計140,000円
・ポケモンカード　楽園ドラゴーナ　3箱　単価7,300円　小計21,900円
・ポケモンカード　テラスタルフェスex　4箱　単価9,200円　小計36,800円
・ポケモンカード　黒炎の支配者　3箱　単価10,000円　小計30,000円
・ポケモンカード　変幻の仮面　2箱　単価7,500円　小計15,000円
・ポケモンカード　ナイトワンダラー　1箱　単価5,600円　小計5,600円
・ポケモンカード　ステラミラクル　4箱　単価5,600円　小計22,400円
・ポケモンカード　未来の一閃　4箱　単価5,500円　小計22,000円
・ポケモンカード　クリムゾンヘイズ　2箱　単価8,400円　小計16,800円
・ポケモンカード　熱風のアリーナ　1箱　単価8,000円　小計8,000円
・ポケモンカード　超電ブレイカー　14箱　単価8,800円　小計123,200円
・ポケモンカード　スカーレットex　1箱　単価7,500円　小計7,500円

合計：549,200円"
User,れ,2025/06/20,10:41:42,それでお願いします
Account,内藤夏樹,2025/06/20,10:43:09,"ありがとうございました。
申請と発送をよろしくお願い申し上げます。"
Account,内藤夏樹,2025/06/20,10:43:42,"湿気でダンボールが壊れやすくなっています。
梱包や複数に分けるなどの処置を、ご検討ください。"
User,れ,2025/06/20,11:42:54,"4539-6888-3336
明日の午前中着です。"
Account,内藤夏樹,2025/06/20,13:25:17,ありがとうございます。
User,れ,2025/06/21,20:14:13,"お世話になっております。
検品完了しましたでしょうか？"
Account,内藤夏樹,2025/06/21,20:15:57,"毎々、お世話になっております。
検品は2-3日頂戴しております。
明日の計画です。"
User,れ,2025/06/21,20:16:15,承知しました。宜しくお願いします
Account,内藤夏樹,2025/06/22,11:30:10,"毎々、お世話になっております。
シャイニートレジャー９箱が混在しておりました、弊社で買い取ることもできますのでおっしゃってください。

念のため、含んだ査定表をお送りします。"
Account,内藤夏樹,2025/06/22,11:33:09,"ブラックボルト: 10箱 × 10,000円 = 100,000円 ✓
ホワイトフレア: 14箱 × 10,000円 = 140,000円 ✓
楽園ドラゴーナ: 3箱 × 7,300円 = 21,900円 ✓
テラスタルフェスex: 4箱 × 9,200円 = 36,800円 ✓
黒炎の支配者: 3箱 × 10,000円 = 30,000円 ✓
変幻の仮面: 2箱 × 7,500円 = 15,000円 ✓
ナイトワンダラー: 1箱 × 5,600円 = 5,600円 ✓
ステラミラクル: 4箱 × 5,600円 = 22,400円 ✓
未来の一閃: 4箱 × 5,500円 = 22,000円 ✓
クリムゾンヘイズ: 2箱 × 8,400円 = 16,800円 ✓
熱風のアリーナ: 1箱 × 8,000円 = 8,000円 ✓
超電ブレイカー: 14箱 × 8,800円 = 123,200円 ✓
スカーレットex: 1箱 × 7,500円 = 7,500円 ✓
シャイニートレジャーex: 9箱 × 8,200円 = 73,800円 ✓

合計: 623,000円 ✓
減額計算:

シャイニートレジャーex 凹み: -700円 × 3点 = -2,100円 ✓

減額合計: -2,100円 ✓
最終買取金額: 623,000円 - 2,100円 = 620,900円 ✓"
User,れ,2025/06/22,12:01:18,ありがとうございます
User,れ,2025/06/22,12:01:26,その金額でお願いします
User,れ,2025/07/02,16:38:46,"お世話になっております。
テラスタルフェスex とロケット団の栄光は現在買取していますか？"
Account,内藤夏樹,2025/07/02,16:40:53,"毎々、お世話になっております。
テラスタルフェスexは10100
ロケットは10700

です！"
User,れ,2025/08/08,12:17:34,"お世話になっております。
メガブレイクシンフォニアのセっとうりで6セットお願いします"
Account,内藤夏樹,2025/08/08,12:18:17,"毎々、お世話になっております。
ご連絡ありがとうございました。

500セット申し込みがあり、締め切りとなりました！

また明日募集するかと思います！"
User,れ,2025/08/08,12:18:58,あららら
User,れ,2025/08/08,12:48:17,18000円で6セットお願いします。
User,れ,2025/08/08,12:50:52,それとホワイトフレア2ボックスお願いします
Account,内藤夏樹,2025/08/08,12:56:49,"承知しました。

メガセット　18000円
6セット

ブラホワセット　16000円
2セット"
Account,内藤夏樹,2025/08/08,12:56:56,こちらでご申請と発送をよろしくお願い申し上げます。
User,れ,2025/08/08,13:03:29,ブラホワはセットじゃなくホワイトのみの買取はしていませんか？
User,れ,2025/08/08,13:03:36,ホワイトフレア2ボックスのみです
Account,内藤夏樹,2025/08/08,13:05:04,"ホワイトフレアは2箱可能です。
買取価格表の通りです🙇🏻‍♂️"
User,れ,2025/08/08,13:14:31,申請送りました
Account,内藤夏樹,2025/08/08,13:19:23,ありがとうございました。発送もよろしくお願い申し上げます。
User,れ,2025/08/08,16:17:06,"ホワイトフレア1BOX追加する事は可能でしょうか？
メガセット6
ホワイトフレア3BOXの発送になります。"
Account,内藤夏樹,2025/08/08,16:21:10,"メガセット　18000円
6セット

ホワイトフレア　7500円
3箱"
Account,内藤夏樹,2025/08/08,16:21:17,こちらでよろしいでしょうか。
User,れ,2025/08/08,16:21:36,はい
Account,内藤夏樹,2025/08/08,16:21:41,よろしくお願い申し上げます。
User,れ,2025/08/08,17:40:18,写真を送信しました。
Account,内藤夏樹,2025/08/08,18:59:51,ありがとうございました。
Account,内藤夏樹,2025/08/09,11:48:29,"毎々、お世話になっております。  
御見積書を送付いたします。

- 買取見積書 -
・メガブレイブ＆メガシンフォニア　セット　6セット　単価18,000円　小計108,000円  
・ポケモンカード　ホワイトフレア　3箱　単価7,500円　小計22,500円

減額項目：
・凹み（メガブレイブ）：-800円 × 2点 = -1,600円

合計：130,500円  
減額合計：-1,600円  
最終買取金額：128,900円

ご確認のほど、よろしくお願いいたします。"
User,れ,2025/08/09,12:33:43,わかりました
User,れ,2025/08/09,12:33:55,どのような凹みでしょうか？
User,れ,2025/08/09,12:34:11,写真を送ってもらう事は可能でしょうか？
Account,内藤夏樹,2025/08/09,12:34:31,写真を送信しました。
Account,内藤夏樹,2025/08/09,12:34:46,"柔らかいダンボールでしたので
圧迫されたのだと思います。"
User,れ,2025/08/09,12:34:54,え
User,れ,2025/08/09,12:35:36,わかりましたり
Account,内藤夏樹,2025/08/09,12:41:11,お振込みをしました。
User,れ,2025/08/09,13:00:33,確認できました。明日ありがとうございました
User,れ,2025/08/17,12:06:34,送信が取り消されたメッセージです
User,れ,2025/09/01,14:52:10,マクドナルドプロモ70パック買取お願いします
Account,内藤夏樹,2025/09/01,14:53:17,"毎々、お世話になっております。

かしこまりました。

マクドナルドプロモ
3500
70個"
Account,内藤夏樹,2025/09/01,14:53:20,よろしくお願い申し上げます。
User,れ,2025/09/01,16:10:41,申し込みフォーム送りました
Account,内藤夏樹,2025/09/01,16:12:22,"ありがとうございました。
発送をよろしくお願い申し上げます。"
User,れ,2025/09/01,17:20:18,写真を送信しました。
Account,内藤夏樹,2025/09/01,17:35:02,ありがとうございました。
User,れ,2025/09/03,12:04:08,送信が取り消されたメッセージです
Account,内藤夏樹,2025/09/03,13:02:23,"毎々、お世話になっております。
ご連絡が漏れており申し訳ございません。
昨日振込みを完了しております。"
User,れ,2025/09/03,13:02:54,確認できました。ありがとうございました。
User,れ,2025/09/30,11:33:26,"お世話になっております。
マクドナルドプロモは現在買取していますか？"
User,れ,2025/10/26,13:29:12,"お世話になっております。
ロケット団7個
シュリンクなしテラスタル3
インフェルノ4個
メガブレイブ8個
買取お願いします。"
User,れ,2025/10/26,13:47:23,買取していますか？
User,れ,2025/10/26,13:47:35,本日は
User,れ,2025/10/26,15:07:48,送信が取り消されたメッセージです
User,れ,2025/10/26,15:07:51,送信が取り消されたメッセージです
User,れ,2025/10/26,15:08:25,送信が取り消されたメッセージです
User,れ,2025/12/05,11:35:02,"お世話になっております。
メガドリームシュリンク付き27BOX買取可能でしょうか？"
Account,AIチャットボット(β),2025/12/05,11:35:02,情報利用許可のお願い
