﻿アカウント名,にこにこ買取＠業界最高の買取価格宣言！
タイムゾーン,'+09:00
ダウンロード日時,2026/02/21 04:37
送信者タイプ,送信者名,送信日,送信時刻,内容
Account,応答メッセージ,2025/09/13,12:24:11,"杉森 皓史さん
はじめまして！にこにこ買取＠業界最高の買取価格宣言！です。
友だち追加ありがとうございます！
にこにこ買取です(moon big smile)

ポケモンカードなどトレーディングカード全般の買取を行っております。
買取ご希望のお客様はなんでもお気軽に連絡してください(saluting man)

ご郵送買取の流れはメニューから”郵送買取の流れ”をご確認ください(sparkle)

ご郵送買取ご希望の場合にはメニューの”申し込みフォーム”からご申請が可能となっております。

お問い合わせなどはお気にご連絡ください。"
User,杉森 皓史,2025/09/13,12:24:34,"マクドプロモパック×20
25thプロモパック×3
ポケモンセンターヒロシマ×1
マクドピカチュウpsa10×2
超電ブレイカーシュリあり×12
ナイトワンダラー×9

初めてですがよろしくお願いします。"
Account,内藤夏樹,2025/09/13,12:25:23,"毎々、お世話になっております。
psa10はやっていないので価格相談させてください。"
User,杉森 皓史,2025/09/13,12:26:54,かしこまりました。45000円いかがでしょうか。
Account,内藤夏樹,2025/09/13,12:34:10,"ありがとうございました。
42000でやらせていただけますか。"
Account,内藤夏樹,2025/09/13,12:35:09,"25th
は9300です。"
User,杉森 皓史,2025/09/13,12:37:12,"超電シュリあり×12
ナイトワンダラーシュリあり×9
こちらはいかがでしょうか。"
Account,内藤夏樹,2025/09/13,12:37:49,"超電は13000
ナイワンは　6300です"
Account,内藤夏樹,2025/09/13,12:38:43,"マクドプロモパック×20 7000
25thプロモパック×3 9300
ポケモンセンターヒロシマ×1 35000
マクドピカチュウpsa10×2 42000
超電ブレイカー×12 13000
ナイトワンダラー×9 6300"
User,杉森 皓史,2025/09/13,12:45:12,かしこまりました。ありがとうございます。書類提出などありますでしょうか。
Account,内藤夏樹,2025/09/13,12:45:37,"よろしくお願い申し上げます。
申請メニューからご申請をお願いします。

そこで必要書類など案内があります。"
User,杉森 皓史,2025/09/13,12:53:18,写真を送信しました。
User,杉森 皓史,2025/09/13,12:53:24,ヒロシマ36000円は厳しいでしょうか。
Account,内藤夏樹,2025/09/13,12:53:56,大丈夫です！
Account,内藤夏樹,2025/09/13,12:54:10,"マクドプロモパック×20 7000
25thプロモパック×3 9300
ポケモンセンターヒロシマ×1 36000
マクドピカチュウpsa10×2 42000
超電ブレイカー×12 13000
ナイトワンダラー×9 6300"
User,杉森 皓史,2025/09/13,13:03:35,"度々すみません。マクドナルドpsa10×1 で43000円は難しいでしょうか。難しければ

ヒロシマ×1 36000
超電×12 @13000
ナイトワンダラー×9 @6300
こちらでお願いできますでしょうか。"
Account,内藤夏樹,2025/09/13,13:04:10,大丈夫です。
Account,内藤夏樹,2025/09/13,13:04:23,"マクドプロモパック×20 7000
25thプロモパック×3 9300
ポケモンセンターヒロシマ×1 36000
マクドピカチュウpsa10×2 43000
超電ブレイカー×12 13000
ナイトワンダラー×9 6300"
User,杉森 皓史,2025/09/13,13:05:00,マクドプロモパック×20と25thプロモパック×3キャンセルできますでしょうか。
User,杉森 皓史,2025/09/13,13:07:38,"マクドナルドプロモピカチュウpsa10×1 43000円
ポケモンセンターヒロシマ×1 36000
超電シュリあり×12 @13000
ナイトワンダラーシュリあり×9 @6300"
Account,内藤夏樹,2025/09/13,13:08:14,"マクドナルドプロモピカチュウpsa10×1 43000円
ポケモンセンターヒロシマ×1 36000
超電シュリあり×12 @13000
ナイトワンダラーシュリあり×9 @6300

こちらでよろしくお願い申し上げます。"
User,杉森 皓史,2025/09/13,13:09:51,"かしこまりました。すみません、最後にもう一点だけよろしいでしょうか。
SV-Pピカチュウpsa10×1
22000円可能でしょうか。"
Account,内藤夏樹,2025/09/13,13:10:59,"申し訳ございません。
買取しておりません。"
User,杉森 皓史,2025/09/13,13:11:27,かしこまりました。ではこちらで確定でお願いします。何度もメッセージしていただきありがとうございます。
Account,内藤夏樹,2025/09/13,13:11:35,よろしくお願い申し上げます。
User,杉森 皓史,2025/09/13,13:24:20,申し込みいたしました。同梱する書類は住民票と免許証の裏表のコピーでお間違い無いでしょうか。
Account,内藤夏樹,2025/09/13,13:25:40,はい、間違いありません。
User,杉森 皓史,2025/09/13,16:18:25,到着日なのですが京都からの発送になりまして9/15の午前中になりますが大丈夫でしょうか。
Account,内藤夏樹,2025/09/13,16:19:03,京都ならば明日の到着が可能です
Account,内藤夏樹,2025/09/13,16:20:03,明日の到着指定で発送をよろしくお願い申し上げます。
User,杉森 皓史,2025/09/13,16:35:43,明日の午前着で発送できました。お手数おかけいたします。
User,杉森 皓史,2025/09/13,16:36:13,"ヤマト運輸
505070200784
杉森皓史"
Account,内藤夏樹,2025/09/13,16:53:11,ありがとうございます。
User,杉森 皓史,2025/09/13,17:00:13,振り込みの際ご連絡があるという形でしょうか？
Account,内藤夏樹,2025/09/13,17:03:42,"はい。
検品後に連絡をさせていただきます。"
User,杉森 皓史,2025/09/13,17:04:09,かしこまりました。ご連絡お待ちしております。よろしくお願いします。
Account,内藤夏樹,2025/09/14,19:04:47,"毎々、お世話になっております。
御見積書を送付いたします。

買取見積書 -
・マクドナルドプロモピカチュウpsa10　1枚　単価43,000円　小計43,000円
・ポケモンセンターヒロシマ　1点　単価36,000円　小計36,000円
・ポケモンカード　超電ブレイカー　12箱　単価13,000円　小計156,000円
・ポケモンカード　ナイトワンダラー　9箱　単価6,300円　小計56,700円

減額項目：
なし
合計：291,700円
減額合計：0円
最終買取金額：291,700円
ご確認のほど、よろしくお願いいたします。"
User,杉森 皓史,2025/09/14,19:33:11,はい、確認しました。
Account,内藤夏樹,2025/09/14,19:35:07,"ありがとうございました。
お振込み致しました。"
User,杉森 皓史,2025/09/14,21:46:56,確認いたしました。高価買取していただきありがとうございます😊また次回も利用させていただきます。よろしくお願いします！
Account,内藤夏樹,2025/09/14,21:52:37,よろしくお願い申し上げます。
User,杉森 皓史,2025/09/25,21:47:40,"お世話になっております。
インフェルノ×1 
ポケモンセンタートウホク×3
明日発送可能です。"
Account,内藤夏樹,2025/09/25,22:13:02,"毎々、お世話になっております。

インフェルノは12500円ですが、よろしいでしょうか？"
User,杉森 皓史,2025/09/25,22:21:56,かしこまりました。検討させてください🙇
User,杉森 皓史,2025/09/26,11:42:35,トウホク、テラスタルはいくらでしょうか？
User,杉森 皓史,2025/09/26,17:04:39,"インフェルノ×1
トウホク×3
テラスタル×5
いかがでしょうか。"
Account,内藤夏樹,2025/09/26,17:05:08,本日は〆切させていただきました
User,杉森 皓史,2025/09/26,17:08:12,かしこまりました。次回よろしくお願いします。
User,杉森 皓史,2025/09/28,13:00:25,"インフェルノ×2
テラスタル×5
黒煙×3
全てシュリンクあり
査定お願いします。"
Account,内藤夏樹,2025/09/28,13:02:00,"毎々、お世話になっております。

インフェルノX
12200
テラスタル
12200
黒炎
12000

です🙇🏻‍♂️"
User,杉森 皓史,2025/09/28,13:05:08,写真を送信しました。
User,杉森 皓史,2025/09/28,13:05:15,値上げ厳しいでしょうか。
Account,内藤夏樹,2025/09/28,13:09:38,"はい。
そちらに買取していただいてください"
User,杉森 皓史,2025/09/28,13:24:25,無理言ってすみません。インフェルノ×2 @12200円でおねがいします。
Account,内藤夏樹,2025/09/28,13:26:07,よろしくお願い申し上げます。
User,杉森 皓史,2025/09/28,13:29:11,はい、お願いします。
User,杉森 皓史,2025/09/28,13:35:08,免許証のコピーは同封必要でしょうか。
User,杉森 皓史,2025/09/28,13:39:37,申し込みフォーム入力しました。
Account,内藤夏樹,2025/09/28,13:44:23,ありがとうございました。
Account,内藤夏樹,2025/09/28,13:44:35,必要です。
User,杉森 皓史,2025/09/28,14:52:57,"ヤマト運輸
505070200633
杉森皓史"
User,杉森 皓史,2025/09/28,14:53:00,お願いします。
Account,内藤夏樹,2025/09/28,15:06:25,ありがとうございました。
Account,内藤夏樹,2025/09/29,20:37:56,"毎々、お世話になっております。
御見積書を送付いたします。

買取見積書 -
・ポケモンカード　インフェルノX　2箱　単価12,200円　小計24,400円

減額項目（ある場合）：
・減額項目：-円 × 点 = -円

合計：24,400円
減額合計：0円
最終買取金額：24,400円

お振込みをしました。"
User,杉森 皓史,2025/09/29,20:41:48,"ありがとうございます。確認いたしました。
ナイトワンダラーしゅりなし
サイバージャッジシュリなし
ステラミラクルシュリなし
こちら買取していますでしょうか。"
User,杉森 皓史,2025/09/30,16:20:15,テラスタルフェスシュリンクありも査定お願いします。
User,杉森 皓史,2025/10/06,10:25:44,"インフェルノ×18
よろしくお願いします。"
Account,内藤夏樹,2025/10/06,12:57:20,"本日の価格は12800円です。
よろしくお願い申し上げます。"
User,杉森 皓史,2025/10/06,17:06:12,また次回よろしくお願いします。
User,杉森 皓史,2025/10/10,11:07:30,送信が取り消されたメッセージです
User,杉森 皓史,2025/10/16,14:16:01,お世話になっております。テラスタルフェスは買取していますでしょうか。
Account,内藤夏樹,2025/10/16,14:16:24,"毎々、お世話になっております。
しております！"
Account,内藤夏樹,2025/10/16,14:16:42,"テラスタルフェスex	SV8a	¥14,500"
User,杉森 皓史,2025/10/16,14:24:29,ありがとうございます。検討いたします。
Account,内藤夏樹,2025/10/16,14:28:39,よろしくお願い申し上げます。
User,杉森 皓史,2025/10/23,16:52:16,"お世話になっております。
インフェルノ×1
テラスタル×5
黒炎×3
査定よろしくお願いします。"
Account,内藤夏樹,2025/10/23,16:52:41,"毎々、お世話になっております。  
御見積書を送付いたします。

- 買取見積書 -
  ・ポケモンカード　インフェルノX　1箱　単価15,500円　小計15,500円  
  ・ポケモンカード　テラスタルフェスex　5箱　単価13,500円　小計67,500円  
  ・ポケモンカード　黒炎の支配者　3箱　単価12,800円　小計38,400円

合計：121,400円  
減額合計：0円  
最終買取金額：121,400円

ご確認のほど、よろしくお願いいたします。​​​​​​​​​​​​​​​​"
User,杉森 皓史,2025/10/23,17:03:53,今からのコンビニ発送だと明後日届くことになるのですが買取難しいでしょうか。
Account,内藤夏樹,2025/10/23,17:07:35,"ご連絡ありがとうございました。
今回は大丈夫です。"
User,杉森 皓史,2025/10/23,18:02:42,ご対応いただきありがとうございます。入力させていただきました。発送後連絡いたします。
User,杉森 皓史,2025/10/24,01:57:14,ヤマト運輸386166142250杉森皓史
User,杉森 皓史,2025/11/20,10:47:31,お世話になっております。熱風のアリーナいくらでしょうか。
Account,内藤夏樹,2025/11/20,13:41:32,"毎々、お世話になっております。
本日はお休みとなります。
またよろしくお願いいたします。"
Account,内藤夏樹,2025/11/20,13:41:37,12200円くらいです。
User,杉森 皓史,2025/11/20,13:44:42,わかりました。お休みの日にご連絡ありがとうございます。またよろしくお願いします。
User,杉森 皓史,2025/11/21,12:07:55,お世話になっております。熱風のアリーナいくらでしょうか。
User,杉森 皓史,2025/12/03,12:38:06,"お世話になっております。本日メガドリームexシュリあり×8
シュリなし×1  
買取をお願いしたいです。よろしくお願いします。"
Account,AIチャットボット(β),2025/12/03,12:38:06,情報利用許可のお願い
User,杉森 皓史,2025/12/03,15:48:24,本日は買取しておりませんか？
Account,AIチャットボット(β),2025/12/03,15:48:26,"はい、**対面での買取（店頭買取）**をご利用いただくことで、現金でのお引取りが可能です。

ただし、対面買取をご利用いただくには特定の条件がございます。つきましては、詳細について事前にお問い合わせ窓口にてご連絡をお願いいたします。"
User,杉森 皓史,2025/12/04,11:37:04,本日は買取しておりますか？
Account,AIチャットボット(β),2025/12/04,11:37:06,"はい、**対面での買取（店頭買取）**をご利用いただくことで、現金でのお引取りが可能です。

ただし、対面買取をご利用いただくには特定の条件がございます。つきましては、詳細について事前にお問い合わせ窓口にてご連絡をお願いいたします。"
Account,内藤夏樹,2025/12/04,12:19:06,"毎々、お世話になっております！
本日は在庫整理のため買取を停止しております。
再開はXでポストします。"
