﻿アカウント名,にこにこ買取＠業界最高の買取価格宣言！
タイムゾーン,'+09:00
ダウンロード日時,2026/02/21 04:37
送信者タイプ,送信者名,送信日,送信時刻,内容
Account,応答メッセージ,2025/08/02,23:24:57,"suuさん
はじめまして！にこにこ買取＠業界最高の買取価格宣言！です。
友だち追加ありがとうございます！
にこにこ買取です(moon big smile)

ポケモンカードなどトレーディングカード全般の買取を行っております。
買取ご希望のお客様はなんでもお気軽に連絡してください(saluting man)

ご郵送買取の流れはメニューから”郵送買取の流れ”をご確認ください(sparkle)

ご郵送買取ご希望の場合にはメニューの”申し込みフォーム”からご申請が可能となっております。

お問い合わせなどはお気にご連絡ください。"
User,suu,2025/08/02,23:26:02,現在、メガシリーズは買取価格おいくらでしょうか？
Account,内藤夏樹,2025/08/03,13:29:24,"毎々、お世話になっております。
現在停止中です。"
User,suu,2025/09/09,15:08:38,"お世話になります。

ブラック/ホワイト

メガブレイブ/メガシンフォニア

買取価格おいくらでしょうか？"
Account,内藤夏樹,2025/09/09,15:10:42,"毎々、お世話になっております。

ブレイブ
10300
シンフォニア
7300

ブラック
10200
ホワイト
8300

です！"
User,suu,2025/09/09,16:12:29,"ありがとうございます。

上記ご検討させていただきます。"
User,suu,2025/09/24,13:49:12,"ワンピース
受け継がれる意思本日おいくらでしょうか？"
User,suu,2025/11/29,12:12:59,本日メガドリームおいくらでしょうか？
User,suu,2025/11/29,12:13:09,即日発送できます。
Account,内藤夏樹,2025/11/29,13:12:41,"毎々、お世話になっております。
価格表を更新しました。"
User,suu,2025/12/01,07:59:12,"ありがとうございます。
検討させていただきます！"
