﻿アカウント名,にこにこ買取＠業界最高の買取価格宣言！
タイムゾーン,'+09:00
ダウンロード日時,2026/02/21 04:37
送信者タイプ,送信者名,送信日,送信時刻,内容
Account,応答メッセージ,2025/07/14,01:17:23,"8せさん
はじめまして！にこにこ買取＠業界最高の買取価格宣言！です。
友だち追加ありがとうございます！
にこにこ買取です(moon big smile)

ポケモンカードなどトレーディングカード全般の買取を行っております。
買取ご希望のお客様はなんでもお気軽に連絡してください(saluting man)

ご郵送買取の流れはメニューから”郵送買取の流れ”をご確認ください(sparkle)
URL→https://docs.google.com/document/d/1C26OXaKsxKKKeJA-46Uvyudph5wG-l-PZCBXFh9K5Nw/edit?usp=sharing

ご郵送買取ご希望の場合にはメニューの”申し込みフォーム”からご申請が可能となっております。

お問い合わせなどはお気にご連絡ください。"
Account,応答メッセージ,2025/07/14,01:17:23,写真を送信しました。
User,長谷川 湧輝,2025/11/29,14:31:30,"お世話になっております。
少しお伺いしたいことがあるのですがよろしいでしょうか？
メガドリームexのシュリンクなしの買取など行っていますでしょうか？
またおいくらあたりでしょうか？"
Account,内藤夏樹,2025/11/29,14:32:06,"毎々、お世話になっております。
シュリンクなしの買取はしておりません。"
User,長谷川 湧輝,2025/11/29,14:32:39,迅速な回答ありがとうございました🙇
User,長谷川 湧輝,2025/11/29,14:32:47,承知いたしました。
User,長谷川 湧輝,2025/11/29,15:09:30,"①ポケモンカードメガドリームex
②10箱
③12400円"
Account,内藤夏樹,2025/11/29,15:10:11,毎々、お世話になっております。
Account,内藤夏樹,2025/11/29,15:10:25,"①ポケモンカードメガドリームex
②10箱
③12400円

賜りました"
User,長谷川 湧輝,2025/11/29,15:19:22,こちらコピーしたマイナンバーカードと共に発送を行う形でよろしかったでしょうか？
Account,内藤夏樹,2025/11/29,15:32:58,"大丈夫です。
よろしくお願い申し上げます。"
User,長谷川 湧輝,2025/11/29,15:33:20,"承知いたしました。
短い間ですがよろしくお願い申し上げます。"
Account,内藤夏樹,2025/11/29,15:33:57,初回お取引の場合には住民票か印鑑証明の同封も，忘れずによろしくお願い申し上げます。
User,長谷川 湧輝,2025/11/29,15:39:09,承知いたしました。
Account,内藤夏樹,2025/11/29,15:39:19,"有難うございます。
よろしくお願い申し上げます。"
User,長谷川 湧輝,2025/11/29,16:09:41,"ヤマト運輸/453875521116/長谷川湧輝


です。よろしくお願いいたします。"
Account,内藤夏樹,2025/11/29,16:27:29,ありがとうございました。
