﻿アカウント名,にこにこ買取＠業界最高の買取価格宣言！
タイムゾーン,'+09:00
ダウンロード日時,2026/02/21 04:37
送信者タイプ,送信者名,送信日,送信時刻,内容
Account,応答メッセージ,2024/10/19,07:20:22,"Rさん
はじめまして！にこにこ買取＠業界最高の買取価格宣言！です。
友だち追加ありがとうございます！
にこにこ買取です(moon big smile)

ポケモンカードなどトレーディングカード全般の買取を行っております。
買取ご希望のお客様はなんでもお気軽に連絡してください(saluting man)

ご郵送買取の流れは以下の”郵送買取の流れ”をご確認ください(sparkle)

お問い合わせなどはお気軽にメッセージからご連絡ください(phone)"
Account,応答メッセージ,2024/10/19,07:20:22,写真を送信しました。
Account,応答メッセージ,2024/10/19,07:20:22,写真を送信しました。
User,R,2024/12/16,18:58:11,"こんばんは
テラスタルフェスの買取価格教えて下さい"
Account,内藤夏樹,2024/12/16,19:19:50,"毎々、お世話になっております。
買取は停止しております。
申し訳ございません！"
Account,内藤夏樹,2025/01/07,08:10:07,"毎々、お世話になっております。

テラスタルフェスexどこよりも高く買います！

お申し付けください🙇🏻‍♂️"
User,R,2025/04/23,14:35:54,"ロケット団BOX
買取してますか？"
Account,内藤夏樹,2025/04/23,15:09:52,"毎々、お世話になっております！
はい！

13500円になります。

本日発送をお願いしております🙇🏻‍♂️"
Account,内藤夏樹,2025/04/23,15:09:56,何箱ございますか？
User,R,2025/06/07,20:39:29,"お疲れ様です
ホワイトフレア
ブラックボルト
買取価格教えてください"
User,R,2025/11/29,15:32:43,"こんにちは
メガドリーム買取お願いしたいです
店舗持ち込みいけます！"
Account,内藤夏樹,2025/11/29,15:33:27,"毎々、お世話になっております。
ご連絡有難うございます。

あいにく現在は郵送のみ受付とさせて頂いております。"
