﻿アカウント名,にこにこ買取＠業界最高の買取価格宣言！
タイムゾーン,'+09:00
ダウンロード日時,2026/02/21 04:37
送信者タイプ,送信者名,送信日,送信時刻,内容
Account,応答メッセージ,2025/11/29,13:31:03,"Rioさん
はじめまして！にこにこ買取＠業界最高の買取価格宣言！です。
友だち追加ありがとうございます！
にこにこ買取です(moon big smile)

ポケモンカードなどトレーディングカード全般の買取を行っております。
買取ご希望のお客様はなんでもお気軽に連絡してください(saluting man)

ご郵送買取の流れはメニューから”郵送買取の流れ”をご確認ください(sparkle)

ご郵送買取ご希望の場合にはメニューの”申し込みフォーム”からご申請が可能となっております。

お問い合わせなどはお気にご連絡ください。"
User,Rio,2025/11/29,13:35:43,"「①ポケモンカードメガドリームex／②2箱／③12600円」
"
Account,内藤夏樹,2025/11/29,13:36:30,12400円に変更となりました。
User,Rio,2025/11/29,13:37:25,12400で大丈夫です。
Account,内藤夏樹,2025/11/29,13:40:04,"毎々、お世話になっております。  
御見積書を送付いたします。

- 買取見積書 -
・ポケモンカード　メガドリームex　2箱　単価12,600円　小計25,200円

合計箱数：2箱
合計：25,200円  
減額合計：0円  
最終買取金額：25,200円

ご確認のほど、よろしくお願いいたします。"
User,Rio,2025/11/29,13:40:53,こちら12600になっていますが、間違いでしょうか？
Account,内藤夏樹,2025/11/29,13:42:15,"大変申し訳ございません。
修正いたします。"
Account,内藤夏樹,2025/11/29,13:42:36,"毎々、お世話になっております。  
御見積書を送付いたします。

- 買取見積書 -
・ポケモンカード　メガドリームex　2箱　単価12,400円　小計24,800円

合計箱数：2箱
合計：24,800円  
減額合計：0円  
最終買取金額：24,800円

ご確認のほど、よろしくお願いいたします。."
User,Rio,2025/11/29,13:49:56,"本人確認書類の住所と現住所が違う場合どのような対応になりますか？

そちら側の返却以外ではこちらの発送する際の住所はあまり関係ないと思いますが、一応の確認です。"
Account,内藤夏樹,2025/11/29,13:54:20,ご本人確認書類と現住所が異なる場合には原則買取を行うことができません。
Account,内藤夏樹,2025/11/29,13:54:35,理由と、その関係性の証明を提出していただく必要がございます。
User,Rio,2025/11/29,13:56:25,"わかりました。
そうしましたら今回キャンセルさせていただきます。"
Account,内藤夏樹,2025/11/29,13:56:43,ご希望に添えず申し訳ございません。
User,Rio,2025/11/29,13:57:04,こちらこそお手数お掛けしました。
