﻿アカウント名,にこにこ買取＠業界最高の買取価格宣言！
タイムゾーン,'+09:00
ダウンロード日時,2026/02/21 04:37
送信者タイプ,送信者名,送信日,送信時刻,内容
Account,応答メッセージ,2025/11/29,13:12:10,"はまらちらさん
はじめまして！にこにこ買取＠業界最高の買取価格宣言！です。
友だち追加ありがとうございます！
にこにこ買取です(moon big smile)

ポケモンカードなどトレーディングカード全般の買取を行っております。
買取ご希望のお客様はなんでもお気軽に連絡してください(saluting man)

ご郵送買取の流れはメニューから”郵送買取の流れ”をご確認ください(sparkle)

ご郵送買取ご希望の場合にはメニューの”申し込みフォーム”からご申請が可能となっております。

お問い合わせなどはお気にご連絡ください。"
User,Unknown,2025/11/29,13:12:36,メガドリーム19boxいけますでしょうか
Account,内藤夏樹,2025/11/29,13:13:10,"毎々、お世話になっております。
価格表を更新しました。"
User,Unknown,2025/11/29,13:13:11,"無し1box
インフェルノ無し1box
テラスタル無し1box"
User,Unknown,2025/11/29,13:14:28,写真を送信しました。
User,Unknown,2025/11/29,13:14:45,12600でしょうか！？
User,Unknown,2025/11/29,13:17:17,あ、翌日無理そうなのであきらめます
