﻿アカウント名,にこにこ買取＠業界最高の買取価格宣言！
タイムゾーン,'+09:00
ダウンロード日時,2026/02/21 04:37
送信者タイプ,送信者名,送信日,送信時刻,内容
Account,応答メッセージ,2025/06/06,14:07:00,"T.さん
はじめまして！にこにこ買取＠業界最高の買取価格宣言！です。
友だち追加ありがとうございます！
にこにこ買取です(moon big smile)

ポケモンカードなどトレーディングカード全般の買取を行っております。
買取ご希望のお客様はなんでもお気軽に連絡してください(saluting man)

ご郵送買取の流れはメニューから”郵送買取の流れ”をご確認ください(sparkle)

お問い合わせなどはお気軽にメッセージからご連絡ください(phone)"
User,T.,2025/06/06,14:13:17,今日発売の黒と白2boxずつ系4箱の買取をお願いしたいのですが
User,T.,2025/06/06,14:15:15,このまま申し込みフォーム入力させて頂いても大丈夫ですか？
Account,内藤夏樹,2025/06/06,14:15:46,"毎々、お世話になっております。
申し訳ございません！
大口により〆切となりました。"
User,T.,2025/06/06,14:16:42,今だどちなみにおいくらなのですか？
Account,内藤夏樹,2025/06/06,14:19:07,通常は11000となります。
User,T.,2025/06/06,14:31:33,"はいこの値段で大丈夫です
申し込みさせていただきますね"
Account,内藤夏樹,2025/06/06,14:31:45,よろしくお願い申し上げます。
User,T.,2025/06/06,14:32:02,ちなみになのですが新潟県内ですと直でのお手渡しは可能ですか？
Account,内藤夏樹,2025/06/06,14:32:32,"可能なのですが、本日明日明後日と埋まっております。。。
申し訳ございません。"
User,T.,2025/06/06,14:32:53,"かしこまりました
郵送させて頂きます🙇‍♀️"
Account,内藤夏樹,2025/06/06,14:54:09,よろしくお願い申し上げます。
User,T.,2025/06/06,14:56:34,"発送させていただきました。
明日の午前中には届くと言っていたのでよろしくお願い申し上げます🙇"
Account,内藤夏樹,2025/06/06,15:28:11,ありがとうございました。
Account,内藤夏樹,2025/06/08,13:29:39,"・ポケモンカード　ホワイト　2箱　単価11,000円　小計22,000円
・ポケモンカード　ブラック　2箱　単価11,000円　小計22,000円

合計：44,000円"
User,T.,2025/06/08,13:59:53,間違いないです
Account,内藤夏樹,2025/06/08,15:56:51,ありがとうございました。
User,T.,2025/06/20,23:10:03,"郵送で買取お願いしたいのですがホワイトフレア1~2
ブラックボルト1~2でお願いしたいのですが"
User,T.,2025/06/21,02:43:12,"ホワイトフレア2箱
ブラックボルト2箱
でお願いします"
User,T.,2025/06/21,16:22:12,"先に買取申請と郵送行います
明日の午前中到着するので対応お願いします。"
Account,内藤夏樹,2025/06/21,16:23:05,"毎々お世話になっております。
本日の買取はすべて終了しました。
また再開しましたらご連絡いたします。"
User,T.,2025/06/21,16:24:13,"お世話になっております。
明日以降でも大丈夫です。"
Account,内藤夏樹,2025/06/21,16:31:37,また再開後によろしくお願い申し上げます。
User,T.,2025/06/21,16:33:10,かしこまりました発送してしまったのですがどうすればよろしいでしょうか？
Account,内藤夏樹,2025/06/21,16:33:39,引き取りを戴くか、ヤマト運輸に連絡して配送を停止していただいてください。
User,T.,2025/06/21,16:34:39,"かしこまりました
ちなみになのですが買取再開等の目処ってたっておりますか？"
Account,内藤夏樹,2025/06/21,16:35:58,現在のところ未定です。
User,T.,2025/10/29,02:23:10,"深夜遅くに失礼します。
ご質問なのですが新潟県に住んでまして対面査定か持ち込み査定したいのですが予約とかっていうのはした方がよろしいのでしょうか？"
User,T.,2025/10/29,12:01:09," インフェルノ2
テラス1
で買取お願いしたいのですが
郵送じゃなくて対面か持ち込みって可能でしょうか？"
Account,内藤夏樹,2025/10/29,12:07:26,"毎々お世話になっております。
対面買取可能ですが、直近の予定がパンパンのため
郵送していただけるほうがありがたいです。"
User,T.,2025/10/29,12:11:51,そうなんですねそれなら持ち込みとかは可能ですか？
Account,内藤夏樹,2025/10/29,12:15:56,もちこみも同じです。
User,T.,2025/10/29,12:20:25,"かしこまりました
郵送ですと日曜くらいに届くと思われるのですがどれくらいかかりますか？"
User,T.,2025/10/29,12:34:02,"郵送で送らせて頂きたいのですがboxが金曜日に届くのでその時の申し込みでもいいですか？
それとも今申し込みした方がよろしいですか？"
Account,内藤夏樹,2025/10/29,12:39:37,金曜日にお願いできたらと思います。
User,T.,2025/10/29,12:42:00,かしこまりました。金曜日に郵送で送りますねー
User,T.,2025/10/31,11:53:56,"お申し込みさせていただきました。
発送までお待ちください"
Account,内藤夏樹,2025/10/31,11:59:58,"毎々、お世話になっております。

申し訳ございません。
本日の価格はまだ決めておりません。"
User,T.,2025/10/31,12:00:52,本日の価格で大丈夫です
User,T.,2025/10/31,12:43:41,Twitter拝見させていただきましたお昼に上がった価格で申し込みで大丈夫です
Account,内藤夏樹,2025/10/31,12:46:16,"毎々、お世話になっております。
御見積書を送付いたします。

買取見積書 -
・ポケモンカード　インフェルノX　2箱　単価15,700円　小計31,400円
・ポケモンカード　テラスタルフェスex　1箱　単価13,200円　小計13,200円

合計：44,600円
減額合計：0円
最終買取金額：44,600円
ご確認のほど、よろしくお願いいたします。"
User,T.,2025/10/31,12:46:42,よろしくお願いします
Account,内藤夏樹,2025/10/31,12:48:14,ありがとうございます。
User,T.,2025/11/01,00:49:51,"連絡遅れてすみません
発送致しました。
11月の2日日曜日の午前中に届く思われます。
変更なのですがテラスフェスが取れずにインフェルノX1つ追加でインフェルノX3箱で発送させて頂きました。
唐突な変更すみません"
Account,内藤夏樹,2025/11/01,12:18:12,"毎々、お世話になっております。
基本的には翌日の到着をお願いしております。
ご利用方法を今一度ご確認お願いします。"
User,T.,2025/11/01,14:19:31,"すみません
コンビニ発送していただいたのですが翌日には付かないとの事なので今日か明日の価格で大丈夫ですのでお願い出来ないでしょうか？"
Account,内藤夏樹,2025/11/01,15:02:25,利用規約の通り、到着日の価格となります
User,T.,2025/11/01,15:06:58,"了解です
到着日の価格で大丈夫
急な対応すみません"
Account,内藤夏樹,2025/11/01,15:34:30,承知しました
Account,内藤夏樹,2025/11/03,11:08:55,"本日到着しました。
昨日の価格15300円でお買取させていただきます🙇🏻‍♂️"
Account,内藤夏樹,2025/11/03,11:09:13,"また、ひとつに凹みがありました
こちらは-1000円させていただけたら
と思います"
Account,内藤夏樹,2025/11/03,11:09:21,写真を送信しました。
Account,内藤夏樹,2025/11/03,11:37:04,"御見積書を送付いたします。

買取見積書 -
・ポケモンカード　インフェルノX　3箱　単価15,300円　小計45,900円

減額項目：
・凹み：-1,000円 × 1点 = -1,000円
合計：45,900円
減額合計：-1,000円
最終買取金額：44,900円
ご確認のほど、よろしくお願いいたします。"
User,T.,2025/11/03,11:59:37,かしこまりましたお願いします
User,T.,2025/11/29,01:31:58,"深夜帯に連絡失礼します。
持ち込みで買取お願いしたいのですが
メガドリーム8BOXなんですけど"
Account,内藤夏樹,2025/11/29,10:43:44,"毎々、お世話になっております。
本日分はすでに予約で〆切となりました。
ありがとうございました。"
User,T.,2025/11/29,11:31:51,了解です
