﻿アカウント名,にこにこ買取＠業界最高の買取価格宣言！
タイムゾーン,'+09:00
ダウンロード日時,2026/02/21 04:37
送信者タイプ,送信者名,送信日,送信時刻,内容
Account,応答メッセージ,2025/06/08,10:24:54,"Độ Nguyễnさん
はじめまして！にこにこ買取＠業界最高の買取価格宣言！です。
友だち追加ありがとうございます！
にこにこ買取です(moon big smile)

ポケモンカードなどトレーディングカード全般の買取を行っております。
買取ご希望のお客様はなんでもお気軽に連絡してください(saluting man)

ご郵送買取の流れはメニューから”郵送買取の流れ”をご確認ください(sparkle)

お問い合わせなどはお気軽にメッセージからご連絡ください(phone)"
User,Độ Nguyễn,2025/06/08,15:14:18,"こんにちは
初めて　私はドともします"
User,Độ Nguyễn,2025/06/08,15:15:42,"'
シャイニートレジャー　を買取承っておりますか"
User,Độ Nguyễn,2025/06/09,10:06:30,"ブラックボルトDXシュリあり
1箱

ホワイトフレアDXシュリあり
2箱

シャイニートレジャー
シュリあり
13箱　を予約したいです

"
Account,内藤夏樹,2025/06/09,12:46:26,こんにちは
Account,内藤夏樹,2025/06/09,12:46:35,明日到着できますか？
User,Độ Nguyễn,2025/06/09,12:50:11,"はいできます
18時前に発送します"
Account,内藤夏樹,2025/06/09,12:51:21,トレジャーは８０００円いけますか？
User,Độ Nguyễn,2025/06/09,12:53:08,あと二つはいくら
Account,内藤夏樹,2025/06/09,12:54:18,"通常 9800
DX 12000"
User,Độ Nguyễn,2025/06/09,12:55:35,さっき払いですか　着払いですか
Account,内藤夏樹,2025/06/09,12:57:28,先払い
User,Độ Nguyễn,2025/06/09,13:00:05,"返事してくれてありがとうございました
また連絡します"
Account,内藤夏樹,2025/06/09,13:07:16,また、よろしくお願い申し上げます。
User,Độ Nguyễn,2025/08/01,13:13:11,写真を送信しました。
User,Độ Nguyễn,2025/08/01,13:13:11,写真を送信しました。
User,Độ Nguyễn,2025/08/01,13:13:12,写真を送信しました。
User,Độ Nguyễn,2025/08/01,13:13:12,写真を送信しました。
User,Độ Nguyễn,2025/08/01,13:13:19,これを買取承っておりますか
Account,内藤夏樹,2025/08/01,13:29:52,送信が取り消されたメッセージです
Account,内藤夏樹,2025/08/01,13:30:03,"申し訳ございません。
終了しました。"
User,Độ Nguyễn,2025/08/02,12:42:59,"'
トレーナーボックスMEGA: 
メガブレイブ　
メガシンフォニア　
は　いくら買取承っていますか"
Account,内藤夏樹,2025/08/02,12:43:13,写真を送信しました。
User,Độ Nguyễn,2025/08/10,12:51:37,"'
本日からマクドナルドプロモを　予約したいです"
Account,内藤夏樹,2025/08/10,14:58:47,"毎々、お世話になっております。

規定数となりました。
ありがとうございました。

申し訳ございません。
また、よろしくお願い申し上げます。"
User,Độ Nguyễn,2025/08/10,14:59:12,２２０パックです
User,Độ Nguyễn,2025/08/10,16:13:39,買取承っておりますか
Account,内藤夏樹,2025/08/10,16:18:58,していませんでした
User,Độ Nguyễn,2025/08/10,21:04:10,• 買い戻されましたか？
User,Độ Nguyễn,2025/08/10,21:05:40,写真を送信しました。
User,Độ Nguyễn,2025/08/13,02:27:52,写真を送信しました。
User,Độ Nguyễn,2025/08/13,02:28:08,トウホクをいくら買取承ってか
User,Độ Nguyễn,2025/08/21,15:11:23,"こんにちは
トウホクを買取承ってか"
User,Độ Nguyễn,2025/08/22,16:54:20,"こんにちは
メガシンフォニアシュリンク有　７ポック　シュリンク無し　3ポック
メガブレイブシュリンク有　１ポック
ホワイトフレア　シュリンク有２ポック
ブラックボルトシュリンク有3ポック
を　予約したいです"
Account,内藤夏樹,2025/08/22,16:55:34,終わりました
User,Độ Nguyễn,2025/08/22,16:55:59,はい　了解です
User,Độ Nguyễn,2025/08/29,10:10:30,おはようございます
User,Độ Nguyễn,2025/08/29,10:11:01,ステラミラクルとナイワンダラーを買取承ってか
Account,内藤夏樹,2025/08/29,10:12:30,"毎々、お世話になっております。
あります。
5900円"
User,Độ Nguyễn,2025/09/14,11:50:23,"こんにちは
ステラミラクルを買取承っておりますか"
Account,内藤夏樹,2025/09/14,11:50:38,"毎々、お世話になっております。
しています"
User,Độ Nguyễn,2025/09/14,11:51:10,いくらですか
Account,内藤夏樹,2025/09/14,12:09:47,6200です
User,Độ Nguyễn,2025/09/19,22:17:12,iPhone 17 Pro Max 256GB コズミックオレンジは　まだいるんですか
User,Độ Nguyễn,2025/09/23,23:10:43,写真を送信しました。
User,Độ Nguyễn,2025/09/23,23:11:17,"新しいポケモンは
値段　まだ決まってないですしょうか"
Account,内藤夏樹,2025/09/24,07:35:24,こんにちは！
Account,内藤夏樹,2025/09/24,07:35:26,欲しいです。
User,Độ Nguyễn,2025/09/24,07:58:59,いくら買取してますか
Account,内藤夏樹,2025/09/24,08:12:46,13000円です。
User,Độ Nguyễn,2025/09/27,18:08:08,Op13 は　いくらですか
User,Độ Nguyễn,2025/10/10,16:24:43,"こんにちは
インフェルノ
いくら買取してます"
Account,内藤夏樹,2025/10/10,16:39:40,13800円です
Account,内藤夏樹,2025/10/10,16:39:44,何個ありますか
User,Độ Nguyễn,2025/10/10,16:59:31,Op13 は
User,Độ Nguyễn,2025/11/28,11:39:58,"おはようございます
ドリーム　ボックスは　いくら買取してますq"
