﻿アカウント名,にこにこ買取＠業界最高の買取価格宣言！
タイムゾーン,'+09:00
ダウンロード日時,2026/02/21 04:37
送信者タイプ,送信者名,送信日,送信時刻,内容
Account,応答メッセージ,2025/09/06,12:19:49,"田村彰文さん
はじめまして！にこにこ買取＠業界最高の買取価格宣言！です。
友だち追加ありがとうございます！
にこにこ買取です(moon big smile)

ポケモンカードなどトレーディングカード全般の買取を行っております。
買取ご希望のお客様はなんでもお気軽に連絡してください(saluting man)

ご郵送買取の流れはメニューから”郵送買取の流れ”をご確認ください(sparkle)

ご郵送買取ご希望の場合にはメニューの”申し込みフォーム”からご申請が可能となっております。

お問い合わせなどはお気にご連絡ください。"
User,田村彰文,2025/10/23,13:44:39,"内藤さま
お世話になっております。
昨日お電話させていただきました長野市在住の田村と申します。
本日、持込にてインフェルノXを計14BOX、単価15,600円にて買取お願いできまんせんでしょうか。
"
User,田村彰文,2025/10/23,13:47:00,"対面受け渡し、現金支払い希望です。
長岡市のご指定の場所まで伺います。
時間も遅い時間でもこちらは構いません。
どうぞよろしくお願いいたします。"
Account,内藤夏樹,2025/10/23,13:55:53,"毎々、お世話になっております。
昨日はありがとうございました。
インフェルノのみでしょうか？"
User,田村彰文,2025/10/23,14:05:13,"ご連絡ありがとうございます。
はい、すみせんが熱風はもう暫くホールドしたいと考えております。
色々とご相談にのっていただいたにも関わらず大変申し訳ございません。"
Account,内藤夏樹,2025/10/23,14:05:55,メガブレイブとメガシンフォニアはいかがですか？
Account,内藤夏樹,2025/10/23,14:06:16,"インフェルノ14箱だけのために
来て頂くのは心が痛みます"
User,田村彰文,2025/10/23,14:08:00,"一応、ブレイブ34BOXとシンフォニア41BOXあるのですが、
来月中旬頃？の再販直前での手放しを考えております。"
User,田村彰文,2025/10/23,14:09:01,"その頃までにそんなに相場変わらないかもしれないですが、
シンフォニアは現時点では8,000円は難しいですよね。"
Account,内藤夏樹,2025/10/23,14:09:03,期待していました笑
Account,内藤夏樹,2025/10/23,14:09:41,"インフェルノ14箱のみでしたら
ぜひ、郵送をご利用ください"
User,田村彰文,2025/10/23,14:41:17,"そうですよね。
色々とすみません🙇
ブレイブ11,200×7
シンフォ7,400×9
追加でインフェルノと合計30BOXですと対面お願いできますでしょうか？"
Account,内藤夏樹,2025/10/23,14:47:35,"19:30頃にお願いできますか？
以降ですと他の買取が入っておりました。"
User,田村彰文,2025/10/23,14:50:39,"承知しました。
郵送発送先のご住所へ伺えばよろしいですか？"
Account,内藤夏樹,2025/10/23,15:16:29,高速降り場付近まで伺います☺️
User,田村彰文,2025/10/23,15:27:26,"お気遣いありがとうございます😊
現在、十日町〜小千谷経由の下道ルートで向かっておりまして、
長岡ですとリバーサイド千秋は行ったことがあります"
Account,内藤夏樹,2025/10/23,15:35:39,"下道ですか！
16号の延長に弊社事務所はあります。

こちらの駐車場まで伺いますので、よろしくお願い申し上げます。"
Account,内藤夏樹,2025/10/23,15:36:33,https://maps.app.goo.gl/p9fEQZCCKiMThNkp9?g_st=ipc
User,田村彰文,2025/10/23,15:45:53,"承知しました
よろしくお願いします"
Account,内藤夏樹,2025/10/23,17:50:49,"毎々、お世話になっております。  
御見積書を送付いたします。

- 買取見積書 -
  ・ポケモンカード　インフェルノX　14箱　単価15,600円　小計218,400円  
  ・ポケモンカード　メガブレイブ　7箱　単価11,200円　小計78,400円  
  ・ポケモンカード　メガシンフォニア　9箱　単価7,400円　小計66,600円

合計：363,400円  
減額合計：0円  
最終買取金額：363,400円

ご確認のほど、よろしくお願いいたします。​​​​​​​​​​​​​​​​"
User,田村彰文,2025/10/23,17:53:30,"確認しました
問題ございません"
Account,内藤夏樹,2025/10/23,17:54:25,気をつけて来てください
User,田村彰文,2025/10/23,19:11:26,"無事に到着しました
時間までお待ちしております
お気をつけてお越しください"
Account,内藤夏樹,2025/10/23,19:16:48,"承知しました。
あと、10分ほどで到着予定です。

どのあたりにありますか？"
User,田村彰文,2025/10/23,19:19:31,"カインズではなく
ベイシア側（動物病院側）の端の方の白いトヨタライズです"
Account,内藤夏樹,2025/10/23,19:51:32,　ありがとうございました。
User,田村彰文,2025/10/23,19:53:10,"こちらこそありがとうございました😊
またどうぞよろしくお願いします！"
Account,内藤夏樹,2025/10/23,19:53:21,また、よろしくお願い申し上げます。
User,田村彰文,2025/11/05,15:04:18,"内藤　さま

いつもお世話になっております。長野の田村です。
先日は高額かつ、ご丁寧な買取りをしていただきどうもありがとうございました。"
User,田村彰文,2025/11/05,15:07:03,"さて、
明日（11/6)の夜または明後日（11/7）の朝〜日中に
ポケカBOXの買取りをお願いできませんでしょうか？"
User,田村彰文,2025/11/05,15:08:52,"希望の数量金額ですが、
インフェルノ15,200×14
ブレイブ11,000×27
シンフォニア7,800×32
で何とかお願いできませんでしょうか"
User,田村彰文,2025/11/05,15:09:35,ご指定の場所まで伺いますので、何卒ご検討のほどよろしくお願いいたします
Account,内藤夏樹,2025/11/05,15:50:55,"毎々お世話になっております。
明日の夜だと、２０：００頃に長岡市まで来ていただくことができますでしょうか。

すべての商品の値上げは現在厳しい状況であるため、ご理解いただけますと嬉しいです。"
User,田村彰文,2025/11/05,16:33:20,"お返事ありがとうございます
そうですよね🥲"
User,田村彰文,2025/11/05,16:34:38,"再度ご相談させていただきたいのですが、
インフェルノ15,200×14
ブレイブ10,800×27
シンフォニア7,600×32
にて、大積PAもしくは山谷PA隣接の下道駐車場での受渡しですと難しいでしょうか。
時間は20時以降大丈夫です"
Account,内藤夏樹,2025/11/05,16:40:58,インフェルノも15000円から値上げは厳しい状況となります🙇🏻‍♂️
User,田村彰文,2025/11/05,17:05:39,"わかりました
ご無理言ってすみません😣"
User,田村彰文,2025/11/05,17:11:46,"ちなみにPA隣接の下道駐車場まで来ていただくことは可能ですか？
高速を降りずに関越〜北陸道をぐるっと走れるとロスが少ないため、
ウォークインゲートを利用して受渡しお願いでるとありがたいのですが…"
Account,内藤夏樹,2025/11/05,17:15:49,"とんでもないです。
利用したことがないのでわからないですが、頑張ってみます！"
Account,内藤夏樹,2025/11/05,17:16:08,"インフェルノ15,00×14
ブレイブ10,800×27
シンフォニア7,600×32"
Account,内藤夏樹,2025/11/05,17:16:28,時間は次のアポがあり、19:30-20:00だと助かります🙇🏻‍♂️
User,田村彰文,2025/11/05,17:33:19,"ありがとうございます🙇
19:30〜20:00で金額及び数量承知しました"
User,田村彰文,2025/11/05,17:43:53,"高速道路利用者以外の人がPA施設を利用できるようにするための隣接無料駐車場と人が通れる通路になります。
大積と山谷ですとどちらがよろしいでしょうか？"
Account,内藤夏樹,2025/11/05,18:27:04,"ありがとうございました。
調査しておきます🙇🏻‍♂️"
User,田村彰文,2025/11/06,08:56:08,"おはようございます。
本日引渡し予定の在庫について確認していたところ、他の商材に紛れてしまったのか一部見当たらないものがございまして、
誠に申し訳ございませんが、下記のとおり数量をご変更いただけないでしょうか。
インフェルノ15,000×14
ブレイブ10,800×25
シンフォニア7600×30"
Account,内藤夏樹,2025/11/06,10:15:08,"おはようございます！

承知しました。"
User,田村彰文,2025/11/06,10:16:37,"ありがとうございます🙇
お手数おかけします。"
Account,内藤夏樹,2025/11/06,10:23:48,"大積の下駐車場まで参ります。
受け渡しは私の車でよろしくお願い申し上げます。

なんでも構いませんので、段ボールに入れてきて頂けるととても助かります🙇🏻‍♂️"
Account,内藤夏樹,2025/11/06,10:23:56,写真を送信しました。
Account,内藤夏樹,2025/11/06,10:25:15,"この一般駐車場というところを目指します。

下りが良いですか？"
User,田村彰文,2025/11/06,10:41:56,"段ボール、了解です🫡
下りでお願いします"
Account,内藤夏樹,2025/11/06,12:33:29,よろしくお願いします！
Account,内藤夏樹,2025/11/06,19:27:03,"毎々、お世話になっております。  
御見積書を送付いたします。

- 買取見積書 -
  ・ポケモンカード　インフェルノX　14箱　単価15,000円　小計210,000円  
  ・ポケモンカード　メガブレイブ　25箱　単価10,800円　小計270,000円  
  ・ポケモンカード　メガシンフォニア　30箱　単価7,600円　小計228,000円

合計箱数：69箱
合計：708,000円  
減額合計：0円  
最終買取金額：708,000円

20箱以上のため、送料は弊社負担でお送りください。

ご確認のほど、よろしくお願いいたします。​​​​​​​​​​​​​​​​"
User,田村彰文,2025/11/06,19:29:37,確認しました
User,田村彰文,2025/11/27,19:56:26,"内藤さま

いつもお世話になっております。

11/28当日、メガドリーム13,800円×20BOX程度お願いしたいですのですが可能でしょうか？

上記記載の条件につきましては全て承知しました。
店舗へ指定時間内に持込させていただきますので、何卒よろしくお願いいたします。

なお、支払い方法については現金でお願いできますとありがたいです。"
Account,内藤夏樹,2025/11/28,08:11:16,"毎々、お世話になっております。
本日の受け渡し承知しました。

22時頃に長岡市周辺でお取引をお願いします。

予約のため、メニューよりが申請をよろしくお願い申し上げます。"
Account,内藤夏樹,2025/11/28,10:59:24,"毎々、お世話になっております。

本日分のご予約が一杯となりました。
また、明日以降にてよろしくお願い申し上げます。"
User,田村彰文,2025/11/28,11:02:34,"予約フォームをお送りしないといけなかったんですね🥲
ちなみに明日だと金額は変動してしまいますよね？"
Account,内藤夏樹,2025/11/28,11:03:05,"その通りです🙇🏻‍♂️
変動します。"
User,田村彰文,2025/11/28,11:05:27,"了解です🥹
また機会がありましたらよろしくお願いします🙇"
Account,内藤夏樹,2025/11/28,11:33:12,よろしくお願い申し上げます🙇
