﻿アカウント名,にこにこ買取＠業界最高の買取価格宣言！
タイムゾーン,'+09:00
ダウンロード日時,2026/02/21 04:35
送信者タイプ,送信者名,送信日,送信時刻,内容
Account,応答メッセージ,2025/06/26,15:13:20,"やーゆーさん
はじめまして！にこにこ買取＠業界最高の買取価格宣言！です。
友だち追加ありがとうございます！
にこにこ買取です(moon big smile)

ポケモンカードなどトレーディングカード全般の買取を行っております。
買取ご希望のお客様はなんでもお気軽に連絡してください(saluting man)

ご郵送買取の流れはメニューから”郵送買取の流れ”をご確認ください(sparkle)
URL→https://docs.google.com/document/d/1C26OXaKsxKKKeJA-46Uvyudph5wG-l-PZCBXFh9K5Nw/edit?usp=sharing

ご郵送買取ご希望の場合にはメニューの”申し込みフォーム”からご申請が可能となっております。

お問い合わせなどはお気にご連絡ください。"
Account,応答メッセージ,2025/06/26,15:13:20,写真を送信しました。
User,やーゆー,2025/11/17,15:27:36,はじめてですが予約できますか！？
Account,内藤夏樹,2025/11/17,15:28:02,"毎々、お世話になっております。
はい、可能です。
どちらの商品になりますでしょうか。"
User,やーゆー,2025/11/17,15:29:39,"ワンピース、ヒロイン1カートンと4BOX
ポケモンカード、ブレイブとシンフォニア各1BOXです"
User,やーゆー,2025/11/17,15:29:52,シュリンク🍐は買取してますか？
Account,内藤夏樹,2025/11/17,15:30:01,"ありがとうございました。
今お見積もりします。"
Account,内藤夏樹,2025/11/17,15:30:12,"シュリンクナシは買取しておりませんでした。
申し訳ございません"
User,やーゆー,2025/11/17,15:30:24,了解です！
User,やーゆー,2025/11/17,15:31:01,発送は北海道～です
Account,内藤夏樹,2025/11/17,15:31:25,"毎々、お世話になっております。  
御見積書を送付いたします。

- 買取見積書 -
  ・ワンピースカード　ヒロインズエディション（EB-03）　1カートン　単価71,000円　小計71,000円  
  ・ワンピースカード　ヒロインズエディション（EB-03）　4箱　単価5,500円　小計22,000円  
  ・ポケモンカード　メガブレイブ　1箱　単価10,000円　小計10,000円  
  ・ポケモンカード　メガシンフォニア　1箱　単価7,400円　小計7,400円

合計箱数：6箱
合計：110,400円  
減額合計：0円  
最終買取金額：110,400円

ご確認のほど、よろしくお願いいたします。​​​​​​​​​​​​​​​​"
Account,内藤夏樹,2025/11/17,15:31:36,本日の発送をよろしくお願い申し上げます🙇
Account,内藤夏樹,2025/11/17,15:32:10,こちらの価格は　11/19 到着が保証価格となります🙇🏻‍♂️
User,やーゆー,2025/11/17,15:32:34,申し込みフォーム記載すれば良いんでしょうか？
Account,内藤夏樹,2025/11/17,15:32:54,"はい、よろしくお願い申し上げます。

申し込みフォーム申請と発送手続きをよろしくお願い申し上げます。"
User,やーゆー,2025/11/17,15:56:35,こちら郵送費は着払いでよろしいでしょうか？
Account,内藤夏樹,2025/11/17,15:58:52,20箱以下となりますため、送料はご負担をお願いします。
User,やーゆー,2025/11/17,16:01:24,10箱以上送料無料キャンペーンって記載ないですかね？
Account,内藤夏樹,2025/11/17,16:05:11,"すでに終了しており、現在は20箱以上が対象になっております。

ポストもしておりますため、ご確認をよろしくお願い申し上げます。"
User,やーゆー,2025/11/17,16:38:40,写真を送信しました。
User,やーゆー,2025/11/17,16:39:38,"発送いたしました！
袋の中に住民票入ってます！"
Account,内藤夏樹,2025/11/17,16:39:42,ありがとうございました。
Account,内藤夏樹,2025/11/19,13:36:58,"毎々、お世話になっております。
お振込みをしました。
ご利用ありがとうございました。"
User,やーゆー,2025/11/19,17:11:42,"振り込み確認できました！
またご利用したいと思いますので、よろしくお願いいたします！"
Account,内藤夏樹,2025/11/19,19:02:08,よろしくお願い申し上げます。
User,やーゆー,2025/12/12,12:45:41,"メガドリームシュリンクあり17
メガドリームシュリンクなし2
新たなる皇帝20
予約できますか？"
Account,内藤夏樹,2025/12/12,12:47:19,"毎々、お世話になっております。  
御見積書を送付いたします。

- 買取見積書 -
・ポケモンカード　メガドリームex（シュリンク付き）　17箱　単価11,800円　小計200,600円  
・ポケモンカード　メガドリームex（シュリンク無し）　2箱　単価10,800円　小計21,600円  
・ワンピースカード　新たなる皇帝（OP-09）　20箱　単価5,800円　小計116,000円

合計箱数：39箱
合計：338,200円  
減額合計：0円  
最終買取金額：338,200円

はい、予約可能です。20箱以上のため、送料は弊社負担でお送りください。

ご確認のほど、よろしくお願いいたします。"
Account,内藤夏樹,2025/12/12,12:48:56,北海道の場合には送料はご利用方法の通りとなります。
User,やーゆー,2025/12/12,12:49:16,メガドリーム、シュリンクあり1箱ちょっとシュリンク裂けてるんで確認お願いします！
Account,内藤夏樹,2025/12/12,12:49:54,"承知しました。
シュリンク破れの場合の減額範囲はご利用方法を参考にしていただけますと幸甚に存じます。"
User,やーゆー,2025/12/12,12:51:48,北海道は送料自己負担ってことですか？
User,やーゆー,2025/12/12,12:52:40,検品シュリンクあり通らないならシュリンクなし扱いでお願いします！
Account,内藤夏樹,2025/12/12,12:54:50,"北海道、沖縄はご負担にてお願いしております。
ご利用方法を参照ください。"
Account,内藤夏樹,2025/12/12,12:55:07,拝承しました。
User,やーゆー,2025/12/12,12:55:18,了解いたしました！
Account,内藤夏樹,2025/12/12,12:57:37,ご理解いただきありがとうございます。
User,やーゆー,2025/12/12,13:26:44,ワンピースマガジン袋とじは現在買取してないですか？
Account,内藤夏樹,2025/12/12,13:53:04,どちらの商品でしょうか。
User,やーゆー,2025/12/12,13:54:44,写真を送信しました。
User,やーゆー,2025/12/12,13:54:54,これです！
Account,内藤夏樹,2025/12/12,13:56:11,少々お待ちください。
Account,内藤夏樹,2025/12/12,13:56:18,黄色の袋付きでしょうか？
User,やーゆー,2025/12/12,13:56:41,そうです！
Account,内藤夏樹,2025/12/12,13:56:58,7200円でいかがでしょうか
User,やーゆー,2025/12/12,13:57:55,1冊しかないですがお願いします！
Account,内藤夏樹,2025/12/12,13:58:08,承知しました。
User,やーゆー,2025/12/12,13:58:32,本のまま送っても大丈夫でしょうか？
Account,内藤夏樹,2025/12/12,14:00:08,大丈夫です。
User,やーゆー,2025/12/12,14:02:20,スクショ取りたいんで見積り変更なった文章お願いいたします！
User,やーゆー,2025/12/12,14:17:04,2回目以降も住民票いるかんじですか？
Account,内藤夏樹,2025/12/12,14:17:39,2回目はご本人確認の書類のみで大丈夫です。
Account,内藤夏樹,2025/12/12,14:18:35,"毎々、お世話になっております。  
御見積書を送付いたします。

- 買取見積書 -
・ポケモンカード　メガドリームex（シュリンク付き）　17箱　単価11,800円　小計200,600円  
・ポケモンカード　メガドリームex（シュリンク無し）　2箱　単価10,800円　小計21,600円  
・ワンピースカード　新たなる皇帝（OP-09）　20箱　単価5,800円　小計116,000円

合計箱数：39箱

+

ワンピースマガジンプロモ付き
7200×1冊"
User,やーゆー,2025/12/12,15:02:22,写真を送信しました。
User,やーゆー,2025/12/12,15:02:35,発送いたしました！
Account,内藤夏樹,2025/12/12,15:24:28,ありがとうございました。
Account,内藤夏樹,2025/12/14,17:36:24,"買取見積書 -
・ポケモンカード　メガドリームex（シュリンク付き）　16箱　単価11,800円　小計188,800円
・ポケモンカード　メガドリームex（シュリンク無し）　3箱　単価10,800円　小計32,400円
・ワンピースカード　新たなる皇帝（OP-09）　20箱　単価5,800円　小計116,000円
・ワンピースカード　ONEPIECEマガジンプロモ付き　1冊　単価7,200円　小計7,200円

減額項目：
・店舗の領収シール等のラベル：-200円 × 3点 = -600円
・ハードケース等の梱包：-200円 × 5点 = -1,000円
合計箱数：39箱 + 1冊
合計：344,400円
減額合計：-1,600円
最終買取金額：342,800円"
Account,内藤夏樹,2025/12/14,17:36:27,お振込みを行いました。
Account,内藤夏樹,2025/12/14,17:37:17,こちらは大きなシュリンク破れであったため、シュリンクなしとして計上させていただきました。
User,やーゆー,2025/12/14,17:59:40,了解いたしました！
User,やーゆー,2025/12/18,19:01:06,明日スタデ100Xに4000買取出てますが、北海道からだと4000保証厳しいですか？
Account,内藤夏樹,2025/12/18,19:02:05,"毎々、お世話になっております。
申し訳ございません、発売日翌日午前中必着となっております🙇🏻‍♂️"
User,やーゆー,2025/12/18,19:02:43,了解いたしました！
Account,内藤夏樹,2025/12/18,19:46:31,すみません🙇🏻‍♂️
User,やーゆー,2025/12/23,12:11:11,"ワンピBOX
受け継がれる意思バラBOX買取いくらでしょうか？
カートンの値段も知りたいです！"
Account,内藤夏樹,2025/12/23,14:14:08,"毎々、お世話になっております。

6200円
83000円

でいかがでしょうか。"
User,やーゆー,2025/12/23,14:16:55,バラBOX6200円なら出したかったんですけど、今日発送できなそうなんで明日また値段聞きます🙏
Account,内藤夏樹,2025/12/23,14:19:06,わかりました☺️
User,やーゆー,2025/12/24,12:57:55,今日ワンピBOX受け継がれる意志予約可能でしょうか？値段変更あるかも知りたいです！
Account,内藤夏樹,2025/12/24,14:32:44,"毎々お世話になっております！
価格を更新しました。"
Account,内藤夏樹,2025/12/24,14:33:12,写真を送信しました。
User,やーゆー,2025/12/24,14:36:17,受け継がれる意志これくらい厳しいですか！？
User,やーゆー,2025/12/24,14:36:23,写真を送信しました。
Account,内藤夏樹,2025/12/24,14:39:35,6400までなら対抗します。
Account,内藤夏樹,2025/12/24,14:39:51,EXPOさん遅いので対抗先にはあまり考えていませんでした。
User,やーゆー,2025/12/24,14:41:42,"なるほどです！
35BOXあるんですが、6200円でどうでしょうか？"
Account,内藤夏樹,2025/12/24,14:44:57,もちろん大丈夫です。
Account,内藤夏樹,2025/12/24,14:46:07,"毎々、お世話になっております。
御見積書を送付いたします。

買取見積書 -
・ワンピースカード　受け継がれる意志　35箱　単価6,200円　小計217,000円

合計箱数：35箱
合計：217,000円
減額合計：0円
最終買取金額：217,000円

20箱以上のため、送料半分を負担します。
発払いでご出荷いただき、領収書を送っていただけますと幸甚に存じます。

【注意事項】
こちらのお見積もりを印刷して商品に同梱してください。
同梱がない場合には査定が遅れる場合がございますので、ご協力をお願いいたします。
ご確認のほど、よろしくお願いいたします。"
User,やーゆー,2025/12/24,14:49:25,"ザBEST01
3BOXもお願いしても良いでしょうか？
ワンピマガジン現状買取いくらでしょうか？"
Account,内藤夏樹,2025/12/24,15:03:11,もちろんです。
Account,内藤夏樹,2025/12/24,15:03:56,ワンピースマガジンは6300円です。
User,やーゆー,2025/12/24,15:05:54,"受け継がれる35BOX
ザBEST01、3BOXで見積書お願いいたします！"
User,やーゆー,2025/12/24,16:07:08,発送手続きしたいんですが…
Account,内藤夏樹,2025/12/24,16:50:02,"毎々、お世話になっております。  
御見積書を送付いたします。

- 買取見積書 -
  ・ワンピースカード　受け継がれる意志　35箱　単価6,200円　小計217,000円  
  ・ワンピースカード　THE BEST vol.1　3箱　単価6,200円　小計18,600円

合計箱数：38箱
合計：235,600円  
減額合計：0円  
最終買取金額：235,600円

20箱以上のため、送料は弊社負担でお送りください。

【注意事項】
こちらのお見積もりを印刷して商品に同梱してください。
同梱がない場合には査定が遅れる場合がございますので、ご協力をお願いいたします。

ご確認のほど、よろしくお願いいたします。​​​​​​​​​​​​​​​​"
User,やーゆー,2025/12/24,17:09:54,写真を送信しました。
User,やーゆー,2025/12/24,17:11:04,"発送いたしました！
見積書は受け継がれる35BOXになってます
ザBEST3BOXも発送してるのでお願いいたします(おねがいいたします)"
Account,内藤夏樹,2025/12/24,18:29:26,"ありがとうございました。
上記の件承知しました。"
User,やーゆー,2026/01/02,18:03:33,"明けましておめでとうございます！
今年もよろしくお願いいたします！
また今年もご利用しようと思ってます。"
Account,内藤夏樹,2026/01/02,18:07:08,"よろしくお願い申し上げます。
引き続きよろしくお願いします🙇"
User,やーゆー,2026/01/04,14:36:14,送信が取り消されたメッセージです
User,やーゆー,2026/01/16,13:25:32,"ポケモンカード
メガドリーム10BOX
ワンピ
蒼海4BOX
受け継がれる7BOX
神速1BOX
エクブ02.2BOX
ザベスト01.2BOX
予約可能でしょうか？"
Account,内藤夏樹,2026/01/16,13:33:40,"毎々、お世話になっております。
可能です。
お見積もりをお送りいたします。"
Account,内藤夏樹,2026/01/16,13:34:06,"毎々、お世話になっております。
御見積書を送付いたします。

- 買取見積書 -

・ポケモンカード
メガドリームex BOX
10箱
単価 10,400円
小計 104,000円

・ワンピースカード
蒼海の七傑 BOX
4箱
単価 6,400円
小計 25,600円

・ワンピースカード
受け継がれる意志 BOX
7箱
単価 12,000円
小計 84,000円

・ワンピースカード
神速の拳 BOX
1箱
単価 12,000円
小計 12,000円

・ワンピースカード
Anime 25th collection BOX
2箱
単価 8,500円
小計 17,000円

・ワンピースカード
THE BEST vol.1 BOX
2箱
単価 7,700円
小計 15,400円

減額項目：
・該当なし

合計：258,000円
減額合計：-0円
最終買取金額：258,000円

※20箱以上の分量のため、送料は弊社負担（着払い）でお送りください。

【注意事項】
こちらのお見積もりを印刷して商品に同梱してください。
同梱がない場合には査定が遅れる場合がございます。
ご確認のほど、よろしくお願いいたします。
"
User,やーゆー,2026/01/16,13:38:44,ワンピースの空カートンにBOX入れてヤマトの段ボール発送は減額になりますか？
Account,内藤夏樹,2026/01/16,13:48:03,"申し訳ございません。
正しく理解が難しいです、、、。"
Account,内藤夏樹,2026/01/16,13:48:30,ワンピースの空カートンを梱包に使用するということでしたら問題がないです。
User,やーゆー,2026/01/16,13:53:36,"説明の仕方悪くすいません🙏
後程発送いたします！"
Account,内藤夏樹,2026/01/16,14:04:40,有難うございます
User,やーゆー,2026/01/16,14:16:09,今後のために聞きたいんですけど、ワンピースカートンこの程度は減額どれくらいでしょうか？
User,やーゆー,2026/01/16,14:16:15,写真を送信しました。
User,やーゆー,2026/01/16,14:16:15,写真を送信しました。
Account,内藤夏樹,2026/01/16,14:27:29,減額にはなりません。
User,やーゆー,2026/01/16,15:49:44,写真を送信しました。
User,やーゆー,2026/01/16,15:49:54,発送いたしました！
Account,内藤夏樹,2026/01/16,15:50:40,有難うございました
User,やーゆー,2026/01/27,12:46:48,"ポケモンカード
ワンピースカード
買取予約できますか？"
Account,内藤夏樹,2026/01/27,12:56:32,もちろんです。
User,やーゆー,2026/01/27,12:58:49,"ポケモンカード
ムニキス🐜10
ムニキス🍐3

ワンピースカード
蒼海19
ヒロイン3
アニコレ1"
Account,内藤夏樹,2026/01/27,13:00:10,"毎々、お世話になっております。御見積書を送付いたします。
	∙	買取見積書 -
・ポケモンカード　ムニキスゼロ　10箱　単価7,900円　小計79,000円・ポケモンカード　ムニキスゼロ（シュリンク無し）　3箱　単価7,200円　小計21,600円・ワンピースカード　蒼海の七傑　19箱　単価6,800円　小計129,200円・ワンピースカード　Heroines Edition　3箱　単価10,600円　小計31,800円・ワンピースカード　Anime 25th collection　1箱　単価10,800円　小計10,800円
合計箱数：36箱
合計：272,400円減額合計：0円最終買取金額：272,400円
【注意事項】
	∙	この見積もりを印刷して商品に同梱してください。
	∙	1枚の印刷が難しい場合は、スクリーンショットの分割でも可能です。
	∙	同梱がない場合、査定が遅れることがあります。
	∙	同梱物などの詳細は、メニューの「ご利用方法」を確認してください。
	∙	メニューから申請と発送を行い、発送後は必ず追跡番号を連絡してください。
ご確認のほど、よろしくお願いいたします。​​​​​​​​​​​​​​​​"
User,やーゆー,2026/01/27,13:52:31,写真を送信しました。
User,やーゆー,2026/01/27,13:52:41,発送いたしました！
Account,内藤夏樹,2026/01/27,13:52:53,ありがとうございました。
User,やーゆー,2026/01/27,13:54:30,まだ先ですが、ワンピのエクブ04バラBOX買取金額決まってますか？
Account,内藤夏樹,2026/01/27,14:04:25,買いたいんですが、価格参考になる他社さんいましたか？？
User,やーゆー,2026/01/27,14:08:24,自分みたのは現状価格出してる店舗マッチョさんくらいです！
User,やーゆー,2026/01/27,14:08:45,マッチョさんはちょっとなぁってかんじです！
Account,内藤夏樹,2026/01/27,14:12:51,"お！マッチョさん出しているんですね！
見てみます☺️"
Account,内藤夏樹,2026/01/27,14:13:21,"マッチョさん、なにかありますか、、、？
他にもちょいちょい噂は聞きます。"
User,やーゆー,2026/01/27,14:14:59,使ったことないですけど、遅延されてる人多い印象です！
Account,内藤夏樹,2026/01/27,14:24:51,そうなんですね、、、。
User,やーゆー,2026/01/28,12:22:25,"めっちゃ出したい金額ですね
北海道なんで悔やまれますw"
Account,内藤夏樹,2026/01/28,12:26:19,"リピーター様なので受け付けますよ！
31日に出していただければそれで大丈夫です。"
User,やーゆー,2026/01/28,12:29:34,"良いんですか！？
今日中に数量連絡入れます🙏"
User,やーゆー,2026/01/28,12:38:40,25BOXは確定でお願いいたします！
Account,内藤夏樹,2026/01/28,12:39:44,ぜひ〜！！！！助かります！！！
User,やーゆー,2026/01/28,12:41:55,"こちらこそ助かります！
当日数量増やすことは可能でしょうか？"
Account,内藤夏樹,2026/01/28,12:51:04,"いいですよ！
予約はわかる分で申請し、当日増える分は当日のレートで相談してきめれると助かります。"
User,やーゆー,2026/01/28,12:53:37,了解いたしました！
Account,内藤夏樹,2026/01/28,12:56:12,数わかれば教えて下さい。
User,やーゆー,2026/01/28,12:57:55,確定25BOXでお願いいたします！
Account,内藤夏樹,2026/01/28,13:01:53,"承知しました。
後ほどお見積もり送りますので、申請だけよろしくお願い申し上げます。"
User,やーゆー,2026/01/28,13:18:52,"申し訳ないです！
店舗予約50BOXとかはあるんですが、北海道荷物遅延してる可能性あるかもなんで当日レートにて決めます！"
Account,内藤夏樹,2026/01/28,13:19:38,すごい、、、。
User,やーゆー,2026/01/28,13:20:27,ご迷惑おかけしました🙏
Account,内藤夏樹,2026/01/28,13:35:03,"毎々、お世話になっております。  
御見積書を送付いたします。

- 買取見積書 -

・ワンピースカード　EB-04（予約）  
25箱　単価9,500円　小計237,500円

合計箱数：25箱  
合計：237,500円  
減額合計：0円  
最終買取金額：237,500円

【重要事項】
※予約商品のため、キャンセル不可となります。

【注意事項】
* この見積もりを印刷して商品に同梱してください。
* 1枚の印刷が難しい場合は、スクリーンショットの分割でも可能です。
* 同梱がない場合、査定が遅れることがあります。
* 同梱物などの詳細は、メニューの「ご利用方法」を確認してください。
* メニューから申請と発送を行い、発送後は必ず追跡番号を連絡してください。

ご確認のほど、よろしくお願いいたします。"
Account,内藤夏樹,2026/01/28,13:35:08,ご申請をよろしくお願いします。
Account,内藤夏樹,2026/01/29,15:52:50,"買取見積書 -

・ポケモンカード　ムニキスゼロ
10箱　単価7,800円　小計78,000円
・ポケモンカード　ムニキスゼロ（シュリンク無し）
3箱　単価7,200円　小計21,600円
・ワンピースカード　蒼海の七傑
19箱　単価6,700円　小計127,300円
・ワンピースカード　Heroines Edition
3箱　単価10,800円　小計32,400円
・ワンピースカード　Anime 25th collection
1箱　単価11,000円　小計11,000円
減額項目：
・Heroines Edition：-800円 × 1点 = -800円
合計箱数：36箱
合計：270,300円
減額合計：800円
最終買取金額：269,500円"
User,やーゆー,2026/01/29,18:43:44,"ムニキス7900→7800
蒼海6800→6700
単価変更理由はなんでしょうか？"
Account,内藤夏樹,2026/01/29,19:30:29,"大変申し訳ございません。
計算ミスです。
修正させていただきます。"
Account,内藤夏樹,2026/01/29,19:31:52,送信が取り消されたメッセージです
Account,内藤夏樹,2026/01/29,19:32:45,"・ポケモンカード　ムニキスゼロ
10箱　単価7,900円　小計79,000円
・ポケモンカード　ムニキスゼロ（シュリンク無し）
3箱　単価7,200円　小計21,600円
・ワンピースカード　蒼海の七傑
19箱　単価6,800円　小計129,200円
・ワンピースカード　Heroines Edition
3箱　単価10,600円　小計31,800円
・ワンピースカード　Anime 25th collection
1箱　単価10,800円　小計10,800円
減額項目：
・Heroines Edition：-800円 × 1点 = -800円
合計箱数：36箱
合計：272,400円
減額合計：800円
最終買取金額：271,600円"
Account,内藤夏樹,2026/01/31,09:54:07,"お世話になっております。
先日のEB-04 25BOXの予約買取についてご連絡いたします。
1月28日にお見積もりをお送りしておりましたが、所定の期限内に申請のご確認ができませんでした。
予約枠は申請完了順に確定しており、枠に限りがあるため、今回は予約価格でのお取り扱いができかねる状況です。
当日レートでのお取引でしたら対応可能ですので、ご検討いただけますと幸いです。
よろしくお願いいたします。"
User,やーゆー,2026/01/31,09:57:53,"そうなんですね！
了解いたしました！"
Account,内藤夏樹,2026/01/31,10:01:35,"ご利用規約や利用方法に記載がございますため、ご理解いただけますと幸いです。
ご期待に沿えず申し訳ございません。"
User,やーゆー,2026/01/31,10:08:54,今日の値段8000円ですか？
Account,内藤夏樹,2026/01/31,10:27:03,本日の価格は今調整中でございます
User,やーゆー,2026/02/04,12:18:40,ワンピースカード予約できますか？
Account,内藤夏樹,2026/02/04,12:19:36,"毎々お世話になっております！
もちろん可能です。"
User,やーゆー,2026/02/04,12:21:38,"エクブ04、30BOX
OP14蒼海1BOX
お願いいたします！"
Account,内藤夏樹,2026/02/04,12:26:36,"毎々、お世話になっております。  
御見積書を送付いたします。

- 買取見積書 -

・ワンピースカード　EGGHEAD CRISIS  
30箱　単価11,000円　小計330,000円

・ワンピースカード　蒼海の七傑  
1箱　単価7,100円　小計7,100円

合計箱数：31箱  
合計：337,100円  
減額合計：0円  
最終買取金額：337,100円

【注意事項】
* この見積もりを印刷して商品に同梱してください。
* 1枚の印刷が難しい場合は、スクリーンショットの分割でも可能です。
* 同梱がない場合、査定が遅れることがあります。
* 同梱物などの詳細は、メニューの「ご利用方法」を確認してください。
* メニューから申請と発送を行い、発送後は必ず追跡番号を連絡してください。

ご確認のほど、よろしくお願いいたします。"
User,やーゆー,2026/02/04,15:14:36,発送いたしました！
User,やーゆー,2026/02/04,15:14:43,写真を送信しました。
Account,内藤夏樹,2026/02/04,15:26:16,有難うございます。
Account,内藤夏樹,2026/02/06,12:23:44,"いつも当店をご利用いただき、誠にありがとうございます。

お預かりしておりましたお品物の検品が完了いたしましたので、ご指定の口座へお振り込みの手続きをさせていただきました。 併せてご確認いただけますと幸いです。

この度はご利用いただき、重ねて御礼申し上げます。 またの機会がございましたら、ぜひお手伝いをさせていただけますと幸いです。

もしよろしければ、X（旧Twitter）にてご利用の感想や口コミを投稿していただけますと、スタッフ一同大変励みになります。

なお、万が一サービス内容にご満足いただけなかった点や、お気づきの点がございましたら、誠意を持って対応させていただきます。 大変お手数ですが、投稿の前に一度ダイレクトメッセージ等でご連絡いただけますと助かります。

今後ともよろしくお願い申し上げます。"
User,やーゆー,2026/02/06,12:25:22,"後から確認してみます！
また近いうち利用するんで宜しくお願いいたします！"
Account,内藤夏樹,2026/02/06,12:25:45,よろしくお願い申し上げます。
User,やーゆー,2026/02/12,11:52:10,"近いうち利用するんで聞きたかったんですけど
こちら減額されますか？"
User,やーゆー,2026/02/12,11:52:14,写真を送信しました。
Account,内藤夏樹,2026/02/12,12:12:48,"可能ならば避けていただけるとありがたいです。
減額の対応はしないことにしました🙇🏻‍♂️"
User,やーゆー,2026/02/12,12:15:17,"了解しました！
こちらも避けた方良いですか？"
User,やーゆー,2026/02/12,12:15:21,写真を送信しました。
Account,内藤夏樹,2026/02/12,12:16:44,写真を見る限りこの程度は特に問題視しません。
User,やーゆー,2026/02/12,12:17:25,了解いたしました！
Account,内藤夏樹,2026/02/12,12:26:47,事前にご配慮頂き有難うございます。
User,やーゆー,2026/02/12,12:31:05,ワンピース今日予約できますか？
Account,内藤夏樹,2026/02/12,12:31:53,可能です🙇🏻‍♂️
User,やーゆー,2026/02/12,12:35:17,"エッグヘッド3BOX
受け継がれる11BOX
師弟の絆2BOX
王族の血統8BOX
二つの伝説1BOX"
Account,内藤夏樹,2026/02/12,12:36:17,"毎々、お世話になっております。御見積書を送付いたします。
受付ID: A9L5K7
	∙	買取見積書 -
・ワンピースカード　EGGHEAD CRISIS3箱　単価9,500円　小計28,500円
・ワンピースカード　受け継がれる意志11箱　単価15,100円　小計166,100円
・ワンピースカード　師弟の絆2箱　単価6,600円　小計13,200円
・ワンピースカード　王族の血統8箱　単価5,800円　小計46,400円
・ワンピースカード　二つの伝説1箱　単価5,600円　小計5,600円
合計箱数：25箱合計：259,800円減額合計：0円最終買取金額：259,800円
【注意事項】
	∙	段ボールの外側に受付ID（A9L5K7）を大きく記載してください。
	∙	この見積もりを印刷して商品に同梱してください。
	∙	1枚の印刷が難しい場合は、スクリーンショットの分割でも可能です。
	∙	同梱がない場合、査定が遅れることがあります。
	∙	同梱物などの詳細は、メニューの「ご利用方法」を確認してください。
	∙	メニューから申請と発送を行い、発送後は必ず追跡番号を連絡してください。
ご確認のほど、よろしくお願いいたします。​​​​​​​​​​​​​​​​"
User,やーゆー,2026/02/12,13:14:28,発送いたしました！
User,やーゆー,2026/02/12,13:14:34,写真を送信しました。
Account,内藤夏樹,2026/02/12,13:25:43,ありがとうございました。
User,やーゆー,2026/02/19,13:27:15,ワンピースとドラゴンボール予約できますか？
Account,内藤夏樹,2026/02/19,13:32:00,"毎々、お世話になっております。
本日が受付終了となりました🙇🏻‍♂️"
User,やーゆー,2026/02/19,13:32:41,了解いたしました！
