﻿アカウント名,にこにこ買取＠業界最高の買取価格宣言！
タイムゾーン,'+09:00
ダウンロード日時,2026/02/21 04:37
送信者タイプ,送信者名,送信日,送信時刻,内容
Account,応答メッセージ,2025/06/09,14:19:52,"Nguyen Huu Vinhさん
はじめまして！にこにこ買取＠業界最高の買取価格宣言！です。
友だち追加ありがとうございます！
にこにこ買取です(moon big smile)

ポケモンカードなどトレーディングカード全般の買取を行っております。
買取ご希望のお客様はなんでもお気軽に連絡してください(saluting man)

ご郵送買取の流れはメニューから”郵送買取の流れ”をご確認ください(sparkle)

お問い合わせなどはお気軽にメッセージからご連絡ください(phone)"
Account,応答メッセージ,2025/06/09,14:19:52,写真を送信しました。
Account,応答メッセージ,2025/06/09,14:19:52,写真を送信しました。
Account,応答メッセージ,2025/06/09,14:19:52,写真を送信しました。
User,Nguyen Huu Vinh,2025/08/10,14:12:39,お世話になっております、マックピカチュウプロモですが、結構要りますか？
Account,内藤夏樹,2025/08/10,14:58:34,"毎々、お世話になっております。

規定数となりました。
ありがとうございました。

申し訳ございません。
また、よろしくお願い申し上げます。"
User,Nguyen Huu Vinh,2025/08/10,15:03:53,なるほど、ありがとうございます
User,Nguyen Huu Vinh,2025/09/01,13:40:42,お世話になっております、マックピカチュウプロモですが、結構要りますか？
Account,内藤夏樹,2025/09/01,13:41:13,"毎々、お世話になっております。
大口が入りましたのでそこまでは取れないかもしれないです。"
User,Nguyen Huu Vinh,2025/09/01,13:42:02,なるほど、大口持っているので、また要りましたら、よろしくお願いします
Account,内藤夏樹,2025/09/01,13:49:46,はい、よろしくお願いします
User,Nguyen Huu Vinh,2025/09/25,18:42:29,"お世話になっております、
マックプロモパックってまだ要りますか？"
Account,内藤夏樹,2025/09/25,18:45:50,〆切しました
User,Nguyen Huu Vinh,2025/09/25,18:46:10,なるほど、ありがとうございます
User,Nguyen Huu Vinh,2025/11/17,14:52:50,お世話になっております。
User,Nguyen Huu Vinh,2025/11/17,14:53:20,メガシンフォニアとメガブレイブって、まだ買取していますか？
Account,内藤夏樹,2025/11/17,15:04:04,"毎々、お世話になっております。

本日の価格表の通りに買取を行っております。
よろしくお願い申し上げます。"
User,Nguyen Huu Vinh,2025/11/17,15:04:50,カートンの場合でしたら、ちょっと値段アップできないでしょうか？
User,Nguyen Huu Vinh,2025/11/17,15:06:28,"メガブレイブ　４カートン
メガシンフォニア　７カートンありますが、"
Account,内藤夏樹,2025/11/17,15:06:49,現在は不可能となります🙇🏻‍♂️
User,Nguyen Huu Vinh,2025/11/17,15:08:47,なるほど、そうしたら、メガシンフォニア　７カートンお願いしたいので
User,Nguyen Huu Vinh,2025/11/17,15:10:04,買取申し込みから、記入させていただきますね。
User,Nguyen Huu Vinh,2025/11/17,15:14:11,７カートンは可能でしょうか？
Account,内藤夏樹,2025/11/17,15:20:10,"毎々、お世話になっております。  
御見積書を送付いたします。

- 買取見積書 -
  ・ポケモンカード　メガシンフォニア　7カートン（84箱）　単価7,400円　小計621,600円

合計箱数：84箱
合計：621,600円  
減額合計：0円  
最終買取金額：621,600円

20箱以上のため、送料は弊社負担でお送りください。

ご確認のほど、よろしくお願いいたします。​​​​​​​​​​​​​​​​"
User,Nguyen Huu Vinh,2025/11/17,15:25:33,はい、よろしくお願いします🙇
Account,内藤夏樹,2025/11/17,15:25:48,申請と発送をよろしくお願い申し上げます。
User,Nguyen Huu Vinh,2025/11/17,15:26:35,発送する時に身分証のコピーだけでよろしいですか？
User,Nguyen Huu Vinh,2025/11/17,16:23:46,申し込みましたので、発送準備しますね。よろしくお願いします🙇
User,Nguyen Huu Vinh,2025/11/17,17:48:00,写真を送信しました。
User,Nguyen Huu Vinh,2025/11/17,17:48:28,これで発送しました。明日の午前中に届きますので、よろしくお願いします🙇
Account,内藤夏樹,2025/11/17,18:04:12,ありがとうございました。
Account,内藤夏樹,2025/11/18,19:28:09,"毎々、お世話になっております。
査定を進めております。

いくつか確認事項があります。

・こちらは店舗にて購入されたものでしょうか。その証明が出せますか。
・在留資格認定証明書の提示をお願い致します。"
User,Nguyen Huu Vinh,2025/11/18,20:23:55,お世話になっております。何か問題がありましたか？
Account,内藤夏樹,2025/11/18,20:24:30,"確認させていただきたいです。

カートンは慎重に検査しております。"
User,Nguyen Huu Vinh,2025/11/18,20:24:52,送信が取り消されたメッセージです
User,Nguyen Huu Vinh,2025/11/18,20:25:24,こちらでブレねーで購入したのですが、
User,Nguyen Huu Vinh,2025/11/18,20:25:38,他のカートンもあって、
Account,内藤夏樹,2025/11/18,20:25:52,何を購入したのかがわかると良いです。
User,Nguyen Huu Vinh,2025/11/18,20:26:48,テラスタルフェスex１カートンとメガシンフォニア６カートンで購入しましたね。
User,Nguyen Huu Vinh,2025/11/18,20:28:01,メガシンフォニアの１カートンはトレカチャンピオンからオリパで出たので、
User,Nguyen Huu Vinh,2025/11/18,20:30:26,問題なければ、買取してもらえたら、ありがたいです。
User,Nguyen Huu Vinh,2025/11/18,20:31:58,写真を送信しました。
User,Nguyen Huu Vinh,2025/11/18,20:32:02,写真を送信しました。
User,Nguyen Huu Vinh,2025/11/18,20:33:01,今経営管理　資格を持っているので、問題がないと思います。
Account,内藤夏樹,2025/11/18,20:35:09,レシートは消さないでください。
User,Nguyen Huu Vinh,2025/11/18,20:36:30,写真を送信しました。
User,Nguyen Huu Vinh,2025/11/18,20:38:21,ちょっと買ったところまで、証明がいるなんて、初めてですね。
Account,内藤夏樹,2025/11/18,20:40:30,通常は求めることはありません。
User,Nguyen Huu Vinh,2025/11/18,20:42:08,商品は問題があることですか？
Account,内藤夏樹,2025/11/18,20:42:17,"明日、精密な検査を行います。
再カートンの可能性が否定できません。理由は開示不可。"
Account,内藤夏樹,2025/11/18,20:42:44,警察へ相談の上、許可があり次第返送手続きを行います。
User,Nguyen Huu Vinh,2025/11/18,20:44:08,まじで再カートン？
User,Nguyen Huu Vinh,2025/11/18,20:44:53,いつも仕入れているから、問題が大丈夫だと思いますね。
User,Nguyen Huu Vinh,2025/11/18,20:45:19,開封する撮影とかありますか？
User,Nguyen Huu Vinh,2025/11/18,20:46:38,中身までチェックの動画お願いできたら、ありがたいです。
Account,内藤夏樹,2025/11/18,20:49:25,"可能性があります。

開けずに放射線で検査します。"
User,Nguyen Huu Vinh,2025/11/18,20:50:25,はい、問題がなければ、このまま買取ですか？
User,Nguyen Huu Vinh,2025/11/18,20:52:28,もし返送する場合は、開封からチェックするまでの動画をお願いしたいのです。
Account,内藤夏樹,2025/11/18,20:55:51,"動画などの証拠になるものの提出は裁判時に使用するため提出しません。

開封はしませんので、このまま返送手続きとなります。
疑義対象品はわかるように傷がつかないように印をつけます。

警察に申し入れを行い記録の後、返送となります。
"
User,Nguyen Huu Vinh,2025/11/18,20:58:51,わかりました。発送する時にちゃんと動画があって、
Account,内藤夏樹,2025/11/18,20:59:50,"お互いよかったです。

私たちも入荷から今まで全部録画があるので、何かあればすぐに対応できます。"
User,Nguyen Huu Vinh,2025/11/18,21:03:18,返送される時も、すり替え防止の為にちゃんと動画しますので、届いたら、全部カートンから中身を出しますから、何が問題があったら、警察にも申し入れますので、申し訳ないです。
User,Nguyen Huu Vinh,2025/11/18,21:03:35,また明日に連絡お願いします。
User,Nguyen Huu Vinh,2025/11/18,21:17:38,ちょっと高額の商品なので、値段が下がったら、上がったり、私にも損失があるので、できれば手続きお願いしますね。
Account,内藤夏樹,2025/11/18,21:24:03,それは問題ないです。
Account,内藤夏樹,2025/11/18,21:24:27,こちらも機会損失があります。
User,Nguyen Huu Vinh,2025/11/18,21:25:02,かしこまりました。早めに手続きお願いできれば、ありがたいです。
Account,内藤夏樹,2025/11/18,21:25:13,念のため、返送先住所をご連絡ください。
Account,内藤夏樹,2025/11/18,21:25:47,"経験上、警察と弁護士への確認で
1日はかかります。

なるべく早めに手続きします。"
User,Nguyen Huu Vinh,2025/11/18,21:27:01,651-0079兵庫県神戸市中央区東雲通５丁目３ー１２ソレーユ青山１０２
User,Nguyen Huu Vinh,2025/11/18,21:27:21,ここで、返送お願いします。
User,Nguyen Huu Vinh,2025/11/18,21:28:33,明日に本物か、再カートンの結果が出ると言うことですか？
Account,内藤夏樹,2025/11/19,08:34:52,"独自の検査を行います。
放射線を使用するため開封しません。"
Account,内藤夏樹,2025/11/19,08:35:22,疑いのあるものは1つです。
Account,内藤夏樹,2025/11/19,09:20:54,"これがどれかはわからないですよね。
特徴とか。"
User,Nguyen Huu Vinh,2025/11/19,11:26:02,"いいえ、トレカチャンピオンでオリパでだ１カートンは絶対に再カートンじゃないです。
トレカfamily で6カートンを買ったのは分からないです。"
User,Nguyen Huu Vinh,2025/11/19,11:26:50,トレカfamilyは買取もあるし、問屋から、仕入れもあると思います。
User,Nguyen Huu Vinh,2025/11/19,11:27:37,それをまとめて、６カートン買ったです。
Account,内藤夏樹,2025/11/19,11:27:40,"わかりました。

まず、弊社の規約では
1次流通を対象としておりますので規約違反となることはご理解ください。

オリパで獲得されたものがわからない以上は、すべて返さざるを得ないことをご理解ください。"
Account,内藤夏樹,2025/11/19,11:28:08,調べております。
User,Nguyen Huu Vinh,2025/11/19,11:29:12,7カートンで１だけ再カートンというですね。
Account,内藤夏樹,2025/11/19,11:29:53,"その通りです。
疑義品となります。"
Account,内藤夏樹,2025/11/19,11:30:03,疑義品は買取をしない、ポリシーです。
User,Nguyen Huu Vinh,2025/11/19,11:31:20,なるほど、そうして、1カートン返送で、６カートン買取してもらうことですか？
Account,内藤夏樹,2025/11/19,11:32:08,"ポリシー上、お取引できないため
1つでも疑義品がある場合には
全てをお断りせざるを得ません。"
User,Nguyen Huu Vinh,2025/11/19,11:33:06,そういうことですね。
Account,内藤夏樹,2025/11/19,11:33:25,申し訳ございませんが、ご理解いただけますようお願いします。
User,Nguyen Huu Vinh,2025/11/19,11:33:26,そうしたら、今日返送してもらえますか？
Account,内藤夏樹,2025/11/19,11:33:46,承知しました。
User,Nguyen Huu Vinh,2025/11/19,11:34:13,返送する時に再カートンのものをマックつけて、返送してもらえたら、ありがたいです。
Account,内藤夏樹,2025/11/19,11:34:55,傷にならないようにマスキングテープ貼ります。
User,Nguyen Huu Vinh,2025/11/19,11:35:25,はい、お願いします。
User,Nguyen Huu Vinh,2025/11/19,11:36:18,返送する時に着払いしてもらって、
User,Nguyen Huu Vinh,2025/11/19,11:37:21,後買った店に持ってきます。本当に再カートンの場合、全部送るとにの送料を振り込みさせていただきます。
Account,内藤夏樹,2025/11/19,11:37:36,まず昼に検査しますのでお待ちください。
Account,内藤夏樹,2025/11/19,11:37:46,"その時にわかります。
電話できますでしょうか？"
User,Nguyen Huu Vinh,2025/11/19,11:38:02,何時ぐらいですか？
User,Nguyen Huu Vinh,2025/11/19,11:39:05,09083683969
User,Nguyen Huu Vinh,2025/11/19,11:39:29,この電話でお願いします
Account,内藤夏樹,2025/11/19,11:51:13,15時くらいまでには結果がわかります。
Account,内藤夏樹,2025/11/19,11:51:55,"大丈夫であれば、今回はオリパを含みますが正確な情報提供もしていただいたため、買取を進めます。

その場合、本日にはお振込みできます。"
User,Nguyen Huu Vinh,2025/11/19,11:53:17,はい、お願いします。
Account,内藤夏樹,2025/11/19,13:31:30,検査の結果、問題ありませんでしたのでお振込みをしました。
User,Nguyen Huu Vinh,2025/11/19,13:43:02,はい、お願いします
User,Nguyen Huu Vinh,2025/11/19,13:44:09,よかったですね。
Account,内藤夏樹,2025/11/19,13:50:27,ありがとうございました。
