﻿アカウント名,にこにこ買取＠業界最高の買取価格宣言！
タイムゾーン,'+09:00
ダウンロード日時,2026/02/21 04:37
送信者タイプ,送信者名,送信日,送信時刻,内容
Account,応答メッセージ,2025/06/09,19:08:46,"玊さん
はじめまして！にこにこ買取＠業界最高の買取価格宣言！です。
友だち追加ありがとうございます！
にこにこ買取です(moon big smile)

ポケモンカードなどトレーディングカード全般の買取を行っております。
買取ご希望のお客様はなんでもお気軽に連絡してください(saluting man)

ご郵送買取の流れはメニューから”郵送買取の流れ”をご確認ください(sparkle)

お問い合わせなどはお気軽にメッセージからご連絡ください(phone)"
Account,応答メッセージ,2025/06/09,19:08:46,写真を送信しました。
Account,応答メッセージ,2025/06/09,19:08:46,写真を送信しました。
Account,応答メッセージ,2025/06/09,19:08:46,写真を送信しました。
User,玊,2025/11/19,13:02:04,"お世話になります。
以下の買取をお願いしたいのですが、買取まだ受け付けておりますでしょうか。

①EB-03 Heroines Edition／②未開封カートン／③78,000円
※スプレッドシートの買取表の金額を参考にいたしましたが、変更されているようであればご教示ください。"
Account,内藤夏樹,2025/11/19,13:38:05,"毎々、お世話になっております。
大変申し訳ございません。

そちらの商品はすでに〆切となっております。
価格表が更新されておらず大変申し訳ございません。"
User,玊,2025/11/19,13:38:37,"承知いたしました。
またよろしくお願いいたします。"
