﻿アカウント名,にこにこ買取＠業界最高の買取価格宣言！
タイムゾーン,'+09:00
ダウンロード日時,2026/02/21 04:37
送信者タイプ,送信者名,送信日,送信時刻,内容
Account,応答メッセージ,2025/04/25,20:11:07,"ゾロさん
はじめまして！にこにこ買取＠業界最高の買取価格宣言！です。
友だち追加ありがとうございます！
にこにこ買取です(moon big smile)

ポケモンカードなどトレーディングカード全般の買取を行っております。
買取ご希望のお客様はなんでもお気軽に連絡してください(saluting man)

ご郵送買取の流れは以下の”郵送買取の流れ”をご確認ください(sparkle)

お問い合わせなどはお気軽にメッセージからご連絡ください(phone)"
Account,応答メッセージ,2025/04/25,20:11:07,写真を送信しました。
Account,応答メッセージ,2025/04/25,20:11:07,写真を送信しました。
User,DUNG SI,2025/06/20,09:40:26,"こんにちは。
超電ブレイカー:27box
ブラックdx：4box
ホワイトdx:4box
ブラックボルト:1box
楽園ドラゴーナ:1box
"
User,DUNG SI,2025/06/20,09:40:32,よろしくお願いします
Account,内藤夏樹,2025/06/20,09:40:40,"ありがとうございました。
よろしくお願い申し上げます。"
Account,内藤夏樹,2025/06/20,09:41:41,"・ポケモンカード　超電ブレイカー　27箱　単価8,800円　小計237,600円
・ポケモンカード　ブラックボルト（デラックス）　4箱　単価12,800円　小計51,200円
・ポケモンカード　ホワイトフレア（デラックス）　4箱　単価12,800円　小計51,200円
・ポケモンカード　ブラックボルト　1箱　単価9,800円　小計9,800円
・ポケモンカード　楽園ドラゴーナ　1箱　単価7,300円　小計7,300円

合計：357,100円"
Account,内藤夏樹,2025/06/20,09:41:56,ブラックボルトは先ほどツイートした通りに価格が変更になっております。
User,DUNG SI,2025/06/20,09:43:07,"はい．分かりました。同意します
本日発送いたします"
Account,内藤夏樹,2025/06/20,09:43:17,はい、よろしくお願い申し上げます。
User,DUNG SI,2025/06/20,11:51:34,テラスフェス。まだ買取しますか。？
Account,内藤夏樹,2025/06/20,13:25:24,"毎々お世話になっております。
本日の買取はすべて終了しました。
また再開しましたらご連絡いたします。"
User,DUNG SI,2025/06/20,18:26:04,写真を送信しました。
User,DUNG SI,2025/06/20,18:26:26,商品を送りました
Account,内藤夏樹,2025/06/20,19:08:44,ありがとうございます
Account,内藤夏樹,2025/06/22,16:04:38,"・ポケモンカード　超電ブレイカー　27箱　単価8,800円　小計237,600円
・ポケモンカード　ブラックボルト（デラックス）　4箱　単価12,800円　小計51,200円
・ポケモンカード　ホワイトフレア（デラックス）　4箱　単価12,800円　小計51,200円
・ポケモンカード　ブラックボルト　1箱　単価9,800円　小計9,800円
・ポケモンカード　楽園ドラゴーナ　1箱　単価7,300円　小計7,300円

合計：357,100円

【査定による減額】
・超電ブレイカー　シュリンク破れ　-1,000円 × 1点 = -1,000円

減額合計：-1,000円
最終買取金額：356,100円"
User,DUNG SI,2025/06/23,10:10:02,はい。分かりました。よろしくお願いします
User,DUNG SI,2025/06/26,11:03:16,"こんにちは。
シャイニートレジャーのカートン値段はどうですか"
User,DUNG SI,2025/06/30,12:21:41,"こんにちは
テラスフェス。109box あります
すべてシュリンク付きです
買取しますか？
よろしくお願いします"
Account,内藤夏樹,2025/06/30,12:24:53,10500円です
User,DUNG SI,2025/06/30,12:25:28,"同意します
本日発送いたします。
よろしくお願いします"
Account,内藤夏樹,2025/06/30,12:27:23,"申し訳ございません。
大口が入り、締め切りとなりました。"
Account,内藤夏樹,2025/06/30,12:27:34,"以降は10,000円です。"
User,DUNG SI,2025/08/29,19:16:37,"こんばんは。
マクドナルドプロモ　まだ買取しますか。？"
User,DUNG SI,2025/11/05,12:51:27,"こんにちは。
熱風のアリーナ: 3box
楽園ドラゴーナ:9box
ロケット団の栄光：49 box
ナイトワンダラー：19 box
郵送買取です。よろしくお願いします"
Account,内藤夏樹,2025/11/05,12:52:39,"毎々、お世話になっております。  
御見積書を送付いたします。

- 買取見積書 -
  ・ポケモンカード　熱風のアリーナ　3箱　単価12,000円　小計36,000円  
  ・ポケモンカード　楽園ドラゴーナ　9箱　単価9,600円　小計86,400円  
  ・ポケモンカード　ロケット団の栄光　49箱　単価11,700円　小計573,300円  
  ・ポケモンカード　ナイトワンダラー　19箱　単価6,900円　小計131,100円

合計：826,800円  
減額合計：0円  
最終買取金額：826,800円

ご確認のほど、よろしくお願いいたします。​​​​​​​​​​​​​​​​"
User,DUNG SI,2025/11/05,12:56:35,"はい。分かりました。
同意します"
User,DUNG SI,2025/11/05,13:05:26,商品発送後に送り状番号をお送りいたします。
Account,内藤夏樹,2025/11/05,13:27:17,よろしくお願い申し上げます。
Account,内藤夏樹,2025/11/05,13:27:30,申請もよろしくお願い申し上げます。
User,DUNG SI,2025/11/05,18:28:37,写真を送信しました。
User,DUNG SI,2025/11/05,18:28:41,よろしくお願いします
Account,内藤夏樹,2025/11/06,20:35:10,"毎々、お世話になっております。  
御見積書を送付いたします。

- 買取見積書 -
  ・ポケモンカード　熱風のアリーナ　3箱　単価12,000円　小計36,000円  
  ・ポケモンカード　楽園ドラゴーナ　9箱　単価9,600円　小計86,400円  
  ・ポケモンカード　ロケット団の栄光　49箱　単価11,700円　小計573,300円  
  ・ポケモンカード　ナイトワンダラー　19箱　単価6,900円　小計131,100円

合計：826,800円  
減額合計：0円  
最終買取金額：826,800円

ご確認のほど、よろしくお願いいたします。​​​​​​​​​​​​​​​​"
Account,内藤夏樹,2025/11/06,20:35:30,"住民票が確認できませんでした。
原本をお送りください。
お振込みは確認後となります。"
User,DUNG SI,2025/11/06,22:55:56,"はい。忘れてました。
明日送ります"
User,DUNG SI,2025/11/06,23:08:02,送信する代わりに時間がかかりますので、代わりに写真やビデオを送信できますか？
Account,内藤夏樹,2025/11/07,06:29:41,"こちらは初回の取引のため、原本が必要です。
よろしくお願い申し上げます。"
User,DUNG SI,2025/11/07,17:57:10,写真を送信しました。
User,DUNG SI,2025/11/07,17:57:16,送りました。！
User,DUNG SI,2025/11/07,17:57:36,よろしくお願いします
Account,内藤夏樹,2025/11/07,18:03:08,はい、ありがとうございました。
User,DUNG SI,2025/11/17,11:46:59,"こんにちは。

ロケット団の栄光：5 box
ブラックボルト:1box
メガブレイブ:16box
未来の一閃：11box
買取しますか。？"
