﻿アカウント名,にこにこ買取＠業界最高の買取価格宣言！
タイムゾーン,'+09:00
ダウンロード日時,2026/02/21 04:37
送信者タイプ,送信者名,送信日,送信時刻,内容
Account,応答メッセージ,2025/08/29,16:28:58,"京佑さん
はじめまして！にこにこ買取＠業界最高の買取価格宣言！です。
友だち追加ありがとうございます！
にこにこ買取です(moon big smile)

ポケモンカードなどトレーディングカード全般の買取を行っております。
買取ご希望のお客様はなんでもお気軽に連絡してください(saluting man)

ご郵送買取の流れはメニューから”郵送買取の流れ”をご確認ください(sparkle)

ご郵送買取ご希望の場合にはメニューの”申し込みフォーム”からご申請が可能となっております。

お問い合わせなどはお気にご連絡ください。"
User,京佑,2025/08/29,16:42:52,はじめまして
User,京佑,2025/08/29,16:43:13,当方福岡のものなのですが本日発送しても最短明後日になってきまいます
Account,内藤夏樹,2025/08/29,16:43:32,毎々、お世話になっております。
User,京佑,2025/08/29,16:43:44,条件の翌日到着は難しいのですが、その場合買取不可なのでしょうか
Account,内藤夏樹,2025/08/29,16:43:44,ご希望の商品はなんでしょうか。
User,京佑,2025/08/29,16:43:55,マクドナルド、トウホクになります
User,京佑,2025/08/29,16:44:10,トウホク難しければマクドナルドだけでも
User,京佑,2025/08/29,16:44:12,可能です
Account,内藤夏樹,2025/08/29,16:44:13,"事前に言っていただけたら大丈夫です。

何個ございますか"
User,京佑,2025/08/29,16:44:49,トウホク5あります
Account,内藤夏樹,2025/08/29,16:46:22,ありがとうございます😊
User,京佑,2025/08/29,16:46:22,マクドナルドは50あります
Account,内藤夏樹,2025/08/29,16:46:51,"トーホク
26500×5
マクドナルドプロモ
3600×50"
Account,内藤夏樹,2025/08/29,16:46:59,"こちらで賜りました。
申請と発送をよろしくお願い申し上げます。"
User,京佑,2025/08/29,17:33:39,申し訳ありません、本当にバカのような話なのですが、帰宅後すぐ発送予定だったなか、先ほど会社からの帰宅途中に車の接触事故にあってしまい本日の発送が間に合いそうにありません
User,京佑,2025/08/29,17:34:03,せっかく枠を取ってくださったにもかかわらず、ご迷惑おかけしてます
Account,内藤夏樹,2025/08/29,17:45:01,"明日発送でも問題がありません。
よろしくお願い申し上げます。"
User,京佑,2025/08/29,17:48:43,助かります🥲
Account,内藤夏樹,2025/08/29,17:49:01,"事故で大変な時に申し訳ございません。
よろしくお願い申し上げます。"
User,京佑,2025/08/29,17:49:09,"とりあえず怪我はないので良かったです
またお願いします"
Account,内藤夏樹,2025/08/29,17:49:33,ご連絡頂き、ありがとうございました。
User,京佑,2025/09/16,13:13:54,"ヒロシマ1box 
マクドナルド54パックお願いしたいのですが、マクドナルドもう少しだけ頑張れませんでしょうか🥲"
Account,内藤夏樹,2025/09/16,13:14:30,"毎々、お世話になっております。
ご連絡ありがとうございました。

7100に頑張りますね😊"
Account,内藤夏樹,2025/09/16,13:14:35,よろしいでしょうか。
Account,内藤夏樹,2025/09/16,13:15:06,着払いで対応できます。
Account,内藤夏樹,2025/09/16,13:15:58,"毎々、お世話になっております。  
御見積書を送付いたします。

- 買取見積書 -
  ・ポケモンカード　ヒロシマ　1箱　単価37,000円　小計37,000円  
  ・ポケモンカード　マクドナルドプロモ　54個　単価7,100円　小計383,400円

合計：420,400円  
減額合計：0円  
最終買取金額：420,400円

ご確認のほど、よろしくお願いいたします。​​​​​​​​​​​​​​​​"
Account,内藤夏樹,2025/09/16,13:16:05,よろしければご申請と発送をよろしくお願い申し上げます。
User,京佑,2025/09/16,13:26:14,"ありがとうございます
7200難しいでしょうか
7200でしたら即お申し込みさせて頂きます"
Account,内藤夏樹,2025/09/16,13:26:29,すみません、厳しいです🙇🏻‍♂️
User,京佑,2025/09/16,13:31:55,"わかりました、せっかく提案していただいたのに申し訳ありません
今回はやめておこうと思います🙏🏻"
User,京佑,2025/09/16,13:32:04,また依頼させて頂きますね
Account,内藤夏樹,2025/09/16,13:32:05,はい、またよろしくお願いします
User,京佑,2025/09/16,22:53:38,🙇🏻
User,京佑,2025/10/01,12:48:23,お世話になっております
User,京佑,2025/10/01,12:48:24,"テラスタルフェス5箱
151   2箱
vstarユニ　2箱
黒煙1
vmaxクライマックス1箱
受け継がれる 2箱
インフェルノX10箱"
User,京佑,2025/10/01,12:48:39,ご査定よろしくお願いします🙏🏻
User,京佑,2025/10/01,12:48:52,"フクオカより発送
本日発送します"
Account,内藤夏樹,2025/10/01,12:53:13,"毎々、お世話になっております。
すみません、、、今日が提示したもののみとさせていただいておりました。"
User,京佑,2025/10/01,12:55:38,"それは大変失礼しました
お時間お取りして申し訳ありません"
User,京佑,2025/10/01,12:55:41,またよろしくお願いします🙇🏻
Account,内藤夏樹,2025/10/01,12:56:39,とんでもないことです。
Account,内藤夏樹,2025/10/01,12:56:48,インフェルノだけでもいかがでしょうか？
User,京佑,2025/10/01,13:03:36,送料の関係上難しいかもです🥲
User,京佑,2025/10/01,13:03:39,またよろしくお願いします🙏🏻
Account,内藤夏樹,2025/10/01,13:03:54,承知しました！
User,京佑,2025/11/11,16:29:34,福岡からの発送です
User,京佑,2025/11/11,16:29:34,"ステラミラクル3
未来の一閃1
テラスタルフェス3
ブラックボルト1
メガシンフォニア1"
User,京佑,2025/11/11,16:29:40,可能でしょうか
Account,内藤夏樹,2025/11/13,12:55:13,"毎々お世話になっております。
ご返信がおそくなりました。

おやすみを頂いておりました。"
