﻿アカウント名,にこにこ買取＠業界最高の買取価格宣言！
タイムゾーン,'+09:00
ダウンロード日時,2026/02/21 04:37
送信者タイプ,送信者名,送信日,送信時刻,内容
Account,応答メッセージ,2025/09/16,10:51:13,"鈴木 康平さん
はじめまして！にこにこ買取＠業界最高の買取価格宣言！です。
友だち追加ありがとうございます！
にこにこ買取です(moon big smile)

ポケモンカードなどトレーディングカード全般の買取を行っております。
買取ご希望のお客様はなんでもお気軽に連絡してください(saluting man)

ご郵送買取の流れはメニューから”郵送買取の流れ”をご確認ください(sparkle)

ご郵送買取ご希望の場合にはメニューの”申し込みフォーム”からご申請が可能となっております。

お問い合わせなどはお気にご連絡ください。"
User,鈴木 康平,2025/09/16,10:54:32,"こんにちは！
マックピカチュウの未開封プロモパックを8パック

メガブレイブポケセンBOXを1つ

買取お願いしたいのですが、
本日の相場はどれくらいでしょうか？？

宜しくお願い致します。"
Account,内藤夏樹,2025/09/16,12:06:49,"毎々、お世話になっております。
マクドナルドプロモは7000円となります。"
Account,内藤夏樹,2025/09/16,12:07:02,メガブレイブポケモンセンターセットは買取しておりませんでした。
User,鈴木 康平,2025/09/16,12:17:49,"承知致しました！
お返事ありがとうございます。
検討致します！"
User,鈴木 康平,2025/11/06,13:41:14,"お世話になります。

シュリンク無しの買取はございますでしょうか？"
Account,内藤夏樹,2025/11/06,13:42:03,"毎々、お世話になっております。
シュリンクなしは買取しておりませんでした。"
User,鈴木 康平,2025/11/06,13:47:54,"承知致しました！
ありがとうございます(ありがとう)"
User,鈴木 康平,2025/11/10,10:14:16,"①インフェルノx
②4箱
③14700円

現在14700円で合ってるでしょうか？？"
Account,内藤夏樹,2025/11/10,14:28:40,本日はお休みとなります。
