﻿アカウント名,にこにこ買取＠業界最高の買取価格宣言！
タイムゾーン,'+09:00
ダウンロード日時,2026/02/21 04:37
送信者タイプ,送信者名,送信日,送信時刻,内容
Account,応答メッセージ,2025/05/02,18:58:01,"まさとさん
はじめまして！にこにこ買取＠業界最高の買取価格宣言！です。
友だち追加ありがとうございます！
にこにこ買取です(moon big smile)

ポケモンカードなどトレーディングカード全般の買取を行っております。
買取ご希望のお客様はなんでもお気軽に連絡してください(saluting man)

ご郵送買取の流れは以下の”郵送買取の流れ”をご確認ください(sparkle)

お問い合わせなどはお気軽にメッセージからご連絡ください(phone)"
Account,応答メッセージ,2025/05/02,18:58:01,写真を送信しました。
Account,応答メッセージ,2025/05/02,18:58:01,写真を送信しました。
User,まさと,2025/05/02,19:00:34,"にこにこさん
はじめして！新潟なら　お持ち込みも可能とのことですが　場所はどの辺ですか？"
Account,内藤夏樹,2025/05/02,19:53:46,"毎々、お世話になっております！

可能です。
その際はお待ち合わせ等になります。

長岡辺りとなります。"
User,まさと,2025/06/01,14:58:02,他のboxは買取できますか？
Account,内藤夏樹,2025/06/01,15:04:18,"毎々、お世話になっております。
価格表に誤りがありました。申し訳ございません。"
Account,内藤夏樹,2025/06/01,15:07:21,"今ほど価格表を更新しました。
メニューの価格表よりご確認をお願いします。"
User,まさと,2025/06/01,16:09:46,他のboxは買取不可ですか？
Account,内藤夏樹,2025/06/01,16:13:29,なんの箱でしょうか？
User,まさと,2025/06/01,16:16:11,ソードboxです
Account,内藤夏樹,2025/06/01,16:22:39,33000円でいかがでしょうか？
User,まさと,2025/06/01,16:24:08,写真を送信しました。
User,まさと,2025/06/01,16:24:25,33000ではすみません😣💦⤵
Account,内藤夏樹,2025/06/01,16:25:27,いくらでしょうか？
Account,内藤夏樹,2025/06/01,16:25:32,画像が見れず、、、申し訳ございません。
User,まさと,2025/06/01,16:26:14,"トレカスペースさんで
40000買取なので　近くは
欲しいです…"
Account,内藤夏樹,2025/06/01,16:28:17,"大変失礼な提案を申し訳ございません。
41000円にて対抗させていただきます。"
Account,内藤夏樹,2025/06/01,16:28:28,ホムラさんを参考にしておりました。
User,まさと,2025/06/01,16:32:48,41000ありがとうございます！よろしくお願いいたします!
User,まさと,2025/06/01,16:35:50,ニコニコはじめてなのですが　アヴィリール見たいに　バジクソ厳しいですか？
Account,内藤夏樹,2025/06/01,16:49:09,"高額なので査定はさせていただきます。
ただ、アヴィリール様、Volt様のようなSNSで有名になるような減額やキャンセルはしていないと思います。"
User,まさと,2025/06/01,16:52:16,"ありがとうございます！
是非よろしくお願いいたします"
User,まさと,2025/06/01,16:52:31,同じ新潟です笑
Account,内藤夏樹,2025/06/01,16:53:01,ああ！是非とも対面で見させてください。
User,まさと,2025/06/01,16:54:37,俺新潟市なんすよ…　長岡っすよね？
Account,内藤夏樹,2025/06/01,16:58:58,そうなんですよ、、、
User,まさと,2025/06/01,16:59:53,新潟くる予定ありますか？
Account,内藤夏樹,2025/06/01,17:02:19,結構あります。
User,まさと,2025/06/01,17:03:58,その時に是非声かけてください！昔のboxなので　下がることはないと思うので😄
Account,内藤夏樹,2025/06/01,17:14:06,承知しました
User,まさと,2025/06/01,17:43:20,今週こられる用事ありますか？
User,まさと,2025/06/01,17:58:07,"こられる用事なければ　明日　高速で伺いますよ！
住所どちらになりますか？"
Account,内藤夏樹,2025/06/01,17:59:06,"今週は行く予定がありません。
申し訳ございません。

明日の夜ならば合わせることができます。"
User,まさと,2025/06/01,17:59:41,了解です！どちらになりますか？
Account,内藤夏樹,2025/06/01,18:11:06,"北長岡降りた先にハイブ長岡があります。
その周辺でいかがでしょうか？

21時頃だと助かります。"
User,まさと,2025/06/01,18:18:52,ハイブ了解です！
Account,内藤夏樹,2025/06/01,19:32:10,"よろしいでしょうか。

21:00頃
ハイブ長岡周辺"
User,まさと,2025/06/01,19:33:01,大丈夫です！でも宅配の方がよろしいでしょうか？
Account,内藤夏樹,2025/06/01,20:54:28,"そうですね。
ご郵送だと助かります。"
User,まさと,2025/06/01,20:54:51,では　明日郵送しますよ😄
Account,内藤夏樹,2025/06/01,20:55:29,"申し訳ございません。
助かります。"
User,まさと,2025/06/01,20:55:49,送り方教えてくださいませ
Account,内藤夏樹,2025/06/01,20:58:29,"メニューからご申請をお願いします。

ご申請後に発送先等の連絡が表示されます。
よろしくお願い申し上げます。"
Account,内藤夏樹,2025/06/01,21:28:41,"メニューからご申請をお願いします。

ご申請後に発送先等の連絡が表示されます。
よろしくお願い申し上げます。"
User,まさと,2025/06/01,21:29:49,今セルフィーでてこずってます😅アップロードできず
Account,内藤夏樹,2025/06/01,21:30:44,"画像サイズによってはアップロードができない場合があります。

その場合にはサイズダウンをしていただくと実行可能です。"
User,まさと,2025/06/01,21:31:05,了解です
User,まさと,2025/06/01,21:34:36,ファイルを読み込めないとでるんすよね…
User,まさと,2025/06/01,21:34:49,後は完璧なんですが…
Account,内藤夏樹,2025/06/01,21:38:26,何か他の画像にしていただいて、セルフィーはこちらに画像送信をお願いできますか？
Account,内藤夏樹,2025/06/01,21:38:36,こちらで差し替えをさせていただきます。
User,まさと,2025/06/01,21:40:16,写真を送信しました。
Account,内藤夏樹,2025/06/01,21:40:50,ありがとうございました。
User,まさと,2025/06/01,21:40:55,セルフィー他の画像で送りました　これ入れてください
User,まさと,2025/06/02,14:40:30,写真を送信しました。
Account,内藤夏樹,2025/06/02,14:50:45,ありがとうございました。
Account,内藤夏樹,2025/06/03,21:39:39,毎々、お世話になっております。
Account,内藤夏樹,2025/06/03,21:40:05,本日40700円（振込手数料300円を差し引いたもの）をお振込みしました。
Account,内藤夏樹,2025/06/03,21:40:08,ご確認お願い致します。
User,まさと,2025/06/03,21:45:47,お早い対応ありがとうございます。まだ反映されてませんが　次回以降も利用させてもらいます🙇🙇
User,まさと,2025/06/06,14:14:42,ホワイトフレア　2box買取お願いいたします!
Account,内藤夏樹,2025/06/06,14:15:22,"毎々、お世話になっております。
申し訳ございません！
大口により〆切となりました。"
User,まさと,2025/06/23,15:00:30,"お世話になっております。
横浜記念も一緒に送りたいのですが　買取いくらになりますか？"
Account,内藤夏樹,2025/06/23,15:14:57,"毎々、お世話になっております。
再開したらX等でご連絡します。"
User,まさと,2025/06/23,15:15:20,了解しました！
User,まさと,2025/06/24,18:51:28,お世話になります！買取再開したみたいですが　横浜記念買取可能ですか？
Account,内藤夏樹,2025/06/24,18:56:07,横浜記念は希望価格ございますか？
Account,内藤夏樹,2025/06/24,18:56:23,今上がっている最中なので、手を出しにくいのが本音です。
User,まさと,2025/06/24,19:25:54,"確かに上昇中ですね…
39000いけますか？"
Account,内藤夏樹,2025/06/24,20:58:28,厳しいです。。。
Account,内藤夏樹,2025/06/24,20:58:30,すみません
User,まさと,2025/06/24,21:09:18,全然大丈夫ですよ！ちなみにおいくらなら可能でした？
Account,内藤夏樹,2025/06/24,22:51:44,"ちょっと値段つけられないですね。
失礼になるかもしれませんので、やめておきます。"
Account,内藤夏樹,2025/06/24,22:51:48,申し訳ございません。
User,まさと,2025/06/26,12:59:32,"こんにちは！買取お願いいたします！
テラスタル　1
超電　1
変幻　1
ステラ　2
クレイバースト　1
ホワイトフレア　1
未来の一閃　1
よろしくお願いいたします
本当は横浜記念も買取して欲しいのですが😅
全てシュリンク付きです"
Account,内藤夏樹,2025/06/26,13:22:08,毎々、お世話になっております。
Account,内藤夏樹,2025/06/26,13:23:17,"・ポケモンカード　テラスタルフェスex　1箱　単価10,300円　小計10,300円
・ポケモンカード　超電ブレイカー　1箱　単価8,800円　小計8,800円
・ポケモンカード　変幻の仮面　1箱　単価7,800円　小計7,800円
・ポケモンカード　ステラミラクル　2箱　単価5,600円　小計11,200円
・ポケモンカード　クレイバースト　1箱　単価10,500円　小計10,500円
・ポケモンカード　ホワイトフレア　1箱　単価9,700円　小計9,700円
・ポケモンカード　未来の一閃　1箱　単価5,600円　小計5,600円
"
User,まさと,2025/06/26,13:25:36,"大丈夫です！よろしくお願いいたします！
横浜　35000は厳しいですか？"
Account,内藤夏樹,2025/06/26,13:26:52,はい、申し訳ございません
User,まさと,2025/06/26,13:38:27,フォーム入力完了しました。セルフィーまたかきかえてもらえますか？
Account,内藤夏樹,2025/06/26,13:42:29,"承知しました。
こちらにアップロードしてください。"
User,まさと,2025/06/26,13:43:57,写真を送信しました。
User,まさと,2025/06/26,13:44:06,よろしくお願いいたします
Account,内藤夏樹,2025/06/26,13:49:58,ありがとうございました。
User,まさと,2025/06/26,15:48:07,写真を送信しました。
Account,内藤夏樹,2025/06/26,15:49:19,ありがとうございました。
Account,内藤夏樹,2025/06/26,15:49:52,利用方法にラベルのサンプルがありますので、記載方法はそちらを参考にお願いします。
Account,内藤夏樹,2025/06/26,15:50:19,それ以外の場合には受け取り等々が遅れる可能性がありますことをご了承ください。
User,まさと,2025/06/26,16:01:07,よろしくお願いいたします
Account,内藤夏樹,2025/06/28,15:24:01,"・ポケモンカード　テラスタルフェスex　1箱　単価10,300円　小計10,300円
・ポケモンカード　超電ブレイカー　1箱　単価8,800円　小計8,800円
・ポケモンカード　変幻の仮面　1箱　単価7,800円　小計7,800円
・ポケモンカード　ステラミラクル　2箱　単価5,600円　小計11,200円
・ポケモンカード　クレイバースト　1箱　単価10,500円　小計10,500円
・ポケモンカード　ホワイトフレア　1箱　単価9,700円　小計9,700円
・ポケモンカード　未来の一閃　1箱　単価5,600円　小計5,600円

合計: 63,900円"
User,まさと,2025/06/28,15:39:23,ありがとうございます
Account,内藤夏樹,2025/06/28,16:35:48,振込みしました。
User,まさと,2025/07/11,11:30:15,"いつもお世話になっております。
イーブイヒーローズ　買取してもらいたいのですが
72000が限界ですかね？"
User,まさと,2025/10/15,12:20:12,"お世話になっております。
インフェルノ 1
テラスタル　2
シンフォニア　1
全てシュリンクあり
買取お願いいたします"
Account,内藤夏樹,2025/10/15,12:21:43,"毎々、お世話になっております。
ありがとうございます。"
Account,内藤夏樹,2025/10/15,12:22:06,"毎々、お世話になっております。
御見積書を送付いたします。

買取見積書 -
・ポケモンカード　インフェルノX　1箱　単価14,800円　小計14,800円
・ポケモンカード　テラスタルフェスex　2箱　単価14,500円　小計29,000円
・ポケモンカード　メガシンフォニア　1箱　単価7,500円　小計7,500円

合計：51,300円
減額合計：0円
最終買取金額：51,300円"
Account,内藤夏樹,2025/10/15,12:22:52,"発送先住所が変更となっております。
申請後に表示されます。
また、メニューのご利用方法にも記載がございますのでお間違いのないようよろしくお願い申し上げます。"
User,まさと,2025/10/15,12:33:44,"フォーム入力完了しましたが　セルフィーだけやはり
前回同様だめでしたので
書きかえてもらえますか？
すみません😢⤵️⤵️"
User,まさと,2025/10/15,12:33:52,写真を送信しました。
User,まさと,2025/10/15,12:41:08,後　ロケット団のアタッシュケースは買取駄目ですよね…？
Account,内藤夏樹,2025/10/15,12:41:56,ありがとうございます。確かに確認しました。
Account,内藤夏樹,2025/10/15,12:42:07,買取していませんです、、、申し訳ございません。
User,まさと,2025/10/15,12:45:29,了解です❗ありがとうございます❗
User,まさと,2025/10/15,15:40:46,写真を送信しました。
Account,内藤夏樹,2025/10/15,16:01:17,ありがとうございました。
User,まさと,2025/11/07,12:12:25,"にこにこさん
いつもお世話になっております。
買取お願いいたします。
メガブレイブ　4
ドラゴーナ　1
ワンダラー　1
ワイルド　1
変幻　1
熱風　1
シャイニートレジャー　1
ワンピース買取可能でしたら
受け継がれる意志　1
以上よろしくお願いいたします
"
User,まさと,2025/11/07,12:14:25,"後　レイジングサーフもお願いいたします。
全てシュリアリです"
Account,内藤夏樹,2025/11/07,14:34:55,"毎々、お世話になっております。
本日はお休みさせていただきます🙇🏻‍♂️"
User,まさと,2025/11/09,14:24:03,"にこにこさん
いつもお世話になっております。
買取お願いいたします。
インフェルノ　1
メガブレイブ　4
レイジングサーフ　1
ドラゴーナ　1
ワンダラー　1
ワイルド　1
変幻　1
熱風　1
シャイニートレジャー　1
ワンピース買取可能でしたら
受け継がれる意志　1
以上よろしくお願いいたします
"
Account,内藤夏樹,2025/11/09,14:25:26,"毎々、お世話になっております。
今お見積もりお送りします。"
Account,内藤夏樹,2025/11/09,14:27:54,"毎々、お世話になっております。  
御見積書を送付いたします。

- 買取見積書 -
  ・ポケモンカード　インフェルノX　1箱　単価14,700円　小計14,700円  
  ・ポケモンカード　メガブレイブ　4箱　単価10,600円　小計42,400円  
  ・ポケモンカード　レイジングサーフ　1箱　単価9,300円　小計9,300円  
  ・ポケモンカード　楽園ドラゴーナ　1箱　単価9,700円　小計9,700円  
  ・ポケモンカード　ナイトワンダラー　1箱　単価6,900円　小計6,900円  
  ・ポケモンカード　ワイルドフォース　1箱　単価7,500円　小計7,500円  
  ・ポケモンカード　変幻の仮面　1箱　単価8,000円　小計8,000円  
  ・ポケモンカード　熱風のアリーナ　1箱　単価12,000円　小計12,000円  
  ・ポケモンカード　シャイニートレジャーex　1箱　単価11,200円　小計11,200円

合計箱数：12箱
合計：121,700円  
減額合計：0円  
最終買取金額：121,700円

ご確認のほど、よろしくお願いいたします。​​​​​​​​​​​​​​​​"
User,まさと,2025/11/09,15:28:46,フォームと発送完了しました。セルフィーまたよろしくお願いいたします。
User,まさと,2025/11/09,15:28:52,写真を送信しました。
Account,内藤夏樹,2025/11/09,15:29:47,有難うございます
User,まさと,2025/11/09,15:34:45,写真を送信しました。
