﻿アカウント名,にこにこ買取＠業界最高の買取価格宣言！
タイムゾーン,'+09:00
ダウンロード日時,2026/02/21 04:37
送信者タイプ,送信者名,送信日,送信時刻,内容
Account,応答メッセージ,2025/11/01,14:01:11,"ごさん
はじめまして！にこにこ買取＠業界最高の買取価格宣言！です。
友だち追加ありがとうございます！
にこにこ買取です(moon big smile)

ポケモンカードなどトレーディングカード全般の買取を行っております。
買取ご希望のお客様はなんでもお気軽に連絡してください(saluting man)

ご郵送買取の流れはメニューから”郵送買取の流れ”をご確認ください(sparkle)

ご郵送買取ご希望の場合にはメニューの”申し込みフォーム”からご申請が可能となっております。

お問い合わせなどはお気にご連絡ください。"
User,ご,2025/11/01,14:01:31,"インフェルノx 12ボックス
シュリンク付き

インフェルノ 2ボックス
シュリンクなし

買取をお願い致します。"
Account,内藤夏樹,2025/11/01,15:34:07,"毎々、お世話になっております。
本日はお休みとなります。"
User,ご,2025/11/02,18:03:18,"インフェルノ買取をお願い致します。シュリンク付き8box

インフェルノシュリンクなしは買取されていますか？"
User,ご,2025/11/02,22:17:11,明日午前中発送可能です。インフェルノシュリンク8ボックス買取をお願い致します
Account,内藤夏樹,2025/11/03,09:41:19,"毎々、お世話になっております。
本日はお休みとなります。"
User,ご,2025/11/03,20:24:58,かしこまりました。明日査定をお願い致します
User,ご,2025/11/04,12:33:57,インフェルノの買取はいくらですか？
Account,内藤夏樹,2025/11/04,12:36:04,本日は　１４８００円　となります。
