﻿アカウント名,にこにこ買取＠業界最高の買取価格宣言！
タイムゾーン,'+09:00
ダウンロード日時,2026/02/21 04:37
送信者タイプ,送信者名,送信日,送信時刻,内容
Account,応答メッセージ,2025/10/04,13:02:19,"ぜろさん
はじめまして！にこにこ買取＠業界最高の買取価格宣言！です。
友だち追加ありがとうございます！
にこにこ買取です(moon big smile)

ポケモンカードなどトレーディングカード全般の買取を行っております。
買取ご希望のお客様はなんでもお気軽に連絡してください(saluting man)

ご郵送買取の流れはメニューから”郵送買取の流れ”をご確認ください(sparkle)

ご郵送買取ご希望の場合にはメニューの”申し込みフォーム”からご申請が可能となっております。

お問い合わせなどはお気にご連絡ください。"
User,ぜろ,2025/10/27,13:11:04,本日何時まで買取申込可能でしょうか？
Account,内藤夏樹,2025/10/27,13:19:16,毎々、お世話になっております。
Account,内藤夏樹,2025/10/27,13:19:44,"17:00ころまで可能です。
ただし、一部商品は〆切となる可能性があります。"
User,ぜろ,2025/10/27,13:42:25,かしこまりました。仕事の都合で依頼書の入力が出来なさそうなのでやめておきます。
Account,内藤夏樹,2025/10/27,13:44:49,"承知しました。

弊社は依頼者が申請フォームとなっており、比較的に簡単でございます。"
User,ぜろ,2025/10/27,14:09:29,一通り見させていただきました。写真が撮れる環境ではないので💦
Account,内藤夏樹,2025/10/27,14:19:32,"承知しました。
またよろしくお願いします"
User,ぜろ,2025/10/29,12:52:22,EB03 1カートン買取お願いします
Account,内藤夏樹,2025/10/29,12:52:37,"毎々お世話になっております。

EB−03（カートン）：82,000円"
Account,内藤夏樹,2025/10/29,12:52:39,となります。
User,ぜろ,2025/10/29,12:52:46,はい、大丈夫です。
Account,内藤夏樹,2025/10/29,12:52:47,"お見積りを送付しました。
ご確認いただき、よろしければメニューから申請フォームの送信をお願い申し上げます。
その後、発送先住所へ商品の発送をお願いします。"
User,ぜろ,2025/10/29,12:56:26,送信いたしました
Account,内藤夏樹,2025/10/29,12:57:02,発送をよろしくお願いします。
User,ぜろ,2025/10/29,12:58:20,着払いで大丈夫ですよね？
Account,内藤夏樹,2025/10/29,12:58:52,"はい、大丈夫です。
過剰サイズにならないようにだけご配慮いただけると助かります。"
User,ぜろ,2025/10/29,12:59:18,かしこまりました、100にて発送いたします
User,ぜろ,2025/10/29,18:12:23,"ヤマト運輸
2890-1257-6930"
User,ぜろ,2025/10/29,18:12:32,明日午前指定
Account,内藤夏樹,2025/10/29,18:18:06,ありがとうございました。
User,ぜろ,2025/10/30,17:26:27,狩野遥杜
Account,内藤夏樹,2025/10/31,07:01:55,"毎々お世話になっております。
お振込みが完了しております。
この度はありがとうございました。"
