﻿アカウント名,にこにこ買取＠業界最高の買取価格宣言！
タイムゾーン,'+09:00
ダウンロード日時,2026/02/21 04:37
送信者タイプ,送信者名,送信日,送信時刻,内容
Account,応答メッセージ,2025/10/29,12:33:42,"Lさん
はじめまして！にこにこ買取＠業界最高の買取価格宣言！です。
友だち追加ありがとうございます！
にこにこ買取です(moon big smile)

ポケモンカードなどトレーディングカード全般の買取を行っております。
買取ご希望のお客様はなんでもお気軽に連絡してください(saluting man)

ご郵送買取の流れはメニューから”郵送買取の流れ”をご確認ください(sparkle)

ご郵送買取ご希望の場合にはメニューの”申し込みフォーム”からご申請が可能となっております。

お問い合わせなどはお気にご連絡ください。"
User,L,2025/10/29,12:34:41,"お世話になっております。
郵送買取は可能でしょうか？"
Account,内藤夏樹,2025/10/29,12:39:43,毎々お世話になっております。
Account,内藤夏樹,2025/10/29,12:39:46,可能でございます。
User,L,2025/10/29,12:46:46,すみません、いつも利用してるアカウントの方で連絡が取れないのですが、確認は可能でしょうか？
Account,内藤夏樹,2025/10/29,12:47:28,どちら様になりますでしょうか
User,L,2025/10/29,12:47:57,｢S｣というアカウントです。
Account,内藤夏樹,2025/10/29,12:48:49,いつもお世話になっております。
Account,内藤夏樹,2025/10/29,12:48:58,ご希望商品をお願い申し上げます。
User,L,2025/10/29,12:51:20,"ブラック13
ホワイト9
メガブレイブ7 
シンフォニア4 
インフェルノは何個まで買取可能でしょうか？"
Account,内藤夏樹,2025/10/29,12:52:22,"承知しました。
インフェルノXは15800円で50個までとなっております。"
User,L,2025/10/29,13:02:42,インフェルノ50BOXでお願い致します。
Account,内藤夏樹,2025/10/29,13:05:54,追って見積もりはお送りします。
User,L,2025/10/29,13:58:33,"インフェルノ50
シンフォニア4
テラスタル2
こちらに変更したいですが、100サイズのダンボール2個の発送でもよろしいでしょうか？



"
Account,内藤夏樹,2025/10/29,14:01:21,"申し訳ございません。
インフェルノは25個までとなりました。

ブラックボルトとホワイトフレアは
単価を百円あげますので
おねがいできないでしょうか"
Account,内藤夏樹,2025/10/29,14:01:32,ブレイブもです
User,L,2025/10/29,14:04:23,"インフェルノ25個で大丈夫です。
ちなみに｢S｣の方でやりとりはできませんでしょうか？"
Account,内藤夏樹,2025/10/29,14:05:54,連絡が来ていないのです、、、。
Account,内藤夏樹,2025/10/29,14:06:14,メガブレイブとブラックボルトとホワイトフレアはいかがですか。
User,L,2025/10/29,14:06:50,昨日からメッセージ送ってますが、確認できませんでしょうか？
Account,内藤夏樹,2025/10/29,14:10:38,今こちらからメッセージしてみました
