﻿アカウント名,にこにこ買取＠業界最高の買取価格宣言！
タイムゾーン,'+09:00
ダウンロード日時,2026/02/21 04:37
送信者タイプ,送信者名,送信日,送信時刻,内容
Account,応答メッセージ,2025/08/24,15:10:47,"マサさん
はじめまして！にこにこ買取＠業界最高の買取価格宣言！です。
友だち追加ありがとうございます！
にこにこ買取です(moon big smile)

ポケモンカードなどトレーディングカード全般の買取を行っております。
買取ご希望のお客様はなんでもお気軽に連絡してください(saluting man)

ご郵送買取の流れはメニューから”郵送買取の流れ”をご確認ください(sparkle)

ご郵送買取ご希望の場合にはメニューの”申し込みフォーム”からご申請が可能となっております。

お問い合わせなどはお気にご連絡ください。"
User,マサ,2025/10/27,15:08:51,"はじめまして。お世話になります。

買取査定お願いします。

メガブレイプ×2
シンフォニア×2
ブラックボルト×2
ロケット団×1
熱風のアリーナ×1
楽園ドラゴーナ×2

よろしくお願いします。"
Account,内藤夏樹,2025/10/27,15:12:57,毎々、お世話になっております。
Account,内藤夏樹,2025/10/27,15:13:10,お見積もりをお送りします。
Account,内藤夏樹,2025/10/27,15:13:40,"毎々、お世話になっております。  
御見積書を送付いたします。

- 買取見積書 -
  ・ポケモンカード　メガブレイブ　2箱　単価11,200円　小計22,400円  
  ・ポケモンカード　メガシンフォニア　2箱　単価7,600円　小計15,200円  
  ・ポケモンカード　ブラックボルト　2箱　単価9,400円　小計18,800円  
  ・ポケモンカード　ロケット団の栄光　1箱　単価11,700円　小計11,700円  
  ・ポケモンカード　熱風のアリーナ　1箱　単価11,300円　小計11,300円  
  ・ポケモンカード　楽園ドラゴーナ　2箱　単価9,400円　小計18,800円

合計：98,200円  
減額合計：0円  
最終買取金額：98,200円

ご確認のほど、よろしくお願いいたします。​​​​​​​​​​​​​​​​"
User,マサ,2025/10/27,16:06:41,"発送手続き完了しました。

ヤマト運輸289012468430
石塚正晃

よろしくお願いします。"
Account,内藤夏樹,2025/10/27,16:06:56,ありがとうございました。
User,マサ,2025/10/27,16:07:14,写真を送信しました。
Account,内藤夏樹,2025/10/27,16:14:03,ありがとうございました。
