﻿アカウント名,にこにこ買取＠業界最高の買取価格宣言！
タイムゾーン,'+09:00
ダウンロード日時,2026/02/21 04:37
送信者タイプ,送信者名,送信日,送信時刻,内容
Account,応答メッセージ,2025/06/02,08:59:52,"サクラさん
はじめまして！にこにこ買取＠業界最高の買取価格宣言！です。
友だち追加ありがとうございます！
にこにこ買取です(moon big smile)

ポケモンカードなどトレーディングカード全般の買取を行っております。
買取ご希望のお客様はなんでもお気軽に連絡してください(saluting man)

ご郵送買取の流れはメニューから”郵送買取の流れ”をご確認ください(sparkle)

お問い合わせなどはお気軽にメッセージからご連絡ください(phone)"
User,サクラ,2025/06/02,12:39:08,"初めまして
シャイニートレジャー:34box
熱風のアリーナ:10box
クリムゾンヘイズ：4box
郵送買取
よろしくお願いします"
Account,内藤夏樹,2025/06/02,12:50:06,"毎々、お世話になっております。
有り難うございます。"
Account,内藤夏樹,2025/06/02,12:50:58,"	•	買取見積書 -

・ポケモンカード　シャイニートレジャーex　34箱　単価8,200円　小計278,800円
・ポケモンカード　熱風のアリーナ　10箱　単価7,600円　小計76,000円
・ポケモンカード　クリムゾンヘイズ　4箱　単価8,400円　小計33,600円

合計：388,400円"
User,サクラ,2025/06/02,12:51:31,はい。同意します。よろしくお願いします
Account,内藤夏樹,2025/06/02,12:56:10,ご申請をよろしくお願い申し上げます。
User,サクラ,2025/06/02,12:56:19,ちょっと。いくつかの商品アイテムを追加したい。大丈夫ですか
Account,内藤夏樹,2025/06/02,12:56:20,メニューよりご選択できます。
User,サクラ,2025/06/02,12:57:39,"初めまして
シャイニートレジャー:43box
熱風のアリーナ:10box
クリムゾンヘイズ：4box
超電ブレイカー: 15box
これで。お願いします"
Account,内藤夏樹,2025/06/02,12:57:41,もちろんです。
User,サクラ,2025/06/02,12:58:20,決めます
User,サクラ,2025/06/02,12:58:50,本日発送しますので、明日到着します。
Account,内藤夏樹,2025/06/02,13:16:22,よろしくお願い申し上げます。
User,サクラ,2025/06/02,13:18:04,初めてなので手順を教えてください
Account,内藤夏樹,2025/06/02,13:24:57,メニューから申請していただき、発送をしてください。
User,サクラ,2025/06/02,13:56:28,商品の送付先住所を教えてください
User,サクラ,2025/06/02,14:00:48,送付の際に、追加で必要な書類は必要ですか？
Account,内藤夏樹,2025/06/02,14:01:17,"1. このチャンネルにて買取希望の商品名・数量・希望価格をご連絡ください。（スタッフが確認し、回答します）
2. 個人情報等をフォームより送信してください。
　 https://forms.gle/gAwrrfLYxm83u9Nr7
3. フォーム送信後は下記住所へご発送ください：
〒940-0871
新潟県長岡市北陽1-53-61
株式会社AiGIVE 内藤宛（ヤマト運輸 北陽センター気付）
TEL: 050-5470-3570"
Account,内藤夏樹,2025/06/02,14:01:38,住民票です。
Account,内藤夏樹,2025/06/02,14:04:56,在留資格もありますか？
User,サクラ,2025/06/02,14:05:47,あります！
Account,内藤夏樹,2025/06/02,14:08:26,"送ってください。
よろしくお願い申し上げます。"
Account,内藤夏樹,2025/06/02,14:57:37,"・ポケモンカード　シャイニートレジャーex　43箱　単価8,200円　小計352,600円
・ポケモンカード　熱風のアリーナ　10箱　単価7,600円　小計76,000円
・ポケモンカード　クリムゾンヘイズ　4箱　単価8,400円　小計33,600円
・ポケモンカード　超電ブレイカー　15箱　単価8,500円　小計127,500円

合計：589,700円"
User,サクラ,2025/06/02,17:39:50,"商品を送りました。
2つの箱に詰めました
よろしくお願いします"
User,サクラ,2025/06/02,17:39:53,写真を送信しました。
Account,内藤夏樹,2025/06/02,17:47:44,はい、ありがとうございました。
Account,内藤夏樹,2025/06/03,19:36:11,"・ポケモンカード　シャイニートレジャーex　42箱（43箱中1箱買取不可）　単価8,200円　小計344,400円
・ポケモンカード　熱風のアリーナ　10箱　単価7,600円　小計76,000円
・ポケモンカード　クリムゾンヘイズ　4箱　単価8,400円　小計33,600円
・ポケモンカード　超電ブレイカー　14箱（15箱中1箱買取不可）　単価8,500円　小計119,000円

再計算後 合計：573,000円

【査定による減額】
・シャイニートレジャーex　-700円 × 3点 = -2,100円
・熱風のアリーナ　　　 　 -500円 × 2点 = -1,000円

減額合計：-3,100円
最終買取金額：569,900円

【買取不可（ご返却）】
・シャイニートレジャーex × 1箱（大きな破損）
・超電ブレイカー × 1箱（シュリンク破れ）"
User,サクラ,2025/06/03,19:59:13,はい。分かりました。よろしくお願いします
Account,内藤夏樹,2025/06/03,20:02:02,"ありがとうございました。
後ほどお振込みします。"
Account,内藤夏樹,2025/06/03,21:34:51,お振込みしました。
User,サクラ,2025/06/06,18:33:05,こんにちは。現在の購入価格はまだ受け入れられますか?
Account,内藤夏樹,2025/06/06,18:33:25,"毎々、お世話になっております。
どの商品ですか？"
User,サクラ,2025/06/06,18:34:25,ブラックとホワイトです
Account,内藤夏樹,2025/06/06,18:35:38,通常版については〆切となりました。
Account,内藤夏樹,2025/06/06,18:35:44,熱風とテラスタルフェスexはないですか
User,サクラ,2025/06/06,18:36:09,はい。分かりました。次回また来ます
User,サクラ,2025/06/09,18:14:47,"こんにちは。
ホワイトデラックス: 18box
ブラックデラックス:18box
まだ買取しますか？"
Account,内藤夏樹,2025/06/09,18:16:10,"しています。

各9800円です。"
User,サクラ,2025/06/09,18:16:32,デラックスですけど
User,サクラ,2025/06/09,18:17:43,デラックはどうですか？
Account,内藤夏樹,2025/06/09,18:17:52,12000円です
User,サクラ,2025/06/09,18:19:08,はい。買取申し込みです
Account,内藤夏樹,2025/06/09,18:19:17,よろしくお願い申し上げます。
User,サクラ,2025/06/09,18:40:01,写真を送信しました。
User,サクラ,2025/06/09,18:40:40,"商品を送りました
よろしくお願いします"
Account,内藤夏樹,2025/06/09,19:00:02,ありがとうございました。
Account,内藤夏樹,2025/06/10,14:57:31,"・ポケモンカード　ホワイトフレア（デラックス）　18箱　単価12,000円　小計216,000円
・ポケモンカード　ブラックボルト（デラックス）　18箱　単価12,000円　小計216,000円

合計：432,000円
"
Account,内藤夏樹,2025/06/10,14:57:34,振込みしました。
Account,内藤夏樹,2025/06/16,12:58:59,"こんにちは、集まりました？
ブラホワ"
Account,内藤夏樹,2025/10/27,12:52:06,"こんにちは！
トウホクあります？"
