﻿アカウント名,にこにこ買取＠業界最高の買取価格宣言！
タイムゾーン,'+09:00
ダウンロード日時,2026/02/21 04:37
送信者タイプ,送信者名,送信日,送信時刻,内容
Account,応答メッセージ,2025/10/26,17:56:12,"吉橋翔さん
はじめまして！にこにこ買取＠業界最高の買取価格宣言！です。
友だち追加ありがとうございます！
にこにこ買取です(moon big smile)

ポケモンカードなどトレーディングカード全般の買取を行っております。
買取ご希望のお客様はなんでもお気軽に連絡してください(saluting man)

ご郵送買取の流れはメニューから”郵送買取の流れ”をご確認ください(sparkle)

ご郵送買取ご希望の場合にはメニューの”申し込みフォーム”からご申請が可能となっております。

お問い合わせなどはお気にご連絡ください。"
User,吉橋翔,2025/10/27,04:02:50,"お疲れ様です。

ワンピースマガジン付属プロモ（未開封）の買取はまだ受け付けていますでしょうか？

本日（10/27）発送の翌日（10/28）到着でよろしければ是非、買取お願いしたいです。

また、プロモを包んでいる黄色い封筒は本誌にくっついた状態になっておりますが、本誌ごとそのまま送ってもよろしいでしょうか？切り離した方がよろしいでしょうか？

数は2枚（2冊）になります、どうぞよろしくお願いします。"
Account,内藤夏樹,2025/10/27,09:30:05,"毎々、お世話になっております。
本誌ごとの発送大丈夫です。
よろしくお願い申し上げます。"
Account,内藤夏樹,2025/10/27,09:30:34,"マガジン　ルフィ　プロモ

8,000円×2個"
User,吉橋翔,2025/10/27,09:59:10,"了解致しました！
迅速に発送手配に移らさせていただきます。"
Account,内藤夏樹,2025/10/27,09:59:54,"ありがとうございました。

メニューからご利用方法をご確認頂き、申請フォームにご入力をよろしくお願い申し上げます。"
User,吉橋翔,2025/10/27,11:20:13,"ただいま発送させていただきました。
今しばらくお待ち下さいませ。"
User,吉橋翔,2025/10/27,11:20:43,ヤマト運輸／469793630014／吉橋翔
Account,内藤夏樹,2025/10/27,12:38:00,ありがとうございます。
