﻿アカウント名,にこにこ買取＠業界最高の買取価格宣言！
タイムゾーン,'+09:00
ダウンロード日時,2026/02/21 04:37
送信者タイプ,送信者名,送信日,送信時刻,内容
Account,応答メッセージ,2025/10/22,14:57:16,"fuminoさん
はじめまして！にこにこ買取＠業界最高の買取価格宣言！です。
友だち追加ありがとうございます！
にこにこ買取です(moon big smile)

ポケモンカードなどトレーディングカード全般の買取を行っております。
買取ご希望のお客様はなんでもお気軽に連絡してください(saluting man)

ご郵送買取の流れはメニューから”郵送買取の流れ”をご確認ください(sparkle)

ご郵送買取ご希望の場合にはメニューの”申し込みフォーム”からご申請が可能となっております。

お問い合わせなどはお気にご連絡ください。"
User,fumino,2025/10/24,16:05:27,"お世話になっております。
当方九州在住で到着が翌々日なのですが、買取価格保証していただけますか？"
Account,内藤夏樹,2025/10/24,16:05:59,"毎々、お世話になっております。
ご連絡ありがとうございました。

商品はなにをご希望でしょうか"
User,fumino,2025/10/24,16:07:44,"インフェルノX シュリンクあり
14箱
15500円
です！"
Account,内藤夏樹,2025/10/24,16:07:59,大丈夫です☺️
Account,内藤夏樹,2025/10/24,16:08:07,今お見積もりをお送りしますね
Account,内藤夏樹,2025/10/24,16:08:26,"毎々、お世話になっております。  
御見積書を送付いたします。

- 買取見積書 -
  ・ポケモンカード　インフェルノX　14箱　単価15,500円　小計217,000円

合計：217,000円  
減額合計：0円  
最終買取金額：217,000円

ご確認のほど、よろしくお願いいたします。​​​​​​​​​​​​​​​​"
User,fumino,2025/10/24,16:09:03,よろしくお願いいたします！
User,fumino,2025/10/24,16:09:21,送料は半額の認識でよろしいでしょうか？
Account,内藤夏樹,2025/10/24,16:09:22,"よろしければ
ご申請と発送をよろしくお願い申し上げます。"
User,fumino,2025/10/24,16:11:06,"送料はどうなりますか？
福岡発送です！"
Account,内藤夏樹,2025/10/24,16:11:26,送料は半分弊社にて負担します
Account,内藤夏樹,2025/10/24,16:11:40,"毎々、お世話になっております。
送料無料キャンペーンの概要です。

https://x.com/niko_kaitori/status/1981210892042981835?s=46"
User,fumino,2025/10/24,16:11:59,承知いたしました！申請させていただきます！
Account,内藤夏樹,2025/10/24,16:12:10,よろしくお願い申し上げます。
User,fumino,2025/10/24,16:41:36,"送信させていただきました！

住民票と免許証のコピーを同封でよろしかったでしょうか？"
Account,内藤夏樹,2025/10/24,16:44:41,はい、大丈夫です☺️
User,fumino,2025/10/24,17:13:13,"何度もすみません。
当方妊娠中でして今病院なのですが
もしかしたら入院になるかもしれなくて"
User,fumino,2025/10/24,17:13:33,本日発送が難しいかもしれません。
Account,内藤夏樹,2025/10/24,17:14:29,"大丈夫です。
明日発送いただけますか？"
User,fumino,2025/10/24,17:14:29,"申請書を出したのにキャンセルになって
今後のお取引は禁止になっても仕方ないとは思います😭"
User,fumino,2025/10/24,17:14:45,入院にならなかったら発送できます！
Account,内藤夏樹,2025/10/24,17:14:46,申請後はキャンセル料がかかってしまいます。
Account,内藤夏樹,2025/10/24,17:15:27,柔軟に対応しますため、まずはお子さんのことに集中していただいて構いません。
User,fumino,2025/10/24,17:16:29,本当にすみません…（；＿；）
User,fumino,2025/10/24,17:16:41,キャンセル料はいくらですか？
User,fumino,2025/10/24,17:17:03,"主人に対応を頼んだのですが、
できるかわからずで…"
Account,内藤夏樹,2025/10/24,17:17:18,"いえいえ。
またその時相談しましょう。
余計な心配をかけたくはないので、、、"
Account,内藤夏樹,2025/10/24,17:17:41,ご主人にお願いできるのが一番良いです🙇🏻‍♂️
User,fumino,2025/10/24,17:17:47,申し訳ないです。
User,fumino,2025/10/24,17:24:42,"本当に申し訳ないです。
切迫流産で入院になりました。"
User,fumino,2025/10/24,17:26:50,"返信遅くなると思いますが、
今後のことについてお願い致します🙇"
Account,内藤夏樹,2025/10/24,17:27:14,"いいえ！
お気になさらず！"
Account,内藤夏樹,2025/10/24,17:27:41,"キャンセル料も不要です。
まずはご自身のことに集中してください🙇🏻‍♂️"
User,fumino,2025/10/24,17:44:14,"本当にご迷惑おかけしてすみません。
帰宅できずそのまま入院になってしまいました😞
お気遣いまでしていただいて本当にありがとうございます。"
