﻿アカウント名,にこにこ買取＠業界最高の買取価格宣言！
タイムゾーン,'+09:00
ダウンロード日時,2026/02/21 04:37
送信者タイプ,送信者名,送信日,送信時刻,内容
Account,応答メッセージ,2025/01/10,12:39:55,"ゆうとさん
はじめまして！にこにこ買取＠業界最高の買取価格宣言！です。
友だち追加ありがとうございます！
にこにこ買取です(moon big smile)

ポケモンカードなどトレーディングカード全般の買取を行っております。
買取ご希望のお客様はなんでもお気軽に連絡してください(saluting man)

ご郵送買取の流れは以下の”郵送買取の流れ”をご確認ください(sparkle)

お問い合わせなどはお気軽にメッセージからご連絡ください(phone)"
Account,応答メッセージ,2025/01/10,12:39:55,写真を送信しました。
Account,応答メッセージ,2025/01/10,12:39:55,写真を送信しました。
User,ゆうと,2025/07/21,14:31:09,"① ポケモンカードブラックボルト② 10box③ 9,300
① ポケモンカードブラックボルトDX② 2box③ 14,000
① ワンピースthe best② 30box③ 4.500

買取よろしくお願いします。"
Account,内藤夏樹,2025/07/21,14:35:45,"毎々、お世話になっております。
ありがとうございました。

ブラックボルト各種が〆切させていただきまして。

ザベストのみ御買取させていただけないでしょうか。"
User,ゆうと,2025/07/21,14:44:28,"わかりました。
大丈夫ですよ
30box買取よろしくお願いします。"
Account,内藤夏樹,2025/07/21,14:47:26,"ありがとうございました。
お見積もりをお送りします。
ご申請をよろしくお願い申し上げます。"
Account,内藤夏樹,2025/07/21,14:48:41,"毎々、お世話になっております。  
御見積書を送付いたします。

- 買取見積書 -
・ワンピースカード　ザ・ベスト　30箱　単価4,500円　小計135,000円

減額項目：なし

合計：135,000円  

ご確認のほど、よろしくお願いいたします。"
Account,内藤夏樹,2025/07/21,15:57:06,ご申請と発送をよろしくお願い申し上げます。
User,ゆうと,2025/07/21,18:23:25,すみません、発送先教えていただけますでしょうか
User,ゆうと,2025/07/21,18:23:46,利用方法みましたが、見当たらず、、
Account,内藤夏樹,2025/07/21,18:23:55,"ご申請後に表示されます。
よろしくお願い申し上げます。"
Account,内藤夏樹,2025/07/21,18:24:39,"発送先
株式会社AiGIVE宛
940-0864
新潟県長岡市川崎3-2366-7-103
050-5470-3570"
Account,内藤夏樹,2025/07/21,18:24:45,こちらまでよろしくお願い申し上げます。
User,ゆうと,2025/07/21,18:28:48,"申請されてないですかね？
されてなければ、もう一度、同じ内容で申請いたしますね。"
User,ゆうと,2025/07/21,18:38:05,写真を送信しました。
User,ゆうと,2025/07/21,18:40:07,"ヤマト運輸／279060213563／佐藤雄人
"
Account,内藤夏樹,2025/07/21,18:45:44,ありがとうございました。
User,ゆうと,2025/07/21,18:52:37,"大変失礼しました。
よろしくお願いします。"
Account,内藤夏樹,2025/07/21,19:15:32,"とんでもございません。
よろしくお願い申し上げます。"
Account,内藤夏樹,2025/07/22,16:19:36,"毎々、お世話になっております。
こちらお振込みを行いました。"
User,ゆうと,2025/07/22,17:34:59,"ありがとうございます。
はやくて助かります。
次回もぜひ利用させていただきます。
よろしくお願いします"
Account,内藤夏樹,2025/07/22,17:58:21,ありがとうございました。また、よろしくお願い申し上げます。
User,ゆうと,2025/09/26,14:50:58,"お世話になります。
マクドナルドプロモですが、本日買取されていますでしょうか。"
Account,内藤夏樹,2025/09/26,15:16:03,"毎々、お世話になっております。
〆切させていただきました。"
User,ゆうと,2025/10/22,14:50:43,"限定特化
熱風のアリーナ
なんですが、カートンの場合、144,000円の買取にはなりませんか？"
Account,内藤夏樹,2025/10/22,14:53:07,"大丈夫です。
よろしくお願い申し上げます🥺"
User,ゆうと,2025/10/22,14:57:33,"ありがとうございます。
ちなみにテラスタルフェスもカートンであるんですが、28万にはなりませんか？
よければ、一緒にだしたいと思ってます。"
Account,内藤夏樹,2025/10/22,15:18:00,もちろん大丈夫です☺️
User,ゆうと,2025/10/22,15:22:50,"ありがとうございます。
そうしましたら、
熱風のアリーナカートン(12box)
144,000円
テラスタルフェスカートン(20box)
280,000円

上記でよろしくお願いします。
申し込みフォームに移ってよろしいでしょうか。"
User,ゆうと,2025/10/22,15:30:48,"また、こちら送料無料(着払)になりますでしょうか。
よろしくお願いします。"
Account,内藤夏樹,2025/10/22,15:34:56,よろしくお願い申し上げます。
Account,内藤夏樹,2025/10/22,15:35:20,"熱風のアリーナカートン(12box)
144,000円
テラスタルフェスカートン(20box)
280,000円"
Account,内藤夏樹,2025/10/22,15:47:11,ご申請と発送をよろしくお願い申し上げます。
User,ゆうと,2025/10/22,18:30:28,"発送しました。
ヤマト　289012253994 佐藤雄人"
Account,内藤夏樹,2025/10/23,20:32:42,"毎々、お世話になっております。

熱風のアリーナ
中身影響していそうなキズがあります。

-5,000円となります。
いかがいたしましょうか。"
Account,内藤夏樹,2025/10/23,20:32:47,写真を送信しました。
User,ゆうと,2025/10/23,20:38:40,こちら中を見て影響を確認する等はしないのでしょうか。
Account,内藤夏樹,2025/10/23,20:40:49,カートンを完全に開けることはしておりません。
User,ゆうと,2025/10/23,20:59:57,"わかりました。
では減額で大丈夫です。"
Account,内藤夏樹,2025/10/23,21:02:30,"ご理解ありがとうございます。
今お振込みします。"
Account,内藤夏樹,2025/10/23,21:03:15,"毎々、お世話になっております。
御見積書を送付いたします。

買取見積書 -
・ポケモンカード　熱風のアリーナ　1カートン（12箱）　単価144,000円　小計144,000円
・ポケモンカード　テラスタルフェスex　1カートン（20箱）　単価280,000円　小計280,000円

減額項目：
・熱風のアリーナ：-5,000円 × 1点 = -5,000円
合計：424,000円
減額合計：-5,000円
最終買取金額：419,000円
ご確認のほど、よろしくお願いいたします。"
Account,内藤夏樹,2025/10/23,22:47:34,"毎々、お世話になっております。
遅くに申し訳ございません。

お振込みを完了しております。
ありがとうございました。"
