﻿アカウント名,にこにこ買取＠業界最高の買取価格宣言！
タイムゾーン,'+09:00
ダウンロード日時,2026/02/21 04:37
送信者タイプ,送信者名,送信日,送信時刻,内容
Account,応答メッセージ,2025/10/23,13:57:43,"Hisashiさん
はじめまして！にこにこ買取＠業界最高の買取価格宣言！です。
友だち追加ありがとうございます！
にこにこ買取です(moon big smile)

ポケモンカードなどトレーディングカード全般の買取を行っております。
買取ご希望のお客様はなんでもお気軽に連絡してください(saluting man)

ご郵送買取の流れはメニューから”郵送買取の流れ”をご確認ください(sparkle)

ご郵送買取ご希望の場合にはメニューの”申し込みフォーム”からご申請が可能となっております。

お問い合わせなどはお気にご連絡ください。"
User,Hisashi,2025/10/23,14:01:10,"ブラックボルト ×22箱
ホワイトフレア ×22箱
を売りたいです。"
Account,内藤夏樹,2025/10/23,14:04:53,"毎々、お世話になっております。
ありがとうございます。
今お見積もりをお送りします。"
Account,内藤夏樹,2025/10/23,14:05:28,"毎々、お世話になっております。  
御見積書を送付いたします。

- 買取見積書 -
  ・ポケモンカード　ブラックボルト　22箱　単価9,400円　小計206,800円  
  ・ポケモンカード　ホワイトフレア　22箱　単価8,500円　小計187,000円

合計：393,800円  
減額合計：0円  
最終買取金額：393,800円

ご確認のほど、よろしくお願いいたします。​​​​​​​​​​​​​​​​"
User,Hisashi,2025/10/23,14:06:52,今から申し込みをして、そのあとに商品を送ればいいんですね？
Account,内藤夏樹,2025/10/23,14:07:26,"お申し込みをしていただき、発送をよろしくお願い申し上げます。

ご利用方法に詳しく記載がございますので
ご確認をよろしくお願い申し上げます。"
User,Hisashi,2025/10/23,14:17:07,写真を送信しました。
Account,内藤夏樹,2025/10/23,14:18:08,ありがとうございます😊
User,Hisashi,2025/10/23,20:38:31,すみません。注文をキャンセルしたいです。
Account,内藤夏樹,2025/10/23,20:43:30,"毎々、お世話になっております。
お申し込み後のキャンセルはできません。

キャンセル料がかかることも利用規約に明記しております。"
User,Hisashi,2025/10/23,21:20:46,キャンセルの規約がどこにあるのか分かりません。送っていただけますか？
Account,内藤夏樹,2025/10/23,21:21:46,https://docs.google.com/document/d/e/2PACX-1vS1h6sRK8xDU2h-gFr93PmFFH8B0i5pvL_K-xEIoXI2D1IkfEWbcRx1GE82BTIyJw/pub
Account,内藤夏樹,2025/10/23,21:22:12,写真を送信しました。
Account,内藤夏樹,2025/10/23,21:23:15,ご確認のうえ、同意しているいます。
User,Hisashi,2025/10/23,21:24:42,キャンセルの規約がどこにも記載されていないようです。次回はこのようなことを繰り返さないようにします。
Account,内藤夏樹,2025/10/23,21:25:19,"第６条 売買契約成立後の解約

 １ 売買契約成立後、お客様の事情に基づく売買契約の解約はお受けできません。


第７条 損害賠償額の合意

１ 売買契約成立後に第５条に基づき当社から売買契約が解除された場合、以下の損害賠償金が発生します。

  ⑴ 通常商品の契約解除：1申請につき30,000円

  ⑵ 未発売・予約商品の契約解除：1商品につき30,000円"
Account,内藤夏樹,2025/10/23,21:25:32,申請の時に利用規約に同意しています。
Account,内藤夏樹,2025/10/23,21:26:19,"本日の発送または、キャンセル料をお支払いください。

そうではない場合には　徹底的に　法的手続きを取ります。"
User,Hisashi,2025/10/23,21:26:38,しかし、あなたが送ってくれるまで、登録ページにはそのような規約はありませんでした。私はこの支払いを承認しません。
Account,内藤夏樹,2025/10/23,21:27:18,写真を送信しました。
Account,内藤夏樹,2025/10/23,21:27:26,ここであなたは完全に同意しています。
User,Hisashi,2025/10/23,21:27:32,この件については、私の弁護士にも相談させていただきます。
Account,内藤夏樹,2025/10/23,21:27:35,リンクで表示とも明記されております。
Account,内藤夏樹,2025/10/23,21:27:41,はい、連絡先を教えてください。
Account,内藤夏樹,2025/10/23,21:27:54,私たちの顧問弁護士からも連絡しますので。
Account,内藤夏樹,2025/10/23,21:28:49,違法行為を行っていることは　在留資格をつかさどる　法務省　にも通達します。
