﻿アカウント名,にこにこ買取＠業界最高の買取価格宣言！
タイムゾーン,'+09:00
ダウンロード日時,2026/02/21 04:35
送信者タイプ,送信者名,送信日,送信時刻,内容
Account,応答メッセージ,2026/01/10,12:39:33,"KAZさん
はじめまして！にこにこ買取＠業界最高の買取価格宣言！です。
友だち追加ありがとうございます！
にこにこ買取です(moon big smile)

ポケモンカードなどトレーディングカード全般の買取を行っております。
買取ご希望のお客様はなんでもお気軽に連絡してください(saluting man)

ご郵送買取の流れはメニューから”郵送買取の流れ”をご確認ください(sparkle)

ご郵送買取ご希望の場合にはメニューの”申し込みフォーム”からご申請が可能となっております。

お問い合わせなどはお気にご連絡ください。"
User,KAZ,2026/01/10,19:48:43,"お世話になります。
買取お願いできますでしょうか"
Account,内藤夏樹,2026/01/10,19:56:47,"毎々、お世話になっております。
本日は〆切となりました🙇🏻‍♂️"
User,KAZ,2026/01/10,20:07:24,"承知致しました。　
月曜日は営業しておりますでしょうか？(買取受付)"
Account,内藤夏樹,2026/01/11,09:10:43,お世話になっております。現場営業する予定でおります。またエックスの方で通知をご確認ください。
User,KAZ,2026/01/11,12:38:54,"承知致しました！
ご連絡ありがとうございます！"
User,KAZ,2026/01/18,15:37:35,"お世話になります。
本日の郵送買取の受付は終了しましたか？"
Account,内藤夏樹,2026/01/18,16:28:16,"毎々、お世話になっております。
お申込み多数につき一旦〆切となりました🙇🏻‍♂️"
User,KAZ,2026/01/18,16:28:37,"ご連絡ありがとうございます！
承知致しました！"
User,KAZ,2026/01/21,18:38:43,"お世話になります！
本日買取受付まだ可能でしょうか?"
User,KAZ,2026/01/22,12:31:21,"ヒロインエディション　14個
受け継がれる意思　10個

買取お願いします。"
Account,内藤夏樹,2026/01/22,12:32:41,ありがとうございます。
Account,内藤夏樹,2026/01/22,12:33:02,"買取見積書 -

・ワンピースカード Heroines Edition BOX 14箱 単価 9,800円 小計 137,200円

・ワンピースカード 受け継がれる意志 BOX 10箱 単価 13,800円 小計 138,000円

減額項目： ・該当なし

合計：275,200円 減額合計：-0円 最終買取金額：275,200円

※合計24箱のため、送料は弊社負担（着払い）でお送りください。

【注意事項】 こちらのお見積もりを印刷して商品に同梱してください。 同梱がない場合には査定が遅れる場合がございます。 ご確認のほど、よろしくお願いいたします。"
User,KAZ,2026/01/22,12:34:00,"承知致しました。
申し込みフォームを送らせていただきますね！"
User,KAZ,2026/01/22,12:43:35,"送信させて頂きました！
今から少しご連絡ができなくなります。

よろしくお願い致します！"
User,KAZ,2026/01/22,17:55:03,こちら発送完了しましたので、よろしくお願い致します。
User,KAZ,2026/01/22,18:00:55,"明日午前中指定で発送致しましたが、ヤマト営業所の方曰く、本日の新潟便は雪の影響で到着が遅延する場合があるとのことでした。
よろしくお願い致します。"
User,KAZ,2026/01/22,18:31:08,"以下送り状詳細です。

ヤマト運輸
2890-1656-4130

送料無料キャンペーン利用につき「着払い」にて発送させて頂きました。

よろしくお願い致します。"
Account,内藤夏樹,2026/01/23,07:05:31,ありがとうございます。
User,KAZ,2026/01/23,12:25:57,"お世話になります。
追加で発送したい分があるのですが、本日の買取価格はもうすぐ出ますでしょうか?"
Account,内藤夏樹,2026/01/23,12:40:28,はい、まもなく更新する予定です。
User,KAZ,2026/01/23,16:23:19,買取お願いしてもよろしいでしょうか?
Account,内藤夏樹,2026/01/23,16:23:43,ポケモンは〆切とさせていただきました🙇🏻‍♂️🙇🏻‍♂️
User,KAZ,2026/01/23,16:24:17,ワンピースはまだ可能ですか?
User,KAZ,2026/01/23,16:30:02,"下記商品お願いできますでしょうか？
ワンピースBOX
二つの伝説　1
皇帝　　　　6
蒼海の七傑　6
神速　　　　21"
User,KAZ,2026/01/23,16:59:59,当日便の締切が迫ってますので、できるだけ早めにご連絡いただけると助かります🙇‍♂️
Account,内藤夏樹,2026/01/23,17:06:33,"はい！
今送ります！"
Account,内藤夏樹,2026/01/23,17:07:11,"• 買取見積書 -
・ワンピースカード
二つの伝説 BOX
1箱
単価 5,400円
小計 5,400円
・ワンピースカード
新たなる皇帝 BOX
6箱
単価 8,700円
小計 52,200円
・ワンピースカード
蒼海の七傑 BOX
6箱
単価 7,100円
小計 42,600円
・ワンピースカード
神速の拳 BOX
21箱
単価 13,300円
小計 279,300円
減額項目：
・該当なし
合計：379,500円
減額合計：-0円
最終買取金額：379,500円
※20箱以上の分量のため、送料は弊社負担（着払い）でお送りください。
【注意事項】
こちらのお見積もりを印刷して商品に同梱してください。
同梱がない場合には査定が遅れる場合がございます。
ご確認のほど、よろしくお願いいたします。"
User,KAZ,2026/01/23,17:57:51,"こちら発送完了致しました。

下記ご確認くださいませ。

ヤマト運輸
2890-1660-6594

送料無料キャンペーン利用につき「着払い」にて発送させて頂きました。

明日24日(土)午前中指定にて発送しましたが、雪の影響で到着が遅れる恐れがあるとのことです。

以上、よろしくお願い致します。"
Account,内藤夏樹,2026/01/24,13:51:57,"・ワンピースカード　二つの伝説　1箱　単価5,400円　小計5,400円
・ワンピースカード　新たなる皇帝　6箱　単価8,700円　小計52,200円
・ワンピースカード　蒼海の七傑　6箱　単価7,100円　小計42,600円
・ワンピースカード　神速の拳　21箱　単価13,300円　小計279,300円

減額項目：
・買取不可（返却）新たなる皇帝：-8,700円 × 2点 = -17,400円
・買取不可（返却）神速の拳：-13,300円 × 1点 = -13,300円

合計箱数：34箱
合計：379,500円
減額合計：30,700円
最終買取金額：348,800円"
Account,内藤夏樹,2026/01/24,13:52:36,写真を送信しました。
Account,内藤夏樹,2026/01/24,13:52:36,写真を送信しました。
Account,内藤夏樹,2026/01/24,14:06:37,"いつも当店をご利用いただき、誠にありがとうございます。

お預かりしておりましたお品物の検品が完了いたしましたので、ご指定の口座へお振り込みの手続きをさせていただきました。 併せてご確認いただけますと幸いです。

この度はご利用いただき、重ねて御礼申し上げます。 またの機会がございましたら、ぜひお手伝いをさせていただけますと幸いです。"
User,KAZ,2026/01/24,14:30:13,"買取不可のご連絡、並びにお振込のご連絡誠にありがとうございます。
迅速なご対応、感謝いたします。

お振込も確認させて頂きました。
買取不可商品につきましては、お手数ですが商品の返送手続きよろしくお願い致します。

また是非利用させて頂きたく思っております。

ありがとうございました。"
Account,内藤夏樹,2026/01/24,14:46:29,"ご連絡ありがとうございます。本日返送する予定ですが、新潟県の雪の影響によって到着が遅れる場合がございますことをご了承いただけますと幸いです。
"
User,KAZ,2026/01/24,15:25:28,"遅延のご連絡ありがとうございます。
承知致しました。
ご丁寧にありがとうございます。"
User,KAZ,2026/02/18,17:56:23,"お世話になります。
ワンピースカードゲームにつきまして、ボックスのテープがカットされてる場合は買取不可でしょうか?"
Account,内藤夏樹,2026/02/18,18:04:01,"毎々、お世話になっております。
テープカットは買取不可となっております。"
User,KAZ,2026/02/18,18:06:31,"承知致しました。
ご連絡ありがとうございました。"
