﻿アカウント名,にこにこ買取＠業界最高の買取価格宣言！
タイムゾーン,'+09:00
ダウンロード日時,2026/02/21 04:37
送信者タイプ,送信者名,送信日,送信時刻,内容
Account,応答メッセージ,2025/06/09,20:39:34,"あやかさん
はじめまして！にこにこ買取＠業界最高の買取価格宣言！です。
友だち追加ありがとうございます！
にこにこ買取です(moon big smile)

ポケモンカードなどトレーディングカード全般の買取を行っております。
買取ご希望のお客様はなんでもお気軽に連絡してください(saluting man)

ご郵送買取の流れはメニューから”郵送買取の流れ”をご確認ください(sparkle)

お問い合わせなどはお気軽にメッセージからご連絡ください(phone)"
Account,応答メッセージ,2025/06/09,20:39:34,写真を送信しました。
Account,応答メッセージ,2025/06/09,20:39:34,写真を送信しました。
Account,応答メッセージ,2025/06/09,20:39:34,写真を送信しました。
User,あやか,2025/10/23,13:08:22,"こんにちは。
今日の買取価格知りたいです。
よろしくお願いします。"
Account,内藤夏樹,2025/10/23,13:21:49,"毎々、お世話になっております。
掲載しました。"
