﻿アカウント名,にこにこ買取＠業界最高の買取価格宣言！
タイムゾーン,'+09:00
ダウンロード日時,2026/02/21 04:37
送信者タイプ,送信者名,送信日,送信時刻,内容
Account,応答メッセージ,2025/05/27,12:37:04,"松田　健太さん
はじめまして！にこにこ買取＠業界最高の買取価格宣言！です。
友だち追加ありがとうございます！
にこにこ買取です(moon big smile)

ポケモンカードなどトレーディングカード全般の買取を行っております。
買取ご希望のお客様はなんでもお気軽に連絡してください(saluting man)

ご郵送買取の流れは以下の”郵送買取の流れ”をご確認ください(sparkle)

お問い合わせなどはお気軽にメッセージからご連絡ください(phone)"
Account,応答メッセージ,2025/05/27,12:37:04,写真を送信しました。
Account,応答メッセージ,2025/05/27,12:37:04,写真を送信しました。
User,松田　健太,2025/05/27,16:27:45,価格表が見れません。いま記載なしですか？
User,松田　健太,2025/10/22,12:10:52,"メガブレイブシュリンク付き２箱
ポケモンセンターヒロヒマ１箱
マクドナルドプロモ２パック
テラスタルフェスシュリンク付き１箱の買取を依頼したいのですがいくらになりますか？"
Account,内藤夏樹,2025/10/22,12:41:36,"毎々、お世話になっております。

ヒロシマ、マクドナルドは買取停止となっております。"
