﻿アカウント名,にこにこ買取＠業界最高の買取価格宣言！
タイムゾーン,'+09:00
ダウンロード日時,2026/02/21 04:37
送信者タイプ,送信者名,送信日,送信時刻,内容
Account,応答メッセージ,2025/07/14,08:51:59,"広平さん
はじめまして！にこにこ買取＠業界最高の買取価格宣言！です。
友だち追加ありがとうございます！
にこにこ買取です(moon big smile)

ポケモンカードなどトレーディングカード全般の買取を行っております。
買取ご希望のお客様はなんでもお気軽に連絡してください(saluting man)

ご郵送買取の流れはメニューから”郵送買取の流れ”をご確認ください(sparkle)
URL→https://docs.google.com/document/d/1C26OXaKsxKKKeJA-46Uvyudph5wG-l-PZCBXFh9K5Nw/edit?usp=sharing

ご郵送買取ご希望の場合にはメニューの”申し込みフォーム”からご申請が可能となっております。

お問い合わせなどはお気にご連絡ください。"
Account,応答メッセージ,2025/07/14,08:51:59,写真を送信しました。
User,広平,2025/10/22,01:03:27,初めまして、買取利用させていただきたくいくつか質問があるのですが沖縄県からの発送になり【ヤマト宅急便】にて発送予定で2日かかってしまうのですがその場合は買取保証外になりますか？
Account,内藤夏樹,2025/10/22,07:04:55,"毎々、お世話になっております。

商品やその日の状況によって変わりますので事前にお伝え頂けますとありがたいです。"
