﻿アカウント名,にこにこ買取＠業界最高の買取価格宣言！
タイムゾーン,'+09:00
ダウンロード日時,2026/02/21 04:37
送信者タイプ,送信者名,送信日,送信時刻,内容
Account,応答メッセージ,2025/10/21,12:40:05,"希望さん
はじめまして！にこにこ買取＠業界最高の買取価格宣言！です。
友だち追加ありがとうございます！
にこにこ買取です(moon big smile)

ポケモンカードなどトレーディングカード全般の買取を行っております。
買取ご希望のお客様はなんでもお気軽に連絡してください(saluting man)

ご郵送買取の流れはメニューから”郵送買取の流れ”をご確認ください(sparkle)

ご郵送買取ご希望の場合にはメニューの”申し込みフォーム”からご申請が可能となっております。

お問い合わせなどはお気にご連絡ください。"
User,希望,2025/10/21,12:53:06,"こんにちは！
本日発送、明日付けでポケモンセンターフクオカをお送りしたいのですが、価格は38,000円でよろしいでしょうか？
よろしくお願いいたします🙇🏻‍♀️"
User,希望,2025/10/21,12:57:39,"①ポケモンセンター フクオカ／②1箱／③38,000円"
User,希望,2025/10/21,12:58:06,写真を送信しました。
Account,内藤夏樹,2025/10/21,13:02:05,"毎々、お世話になっております。
はい、可能です。
よろしくお願い申し上げます。"
Account,内藤夏樹,2025/10/21,13:02:12,"①ポケモンセンター フクオカ／②1箱／③38,000円"
User,希望,2025/10/21,13:12:09,"ありがとうございます！
初めての発送なので、住民票と一緒にお送りさせていただきます。
よろしくお願いいたします。"
Account,内藤夏樹,2025/10/21,13:14:04,"メニューからご利用方法をご確認ください。
よろしくお願い申し上げます🙇"
User,希望,2025/10/21,13:17:13,送信が取り消されたメッセージです
User,希望,2025/10/21,13:53:50,ヤマト運輸／279071392191／保田希望
Account,内藤夏樹,2025/10/21,13:55:38,ありがとうございました。
