﻿アカウント名,にこにこ買取＠業界最高の買取価格宣言！
タイムゾーン,'+09:00
ダウンロード日時,2026/02/21 04:37
送信者タイプ,送信者名,送信日,送信時刻,内容
Account,応答メッセージ,2025/05/23,15:45:09,"福ちゃんさん
はじめまして！にこにこ買取＠業界最高の買取価格宣言！です。
友だち追加ありがとうございます！
にこにこ買取です(moon big smile)

ポケモンカードなどトレーディングカード全般の買取を行っております。
買取ご希望のお客様はなんでもお気軽に連絡してください(saluting man)

ご郵送買取の流れは以下の”郵送買取の流れ”をご確認ください(sparkle)

お問い合わせなどはお気軽にメッセージからご連絡ください(phone)"
Account,応答メッセージ,2025/05/23,15:45:09,写真を送信しました。
Account,応答メッセージ,2025/05/23,15:45:09,写真を送信しました。
User,福ちゃん,2025/05/23,15:47:37,テラスタルフェスexシュリンクありの買い取りはいくらですか？
Account,内藤夏樹,2025/05/23,16:33:54,"毎々、お世話になっております。
本日はお休みとなっておりました。
よろしくお願い申し上げます。"
User,福ちゃん,2025/06/01,20:45:05,店舗は何処にありますか？
Account,内藤夏樹,2025/06/01,20:54:42,"毎々、お世話になっております。
店舗はございません。"
User,福ちゃん,2025/06/01,20:56:27,買い取りは郵送だけですか？
User,福ちゃん,2025/06/01,20:57:53,何処か待ち合わせで買取してもらえるのですか？
Account,内藤夏樹,2025/06/01,21:29:27,"基本的にはご郵送となります。

対面の場合には長岡近辺でお待ち合わせとなります。"
User,福ちゃん,2025/06/01,21:31:25,わかりました、色々100BOXぐらいあるのですが。
Account,内藤夏樹,2025/06/01,21:37:57,ぜひ、よろしくお願いします
User,福ちゃん,2025/06/01,21:40:35,長岡の方行くとき連絡します。テラステルフェス沢山あるでお願いします
Account,内藤夏樹,2025/06/01,21:41:11,よろしくお願い申し上げます。
User,福ちゃん,2025/06/03,14:11:00,6日の夕方長岡で会えますか？
Account,内藤夏樹,2025/06/03,14:20:05,"毎々、お世話になっております。
5,6日は対面がとても難しい状況です"
User,福ちゃん,2025/06/03,14:29:23,わかりました。またLINEします。
Account,内藤夏樹,2025/06/03,14:29:32,よろしくお願い申し上げます。
User,福ちゃん,2025/06/03,14:29:54,ちなみにここにあるの全部あります。
User,福ちゃん,2025/06/06,18:27:50,対面で会うのは夜も可能ですか？
Account,内藤夏樹,2025/06/06,18:41:18,"毎々、お世話になっております。
はい、もちろんでございます。"
User,福ちゃん,2025/06/06,18:43:23,テラステルフェス10箱とか買い取り可能ですか？
Account,内藤夏樹,2025/06/06,18:43:41,"明日以降となりますが、可能です。
よろしくお願い申し上げます。"
User,福ちゃん,2025/06/06,18:46:03,わかりました。宜しくお願いします
Account,内藤夏樹,2025/06/06,18:46:36,日曜日の夜はいかがでしょうか。20:30頃です。
User,福ちゃん,2025/06/06,18:49:46,大丈夫だと思います、長岡のどの辺ですか？
Account,内藤夏樹,2025/06/06,18:50:17,"また明日相談しましょうか。
長岡は川崎あたりですと助かります。"
User,福ちゃん,2025/06/06,18:51:06,長野から来てるのであまり地理には詳しく無いので。
Account,内藤夏樹,2025/06/06,18:51:37,長野から、、、テラスタルフェスex10箱ならばご郵送のほうが、、、
User,福ちゃん,2025/06/06,18:51:59,今は三条市に居ます。
User,福ちゃん,2025/06/06,18:52:24,他にもBOXはあるので。
Account,内藤夏樹,2025/06/06,18:52:45,失礼しました！
User,福ちゃん,2025/06/06,18:53:01,明日明後日、白根大凧祭りに来てるので。
Account,内藤夏樹,2025/06/06,18:53:09,https://maps.app.goo.gl/NAHVTG5wDEgyMUHr7?g_st=com.google.maps.preview.copy
Account,内藤夏樹,2025/06/06,18:53:14,このあたりとなります。
Account,内藤夏樹,2025/06/06,18:53:25,そうなんですね！
User,福ちゃん,2025/06/06,18:54:23,了解です、この前加茂祭りでニコニコ買い取りさんの事聞いたので。
Account,内藤夏樹,2025/06/06,18:54:37,"そうなのですね。
ありがたい限りです。"
User,福ちゃん,2025/06/06,18:55:39,宜しくお願いします、また連絡します
Account,内藤夏樹,2025/06/07,21:25:31,"毎々、お世話になっております。
明日の予定ですが、午前中に変更可能でしょうか。"
User,福ちゃん,2025/06/07,21:27:06,明日夜しか時間作れないです。昼間は白根に居ます
Account,内藤夏樹,2025/06/07,21:27:42,"夜が少し遅くなるかもしれません。
21時とか、それくらいです。"
User,福ちゃん,2025/06/07,21:28:41,自分も21時過ぎになると思います。
Account,内藤夏樹,2025/06/07,21:28:53,承知しました
User,福ちゃん,2025/06/07,21:29:58,明日また夜連絡します
User,福ちゃん,2025/06/08,19:59:36,こんばんは、ゆらいやに21時で良いですか？
Account,内藤夏樹,2025/06/08,20:02:58,承知しました。
Account,内藤夏樹,2025/06/08,20:03:09,早めに着からかと思います
User,福ちゃん,2025/06/08,20:04:12,もう居るのでいつでも大丈夫です。
Account,内藤夏樹,2025/06/08,20:06:41,わかりました！どのあたりにいらっしゃいますか？
User,福ちゃん,2025/06/08,20:08:47,奥の白のハイエースです
Account,内藤夏樹,2025/06/08,20:15:43,承知しました。
User,福ちゃん,2025/10/16,16:47:49,また17日に新潟に行くのですが直接渡すのは可能ですか？
Account,内藤夏樹,2025/10/16,16:48:59,"もちろん可能です。
よろしくお願い申し上げます。

ただ，明日明後日がなかなか予定調整が難しそうです"
User,福ちゃん,2025/10/16,16:49:51,わかりました、また連絡します。
Account,内藤夏樹,2025/10/16,16:53:46,よろしくお願い申し上げます。
User,福ちゃん,2025/10/17,13:58:05,夕方どの辺に居ますか？
Account,内藤夏樹,2025/10/17,13:58:24,本日でしょうか？
User,福ちゃん,2025/10/17,13:58:30,はい
Account,内藤夏樹,2025/10/17,13:58:42,"申し訳ございません。
本日はとても調整が難しく。。。"
User,福ちゃん,2025/10/17,13:59:02,そうですか…
User,福ちゃん,2025/10/18,15:53:39,明日の夜中はダメですか？今村上市に居て明日帰るので帰る途中で渡せれば。
User,福ちゃん,2025/10/18,18:34:52,今日これから会えますか？
Account,内藤夏樹,2025/10/18,21:20:15,"毎々、お世話になっております。
本日は申し訳ございません。

明日も終日対面は難しいです申し訳ございません。"
User,福ちゃん,2025/10/18,21:22:20,わかりました。
