﻿アカウント名,にこにこ買取＠業界最高の買取価格宣言！
タイムゾーン,'+09:00
ダウンロード日時,2026/02/21 04:37
送信者タイプ,送信者名,送信日,送信時刻,内容
Account,応答メッセージ,2025/10/17,10:02:10,"あべあやかさん
はじめまして！にこにこ買取＠業界最高の買取価格宣言！です。
友だち追加ありがとうございます！
にこにこ買取です(moon big smile)

ポケモンカードなどトレーディングカード全般の買取を行っております。
買取ご希望のお客様はなんでもお気軽に連絡してください(saluting man)

ご郵送買取の流れはメニューから”郵送買取の流れ”をご確認ください(sparkle)

ご郵送買取ご希望の場合にはメニューの”申し込みフォーム”からご申請が可能となっております。

お問い合わせなどはお気にご連絡ください。"
User,あべあやか,2025/10/17,10:18:41,"はじめまして。
後日、持ち込みで買取を依頼しようと思っているのですが、持込可能時間教えていただきたいです。
また、店舗の住所は長岡市笹崎1-8-22でよろしいでしょうか。"
Account,内藤夏樹,2025/10/17,10:24:13,"毎々、お世話になっております。
本日は対面買取が難しく、ご郵送をお願いできないでしょうか。"
User,あべあやか,2025/10/17,10:26:36,"今日は用があって行けそうにないので、今後のために確認させていただきました。
その日にまたお聞きすればよろしいでしょうか。"
Account,内藤夏樹,2025/10/17,11:03:54,はい、よろしくお願い申し上げます。
