﻿アカウント名,にこにこ買取＠業界最高の買取価格宣言！
タイムゾーン,'+09:00
ダウンロード日時,2026/02/21 04:37
送信者タイプ,送信者名,送信日,送信時刻,内容
Account,応答メッセージ,2025/10/15,12:49:43,"きょうたさん
はじめまして！にこにこ買取＠業界最高の買取価格宣言！です。
友だち追加ありがとうございます！
にこにこ買取です(moon big smile)

ポケモンカードなどトレーディングカード全般の買取を行っております。
買取ご希望のお客様はなんでもお気軽に連絡してください(saluting man)

ご郵送買取の流れはメニューから”郵送買取の流れ”をご確認ください(sparkle)

ご郵送買取ご希望の場合にはメニューの”申し込みフォーム”からご申請が可能となっております。

お問い合わせなどはお気にご連絡ください。"
User,きょうた,2025/10/15,12:51:03,送信が取り消されたメッセージです
User,きょうた,2025/10/15,12:51:31,"ロケット団の栄光150シュリ有
インフェルノx67シュリ有

あるんですけど、東京に住んでて、東京と新潟の半分くらいの距離で対面査定お願いしたいです"
Account,内藤夏樹,2025/10/15,12:52:16,"毎々、お世話になっております。
現在は申し訳ございませんが、郵送にてお願いしております。。。"
User,きょうた,2025/10/15,12:52:41,新潟県内であれば対面査定は可能ですか？
Account,内藤夏樹,2025/10/15,12:53:40,"もちろん可能です。
魚沼くらいまでは行かせていただきます。"
User,きょうた,2025/10/15,12:55:31,"分かりました！
検討してまたご連絡します！

ちなみに値段は変わらずですか？"
Account,内藤夏樹,2025/10/15,12:56:11,"他の予定も入っていってしまうため、可能ならばご郵送（着払い）をご検討ください。
その場合には単価を少しあげることもできます。"
Account,内藤夏樹,2025/10/15,12:56:23,明日到着で明日の入金が可能です。
User,きょうた,2025/10/15,13:24:11,"了解です！
検討します！"
Account,内藤夏樹,2025/10/15,13:24:36,ぜひ、よろしくお願い申し上げます。
User,きょうた,2025/10/15,17:34:13,今日の深夜1〜2時頃に魚沼まで持って行こうと思ってるんですけど、来てもらうことは可能ですか？
Account,内藤夏樹,2025/10/15,17:40:00,もう少しだけ早く来れますか、、、？
Account,内藤夏樹,2025/10/15,17:40:24,"越後湯沢まで伺いますよ☺️
21時とかだと嬉しいです。"
User,きょうた,2025/10/15,17:41:19,その場合即金ですか？
Account,内藤夏樹,2025/10/15,17:41:50,はい、現金をお持ちします。
Account,内藤夏樹,2025/10/15,17:42:00,正確な数を教えて欲しいです🙇
Account,内藤夏樹,2025/10/15,17:52:31,"いかがでしょう？
そろそろ私も出ないと間に合わないため、、、🙇🙇"
User,きょうた,2025/10/15,17:53:17,最短早くても21時半〜22時しかつけないです、、
Account,内藤夏樹,2025/10/15,17:53:32,"大丈夫ですよ！
行きますね☺️"
Account,内藤夏樹,2025/10/15,17:53:47,"数がわかれば
お金用意したいので、よろしくお願い申し上げます🙇"
User,きょうた,2025/10/15,17:54:56,"ロケット団の栄光
157シュリ有

インフェルノx
75シュリ有

僕もできるだけ急ぐので金額upしていただけると助かります！！"
Account,内藤夏樹,2025/10/15,17:55:44,はい！ロケットは150円ずつアップします！
Account,内藤夏樹,2025/10/15,17:56:46,"毎々、お世話になっております。  
御見積書を送付いたします。

- 買取見積書 -
  ・ポケモンカード　ロケット団の栄光　157箱　単価11,200円　小計1,758,400円  
  ・ポケモンカード　インフェルノX　75箱　単価14,800円　小計1,110,000円

合計：2,868,400円  
減額合計：0円  
最終買取金額：2,868,400円

ご確認のほど、よろしくお願いいたします。​​​​​​​​​​​​​​​​"
Account,内藤夏樹,2025/10/15,17:56:54,ロケットは11200にしました！
Account,内藤夏樹,2025/10/15,17:57:10,私も急ぎ、向かいます！
User,きょうた,2025/10/15,17:57:49,分かりました！ありがとうございます！
User,きょうた,2025/10/15,17:58:00,これでよろしくお願いします！
Account,内藤夏樹,2025/10/15,17:58:18,気をつけてお越しください。
User,きょうた,2025/10/15,17:59:19,ありがとうございます😊
User,きょうた,2025/10/15,18:59:51,待ち合わせ場所はどこにしますか？
Account,内藤夏樹,2025/10/15,19:01:26,"インター降りたところにあるコンビニにしましょうか☺️

後ほど送ります。"
User,きょうた,2025/10/15,19:12:06,分かりました！
Account,内藤夏樹,2025/10/15,19:42:47,https://maps.app.goo.gl/TaTqYbW4WncUMU3h7?g_st=ipc
Account,内藤夏樹,2025/10/15,19:42:53,こちらでお願いします
Account,内藤夏樹,2025/10/15,19:43:04,今どのあたりですか？
User,きょうた,2025/10/15,19:47:57,"分かりました！
今所沢あたりで用事終わらせてます"
User,きょうた,2025/10/15,19:48:09,その後乗るような感じです
Account,内藤夏樹,2025/10/15,19:49:51,よろしくお願い申し上げます。
User,きょうた,2025/10/15,20:35:13,"よろしくお願いします。
21:50には到着できてると思います。"
Account,内藤夏樹,2025/10/15,20:38:51,私も沼田くらいまでこのまま飛ばして行きますね！！
Account,内藤夏樹,2025/10/15,20:39:11,"細かく情報取りながらいいところで
合流しましょう！"
User,きょうた,2025/10/15,20:42:31,ここは沼田より奥ですけど、このファミリーマートでよろしいですか？
Account,内藤夏樹,2025/10/15,20:43:20,"沼田くらいまで
私が足伸ばせます！"
Account,内藤夏樹,2025/10/15,20:43:33,30分程度は短縮できると思いますよ！
User,きょうた,2025/10/15,20:43:57,現在地一旦送りますね！
Account,内藤夏樹,2025/10/15,20:44:10,はい！
User,きょうた,2025/10/15,20:44:20,位置情報を送信しました。
User,きょうた,2025/10/15,20:44:33,いまここを走ってます
Account,内藤夏樹,2025/10/15,20:45:47,https://maps.app.goo.gl/iB6ZS4oD7FZkCB8j7?g_st=ipc
User,きょうた,2025/10/15,20:46:07,ここで合流しますか？
Account,内藤夏樹,2025/10/15,20:46:14,"ここにしますか！
越後湯沢ついたので、通り越します！"
Account,内藤夏樹,2025/10/15,20:46:28,少しでも楽になれば幸いです！
User,きょうた,2025/10/15,20:47:04,"ありがとうございます！
助かります！"
Account,内藤夏樹,2025/10/15,20:47:11,よろしくお願い申し上げます。
User,きょうた,2025/10/15,20:47:50,"ガストまで残り25分
21:15到着予定です"
Account,内藤夏樹,2025/10/15,20:48:43,はやいw
User,きょうた,2025/10/15,20:49:34,待ってます！
Account,内藤夏樹,2025/10/15,20:50:21,https://maps.app.goo.gl/evLqH2Y8NXTpLWiF6?g_st=ipc
Account,内藤夏樹,2025/10/15,20:50:25,ここに変えてもいいですか？
User,きょうた,2025/10/15,20:51:49,早めに着いてすぐ確認ができるように準備してるんで待っててもいいですか？
Account,内藤夏樹,2025/10/15,20:52:10,はい，もちろんです。
User,きょうた,2025/10/15,20:53:09,では、ガストで待ってます！
Account,内藤夏樹,2025/10/15,20:59:08,"まだお金おろせてないので
近くにセブンイレブンがあると
そこが有り難いです"
User,きょうた,2025/10/15,21:04:40,位置情報を送信しました。
User,きょうた,2025/10/15,21:05:01,今ここなので都合の良い場所を教えてください！
Account,内藤夏樹,2025/10/15,21:06:06,"予定通り
沼田のガストに一旦向かいます
あと15分くらいです"
Account,内藤夏樹,2025/10/15,21:06:21,一緒にセブンに行きましょうか☺️
User,きょうた,2025/10/15,21:07:05,了解です！
User,きょうた,2025/10/15,21:10:06,ガンメタルのプリウス50です
Account,内藤夏樹,2025/10/15,21:16:37,つきました
Account,内藤夏樹,2025/10/15,21:16:46,ついたら近くのセブンまで誘導しますね
User,きょうた,2025/10/15,21:16:57,うちもすぐ着きます
Account,内藤夏樹,2025/10/15,21:17:05,承知しました
Account,内藤夏樹,2025/10/15,21:44:04,"毎々、お世話になっております。  
御見積書を送付いたします。

- 買取見積書 -
  ・ポケモンカード　ロケット団の栄光　156箱　単価11,200円　小計1,747,200円  
  ・ポケモンカード　インフェルノX　80箱　単価14,800円　小計1,184,000円

合計：2,931,200円  
減額合計：0円  
最終買取金額：2,931,200円

ご確認のほど、よろしくお願いいたします。​​​​​​​​​​​​​​​​"
User,きょうた,2025/10/15,21:44:51,大丈夫です！
Account,内藤夏樹,2025/10/15,21:54:11,写真を送信しました。
Account,内藤夏樹,2025/10/15,21:54:48,写真を送信しました。
User,きょうた,2025/10/15,22:08:10,送信が取り消されたメッセージです
Account,内藤夏樹,2025/10/15,23:37:11,ありがとうございました。
User,きょうた,2025/10/16,01:34:35,"↑誤字です
ありがとうございました！"
