﻿アカウント名,にこにこ買取＠業界最高の買取価格宣言！
タイムゾーン,'+09:00
ダウンロード日時,2026/02/21 04:37
送信者タイプ,送信者名,送信日,送信時刻,内容
Account,応答メッセージ,2025/07/31,22:31:10,"とりはたさん
はじめまして！にこにこ買取＠業界最高の買取価格宣言！です。
友だち追加ありがとうございます！
にこにこ買取です(moon big smile)

ポケモンカードなどトレーディングカード全般の買取を行っております。
買取ご希望のお客様はなんでもお気軽に連絡してください(saluting man)

ご郵送買取の流れはメニューから”郵送買取の流れ”をご確認ください(sparkle)

ご郵送買取ご希望の場合にはメニューの”申し込みフォーム”からご申請が可能となっております。

お問い合わせなどはお気にご連絡ください。"
User,とりはた,2025/10/15,10:14:21,"担当者様

はじめまして、鳥畑と申します。

買取希望の商品についてですが、ワンピースカード、デュエルマスターズの未開封BOXの買取受付は対応していますか。"
Account,内藤夏樹,2025/10/15,12:23:08,"毎々、お世話になっております。
時期によっては買取させていただいております。"
User,とりはた,2025/10/15,12:30:29,承知しました。買取の際はよろしくお願いします。
Account,内藤夏樹,2025/10/15,12:30:50,ぜひともよろしくお願い申し上げます。
