﻿アカウント名,にこにこ買取＠業界最高の買取価格宣言！
タイムゾーン,'+09:00
ダウンロード日時,2026/02/21 04:37
送信者タイプ,送信者名,送信日,送信時刻,内容
Account,応答メッセージ,2025/08/30,15:18:04,"M.KATAYAMAさん
はじめまして！にこにこ買取＠業界最高の買取価格宣言！です。
友だち追加ありがとうございます！
にこにこ買取です(moon big smile)

ポケモンカードなどトレーディングカード全般の買取を行っております。
買取ご希望のお客様はなんでもお気軽に連絡してください(saluting man)

ご郵送買取の流れはメニューから”郵送買取の流れ”をご確認ください(sparkle)

ご郵送買取ご希望の場合にはメニューの”申し込みフォーム”からご申請が可能となっております。

お問い合わせなどはお気にご連絡ください。"
User,M.KATAYAMA,2025/08/30,15:18:38,"こんにちは。
マクドナルドプロモ未開封、10パック買取希望です"
Account,内藤夏樹,2025/08/30,15:21:01,"毎々、お世話になっております。
すでに〆切となりました。
またよろしくお願い申し上げます。"
User,M.KATAYAMA,2025/09/26,09:49:32,マクドナルドプロモ、買取希望です！
Account,内藤夏樹,2025/09/26,09:51:27,"毎々、お世話になっております。
ありがとうございました。

こちらの商品は〆切となりました🙇🏻‍♂️"
User,M.KATAYAMA,2025/10/08,14:08:06,"こんにちは。
まだマクドナルド未開封もかいとりしていますか？
メガゲンガーexスターターセットも。"
User,M.KATAYAMA,2025/10/08,17:02:15,いかがですか？
Account,内藤夏樹,2025/10/08,17:06:02,"毎々、お世話になっております。
現在はしたおりませんでした。"
