﻿アカウント名,にこにこ買取＠業界最高の買取価格宣言！
タイムゾーン,'+09:00
ダウンロード日時,2026/02/21 04:37
送信者タイプ,送信者名,送信日,送信時刻,内容
Account,応答メッセージ,2025/07/16,10:36:45,"シュミテクトさん
はじめまして！にこにこ買取＠業界最高の買取価格宣言！です。
友だち追加ありがとうございます！
にこにこ買取です(moon big smile)

ポケモンカードなどトレーディングカード全般の買取を行っております。
買取ご希望のお客様はなんでもお気軽に連絡してください(saluting man)

ご郵送買取の流れはメニューから”郵送買取の流れ”をご確認ください(sparkle)
URL→https://docs.google.com/document/d/1C26OXaKsxKKKeJA-46Uvyudph5wG-l-PZCBXFh9K5Nw/edit?usp=sharing

ご郵送買取ご希望の場合にはメニューの”申し込みフォーム”からご申請が可能となっております。

お問い合わせなどはお気にご連絡ください。"
Account,応答メッセージ,2025/07/16,10:36:45,写真を送信しました。
User,シュミテクト,2025/10/03,21:38:53,"お忙しいところすいません
質問お願いします
商品を明日発送の場合は入金は月曜日になりますか？
私は会津住みですが良く新潟に行くので直接取引はしてませんか？
宜しくお願いします"
Account,内藤夏樹,2025/10/03,21:46:11,"毎々、お世話になっております。

日曜日に検品が叶えば日曜日にお振込みできます。"
Account,内藤夏樹,2025/10/03,21:46:33,新潟で直接御買取であればその場で現金による引き渡しが可能です。
User,シュミテクト,2025/10/04,11:31:08,"遅くなりました
本日直接買取は可能ですか？"
User,シュミテクト,2025/10/04,19:54:51,"こんにちは今日か明日直接買取は可能ですか？
お忙しいところすいません
宜しくお願いします"
Account,内藤夏樹,2025/10/05,10:04:00,"毎々、お世話になっております。

会津から来られるのですよね、、、？

明日だと夜になってしまいますがどうですか。"
User,シュミテクト,2025/10/05,10:55:55,"連絡ありがとうございます
火曜日の夜でも大丈夫でしょうか？
宜しくお願いします"
Account,内藤夏樹,2025/10/05,13:25:14,火曜日以降は予定があり、調整させていただけると助かります。
User,シュミテクト,2025/10/05,13:28:20,"月曜日の夜で大丈夫です
何時頃まで大丈夫でしょうか？"
Account,内藤夏樹,2025/10/05,13:29:23,"長岡まで来ていただくことはできますか？
わかりにくくて申し訳ございません。"
User,シュミテクト,2025/10/05,13:29:38,大丈夫です👌
Account,内藤夏樹,2025/10/05,13:30:11,会津からですか！？
User,シュミテクト,2025/10/05,13:31:03,"はい
昨日も長岡までラーメン食べとジョーシンでポケカ買いに行きました笑"
Account,内藤夏樹,2025/10/05,13:34:17,"すごいですね、、、。

ちなみに何をお買取希望でしょうか？"
User,シュミテクト,2025/10/05,14:09:19,"フクオカ　1
インフェルノ x 6
メガブレイブ　5
メガシンフォニア　3
ブラックボルト　1
ホワイトフレア　1
ロケット団　3
買取価格はこちらでは駄目でしょうか？
宜しくお願いします"
User,シュミテクト,2025/10/05,14:09:44,写真を送信しました。
Account,内藤夏樹,2025/10/05,14:11:37,おお、このために長岡まで来てくれるんですか・・・？
User,シュミテクト,2025/10/05,14:13:47,"昨日ナビで場所はわかりましたw
私は対面買取が基本なんでw"
Account,内藤夏樹,2025/10/05,14:49:06,"そうなんですね！

高速道路降り場近くまでは行きますので
明日の夜、19時頃ですかね。"
User,シュミテクト,2025/10/05,14:55:38,下で行くので近くの都合のいい駐車場で大丈夫です
User,シュミテクト,2025/10/05,15:02:36,買取価格は送った画像で計算して良いですか
Account,内藤夏樹,2025/10/05,15:43:45,すみませんが当日のレートでよろしくお願い申し上げます🙇🏻‍♂️
User,シュミテクト,2025/10/05,15:48:20,今日のレートではなく明日の出るレートという事ですか？
Account,内藤夏樹,2025/10/05,16:08:52,"はい！
よろしくお願い申し上げます🙇"
User,シュミテクト,2025/10/05,16:11:01,了解です
Account,内藤夏樹,2025/10/06,07:43:26,"毎々、お世話になっております。

申し訳ございません。
本日の夜対応が難しく、また後日とさせてください。"
User,シュミテクト,2025/10/06,09:36:45,"こんにちは
今日の買取価格は何時頃ですか？
本日発送して明日入金ですか？
宜しくお願いします"
Account,内藤夏樹,2025/10/06,12:57:02,発送方法や送金手続きの規約はご利用方法を参照してください
