﻿アカウント名,にこにこ買取＠業界最高の買取価格宣言！
タイムゾーン,'+09:00
ダウンロード日時,2026/02/21 04:37
送信者タイプ,送信者名,送信日,送信時刻,内容
Account,応答メッセージ,2025/09/25,16:21:03,"当さん
はじめまして！にこにこ買取＠業界最高の買取価格宣言！です。
友だち追加ありがとうございます！
にこにこ買取です(moon big smile)

ポケモンカードなどトレーディングカード全般の買取を行っております。
買取ご希望のお客様はなんでもお気軽に連絡してください(saluting man)

ご郵送買取の流れはメニューから”郵送買取の流れ”をご確認ください(sparkle)

ご郵送買取ご希望の場合にはメニューの”申し込みフォーム”からご申請が可能となっております。

お問い合わせなどはお気にご連絡ください。"
User,Unknown,2025/09/25,16:29:57,"マクドナルドプロモ
6,800円　50パック
お願いいたします"
Account,内藤夏樹,2025/09/25,16:30:47,"毎々、お世話になっております。
よろしくお願い申し上げます。"
Account,内藤夏樹,2025/09/25,16:30:52,メニューより申請をよろしくお願い申し上げます。
Account,内藤夏樹,2025/09/25,16:31:02,"マクドナルドプロモ
6,800円　50パック"
User,Unknown,2025/09/25,16:31:09,申し込みフォームでしょうか？
Account,内藤夏樹,2025/09/25,16:31:20,はい、メニューにございます
User,Unknown,2025/09/25,16:31:35,承知いたしました
User,Unknown,2025/09/25,16:59:29,"お世話になっております。
先ほど発送の手続きが完了いたしました。
ゆうぱっく/ 7471-9249-9690/ 釜谷当
宜しくお願いいたします"
User,Unknown,2025/09/25,17:03:49,"こちらは三重県からの発送で明日の午後が最短でしたので、明日中着にいたしました。

初めて郵送買取をお願いするにあたり、住民票が必要だと思うのですが、こちらは発送物と同封すべきだったでしょうか？
大変恐れ入りますが、可能であればこちらに住民票の写真を送る、又は住民票を添付したもう一つの申し込みフォームを送る形は可能でしょうか？

実物の郵送のみであれば、お送りいたします。
お忙しい中、恐れいりますがご回答のほど、宜しくお願いいたします。"
Account,内藤夏樹,2025/09/25,17:09:17,"毎々、お世話になっております。
ありがとうございました。

住民票が必要です。
お振込みには写真で対応可能です。

追って原本はご郵送頂けるとありがたいです。
古物取引において義務付けられておりますためご理解頂けますと幸甚に存じます。"
User,Unknown,2025/09/25,17:10:36,写真を送信しました。
User,Unknown,2025/09/25,17:11:15,"ありがとうございます。
写真になります。
原本は、追ってお送りいたしますので到着しましたらご確認宜しくお願いいたします。"
Account,内藤夏樹,2025/09/25,17:11:38,裏面もよろしくお願い申し上げます。
User,Unknown,2025/09/25,17:13:14,写真を送信しました。
User,Unknown,2025/09/25,17:13:16,こちらになります
Account,内藤夏樹,2025/09/25,17:14:33,ありがとうございました。
User,Unknown,2025/10/03,16:24:54,"お世話になっております。
マクドナルドプロモ
こちらは今一パックいくら買取でしょうか？"
Account,内藤夏樹,2025/10/03,16:31:27,"毎々、お世話になっております。
買取停止しておりました。"
User,Unknown,2025/10/03,16:31:55,今もでしょうか？
Account,内藤夏樹,2025/10/03,16:32:50,はい。
