﻿アカウント名,にこにこ買取＠業界最高の買取価格宣言！
タイムゾーン,'+09:00
ダウンロード日時,2026/02/21 04:37
送信者タイプ,送信者名,送信日,送信時刻,内容
Account,応答メッセージ,2024/09/27,13:19:08,"トランさん
はじめまして！にこにこ買取＠業界最高の買取価格宣言！です。
友だち追加ありがとうございます！
にこにこ買取です(moon big smile)

ポケモンカードなどトレーディングカード全般の買取を行っております。
買取ご希望のお客様はなんでもお気軽に連絡してください(saluting man)

ご郵送買取の流れは以下の”郵送買取の流れ”をご確認ください(sparkle)

お問い合わせなどはお気軽にメッセージからご連絡ください(phone)"
Account,応答メッセージ,2024/09/27,13:19:08,写真を送信しました。
Account,応答メッセージ,2024/09/27,13:19:08,写真を送信しました。
User,トラン,2024/09/27,13:26:54,こんにちは
User,トラン,2024/09/27,13:27:11,151シュリンク付きは何boxまで買取していますか🙇‍♀️
Account,内藤夏樹,2024/09/27,13:27:40,"毎々、お世話になっております。
ご連絡ありがとうございました。

30箱まで募集しております。"
User,トラン,2024/09/27,13:29:46,30boxお願いしたいです
Account,内藤夏樹,2024/09/27,13:36:03,"ありがとうございました。
ご入力フォームと本日の発送をよろしくお願い申し上げます。"
User,トラン,2024/09/27,13:37:48,あとステラミラクルは何boxまで買取ですか
Account,内藤夏樹,2024/09/27,14:02:37,記載の価格では30箱まで募集しております。
Account,内藤夏樹,2024/09/27,14:07:56,151のシュリありは50箱まで追加可能となりました。
User,トラン,2024/09/27,14:08:18,ステラミラクルx9boxお願いします
User,トラン,2024/09/27,14:08:45,"ステラミラクル4000円
151  12000円

この金額間違えないですか"
Account,内藤夏樹,2024/09/27,14:09:11,"はい、間違いありません。
大変ありがとうございます。"
User,トラン,2024/09/27,14:12:25,"151  12000x 46box
ステラミラクル　4000x 9box"
User,トラン,2024/09/27,14:12:29,これでお願いします🙇‍♀️
Account,内藤夏樹,2024/09/27,14:17:02,"ありがとうございました。
数量確認しました。

お買取見積価格は
588,000円です。"
User,トラン,2024/09/27,14:42:05,発送方法教えてもらって良いですか
Account,内藤夏樹,2024/09/27,14:43:28,"メニューからご利用方法をご参照いただけますでしょうか。

また、潰れないように梱包をお願い申し上げます。"
User,トラン,2024/09/27,15:31:31,かしこまりました
Account,内藤夏樹,2024/09/27,15:53:22,"よろしくお願い申し上げます。
発送後には追跡番号を教えてください。"
User,トラン,2024/09/27,16:11:48,写真を送信しました。
User,トラン,2024/09/27,16:11:58,このboxは買取出来ませんか
Account,内藤夏樹,2024/09/27,16:12:34,10000円にて買取させていただけませんでしょうか？
User,トラン,2024/09/27,16:13:47,じゃ、そのbox無しでも大丈夫です🙇‍♀️
User,トラン,2024/09/27,16:30:29,"SAR , UR カードも201枚お願いして良いですか"
Account,内藤夏樹,2024/09/27,16:30:54,10500円ではいかがでしょうか？
User,トラン,2024/09/27,16:33:14,減額500円ならお願いしたいですが減額1500円はちょっと厳しいです😢
Account,内藤夏樹,2024/09/27,16:33:55,"わかりました。
頑張らせていただきます！"
Account,内藤夏樹,2024/09/27,16:34:24,こちらもお願いします！
User,トラン,2024/09/27,17:07:40,"151  12000x 46box
SAR , UR カード300円x 201枚
これでお願いします

"
User,トラン,2024/09/27,17:07:42,"ステラミラクルはダンボールに入れないですから無しでお願いします
別の時にします🙇‍♀️"
User,トラン,2024/09/27,17:07:59,届け先教えてもらって良いですか
Account,内藤夏樹,2024/09/27,17:08:03,"承知しました。
ありがとうございます。"
Account,内藤夏樹,2024/09/27,17:08:55,"以下住所へお願い致します。

請求先および発送先
株式会社AiGIVE 内藤宛
940-0081
新潟県長岡市南町1-6-13
050-5470-3570"
User,トラン,2024/09/27,17:09:46,"かしこまりました
発送あと伝票番号を送ります😊"
Account,内藤夏樹,2024/09/27,17:29:20,"ありがとうございます。
明日確認して、すぐにお支払いします。"
User,トラン,2024/09/27,17:30:20,"明日到着出来ません
福岡県から発送ですので明後日になります🥺"
User,トラン,2024/09/27,17:30:23,大丈夫ですか
Account,内藤夏樹,2024/09/27,17:31:06,失礼しました、大丈夫です！
User,トラン,2024/09/27,17:31:40,かしこまりました🙆‍♀️
Account,内藤夏樹,2024/09/27,17:39:39,よろしくお願い申し上げます。
User,トラン,2024/09/27,18:11:20,写真を送信しました。
User,トラン,2024/09/27,18:11:35,発送しました
User,トラン,2024/09/27,18:11:39,よろしくお願いします🙇‍♀️
Account,内藤夏樹,2024/09/27,21:27:14,"ありがとうございました。
日曜日もしくは月曜日に検品します。"
User,トラン,2024/09/28,01:34:50,かしこまりました
User,トラン,2024/09/28,09:35:06,"おはようございます

🐳 SRポケモンのみ：300円保証
※SR, SAR, HR, UR, CSR, SA

これは何枚まで買取予定ですか
知り合い聞いてみますが"
Account,内藤夏樹,2024/09/28,10:16:18,"毎々、お世話になっております。
500枚ほど集めております。"
User,トラン,2024/09/28,10:30:28,かしこまりました🙆‍♀️
Account,内藤夏樹,2024/09/28,10:33:05,"ARもたくさん集めております。
よろしくお願い申し上げます。"
User,トラン,2024/09/28,10:37:20,"かしこまりました
あればまた連絡します🙇‍♀️"
Account,内藤夏樹,2024/09/28,10:47:18,"ぜひとも、よろしくお願い申し上げます。

また、お知り合いにもアカウントを紹介していただけますと嬉しいです。"
User,トラン,2024/09/28,12:19:48,了解です😊
Account,内藤夏樹,2024/09/29,13:30:53,"毎々、お世話になっております。

検品が終わりました。
1箱潰れがありました。
SRはポケモンのみでございますので、トレーナーは着払いにて返却します。

151 : 12000x45
151: 11500x1
SR: 300x107

合計
583600円
"
Account,内藤夏樹,2024/09/29,13:31:13,"こちらでお振込みとなります。
よろしいでしょうか？"
User,トラン,2024/09/29,13:39:34,トレーナーは返品しなくても大丈夫です🙆‍♀️
Account,内藤夏樹,2024/09/29,13:44:59,弊社で処分してもよろしいでしょうか。
User,トラン,2024/09/29,13:45:29,大丈夫です😊
User,トラン,2024/09/29,13:45:52,振り込みだけお願いします🥹
Account,内藤夏樹,2024/09/29,13:46:20,"はい、本日中にお振込みします。
よろしくお願い申し上げます。"
User,トラン,2024/09/29,13:52:48,かしこまりました😊
Account,内藤夏樹,2024/09/29,14:56:50,"振込みしました。
ご確認をよろしくお願い申し上げます。

そして、またご利用をお願いします。"
User,トラン,2024/09/29,15:14:38,すみませんがちょっと間違っています
Account,内藤夏樹,2024/09/29,15:15:34,583600円をお振込みしました。
User,トラン,2024/09/29,15:16:39,SRカードは残り94枚ですか
Account,内藤夏樹,2024/09/29,15:18:20,はい94枚です。
User,トラン,2024/09/29,15:19:32,それは返品してもらって良いですか
User,トラン,2024/09/29,15:19:33,残り1枚だけと思いましたので😭😭
Account,内藤夏樹,2024/09/29,15:20:25,"はい、もちろんです。

発送先をお願いします。"
User,トラン,2024/09/29,15:33:27,"8120044
福岡県福岡市博多区千代2-8-6-615
08059656249
TRANVAN TUAN
"
User,トラン,2024/09/29,15:33:31,こちらよろしくお願いします🙇‍♀️
User,トラン,2024/10/01,13:46:48,"今は持っていないですがあれば連絡します😊
"
Account,内藤夏樹,2024/10/01,13:47:02,ぜひとも、よろしくお願い申し上げます。
User,トラン,2024/10/01,19:50:03,こんばんは
User,トラン,2024/10/01,19:50:43,お願いしたいですが
Account,内藤夏樹,2024/10/01,19:51:28,"こんばんは！
なんでもどうぞ！"
User,トラン,2024/10/01,20:49:01,トリプレットビートとステラミラクルは何boxまで買取する予定ですか
Account,内藤夏樹,2024/10/02,07:09:38,"毎々、お世話になっております。
可能な限り取ります！
何箱ございますか？"
Account,内藤夏樹,2024/10/02,07:09:47,また、SRカードも欲しいです。
User,トラン,2024/10/02,10:12:49,"トリプレットビート55box
ステラミラクル34box
PSA10 25枚くらい
"
User,トラン,2024/10/02,10:12:58,これになります🙇‍♀️
Account,内藤夏樹,2024/10/02,10:28:20,"ありがとうございました。
トリプレットビートは30箱以降は4500円となります。
ステラミラクルは20箱以降は3600円となります。

PSAはポケモンのみとなりますが、3000円でやらせてもらいます。"
User,トラン,2024/10/02,10:36:02,"じゃ、
トリプレットビート30box ✖︎4900
ステラミラクル20box✖︎4000
PSA10 25枚くらい✖︎3000

これでお願いします
"
Account,内藤夏樹,2024/10/02,10:40:14,PSA10は重複が３枚までとなっております。よろしくお願い申し上げます。
User,トラン,2024/10/02,14:04:55,楽園ドラゴーナも25boxくらいお願いします😊
Account,内藤夏樹,2024/10/02,14:15:50,"ドラゴーナは4500円になります。
よろしくお願い申し上げます。"
User,トラン,2024/10/02,14:18:08,"下がりましたか
それ無しで大丈夫です🙇‍♀️"
Account,内藤夏樹,2024/10/02,14:19:53,4600円で15箱頑張らせてください！
Account,内藤夏樹,2024/10/02,14:25:38,残りは4500円だと助かります。
User,トラン,2024/10/02,16:23:38,とりあえずこれで大丈夫ですか
Account,内藤夏樹,2024/10/02,16:29:57,"はい。
ありがとうございます。
よろしくお願い申し上げます。"
User,トラン,2024/10/02,16:32:58,発送あと伝票番号を送ります😊
Account,内藤夏樹,2024/10/02,16:33:13,また、申請もよろしくお願い申し上げます。
User,トラン,2024/10/02,17:34:37,写真を送信しました。
User,トラン,2024/10/02,17:34:39,"'
トリプレットビート30box ✖︎4900
ステラミラクル20box✖︎4000
PSA10 22枚✖︎3000

これで発送しました
よろしくお願いします😊
"
Account,内藤夏樹,2024/10/03,07:28:42,ありがとうございました。
Account,内藤夏樹,2024/10/03,07:29:04,新たなる皇帝はありませんか？
User,トラン,2024/10/03,12:35:52,"現在ないです
すみません🥺"
Account,内藤夏樹,2024/10/03,13:30:10,承知しました。
User,トラン,2024/10/03,19:36:45,楽園ドラゴーナboxお願いで宜しいでしょうか
Account,内藤夏樹,2024/10/03,19:52:49,"もちろんです。
4400円になります。"
User,トラン,2024/10/03,19:53:42,4400円になりましたか😭
Account,内藤夏樹,2024/10/03,19:53:53,はい、集まりました。
User,トラン,2024/10/03,19:54:06,かしこまりました
User,トラン,2024/10/03,19:54:10,ありがとうございます🙇‍♀️
Account,内藤夏樹,2024/10/03,19:54:20,こちらこそご連絡ありがとうございました。
User,トラン,2024/10/04,13:03:05,"こんにちは　今日
楽園ドラゴーナ
ステラミラクル
トリプレットビート
の金額を教えてもらって良いですか"
Account,内藤夏樹,2024/10/04,13:13:21,"ドラゴーナ　4500円 10箱まで
ステラ　3900円
トリプ　4900円

です。
朝早く大量依頼があり、下がりました。"
User,トラン,2024/10/04,13:35:50,どれでも10箱までですか
Account,内藤夏樹,2024/10/04,13:44:01,"ステラは何個でも可です。
トリプレットは10箱までとなります。"
Account,内藤夏樹,2024/10/04,13:44:07,SRはないですか？
User,トラン,2024/10/04,13:48:07,現在SRはないです
Account,内藤夏樹,2024/10/04,14:13:09,承知しました。
User,トラン,2024/10/04,14:13:56,"ドラゴーナ　4500円 10箱
ステラ　3900円　30〜50箱
トリプ　4900円　10箱
"
User,トラン,2024/10/04,14:14:02,これでお願いします
Account,内藤夏樹,2024/10/04,14:22:06,はい、よろしくお願い申し上げます。
Account,内藤夏樹,2024/10/04,14:22:17,また、フォーム申請をお願いします。
Account,内藤夏樹,2024/10/04,14:57:52,ドラゴーナ何箱ありますか？
User,トラン,2024/10/04,15:04:53,100箱以上くらいです
Account,内藤夏樹,2024/10/04,15:09:22,30箱まで4500円で買わせてください。
User,トラン,2024/10/04,15:25:41,わかりました
User,トラン,2024/10/04,15:25:58,新たなる皇帝はおいくらですか
Account,内藤夏樹,2024/10/04,15:57:10,7000円です。
Account,内藤夏樹,2024/10/04,15:57:13,カートンありますか？
User,トラン,2024/10/04,16:25:18,カートンはないです
Account,内藤夏樹,2024/10/04,16:26:18,"わかりました。
新たなる皇帝は何箱ございますか？"
Account,内藤夏樹,2024/10/04,18:44:00,"こちら明日の午前中に検品となります。
遅くなり申し訳ございません。"
User,トラン,2024/10/04,19:56:27,"了解です
"
User,トラン,2024/10/04,19:56:41,30boxくらいです
Account,内藤夏樹,2024/10/04,20:18:21,買わせて欲しいです
User,トラン,2024/10/04,20:36:29,はい、お願いします🙇‍♀️
Account,内藤夏樹,2024/10/04,20:49:30,よろしくお願い申し上げます。
Account,内藤夏樹,2024/10/05,07:10:24,"psa10は２２枚でした。

合計
293000円です。"
User,トラン,2024/10/05,13:05:03,かしこまりました😊
User,トラン,2024/10/05,13:21:18,今日新たなる皇帝boxはまたお願いしたいですが宜しいでしょうか
Account,内藤夏樹,2024/10/05,17:20:01,"毎々、お世話になっております。
何個ありますか？"
User,トラン,2024/10/05,17:24:11,30個くらいありそうです
Account,内藤夏樹,2024/10/05,17:25:07,現在は6600円になります。
Account,内藤夏樹,2024/10/05,17:25:28,30個なら6700円頑張ります。
User,トラン,2024/10/05,17:25:37,わかりました
User,トラン,2024/10/05,17:25:48,ちょっと検討します🙇‍♀️
Account,内藤夏樹,2024/10/05,17:26:08,はい、多分最高値です。
User,トラン,2024/10/05,17:36:29,"トリプレットビート
ステラミラクル
楽園
シャイニー
今日おいくらと数までは教えてもらって良いですか"
Account,内藤夏樹,2024/10/05,17:36:53,シャイニーはシャイニートレジャーですか？
User,トラン,2024/10/05,17:37:03,トレジャーです
Account,内藤夏樹,2024/10/05,17:38:02,"トリプレット 4700 10箱
ステラ　4100 10箱
楽園　4700 20箱
シャイニー　4000 制限なし"
User,トラン,2024/10/05,17:40:04,それでお願いします😊
User,トラン,2024/10/05,17:41:23,"楽園は50boxくらい行けませんか
"
User,トラン,2024/10/05,17:41:58,トレジャーは140boxくらいあります🥹
Account,内藤夏樹,2024/10/05,17:42:46,"ごめんなさい、朝たくさん買ってしまいました。

シャイニーは50までにします。
ごめんなさい。"
User,トラン,2024/10/05,17:43:38,わかりました
User,トラン,2024/10/05,17:44:14,これはどうですか
Account,内藤夏樹,2024/10/05,18:55:03,"50箱はごめんなさい。
朝たくさん買ってしまいました。"
User,トラン,2024/10/05,20:05:21,写真を送信しました。
User,トラン,2024/10/05,20:06:01,"4日分

ドラゴーナ　4500円 10箱
ステラ　3900円　16箱
トリプ　4900円　10箱
op09     7000円　32箱

5日分
トリプレット 4700 10箱
ステラ　4100 10箱
楽園　4700 20箱
シャイニー　4000 50箱"
User,トラン,2024/10/05,20:06:30,写真を送信しました。
User,トラン,2024/10/05,20:06:30,写真を送信しました。
User,トラン,2024/10/05,20:06:33,写真を送信しました。
User,トラン,2024/10/05,20:06:33,写真を送信しました。
User,トラン,2024/10/05,20:06:42,発送しました😊
Account,内藤夏樹,2024/10/05,20:27:10,"ありがとうございました。
今回は大丈夫ですが、昨日分を引き継ぐ希望の場合には連絡してください。"
User,トラン,2024/10/05,22:28:37,"かしこまりました
申し訳ありません🙇‍♀️🙇‍♀️"
Account,内藤夏樹,2024/10/06,05:47:14,"こちら4日分の新たなる皇帝の7000円とトリプレット4900円は申し訳ございませんが、受け取れません。

ややこしくなるので4日分は着払いでご返送してもよろしいでしょうか？

もしくは、問い合わせいただいた
新たなる皇帝は6700円
トリプレットは4700円

で買取します。"
User,トラン,2024/10/06,10:39:34,へえ？
User,トラン,2024/10/06,10:39:58,それはやばいです
User,トラン,2024/10/06,10:41:44,この時に当日発送出来ませんよ
User,トラン,2024/10/06,10:42:06,ヤマト運輸は19時半までに営業です
User,トラン,2024/10/06,10:59:39,この分は追加したかったですけど下がりましたのでやめました
User,トラン,2024/10/06,10:59:49,ご検討ください
Account,内藤夏樹,2024/10/06,11:20:50,"毎々、お世話になっております。
失礼しました。

次回からは確定時に確認をしていただくようにお願いします。
今回の場合にはお取引が曖昧になってしまいました。

今回はご提示の価格にて買取させていただきます。"
Account,内藤夏樹,2024/10/06,11:20:55,写真を送信しました。
Account,内藤夏樹,2024/10/06,11:21:31,また、翌日配送になることは問題がありませんのでそちらも ご連絡を頂けますとありがたいです。
Account,内藤夏樹,2024/10/06,11:21:35,今後とも、よろしくお願い申し上げます。
User,トラン,2024/10/06,11:22:20,"ありがとうございます😊
気をつけます🙇‍♀️"
User,トラン,2024/10/06,11:23:17,申し込みフォーム記入が必要ですか
Account,内藤夏樹,2024/10/06,11:23:17,"ご理解に感謝します。

新たなる皇帝はカートン集まりませんか？"
Account,内藤夏樹,2024/10/06,11:23:40,"大変お手間ですが、毎回記載が必要です。
よろしくお願い申し上げます。"
User,トラン,2024/10/06,11:26:37,多分なそうですが聞いてみます
Account,内藤夏樹,2024/10/06,11:27:54,よろしくお願い申し上げます。
Account,内藤夏樹,2024/10/06,11:46:42,"振込みを行えません。
明日SBIに問い合わせしますので、お急ぎであれば他の振込み先をご連絡ください。"
User,トラン,2024/10/06,11:54:51,"auじぶん銀行
もり支店
1066208
チャンバントゥアン"
User,トラン,2024/10/06,11:55:04,この銀行まで振り込みよろしくお願いします🙇‍♀️
Account,内藤夏樹,2024/10/06,11:55:17,"ありがとうございました。
すぐに振込みしますね。"
User,トラン,2024/10/06,11:55:28,かしこまりました😊
Account,内藤夏樹,2024/10/06,11:56:25,振込みできました。
User,トラン,2024/10/06,12:00:43,ありがとうございます
User,トラン,2024/10/06,12:00:55,今日の買取表を教えてもらって良いですか
User,トラン,2024/10/06,16:15:35,the best boxは買取していますか
Account,内藤夏樹,2024/10/07,06:59:08,"毎々、お世話になっております。

今現在しておりません。"
User,トラン,2024/10/07,13:58:17,かしこまりました
Account,内藤夏樹,2024/10/07,21:28:59,"毎々、お世話になっております。

査定完了しました。

3個シュリンク破れや角カケがありました。
1点につき500円減額となります。

合計
812500円"
Account,内藤夏樹,2024/10/07,21:29:14,写真を送信しました。
Account,内藤夏樹,2024/10/07,21:29:15,写真を送信しました。
Account,内藤夏樹,2024/10/07,21:29:15,写真を送信しました。
Account,内藤夏樹,2024/10/07,21:29:24,減額対象は返送も可能です。
User,トラン,2024/10/07,21:53:07,かしこまりました
User,トラン,2024/10/07,21:53:10,減額大丈夫です
Account,内藤夏樹,2024/10/07,22:33:54,"ありがとうございました。
明日振込みします。"
User,トラン,2024/10/08,00:05:55,かしこまりました
Account,内藤夏樹,2024/10/08,12:41:28,"振込みました。
じぶん銀行さんへお振込みしています。"
User,トラン,2024/10/08,14:26:40,ありがとうございました😊
Account,内藤夏樹,2024/10/09,13:42:57,151シュリなしありませんか？
User,トラン,2024/10/09,14:50:43,すみません、151シュリンク無しは全然無いです🙇‍♀️
User,トラン,2024/10/11,14:46:55,こんにちは
User,トラン,2024/10/11,14:47:01,SRはレギュレーションは関係ありますか
Account,内藤夏樹,2024/10/11,14:47:46,基本的には現行レギュになります。
User,トラン,2024/10/11,14:49:16,どんな意味ですか😅
User,トラン,2024/10/11,14:49:18,それは買取不可のことですか
Account,内藤夏樹,2024/10/11,14:52:09,"買取します。
価格は相談させてください。"
Account,内藤夏樹,2024/10/11,14:52:17,何枚ありますか？
Account,内藤夏樹,2024/10/11,14:52:29,重複は3枚までです
User,トラン,2024/10/14,12:59:40,こんにちは
User,トラン,2024/10/14,13:00:00,psa10はまだ買取出来ませんか😊
Account,内藤夏樹,2024/10/14,13:00:30,"毎々、お世話になっております。
はい、まだ募集しておりません。

シャイニートレジャーは3800円難しいでしょうか？"
User,トラン,2024/10/14,13:01:35,かしこまりました
User,トラン,2024/10/14,13:01:52,シャイニー3800円難しいですね🥺
Account,内藤夏樹,2024/10/14,13:01:59,承知しました。
Account,内藤夏樹,2024/10/14,13:02:02,また、よろしくお願い申し上げます。
User,トラン,2024/10/14,13:02:09,スタンプを送信しました。
User,トラン,2024/10/14,13:03:02,100boxくらいありますのでちょっと高く行けたらまた連絡お願いします🥹🙇‍♀️
Account,内藤夏樹,2024/10/14,13:04:24,3900円で業者さんから購入できますので、3800円が希望ですね。
User,トラン,2024/10/14,13:18:27,かしこまりました😊
User,トラン,2024/10/21,12:11:20,"151シュリンク付きは13200円行けませんか
100box以上あります"
Account,内藤夏樹,2024/10/21,12:26:22,"毎々、お世話になっております。
13000円で規定数が集まりました。

トレジャーどうでしょうか？"
User,トラン,2024/10/21,13:51:30,トレジャーは現在無いです🙇‍♀️
User,トラン,2024/10/21,13:51:53,ちなみに現金書留はやっていませんか
Account,内藤夏樹,2024/10/21,13:52:11,現金書留は対応しておりません。
User,トラン,2024/10/21,14:29:48,かしこまりました🙇‍♀️
Account,内藤夏樹,2024/10/21,15:30:26,"151は13100円で50箱買いましょうか？
どうですか？"
Account,内藤夏樹,2024/10/21,15:30:34,トレジャー少し欲しいですが、、、
Account,内藤夏樹,2024/10/21,15:42:15,"151は、13200円いけます。
ご連絡ください。"
User,トラン,2024/10/21,15:45:05,何箱買いますか😊
Account,内藤夏樹,2024/10/21,15:45:29,"何箱ありますか？100は大丈夫です。
シャイニーはありませんか？"
User,トラン,2024/10/21,15:47:04,"151は100ありますが
トレジャーは本当に全て売れてしまいました😢"
Account,内藤夏樹,2024/10/21,15:51:19,"承知しました。
151を100、よろしくお願い申し上げます。

フォーム申請をお願いします。


151
13200
100箱
シュリンク付き"
Account,内藤夏樹,2024/10/21,15:51:24,シュリンクなしはありませんか？
User,トラン,2024/10/21,15:54:09,シュリンク無しも現在無いです😄
Account,内藤夏樹,2024/10/21,15:54:23,集まりました売ってください。
Account,内藤夏樹,2024/10/21,15:54:47,"では、今回は
151のシュリンク付きをおねがいします。"
User,トラン,2024/10/21,15:55:10,かしこまりました
Account,内藤夏樹,2024/10/21,15:55:37,"ありがとうございました。
御社でもリシュリンクチェックしていますか？"
User,トラン,2024/10/21,15:55:38,後でシュリンク無しがあれば連絡します
Account,内藤夏樹,2024/10/21,15:56:03,ありがとうございました。
User,トラン,2024/10/21,15:56:43,これはどんなことですか
User,トラン,2024/10/21,15:56:58,再シュリンクをチェックのことですか
Account,内藤夏樹,2024/10/21,15:57:04,再シュリンクなどのチェックです
User,トラン,2024/10/21,15:57:27,再シュリンクチェックが出来ます
Account,内藤夏樹,2024/10/21,15:57:36,良かったです。
User,トラン,2024/10/21,15:58:15,ご安心くださいね😊
Account,内藤夏樹,2024/10/21,15:58:29,大丈夫、こちらでも判別が完全にできます
Account,内藤夏樹,2024/10/21,15:58:58,シュリンク破れないように注意してくださいね
Account,内藤夏樹,2024/10/21,15:59:22,よろしくお願い申し上げます。
User,トラン,2024/10/21,16:00:45,"現金書留出来たら良いですね😁
現在151 200箱持っています"
Account,内藤夏樹,2024/10/21,16:01:38,現金書留はできないですね、ごめんなさい
User,トラン,2024/10/21,16:04:49,いえいえ、大丈夫です😊
User,トラン,2024/10/21,16:04:59,今回100箱までですね
Account,内藤夏樹,2024/10/21,16:06:49,はい、100箱までです。
User,トラン,2024/10/21,16:13:32,かしこまりました
User,トラン,2024/10/21,16:13:37,発送あと伝票番号を送ります
Account,内藤夏樹,2024/10/21,16:14:36,"ありがとうございました。
フォームもよろしくお願い申し上げます。"
Account,内藤夏樹,2024/10/21,16:15:02,シュリンクなしもあったら教えてください
User,トラン,2024/10/21,16:16:10,記入しました
User,トラン,2024/10/21,16:16:15,かしこまりました🙆‍♀️
Account,内藤夏樹,2024/10/21,16:18:10,ありがとうございました。
User,トラン,2024/10/21,19:43:18,写真を送信しました。
User,トラン,2024/10/21,19:43:34,100box 発送しました🙇
Account,内藤夏樹,2024/10/21,21:13:03,ありがとうございました。
User,トラン,2024/10/22,14:51:12,今日151はおいくら買取しますか
Account,内藤夏樹,2024/10/22,15:18:55,"今日は集まってます。
13000円です。

ブレイカーはありますか？"
User,トラン,2024/10/22,15:20:04,"ブレイカーはおいくらですか
集まってみます"
Account,内藤夏樹,2024/10/22,15:20:26,"5000円です。
カートンは集まりますか？

151シャリなしがほしいです"
User,トラン,2024/10/22,15:20:48,"今日151シュリンク付きは何boxまで買取しますか
"
Account,内藤夏樹,2024/10/22,15:21:11,13000円？
User,トラン,2024/10/22,15:21:22,シュリンク無しも頑張ります
User,トラン,2024/10/22,15:21:34,はい
Account,内藤夏樹,2024/10/22,15:22:12,"シュリンク付きは今日は集まりました。

シュリンクなしがいいですね。"
User,トラン,2024/10/22,15:23:54,シュリンク無しはおいくらですか
Account,内藤夏樹,2024/10/22,15:25:27,今日なら11000円です。
User,トラン,2024/10/22,15:28:29,"かしこまりました
聞いてみます😊"
Account,内藤夏樹,2024/10/22,15:28:37,よろしくお願い申し上げます。
Account,内藤夏樹,2024/10/22,15:37:36,大口入って151は〆切しましたよ。
User,トラン,2024/10/22,15:38:21,かしこまりました😊
Account,内藤夏樹,2024/10/22,19:31:55,"151すごいですね。
びっくりしました。

また落ち着いたら買わせてくださいね。"
User,トラン,2024/10/22,20:24:30,12月再販になりますね
Account,内藤夏樹,2024/10/22,20:52:11,量はわかりますか？
User,トラン,2024/10/22,21:00:08,量はあまり多く無いらしいです
Account,内藤夏樹,2024/10/22,21:18:14,そのようですよね
Account,内藤夏樹,2024/10/23,08:49:40,ブレイカーはありますか
User,トラン,2024/10/23,11:53:05,ブレイカーはないそうです😢
Account,内藤夏樹,2024/10/23,12:26:51,わかりました
User,トラン,2024/10/23,13:22:14,すみません🙇‍♀️
Account,内藤夏樹,2024/10/23,13:22:46,"集まればお願いします。
少し高くても10カートンほしです"
User,トラン,2024/10/23,14:16:01,ぜひあれば連絡します🙇‍♀️
Account,内藤夏樹,2024/10/23,16:49:58,151は売りますか？
User,トラン,2024/10/23,16:51:55,今日は何も無いです😄
Account,内藤夏樹,2024/10/23,16:56:14,全部売った？
User,トラン,2024/10/23,17:51:38,はい、全て売りました
Account,内藤夏樹,2024/10/23,17:52:29,残念です
User,トラン,2024/10/23,18:29:00,何かあれば連絡します🙆‍♀️
User,トラン,2024/10/23,18:51:19,あと100box分は今日振り込みしてもらっても良いですか😊
Account,内藤夏樹,2024/10/23,18:56:32,はい、頑張ります！
User,トラン,2024/10/23,19:03:11,ありがとうございます😊
Account,内藤夏樹,2024/10/23,20:45:02,"全て満額査定です。

1320000円"
Account,内藤夏樹,2024/10/23,20:48:36,"振込みしました。
確認してください。"
User,トラン,2024/10/23,23:47:08,確認出来ました
User,トラン,2024/10/23,23:47:11,ありがとうございます😊
User,トラン,2024/10/24,11:01:03,こんにちは
Account,内藤夏樹,2024/10/24,11:01:12,はい、こんにちは。
User,トラン,2024/10/24,11:01:23,超電ブレイカーはいくらまでなら行けますか
Account,内藤夏樹,2024/10/24,11:01:47,カートン？
User,トラン,2024/10/24,11:01:58,boxです
Account,内藤夏樹,2024/10/24,11:02:25,"箱は集まりましたね。
5100円です。"
User,トラン,2024/10/24,11:04:26,わかりました
Account,内藤夏樹,2024/10/24,11:09:28,ダメでしたか？
User,トラン,2024/10/24,11:10:58,"5100円募集出来ませんので
すみません🥺"
Account,内藤夏樹,2024/10/24,11:12:05,5200？
User,トラン,2024/10/24,11:25:50,"5300円行けませんか
50boxありそうです"
Account,内藤夏樹,2024/10/24,11:27:37,5200ですねー。
User,トラン,2024/10/24,12:28:01,わかりました
User,トラン,2024/10/24,12:29:53,50boxお願いします
Account,内藤夏樹,2024/10/24,12:34:40,ありがとうございました。
Account,内藤夏樹,2024/10/24,12:34:42,よろしくお願い申し上げます。
User,トラン,2024/10/24,17:36:48,srカードはおいくらですか
Account,内藤夏樹,2024/10/24,17:49:41,200円です。
User,トラン,2024/10/24,18:09:13,250円ではないですか
Account,内藤夏樹,2024/10/24,18:12:03,何枚ですか？
Account,内藤夏樹,2024/10/24,18:12:13,今日は停止しました。
User,トラン,2024/10/24,18:13:09,1300枚です
Account,内藤夏樹,2024/10/24,18:13:25,"多いですね。
同3枚まで？"
User,トラン,2024/10/24,20:06:09,写真を送信しました。
User,トラン,2024/10/24,20:06:12,50box発送しました
User,トラン,2024/10/24,20:15:53,同3枚以上もありますがそれは可能ですか
User,トラン,2024/10/24,20:16:00,。
User,トラン,2024/10/25,14:15:49,SRカード大丈夫だったら全て送ります😊
Account,内藤夏樹,2024/10/25,14:29:15,"毎々、お世話になっております。
申し訳ございません、一旦停止です。"
User,トラン,2024/10/25,14:29:51,かしこまりました
Account,内藤夏樹,2024/10/27,16:46:15,"毎々、お世話になっております。
査定結果です。

箱潰れ×1
シュリンク破れ×10

-500円

5200×39=202800
4700×11=51700

合計
254500

となります。
他にも初期に見られるシュリンク破れが大きくなったものがいくつかありますが目立つもののみとしました。"
Account,内藤夏樹,2024/10/27,16:46:35,写真を送信しました。
Account,内藤夏樹,2024/10/27,16:46:45,着払い返送も可能です。
Account,内藤夏樹,2024/10/27,16:46:51,写真を送信しました。
Account,内藤夏樹,2024/10/27,16:46:52,写真を送信しました。
Account,内藤夏樹,2024/10/27,16:46:52,写真を送信しました。
Account,内藤夏樹,2024/10/27,16:46:53,写真を送信しました。
Account,内藤夏樹,2024/10/27,16:46:54,写真を送信しました。
Account,内藤夏樹,2024/10/27,16:46:54,写真を送信しました。
Account,内藤夏樹,2024/10/27,16:46:55,写真を送信しました。
Account,内藤夏樹,2024/10/27,16:46:56,写真を送信しました。
Account,内藤夏樹,2024/10/27,16:46:56,写真を送信しました。
Account,内藤夏樹,2024/10/27,16:46:57,写真を送信しました。
User,トラン,2024/10/27,16:48:02,そんな厳しいですか🥺
User,トラン,2024/10/27,16:48:07,それでも減額ですか
User,トラン,2024/10/27,16:48:20,11個返品お願いします
Account,内藤夏樹,2024/10/27,16:49:06,"承知しました。

このくらいはどこでも買取不可か、減額になりそうなものです。"
User,トラン,2024/10/27,16:53:42,"いつものところで売ったら減額無しです、値段も同じですよ😅
にこにこ買取さんは欲しいってと仲良しにしたいですのでお願いしました"
User,トラン,2024/10/27,16:53:49,それを返品お願いします
User,トラン,2024/10/27,16:54:00,手続きよろしくお願いします
Account,内藤夏樹,2024/10/27,16:54:49,"返品します。
申し訳ございません、弊社では満額回答不可です。"
User,トラン,2024/10/27,17:05:28,"8120044
福岡県福岡市博多区千代2-8-6-615
08059656249
ＴＲＡＮＶＡＮＴＵＡＮ
"
User,トラン,2024/10/27,17:05:31,よろしくお願いします
Account,内藤夏樹,2024/10/28,12:25:18,"昨日発送しました。
また、202800円を振込みします。"
Account,内藤夏樹,2024/10/28,12:25:27,写真を送信しました。
Account,内藤夏樹,2024/10/28,12:25:38,住所は修正しております。
User,トラン,2024/10/28,13:53:33,かしこまりました
User,トラン,2024/10/29,17:37:08,"こんにちは
vユニは9800円買取していますか"
Account,内藤夏樹,2024/10/29,17:45:23,何個ありますか？
User,トラン,2024/10/29,17:46:39,43boxあります
User,トラン,2024/10/29,17:48:12,トレジャーも34boxあります
Account,内藤夏樹,2024/10/29,17:48:14,買取させてください🥹
Account,内藤夏樹,2024/10/29,17:48:28,"トレジャーも欲しいです。
4200です。"
User,トラン,2024/10/29,17:49:59,"かしこまりました
送ります😊"
Account,内藤夏樹,2024/10/29,17:53:34,"申請フォームだけ、お願いします。

ユニバース 43,9800
トレジャー 34,4200"
User,トラン,2024/10/29,19:50:43,写真を送信しました。
User,トラン,2024/10/29,19:50:48,発送しました
Account,内藤夏樹,2024/10/29,20:02:16,"次回からで構いません。
住所はこちらにお願いします。


お買取希望の商品は以下の住所へ発送をお願い申し上げます。
ご利用方法に記載のある梱包に関する注意事項を改めてご確認ください。

また発送は原則ヤマト運輸さんよりお願い申し上げます。

【発送先】
株式会社AiGIVE 内藤宛
〒940-0864
新潟県長岡市川崎3-2366-7-103
050-5470-3570

また発送されましたら以下の情報をご連絡ください。
①　追跡番号
②　発送日・到着指定時間"
User,トラン,2024/10/29,20:09:16,こちらまで発送してしまいましたが大丈夫ですか
Account,内藤夏樹,2024/10/29,20:09:58,もしも変更可能ならお願いしたいです。
User,トラン,2024/10/29,20:19:44,トラックは出発されましたので変更出来なくなりました🥺
Account,内藤夏樹,2024/10/29,20:20:01,承知しました。
User,トラン,2024/10/29,20:20:15,そちらでヤマト運輸で受け取り変更可能です
Account,内藤夏樹,2024/10/29,20:20:30,お客様センターで変更できるかも知らないです。
User,トラン,2024/10/29,20:20:53,ヤマト運輸で受け取り出来ませんか
Account,内藤夏樹,2024/10/29,20:21:19,支店が異なります。
User,トラン,2024/10/29,20:22:18,どうしますか
User,トラン,2024/10/29,20:22:20,大丈夫ですか
Account,内藤夏樹,2024/10/29,20:28:17,大丈夫です。
User,トラン,2024/10/29,20:31:25,かしこまりました
User,トラン,2024/10/29,20:31:28,よろしくお願いします🙇
Account,内藤夏樹,2024/10/29,21:02:21,はい、ありがとうございました。
User,トラン,2024/10/31,11:36:58,"今ヤマト運輸さんから電話来ました、この住所まで転送しましたが送料かかります
そちらで支払いしてもらって良いですか
明日到着になります"
Account,内藤夏樹,2024/10/31,11:37:34,いいえ、転送を停止してください。
Account,内藤夏樹,2024/10/31,11:37:43,送料は払えません
User,トラン,2024/10/31,11:37:55,取りに行きますか
Account,内藤夏樹,2024/10/31,11:38:07,はい、そのように手続きしていました
User,トラン,2024/10/31,11:38:24,😓😓
User,トラン,2024/10/31,11:38:28,電話します
Account,内藤夏樹,2024/10/31,11:38:53,"そうしてください。
困ります。"
User,トラン,2024/10/31,11:42:46,伝えました
User,トラン,2024/10/31,11:43:58,その近くヤマト運輸に置いておきますと言われました
Account,内藤夏樹,2024/10/31,12:02:09,はい、ありがとうございました。
Account,内藤夏樹,2024/10/31,21:26:53,"毎々、お世話になっております。

査定が終わりました。
1個だけユニバースのシュリンク大きな破れありましたので、-1000円です。

43×9800=421400
34×4200=142800

合計
564200-1000
563200"
Account,内藤夏樹,2024/10/31,21:27:02,写真を送信しました。
User,トラン,2024/10/31,21:27:31,かしこまりました
User,トラン,2024/10/31,21:27:36,手続きよろしくお願いします🙇‍♀️
Account,内藤夏樹,2024/10/31,21:27:57,"振込みしました。
ありがとうございました。"
User,トラン,2024/10/31,21:28:31,ありがとうございました😊
Account,内藤夏樹,2024/11/05,07:27:41,"毎々、お世話になっております。

ステラミラクル
500箱集まりますか？"
User,トラン,2024/11/05,14:50:30,すみません、現在無いです🙇‍♀️
Account,内藤夏樹,2024/11/05,16:55:42,ありがとうございました。
User,トラン,2024/11/12,13:33:43,こんにちは
User,トラン,2024/11/12,13:34:05,今日151シュリンクありおいくらですか
Account,内藤夏樹,2024/11/12,15:28:02,"毎々、お世話になっております。

買取停止中です！"
Account,内藤夏樹,2024/11/12,15:28:07,希望はありますか？
User,トラン,2024/11/12,23:39:21,151BOXの買取額聞きたいですが
Account,内藤夏樹,2024/11/13,07:52:34,"毎々、お世話になっております。
現在は停止しております。"
User,トラン,2024/11/13,13:18:33,"それは現在無いです
すみません🙇‍♀️"
Account,内藤夏樹,2024/12/01,17:05:56,"毎々、お世話になっております。

テラスタルカートン
買取させてくれませんか！？"
User,トラン,2024/12/02,13:30:18,すみません、現在持っていません😭
Account,内藤夏樹,2024/12/02,14:00:13,オッケーです！
Account,内藤夏樹,2025/01/03,12:15:34,"あけましておめでとう御座います。

超電ブレイカーありますか？"
Account,内藤夏樹,2025/01/03,12:15:44,たくさん欲しいです。
User,トラン,2025/01/09,16:48:59,現在おいくらですか😊
Account,内藤夏樹,2025/01/09,16:49:56,10500円
Account,内藤夏樹,2025/01/09,16:50:20,何箱ありますか？
User,トラン,2025/01/09,17:54:44,"10500円は厳しいです😥
申し訳ありません"
Account,内藤夏樹,2025/01/09,18:01:02,いくらがいいですか？
Account,内藤夏樹,2025/01/10,10:59:22,トランさん？
User,トラン,2025/01/15,11:49:10,そのカートンはおいくら買取ですか🙇‍♀️
Account,内藤夏樹,2025/01/15,11:58:30,発売日に出荷で75000円です。
User,トラン,2025/01/15,17:19:46,かしこまりました
User,トラン,2025/01/15,17:19:51,聞いてみます🙇‍♀️
Account,内藤夏樹,2025/01/15,18:53:35,よろしくお願い申し上げます。
Account,内藤夏樹,2025/01/15,18:53:47,テラスタルフェスexはいくらですか？
Account,内藤夏樹,2025/01/26,15:45:35,トランさん？？
User,トラン,2025/01/27,01:23:12,こんにちは😊
User,トラン,2025/01/27,01:23:17,どうでしょうか
Account,内藤夏樹,2025/01/27,07:46:23,こんにちは！テラスタルフェスが欲しいです。価格はありますか？
User,トラン,2025/01/27,12:05:58,"今11800円売っています
にこにこさんの買取価格合わないと思いますので連絡してなかったです
すみません🙇‍♀️🥺"
Account,内藤夏樹,2025/01/27,12:14:03,ごめんなさい、高くて買えないですね！
Account,内藤夏樹,2025/01/27,12:14:09,500箱買いたかったけど
User,トラン,2025/01/27,13:02:02,かしこまりました😊
User,トラン,2025/01/27,13:02:19,ちなみにおいくらまで買取ですか
Account,内藤夏樹,2025/01/27,13:17:15,11000円ですね
User,トラン,2025/01/27,16:40:10,"かしこまりました
お願い時に連絡します
また何か欲しかったら教えてください😊😊"
Account,内藤夏樹,2025/01/27,16:40:43,"はい。よろしくお願い申し上げます🥺

今はEB02が欲しいですね、カートン。"
Account,内藤夏樹,2025/01/27,17:26:58,EB02は集まりました
User,トラン,2025/01/28,10:47:18,了解です🫡
Account,内藤夏樹,2025/01/29,08:34:20,"シャイニートレジャー
クリムゾンヘイズ

はありますか？"
User,トラン,2025/01/29,13:13:09,"こんにちは
おいくらですか"
Account,内藤夏樹,2025/01/29,13:20:05,いくらで売りたい？
Account,内藤夏樹,2025/01/29,13:20:40,"シャイニーは100
ほしいです"
User,トラン,2025/01/29,16:47:15,シャイニー6500円行けますか
User,トラン,2025/01/29,16:47:27,あとクリムゾンカートンはおいくらですか
Account,内藤夏樹,2025/01/29,16:47:31,6300円がいいです
Account,内藤夏樹,2025/01/29,16:47:51,"カートンは要らないです。
バラでいいです。"
User,トラン,2025/01/29,16:50:50,バラboxはいくらですか
Account,内藤夏樹,2025/01/29,16:53:28,"5,000円です"
Account,内藤夏樹,2025/02/02,17:22:47,テラスタルフェスある？
User,トラン,2025/02/03,22:08:09,全て売れてしまいました🙇‍♀️
Account,内藤夏樹,2025/02/03,23:44:57,おけ
User,トラン,2025/02/04,14:56:14,テラスタルフェスexは今日おいくら買取出来ますか
Account,内藤夏樹,2025/02/04,14:57:09,12000円
User,トラン,2025/02/04,14:59:04,"値段アップ出来ますか
120box以上あります"
Account,内藤夏樹,2025/02/04,14:59:18,いくらがいいですか？
User,トラン,2025/02/04,15:00:07,12200円でも大丈夫です🙆‍♀️
Account,内藤夏樹,2025/02/04,15:03:06,12200円なら購入します。
Account,内藤夏樹,2025/02/04,15:03:16,120箱欲しいです。
User,トラン,2025/02/04,15:05:18,"かしこまりました😊
よろしくお願いします"
User,トラン,2025/02/04,15:08:06,"'
あとはこんな感じboxはあるかもしれないですが満額保証可能ですか"
Account,内藤夏樹,2025/02/04,15:08:34,ごめんなさいですが、入力フォームをお願いします🙇🏻‍♂️🙇🏻‍♂️
Account,内藤夏樹,2025/02/04,15:08:54,大丈夫です！大きな凹みは返しますね
Account,内藤夏樹,2025/02/04,15:09:09,再シュリはない？
Account,内藤夏樹,2025/02/04,15:09:17,"お買取希望の商品は以下の住所へ発送をお願い申し上げます。
ご利用方法に記載のある梱包に関する注意事項を改めてご確認ください。

また発送は原則ヤマト運輸さんよりお願い申し上げます。

【発送先】
ヤマト運輸 北陽センター 気付
株式会社AiGIVE 内藤宛
〒940-0871
新潟県長岡市北陽1-53-61
050-5470-3570

ヤマト運輸北陽センター:

https://locations.kuronekoyamato.co.jp/p/yamato01/prt/041160/?&p_f1=1&cond22=1&jiNm=%A4%AA%B5%D2%CD%CD%A5%B5%A1%BC%A5%D3%A5%B9%A5%BB%A5%F3%A5%BF%A1%BC&kykTel=0570-200-000&jiFax=0258-46-0585

また発送されましたら以下の情報をご連絡ください。
① 追跡番号
② 発送日・到着指定時間

ご確認のほどよろしくお願い申し上げます。"
User,トラン,2025/02/04,15:09:20,オッケーです
User,トラン,2025/02/04,15:09:31,ではないですよ😂😂
User,トラン,2025/02/04,15:09:38,100%
Account,内藤夏樹,2025/02/04,15:09:49,今まで見つけた？
User,トラン,2025/02/04,15:10:23,再シュリクですか
User,トラン,2025/02/04,15:11:16,再シュリなら全然分かります👍
User,トラン,2025/02/04,15:11:28,ご安心ください
Account,内藤夏樹,2025/02/04,15:30:40,"承知しました。
発送をよろしくお願い申し上げます。"
User,トラン,2025/02/04,15:31:02,発送あと伝票を送ります
Account,内藤夏樹,2025/02/04,15:31:12,はい、よろしくお願いします
User,トラン,2025/02/04,17:36:30,129box大丈夫ですか
Account,内藤夏樹,2025/02/04,17:51:53,いいですよ
Account,内藤夏樹,2025/02/04,17:53:30,ARとCHRはありますか？
User,トラン,2025/02/04,19:45:18,128box発送しました
User,トラン,2025/02/04,19:45:23,写真を送信しました。
User,トラン,2025/02/04,19:45:41,これは全て売りました
Account,内藤夏樹,2025/02/04,19:47:41,"128箱
12200円です。"
Account,内藤夏樹,2025/02/04,19:47:58,ありがとうございます
User,トラン,2025/02/04,19:48:15,よろしくお願いします😊
Account,内藤夏樹,2025/02/06,14:29:37,"雪の影響かまだ到着していないです。
多分明日になりますね"
Account,内藤夏樹,2025/02/06,14:30:56,"シャイニースター
Vスターユニバース
超電ブレイカー
ワイルドフォース
クリムゾン"
Account,内藤夏樹,2025/02/06,14:30:59,ありますか？
Account,内藤夏樹,2025/02/06,14:31:04,すごく欲しいですね
User,トラン,2025/02/06,14:32:04,"そうと思います💦
今日到着にしますが"
User,トラン,2025/02/06,14:32:33,価格を教えて下さい
Account,内藤夏樹,2025/02/06,14:38:46,今日来るかわからないです
Account,内藤夏樹,2025/02/06,14:38:54,売れる価格教えてください
Account,内藤夏樹,2025/02/06,14:39:03,特にシャイニースター
User,トラン,2025/02/06,14:56:01,"今ないですが募集出来ます
高い価格で買取出来たら沢山集めます"
Account,内藤夏樹,2025/02/06,14:59:13,14000円で買いたい
Account,内藤夏樹,2025/02/06,14:59:19,だめかな？
User,トラン,2025/02/06,15:03:26,シャイニースターですか
User,トラン,2025/02/06,15:03:41,はい、出来ないです
Account,内藤夏樹,2025/02/06,16:59:02,14000円で買えるからいいや
Account,内藤夏樹,2025/02/06,16:59:06,ありがとうございます
User,トラン,2025/02/07,01:39:13,あれば言いますね😊
Account,内藤夏樹,2025/02/07,09:07:53,はい、よろしくお願い申し上げます。
Account,内藤夏樹,2025/02/07,09:07:59,いくらなら売れるかも教えてください
User,トラン,2025/02/07,13:19:15,"了解です🙆‍♀️
聞いてみます
あれば教えます"
Account,内藤夏樹,2025/02/07,23:28:27,"今日の夕方やっと来ました。

128個中、7個が潰れあり。全部下のやつだね。

うちだと-1000円します。
これは返品がいいですかね。

1個、怪しいのある。
大丈夫かもだけど、こんなに硬いツノ見たことない。"
Account,内藤夏樹,2025/02/07,23:28:43,写真を送信しました。
Account,内藤夏樹,2025/02/07,23:28:43,写真を送信しました。
Account,内藤夏樹,2025/02/07,23:28:43,写真を送信しました。
Account,内藤夏樹,2025/02/07,23:28:44,写真を送信しました。
Account,内藤夏樹,2025/02/07,23:31:08,8個の返品先を教えてください。
User,トラン,2025/02/08,00:03:00,それは12000円良いですか
User,トラン,2025/02/08,00:03:36,返品は送料かかりますので🥲
Account,内藤夏樹,2025/02/08,00:15:56,"これはお客様へ売れないので
11200円になります。"
Account,内藤夏樹,2025/02/08,00:16:07,11500円でも大丈夫です。
Account,内藤夏樹,2025/02/08,00:16:22,"ツノは大丈夫？
私は少し不安なやつです。"
User,トラン,2025/02/08,00:30:04,11500円大丈夫です
Account,内藤夏樹,2025/02/08,09:33:08,"承知しました。
すぐ振込みしますね。"
Account,内藤夏樹,2025/02/08,09:33:17,ツノのやつは返していい？
Account,内藤夏樹,2025/02/08,09:33:28,これは不安だから買えない
Account,内藤夏樹,2025/02/08,09:47:44,"合計
1,543,800

12200×119
11500×8

※1個は相談して返品予定"
Account,内藤夏樹,2025/02/08,09:51:04,"在留カードのコピーがないので
写真を撮影して送ってください"
Account,内藤夏樹,2025/02/08,15:43:31,待っています
User,トラン,2025/02/08,15:59:01,返品の商品もありますか🥲
User,トラン,2025/02/08,15:59:06,全て買取お願いします
Account,内藤夏樹,2025/02/08,15:59:41,この写真のものは怪しいので買取できないです、ごめんなさい
Account,内藤夏樹,2025/02/08,15:59:49,写真を送信しました。
User,トラン,2025/02/08,16:00:25,再シュリと思っていますか😂
User,トラン,2025/02/08,16:00:42,自分はちゃんと確認していますよ
User,トラン,2025/02/08,16:00:52,100%本物です
User,トラン,2025/02/08,16:01:37,確認出来る人を聞いてみてください
User,トラン,2025/02/08,16:02:40,私はそんなことをしないですので
Account,内藤夏樹,2025/02/08,16:04:43,確認できます
Account,内藤夏樹,2025/02/08,16:04:45,私は
Account,内藤夏樹,2025/02/08,16:05:47,"送料は私が負担するからね、一個は返します。

在留カードの写真を送ったら
振込みします。"
User,トラン,2025/02/08,16:06:01,送信が取り消されたメッセージです
User,トラン,2025/02/08,16:06:01,送信が取り消されたメッセージです
Account,内藤夏樹,2025/02/08,16:06:04,それはよく理解しています
User,トラン,2025/02/08,16:06:07,これ大丈夫ですか
Account,内藤夏樹,2025/02/08,16:06:13,在留カード
User,トラン,2025/02/08,16:06:23,写真を送信しました。
User,トラン,2025/02/08,16:06:23,写真を送信しました。
Account,内藤夏樹,2025/02/08,16:06:55,ありがとうございました。
Account,内藤夏樹,2025/02/08,16:07:18,返送先の住所送ってください
User,トラン,2025/02/08,16:07:27,"8120044
福岡県福岡市博多区千代2-8-6-615
08059656249
ＴＲＡＮＶＡＮＴＵＡＮ"
User,トラン,2025/02/08,16:07:37,よろしくお願いします
Account,内藤夏樹,2025/02/08,16:09:19,振込みしました
User,トラン,2025/02/08,16:10:34,ありがとうございます
Account,内藤夏樹,2025/02/08,16:11:00,返品のものは待っててくださいね
Account,内藤夏樹,2025/02/08,16:11:04,来週返します
User,トラン,2025/02/08,16:11:17,わかりました
Account,内藤夏樹,2025/02/13,17:19:04,超電ブレイカーを売ってください
Account,内藤夏樹,2025/02/13,17:19:15,あと、スカーレット
Account,内藤夏樹,2025/02/14,11:42:28,どうですか？
User,トラン,2025/02/14,14:05:14,超電は現在ないです
User,トラン,2025/02/14,14:05:19,ごめんなさい🙏
User,トラン,2025/02/20,12:53:50,テラスタルフェスexは今日いくらですか
Account,内藤夏樹,2025/02/20,12:54:20,"特に買取していません。
希望があれば聞きますよ！"
User,トラン,2025/02/20,12:54:37,わかりました😊
Account,内藤夏樹,2025/02/20,13:11:46,希望は？
User,トラン,2025/02/20,13:13:00,"80〜90boxあります
16200円希望です"
Account,内藤夏樹,2025/02/20,13:15:17,ごめんなさい、今回は他にしてください
Account,内藤夏樹,2025/02/20,13:34:36,"今日出してくれるなら、すべて16000円で購入したいですよ。

着払いでいいですよ！"
Account,内藤夏樹,2025/02/20,13:34:48,"どうですか？
14:00までに回答してください😊"
User,トラン,2025/02/20,13:36:35,すみません、全て売ってしまいました😿😿
Account,内藤夏樹,2025/02/20,13:38:54,"あちゃ！
残念！"
Account,内藤夏樹,2025/02/20,13:39:02,また、よろしくお願いしますね♪
User,トラン,2025/02/20,13:39:22,すみません
User,トラン,2025/02/20,13:39:29,またお願いします😊
Account,内藤夏樹,2025/02/20,13:39:45,いえ！私が決断できなかっただけなのでまた、よろしくお願い申し上げますね！
User,トラン,2025/03/04,12:53:27,"こんにちは
カートンは在庫ないです🙇‍♀️"
Account,内藤夏樹,2025/03/04,12:53:35,ありがとうございました。
Account,内藤夏樹,2025/03/13,09:55:56,"おはようございます。
"
Account,内藤夏樹,2025/03/13,09:56:01,ワイルドフォースはありますか
User,トラン,2025/03/14,10:28:49,遅く返事すみません🙏
User,トラン,2025/03/14,10:28:53,おいくらですか
Account,内藤夏樹,2025/03/14,10:32:10,6400円でどうですか？
Account,内藤夏樹,2025/03/14,10:32:14,200箱くらい欲しい
User,トラン,2025/03/14,10:37:10,皆さんを聞いてみます🙇‍♀️
Account,内藤夏樹,2025/03/14,11:33:47,期待しています🙇🏻‍♂️🙇🏻‍♂️
User,トラン,2025/03/22,13:06:42,"こんにちは
今日熱風シュリありはおいくらですか"
Account,内藤夏樹,2025/03/22,13:29:30,"こんにちは
何箱ある？"
User,トラン,2025/03/22,13:34:29,"少ないです
15箱だけです"
Account,内藤夏樹,2025/03/22,13:34:43,12500円でどうですか？
User,トラン,2025/03/22,13:35:42,大丈夫ですが着払い可能ですか
Account,内藤夏樹,2025/03/22,13:35:47,いいですよ
Account,内藤夏樹,2025/03/22,13:35:54,小さめにしてくださいね
User,トラン,2025/03/22,13:36:02,了解です
User,トラン,2025/03/22,13:36:05,よろしくお願いします😊
Account,内藤夏樹,2025/03/22,13:36:06,申請をお願いします
User,トラン,2025/03/22,13:41:03,記入しました🙇‍♀️
Account,内藤夏樹,2025/03/22,13:41:10,ありがとうございました。
Account,内藤夏樹,2025/03/22,13:41:35,"お買取希望の商品は以下の住所へ発送をお願い申し上げます。
ご利用方法に記載のある梱包に関する注意事項を改めてご確認ください。

また発送は原則ヤマト運輸さんよりお願い申し上げます。

【発送先】
ヤマト運輸 北陽センター 気付
株式会社AiGIVE 内藤宛
〒940-0871
新潟県長岡市北陽1-53-61
050-5470-3570

ヤマト運輸北陽センター:

https://locations.kuronekoyamato.co.jp/p/yamato01/prt/041160/?&p_f1=1&cond22=1&jiNm=%A4%AA%B5%D2%CD%CD%A5%B5%A1%BC%A5%D3%A5%B9%A5%BB%A5%F3%A5%BF%A1%BC&kykTel=0570-200-000&jiFax=0258-46-0585

また発送されましたら以下の情報をご連絡ください。
① 追跡番号
② 発送日・到着指定時間

ご確認のほどよろしくお願い申し上げます。"
User,トラン,2025/03/22,13:42:03,発送あと送り番号を送ります🙆‍♀️
Account,内藤夏樹,2025/03/22,13:42:12,よろしくお願い申し上げます
Account,内藤夏樹,2025/03/22,13:42:37,凹むのよくあるから、よく梱包してください
User,トラン,2025/03/22,13:43:12,かしこまりました
Account,内藤夏樹,2025/03/22,13:48:09,よろしくお願い申し上げます。
User,トラン,2025/03/22,14:16:24,"あと少し増えるかもしれないですが大丈夫ですか
買いに行っています5box増えそうです"
Account,内藤夏樹,2025/03/22,14:22:02,はい！よろしくお願い申し上げます。
User,トラン,2025/03/22,14:22:22,スタンプを送信しました。
User,トラン,2025/03/22,17:27:22,22boxでした
Account,内藤夏樹,2025/03/22,17:27:32,"はい！
ありがとうございました。"
User,トラン,2025/03/22,18:00:46,写真を送信しました。
User,トラン,2025/03/22,18:00:50,発送しました
User,トラン,2025/03/22,18:00:54,よろしくお願いします😊
Account,内藤夏樹,2025/03/22,20:24:21,ありがとうございました。
User,トラン,2025/03/24,17:08:13,"こんにちは
今日また熱風21boxお願いしたいですが大丈夫ですか"
Account,内藤夏樹,2025/03/24,17:08:51,"今日は12000円でもいいですか？
送料が結構高いね"
Account,内藤夏樹,2025/03/24,17:09:31,"他のもの買えますか？
バトルパートナーズとか"
User,トラン,2025/03/24,17:09:33,"ああ、では無しで大丈夫です
すみません🙏💦"
Account,内藤夏樹,2025/03/24,17:09:44,OK
User,トラン,2025/03/24,17:12:12,クレイバーストはあります
Account,内藤夏樹,2025/03/24,17:14:32,またよろしくお願い申し上げます。
User,トラン,2025/03/24,17:15:19,クレイバーストも20boxくらい一緒に送ったら大丈夫ですか
Account,内藤夏樹,2025/03/24,17:17:01,クレイバーストは9600円です。
User,トラン,2025/03/24,17:17:32,買取表とちがいますよね？😄
User,トラン,2025/03/24,17:17:34,わかりました
User,トラン,2025/03/24,17:17:38,またよろしくお願いします
Account,内藤夏樹,2025/03/24,17:17:42,またよろしくお願い申し上げます。
Account,内藤夏樹,2025/03/24,17:18:18,買取表は規定数に応じて変動します
Account,内藤夏樹,2025/03/24,21:43:47,"査定が終わりました。
凹み、キズが5点ありました。
-1000円×5箱

着払いで返送もできます。
"
Account,内藤夏樹,2025/03/24,21:44:07,写真を送信しました。
Account,内藤夏樹,2025/03/24,21:44:07,写真を送信しました。
Account,内藤夏樹,2025/03/24,21:44:07,写真を送信しました。
Account,内藤夏樹,2025/03/24,21:44:07,写真を送信しました。
Account,内藤夏樹,2025/03/24,21:44:08,写真を送信しました。
Account,内藤夏樹,2025/03/24,21:44:08,写真を送信しました。
Account,内藤夏樹,2025/03/24,21:44:11,どれも他でも厳しいかな
User,トラン,2025/03/24,21:44:33,ばや
User,トラン,2025/03/24,21:44:37,返品ください
User,トラン,2025/03/24,21:44:45,厳しいです
Account,内藤夏樹,2025/03/24,21:44:59,"返品ですね。
明日返します。"
User,トラン,2025/03/24,21:45:20,送信が取り消されたメッセージです
Account,内藤夏樹,2025/03/24,21:45:30,"高いものだし、今はどこも厳しいですよ。
これはどこも通りませんよ"
User,トラン,2025/03/24,21:46:16,いいえ、関係ないです
User,トラン,2025/03/24,21:46:22,まああ、大丈夫です
User,トラン,2025/03/24,21:46:29,今度気をつけます
Account,内藤夏樹,2025/03/24,21:46:47,"よく見てください。
私たちも別にしたくてしているわけではないですから"
Account,内藤夏樹,2025/03/24,21:47:33,17箱分を振り込みますね。
User,トラン,2025/03/24,21:48:41,はい
User,トラン,2025/04/25,16:03:15,"こんにちは
ロケット団と151はまだ買取していますか"
Account,内藤夏樹,2025/04/25,16:18:34,〆切ました、ごめんねさい
User,トラン,2025/04/25,16:25:32,かしこまりました
Account,内藤夏樹,2025/04/25,16:27:14,ごめんなさい
User,トラン,2025/04/25,16:30:18,いえいえ
User,トラン,2025/04/25,16:30:21,またよろしくお願いします
Account,内藤夏樹,2025/04/25,16:34:07,よろしくお願い申し上げます。
User,トラン,2025/05/08,13:46:33,こんにちは
User,トラン,2025/05/08,13:46:44,ロケット団お願いで良いですか
User,トラン,2025/05/08,14:25:02,どうですか？
User,トラン,2025/05/16,17:31:46,こんにちは
User,トラン,2025/05/16,17:31:58,ロケット団シュリありはお願いしたいですが大丈夫ですか
User,トラン,2025/05/16,18:10:02,？
User,トラン,2025/05/16,18:10:11,行けるか行けないか教えてください
Account,内藤夏樹,2025/05/16,19:00:03,"こんにちは！

〆切しました！"
User,トラン,2025/05/16,19:02:25,わかりました
Account,内藤夏樹,2025/05/16,19:05:01,ごめんなさい
User,トラン,2025/05/16,19:05:16,またよろしくお願いします
Account,内藤夏樹,2025/05/16,19:05:23,熱風はないですか
User,トラン,2025/05/16,19:14:56,熱風はないです😢
Account,内藤夏樹,2025/05/16,19:23:55,わかりました
User,トラン,2025/05/16,19:25:00,テラスタルフェスexはまだ行けますか
Account,内藤夏樹,2025/05/16,20:26:27,10500円になりましたね
Account,内藤夏樹,2025/05/16,20:26:32,何個ありますか？
User,トラン,2025/05/16,22:44:16,10800円ではないですか
User,トラン,2025/05/16,22:44:21,100boxありますが
Account,内藤夏樹,2025/05/17,09:06:14,10500円でどうですか？だめ
User,トラン,2025/05/17,12:32:42,すみません、10500円は売れないです🙏
User,トラン,2025/06/06,14:14:41,"通常
ブラックボルト
ホワイトフレア
何boxまで買取可能ですか"
Account,内藤夏樹,2025/06/06,14:15:36,"毎々、お世話になっております。
申し訳ございません！
大口により〆切となりました。"
User,トラン,2025/06/06,14:17:54,かしこまりました
Account,内藤夏樹,2025/06/06,14:19:19,熱風やテラスタルフェスexはないですか？
User,トラン,2025/06/06,14:21:08,"現在ないです
すみません🙏"
Account,内藤夏樹,2025/06/06,14:21:40,はい！また、よろしくね！
User,トラン,2025/08/02,12:40:27,ポケモンセンターセットはおいくらですか
Account,内藤夏樹,2025/08/02,12:40:37,今集めていない
User,トラン,2025/08/02,12:41:08,かしこまりました
User,トラン,2025/09/01,15:44:41,"こんにちは
マクドナルドプロモはまだ買取してますか"
Account,内藤夏樹,2025/09/01,15:48:24,"こんにちは
終わってしまいました"
Account,内藤夏樹,2025/10/02,07:08:02,"おはようございます。
ありがとうございます！

メガブレイブとメガシンフォニア100箱ずつ欲しいのですが、集めることできたりしますか・・・？"
