﻿アカウント名,にこにこ買取＠業界最高の買取価格宣言！
タイムゾーン,'+09:00
ダウンロード日時,2026/02/21 04:37
送信者タイプ,送信者名,送信日,送信時刻,内容
Account,応答メッセージ,2025/09/29,00:33:54,"Jaceさん
はじめまして！にこにこ買取＠業界最高の買取価格宣言！です。
友だち追加ありがとうございます！
にこにこ買取です(moon big smile)

ポケモンカードなどトレーディングカード全般の買取を行っております。
買取ご希望のお客様はなんでもお気軽に連絡してください(saluting man)

ご郵送買取の流れはメニューから”郵送買取の流れ”をご確認ください(sparkle)

ご郵送買取ご希望の場合にはメニューの”申し込みフォーム”からご申請が可能となっております。

お問い合わせなどはお気にご連絡ください。"
User,Jace,2025/09/29,00:39:37,ポケモンカード 仕入れ12箱でいくらですか?
User,Jace,2025/10/01,22:27:03,12個買ったら割引してもらえますか？
