﻿アカウント名,にこにこ買取＠業界最高の買取価格宣言！
タイムゾーン,'+09:00
ダウンロード日時,2026/02/21 04:37
送信者タイプ,送信者名,送信日,送信時刻,内容
Account,応答メッセージ,2025/09/28,05:16:51,"bryanさん
はじめまして！にこにこ買取＠業界最高の買取価格宣言！です。
友だち追加ありがとうございます！
にこにこ買取です(moon big smile)

ポケモンカードなどトレーディングカード全般の買取を行っております。
買取ご希望のお客様はなんでもお気軽に連絡してください(saluting man)

ご郵送買取の流れはメニューから”郵送買取の流れ”をご確認ください(sparkle)

ご郵送買取ご希望の場合にはメニューの”申し込みフォーム”からご申請が可能となっております。

お問い合わせなどはお気にご連絡ください。"
User,bryan,2025/09/28,05:23:38,"こんにちは！  
シンガポールへの発送って可能でしょうか？  
もし可能でしたら、インフェルノXのまとめ買い価格を教えていただけますか？  
カードショップ用に在庫を補充しようと思っていますので🙇‍♂️"
Account,内藤夏樹,2025/09/28,07:35:12,"毎々、お世話になっております。

弊社からシンガポールへ発送ですか？"
User,bryan,2025/09/28,11:38:48,"はい、そうです！  
もしシンガポールまで発送可能でしたらとても助かります🙏  "
Account,内藤夏樹,2025/09/28,12:08:23,"もちろん可能です。
代行費用がかかります。"
User,bryan,2025/09/28,12:29:43,"承知しました。  
それでは、インフェルノXをまとめて購入した場合の価格と、シンガポールまでの合計金額を教えていただけますか？"
Account,内藤夏樹,2025/09/28,12:42:53,何箱でしょうか？
User,bryan,2025/09/28,13:09:16,"まずは1箱を購入しようと考えています。  
その場合はいくらになりますか?"
Account,内藤夏樹,2025/09/28,13:09:47,一箱ですか？
User,bryan,2025/09/28,13:11:34,はい、そうです。
User,bryan,2025/09/28,14:34:13,何か更新はあった？😅
User,bryan,2025/10/01,14:32:38,"お世話になっております。

インフェルノについてご確認させていただければ 幸いです。

1カートン (12ボックス) ご購入の場合、特別なお 値引きはございますでしょうか。

どうぞよろしくお願いいたします"
Account,内藤夏樹,2025/10/01,14:33:55,"毎々、お世話になっております。
？

購入？"
User,bryan,2025/10/01,14:37:10,"すみません、「購入」という言葉が少し分かりづ らかったかもしれません。😅

私が言いたかったのは、インフェルノXを1カート ン (12ボックス) まとめてお願いする場合です。

その場合に特別なお値引きがあるかどうか、お伺 いできればと思います。

どうぞよろしくお願いいたします"
Account,内藤夏樹,2025/10/01,14:40:26,あなたが購入するのですか？
User,bryan,2025/10/01,14:42:20,はい、私が注文を考えております。
User,bryan,2025/10/01,14:45:15,インフェルノXを1カートン (12ボックス)でお願 いする場合、割引はございますか?
User,bryan,2025/10/01,14:57:00,お支払い方法について、御社ではどのような方法 をご利用可能でしょうか？
