﻿アカウント名,にこにこ買取＠業界最高の買取価格宣言！
タイムゾーン,'+09:00
ダウンロード日時,2026/02/21 04:37
送信者タイプ,送信者名,送信日,送信時刻,内容
Account,応答メッセージ,2025/09/26,12:05:12,"shunさん
はじめまして！にこにこ買取＠業界最高の買取価格宣言！です。
友だち追加ありがとうございます！
にこにこ買取です(moon big smile)

ポケモンカードなどトレーディングカード全般の買取を行っております。
買取ご希望のお客様はなんでもお気軽に連絡してください(saluting man)

ご郵送買取の流れはメニューから”郵送買取の流れ”をご確認ください(sparkle)

ご郵送買取ご希望の場合にはメニューの”申し込みフォーム”からご申請が可能となっております。

お問い合わせなどはお気にご連絡ください。"
User,Unknown,2025/09/26,12:06:08,"初めまして、買取希望で単価をお聞きしたいです。

マクドナルドプロモ未開封パック100パック

インフェルノシュリンク付きBOX7箱

本日配送可能です。"
User,Unknown,2025/09/26,12:06:28,振込スピードもお伺いしたいです。
Account,内藤夏樹,2025/09/26,12:06:43,"毎々、お世話になっております。
マクドナルドプロモは〆切となりました。"
Account,内藤夏樹,2025/09/26,12:06:50,インフェルノは準備中です。
User,Unknown,2025/09/26,12:07:01,ご返信ありがとうございます。かしこまりました。
Account,内藤夏樹,2025/09/26,12:07:12,振込みは到着日当日目標に頑張っています
User,Unknown,2025/09/26,12:07:49,かしこまりました。
User,Unknown,2025/10/01,12:29:09,本日発送可能で、インフェルノXのシュリンク付きBOX38個とカートン3個あるんですけど、買取金額はおいくらでしょうか？
Account,内藤夏樹,2025/10/01,12:31:26,"毎々、お世話になっております。
以下お見積もりとなります。"
Account,内藤夏樹,2025/10/01,12:32:02,"毎々、お世話になっております。
御見積書を送付いたします。

買取見積書 -
・ポケモンカード　インフェルノX　74箱　単価12,900円　小計954,600円

減額項目（ある場合）：
・減額項目：-円 × 点 = -円

合計：954,600円
減額合計：0円
最終買取金額：954,600円"
User,Unknown,2025/10/01,12:33:16,38BOXのみ明日午前中必着でお願い出来ますでしょうか？
Account,内藤夏樹,2025/10/01,12:33:50,"承知しました。
12900x 38個で賜りました。"
User,Unknown,2025/10/01,12:34:51,この後の流れはどのような流れでしょうか？
Account,内藤夏樹,2025/10/01,12:35:24,メニューの申請を行い、発送手続きをお願い申し上げます。
User,Unknown,2025/10/01,12:40:27,すみません、手続き的に当日出荷が出来なさそうなので、やっぱりキャンセルさせてください。
Account,内藤夏樹,2025/10/01,12:51:40,承知しました。
Account,内藤夏樹,2025/10/01,14:22:47,"明日発送でも大丈夫です。
ぜひ、ご検討ください。

カートンは158400円で買取させてください。"
User,Unknown,2025/10/01,14:23:40,"カートンも他社に発送してしまいました。
入荷は今後もありますので、その際はよろしくお願いします。"
Account,内藤夏樹,2025/10/01,14:26:18,承知しました。
