﻿アカウント名,にこにこ買取＠業界最高の買取価格宣言！
タイムゾーン,'+09:00
ダウンロード日時,2026/02/21 04:37
送信者タイプ,送信者名,送信日,送信時刻,内容
Account,応答メッセージ,2025/09/23,15:41:11,"李坤さん
はじめまして！にこにこ買取＠業界最高の買取価格宣言！です。
友だち追加ありがとうございます！
にこにこ買取です(moon big smile)

ポケモンカードなどトレーディングカード全般の買取を行っております。
買取ご希望のお客様はなんでもお気軽に連絡してください(saluting man)

ご郵送買取の流れはメニューから”郵送買取の流れ”をご確認ください(sparkle)

ご郵送買取ご希望の場合にはメニューの”申し込みフォーム”からご申請が可能となっております。

お問い合わせなどはお気にご連絡ください。"
User,李坤,2025/09/25,17:00:59,マクドナルドプロモ
Account,内藤夏樹,2025/09/25,17:08:09,はい、よろしくお願いします
User,李坤,2025/09/25,17:08:35,今6500？
Account,内藤夏樹,2025/09/25,17:09:27,"6,800です"
Account,内藤夏樹,2025/09/25,17:09:33,何個あります
User,李坤,2025/09/25,17:09:48,100パックです。
Account,内藤夏樹,2025/09/25,17:09:58,はい、よろしくお願い申し上げます。
Account,内藤夏樹,2025/09/25,17:10:03,"100×6800
マクドナルドプロモ"
User,李坤,2025/09/25,17:19:27,申し込みしました。
Account,内藤夏樹,2025/09/25,17:29:20,発送をよろしくお願い申し上げます。
User,李坤,2025/09/25,18:37:30,ヤマト運輸/279067964755/李坤
Account,内藤夏樹,2025/09/25,18:38:02,ありがとうございました。
Account,内藤夏樹,2025/09/29,16:01:03,フクオカ持っていますか
User,李坤,2025/09/29,16:03:22,ない(crying Moon)
Account,内藤夏樹,2025/09/29,16:03:46,ワオ
