﻿アカウント名,にこにこ買取＠業界最高の買取価格宣言！
タイムゾーン,'+09:00
ダウンロード日時,2026/02/21 04:37
送信者タイプ,送信者名,送信日,送信時刻,内容
Account,応答メッセージ,2024/11/30,01:27:32,"金内 修矢さん
はじめまして！にこにこ買取＠業界最高の買取価格宣言！です。
友だち追加ありがとうございます！
にこにこ買取です(moon big smile)

ポケモンカードなどトレーディングカード全般の買取を行っております。
買取ご希望のお客様はなんでもお気軽に連絡してください(saluting man)

ご郵送買取の流れは以下の”郵送買取の流れ”をご確認ください(sparkle)

お問い合わせなどはお気軽にメッセージからご連絡ください(phone)"
Account,応答メッセージ,2024/11/30,01:27:32,写真を送信しました。
Account,応答メッセージ,2024/11/30,01:27:32,写真を送信しました。
User,金内 修矢,2025/06/06,15:41:05,お世話になっております。新潟県内(新潟市)在住なのですが、もし直接持ち込む場合はどちらに伺ったらよろしいですか？また定休日はありますでしょうか？
Account,内藤夏樹,2025/06/06,15:45:10,"毎々、お世話になっております。
長岡周辺でお待ち合わせとなります。"
User,金内 修矢,2025/09/27,17:26:39,お世話になっております。新潟市のどこら辺なら直接買取可能でしょうか？
Account,内藤夏樹,2025/09/27,17:27:05,中央区にあたりにおります🙇🏻‍♂️🙇🏻‍♂️
