﻿アカウント名,にこにこ買取＠業界最高の買取価格宣言！
タイムゾーン,'+09:00
ダウンロード日時,2026/02/21 04:37
送信者タイプ,送信者名,送信日,送信時刻,内容
Account,応答メッセージ,2025/09/25,17:21:54,"佐藤　太祐さん
はじめまして！にこにこ買取＠業界最高の買取価格宣言！です。
友だち追加ありがとうございます！
にこにこ買取です(moon big smile)

ポケモンカードなどトレーディングカード全般の買取を行っております。
買取ご希望のお客様はなんでもお気軽に連絡してください(saluting man)

ご郵送買取の流れはメニューから”郵送買取の流れ”をご確認ください(sparkle)

ご郵送買取ご希望の場合にはメニューの”申し込みフォーム”からご申請が可能となっております。

お問い合わせなどはお気にご連絡ください。"
User,佐藤　太祐,2025/09/25,17:24:37,"初めまして。

マクドナルドプロモパック
8パック郵送買取希望となります。

よろしくお願いいたします。"
Account,内藤夏樹,2025/09/25,17:29:33,"毎々、お世話になっております。
申請をよろしくお願いします🙇"
Account,内藤夏樹,2025/09/25,17:29:42,"マクドナルドプロモ
6800×8"
User,佐藤　太祐,2025/09/25,18:33:24,ヤマト運輸/7641-9492-5874/佐藤太祐
Account,内藤夏樹,2025/09/25,18:34:06,ありがとうございました。
User,佐藤　太祐,2025/09/27,14:26:21,"お世話になっております。

こちらはいつ頃査定完了予定でしょうか？"
Account,内藤夏樹,2025/09/27,14:27:27,"毎々、お世話になっております。
お振込み完了しております。"
Account,内藤夏樹,2025/09/27,14:27:32,ご確認をよろしくお願い申し上げます。
User,佐藤　太祐,2025/09/27,14:28:16,"確認取れました。

ありがとうございます。"
Account,内藤夏樹,2025/09/27,14:28:43,ありがとうございました。
