﻿アカウント名,にこにこ買取＠業界最高の買取価格宣言！
タイムゾーン,'+09:00
ダウンロード日時,2026/02/21 04:37
送信者タイプ,送信者名,送信日,送信時刻,内容
Account,応答メッセージ,2025/09/26,15:15:44,"しゅうへいさん
はじめまして！にこにこ買取＠業界最高の買取価格宣言！です。
友だち追加ありがとうございます！
にこにこ買取です(moon big smile)

ポケモンカードなどトレーディングカード全般の買取を行っております。
買取ご希望のお客様はなんでもお気軽に連絡してください(saluting man)

ご郵送買取の流れはメニューから”郵送買取の流れ”をご確認ください(sparkle)

ご郵送買取ご希望の場合にはメニューの”申し込みフォーム”からご申請が可能となっております。

お問い合わせなどはお気にご連絡ください。"
User,しゅうへい,2025/09/26,18:11:00,写真を送信しました。
User,しゅうへい,2025/09/26,18:31:59,写真を送信しました。
User,しゅうへい,2025/09/26,18:33:04,① マクドナルドプロモ② 8③  1つ6500 8つ52000
User,しゅうへい,2025/09/26,18:33:18,予定です
Account,内藤夏樹,2025/09/26,18:34:31,"毎々、お世話になっております。
こちらの募集は〆切となりました"
User,しゅうへい,2025/09/26,18:34:44,"わかりました
ありがとうございます"
