﻿アカウント名,にこにこ買取＠業界最高の買取価格宣言！
タイムゾーン,'+09:00
ダウンロード日時,2026/02/21 04:37
送信者タイプ,送信者名,送信日,送信時刻,内容
Account,応答メッセージ,2025/03/21,12:42:24,"ふみさん
はじめまして！にこにこ買取＠業界最高の買取価格宣言！です。
友だち追加ありがとうございます！
にこにこ買取です(moon big smile)

ポケモンカードなどトレーディングカード全般の買取を行っております。
買取ご希望のお客様はなんでもお気軽に連絡してください(saluting man)

ご郵送買取の流れは以下の”郵送買取の流れ”をご確認ください(sparkle)

お問い合わせなどはお気軽にメッセージからご連絡ください(phone)"
Account,応答メッセージ,2025/03/21,12:42:24,写真を送信しました。
Account,応答メッセージ,2025/03/21,12:42:24,写真を送信しました。
User,ふみ,2025/08/10,17:48:46,マクドプロモ　50パック買取可能でしょうか。
Account,内藤夏樹,2025/08/10,17:59:41,"毎々、お世話になっております。
〆切となりました！"
User,ふみ,2025/08/10,17:59:59,承知致しました！お返事ありがとうございます！
User,ふみ,2025/08/10,18:04:54,いまXみさせていただきました。50可能でしょうか。
Account,内藤夏樹,2025/08/10,18:05:21,"毎々、お世話になっております。

2100×50

よろしくお願い申し上げます🙇"
User,ふみ,2025/08/10,18:05:40,本日中に発送させていただきます！
Account,内藤夏樹,2025/08/10,18:06:16,ありがとうございます😭
Account,内藤夏樹,2025/08/10,18:06:17,よろしくお願い申し上げます。
Account,内藤夏樹,2025/08/10,18:06:26,"申請も後で構いませんので
よろしくお願い申し上げます。"
User,ふみ,2025/09/22,13:05:58,"お世話になっております。
受け継がれる意志　8BOXお願いします！"
User,ふみ,2025/09/22,13:07:28,あとメモリアルコレクション3BOXと双璧の覇者1BOX宜しくお願い致します。
Account,内藤夏樹,2025/09/22,13:09:14,"ありがとうございます。
お見積もりお送りしますね。"
User,ふみ,2025/09/22,13:09:48,あとマクドプロモ15パックもお願い致します。
Account,内藤夏樹,2025/09/22,13:20:23,"毎々、お世話になっております。
御見積書を送付いたします。
 * 買取見積書 -
   ・ワンピースカード　受け継がれる意思　8箱　単価7,000円　小計56,000円
   ・ワンピースカード　メモリアルコレクション　3箱　単価5,800円　小計17,400円
   ・ワンピースカード　双璧の覇者　1箱　単価6,000円　小計6,000円
   ・ポケモンカード　マクドナルドプロモ　15個　単価6,800円　小計102,000円
合計：181,400円
減額合計：0円
最終買取金額：181,400円
ご確認のほど、よろしくお願いいたします。"
User,ふみ,2025/09/22,13:21:03,承知致しました。宜しくお願い致します！
Account,内藤夏樹,2025/09/22,13:21:11,よろしくお願い申し上げます。
User,ふみ,2025/09/24,14:50:04,お世話になっております。本日はお休みでしょうか。
Account,内藤夏樹,2025/09/24,14:51:33,"毎々、お世話になっております。
お休みを頂いております"
User,ふみ,2025/09/24,14:52:51,"承知致しました！
前回買取お願いしてた分が仕事で翌日発送分で間に合わなかって、、明日また買取お願いします！！"
Account,内藤夏樹,2025/09/24,14:53:49,"申し訳ございません。
どういうことでしょうか、、、？"
User,ふみ,2025/09/24,14:55:31,この分が仕事が長引いてしまって発送できてないです。明日また買取表がでてから買取依頼させていただきたいです。宜しくお願い致します。
Account,内藤夏樹,2025/09/24,15:27:31,ご申請はされておりますか？
User,ふみ,2025/09/24,15:45:14,できてないです。
Account,内藤夏樹,2025/09/24,15:46:54,"なら大丈夫です！
受け継がれる意思が6000円
マクドナルドが6500円になりますが、よろしければご申請ください。"
User,ふみ,2025/09/24,23:13:18,検討してみます🙇‍♂️
User,ふみ,2025/09/25,16:16:08,"お世話になっております。
マクドプロモ15パック
受け継がれる意思5BOX
双璧の覇者1BOX
メモリアルコレクション2BOX

本日発送可能です。
宜しくお願い致します。"
Account,内藤夏樹,2025/09/25,16:30:24,受け継がれる意思は〆切となりました🙇🏻‍♂️
User,ふみ,2025/09/25,16:32:01,受け継がれる意思以外は可能でしょうか🙇‍♂️
Account,内藤夏樹,2025/09/25,16:35:14,はい、可能です。
Account,内藤夏樹,2025/09/25,16:35:46,"毎々、お世話になっております。
御見積書を送付いたします。
 * 買取見積書 -

   ・ワンピースカード　メモリアルコレクション　3箱　単価5,800円　小計17,400円
   ・ワンピースカード　双璧の覇者　1箱　単価6,000円　小計6,000円
   ・ポケモンカード　マクドナルドプロモ　15個　単価6,800円　小計102,000円"
