﻿アカウント名,にこにこ買取＠業界最高の買取価格宣言！
タイムゾーン,'+09:00
ダウンロード日時,2026/02/21 04:37
送信者タイプ,送信者名,送信日,送信時刻,内容
Account,応答メッセージ,2025/05/27,12:46:26,"あいちんさん
はじめまして！にこにこ買取＠業界最高の買取価格宣言！です。
友だち追加ありがとうございます！
にこにこ買取です(moon big smile)

ポケモンカードなどトレーディングカード全般の買取を行っております。
買取ご希望のお客様はなんでもお気軽に連絡してください(saluting man)

ご郵送買取の流れは以下の”郵送買取の流れ”をご確認ください(sparkle)

お問い合わせなどはお気軽にメッセージからご連絡ください(phone)"
Account,応答メッセージ,2025/05/27,12:46:26,写真を送信しました。
Account,応答メッセージ,2025/05/27,12:46:26,写真を送信しました。
User,愛,2025/05/27,12:48:32,郵送買取した場合明日の到着で明日の振込可能でしょうか？
Account,内藤夏樹,2025/05/27,15:02:36,"毎々、お世話になっております。
発地にもよりますが、可能です。"
User,愛,2025/09/23,13:41:05,こちら本日発送したら明日振込可能ですか？
User,愛,2025/09/23,13:41:37,ブラックボルトBOX5箱です
Account,内藤夏樹,2025/09/23,15:24:05,"毎々、お世話になっております。
本日の買取は終わりました🙇🏻‍♂️"
