﻿アカウント名,にこにこ買取＠業界最高の買取価格宣言！
タイムゾーン,'+09:00
ダウンロード日時,2026/02/21 04:37
送信者タイプ,送信者名,送信日,送信時刻,内容
Account,応答メッセージ,2025/06/09,12:59:33,"Y.Sさん
はじめまして！にこにこ買取＠業界最高の買取価格宣言！です。
友だち追加ありがとうございます！
にこにこ買取です(moon big smile)

ポケモンカードなどトレーディングカード全般の買取を行っております。
買取ご希望のお客様はなんでもお気軽に連絡してください(saluting man)

ご郵送買取の流れはメニューから”郵送買取の流れ”をご確認ください(sparkle)

お問い合わせなどはお気軽にメッセージからご連絡ください(phone)"
Account,応答メッセージ,2025/06/09,12:59:33,写真を送信しました。
Account,応答メッセージ,2025/06/09,12:59:33,写真を送信しました。
Account,応答メッセージ,2025/06/09,12:59:33,写真を送信しました。
User,Y.Shiba,2025/09/15,16:05:41,写真を送信しました。
User,Y.Shiba,2025/09/15,16:05:41,"こんにちは、買取価格について一つ質問です。
ポケモンセンターヒロシマBOXですが
まだこの価格で買取しておりましたでしょうか？"
Account,内藤夏樹,2025/09/15,16:14:47,"毎々、お世話になっております。
〆切となりました。"
User,Y.Shiba,2025/09/15,16:15:18,"ご回答ありがとうございます。
かしこまりました。"
