﻿アカウント名,にこにこ買取＠業界最高の買取価格宣言！
タイムゾーン,'+09:00
ダウンロード日時,2026/02/21 04:37
送信者タイプ,送信者名,送信日,送信時刻,内容
Account,応答メッセージ,2025/09/13,16:22:37,"Yugoさん
はじめまして！にこにこ買取＠業界最高の買取価格宣言！です。
友だち追加ありがとうございます！
にこにこ買取です(moon big smile)

ポケモンカードなどトレーディングカード全般の買取を行っております。
買取ご希望のお客様はなんでもお気軽に連絡してください(saluting man)

ご郵送買取の流れはメニューから”郵送買取の流れ”をご確認ください(sparkle)

ご郵送買取ご希望の場合にはメニューの”申し込みフォーム”からご申請が可能となっております。

お問い合わせなどはお気にご連絡ください。"
User,Yugo,2025/09/13,16:39:53,マクドナルドピカチュウ未開封を15パック買取お願いしたいのですが可能でしょうか？
Account,内藤夏樹,2025/09/13,16:53:23,"毎々、お世話になっております。
はい。可能です。"
Account,内藤夏樹,2025/09/13,16:53:30,"7000x15

こちらで申請を宜しくお願い致します。"
User,Yugo,2025/09/13,18:59:55,了解しましたよろしくお願いします
Account,内藤夏樹,2025/09/13,19:00:25,よろしくお願い申し上げます。
User,Yugo,2025/09/13,19:00:46,発送はレターパックはやめた方がいい感じですか?
User,Yugo,2025/09/14,17:04:37,ヤマト運輸/4698-6703-2666/柴谷祐吾
User,Yugo,2025/09/14,17:04:48,こちらで発送しましたよろしくお願いします
Account,内藤夏樹,2025/09/14,17:11:53,"連絡が遅くなり申し訳ございません。
ありがとうございました。"
Account,内藤夏樹,2025/09/14,17:12:01,すでに発送済みでしょうか。
User,Yugo,2025/09/14,17:12:27,はいヤマト運輸で発送済みになります
Account,内藤夏樹,2025/09/14,17:12:39,ありがとうございます。
Account,内藤夏樹,2025/09/14,18:54:15,"毎々、お世話になっております。
本日着荷が原則となっております。
買取価格は本日募集しておりませんため、以下の価格でお買取させていただけたらと思います。

６０００円／パック

宜しくお願い致します。"
User,Yugo,2025/09/14,19:29:21,"昨日の買取額を教えて頂いた時点でヤマト運輸の集荷が受付終了時間だったので昨日の時点でヤマトでは今日発送しかできなかったため昨日時点の買取でお願いしたいです。
よろしくお願いします"
Account,内藤夏樹,2025/09/14,19:34:40,"ご連絡ありがとうございます。

利用規約にも記載があります通り原則は翌日に弊社到着のものを価格保証させていただいております。

今回は残念ながらお受けすることはできません。"
User,Yugo,2025/09/14,21:05:55,"了解しました
5パックだけ買取でお願いしても良いでしょうか？
よろしくお願いします"
Account,内藤夏樹,2025/09/14,21:14:58,"大変申し訳ございません。
お申し込み後のキャンセルは出来かねます。"
User,Yugo,2025/09/14,21:18:41,それはどういうことですか？
Account,内藤夏樹,2025/09/14,21:26:16,お申し込み後にお客様のご都合でキャンセルは出来かねます。
User,Yugo,2025/09/14,21:28:24,"こちらの都合ではなく買取額が変わるのでキャンセルです。
7000で納得して発送しているのに発送してから金額変わったのでキャンセルお願いします"
Account,内藤夏樹,2025/09/14,21:33:56,"承知しました。

ご返送手続きをとるように調整します。
着払いになることはご了承ください。"
User,Yugo,2025/09/14,21:35:19,お手数おかけしますがよろしくお願いします。
Account,内藤夏樹,2025/09/14,21:35:59,"承知しました。
それかお客様がヤマト運輸様に電話していただくことで引き戻しことが可能かもしれません。"
User,Yugo,2025/09/14,21:37:04,出来ればその方向でヤマト運輸に連絡させて頂きます。
Account,内藤夏樹,2025/09/14,21:52:18,よろしくお願い申し上げます。
Account,内藤夏樹,2025/09/14,21:52:31,弊社に到着する前ならばその方がありがたいです
User,Yugo,2025/09/14,22:33:20,明日朝一で連絡してみます
Account,内藤夏樹,2025/09/14,22:34:57,よろしくお願い申し上げます。
User,Yugo,2025/09/15,08:13:42,ヤマト運輸で荷物の引き戻し依頼行うことできましたのでお伝えさせて頂きます
Account,内藤夏樹,2025/09/15,08:14:06,"良かったです。
ありがとうございました。"
