﻿アカウント名,にこにこ買取＠業界最高の買取価格宣言！
タイムゾーン,'+09:00
ダウンロード日時,2026/02/21 04:37
送信者タイプ,送信者名,送信日,送信時刻,内容
Account,応答メッセージ,2025/09/13,14:22:37,"TOMOさん
はじめまして！にこにこ買取＠業界最高の買取価格宣言！です。
友だち追加ありがとうございます！
にこにこ買取です(moon big smile)

ポケモンカードなどトレーディングカード全般の買取を行っております。
買取ご希望のお客様はなんでもお気軽に連絡してください(saluting man)

ご郵送買取の流れはメニューから”郵送買取の流れ”をご確認ください(sparkle)

ご郵送買取ご希望の場合にはメニューの”申し込みフォーム”からご申請が可能となっております。

お問い合わせなどはお気にご連絡ください。"
User,TOMO,2025/09/13,14:22:54,"お世話になります。
マクドナルドポケモンカード プロモ150パックは1パックあたり7,000円で買取可能でしょうか？"
Account,内藤夏樹,2025/09/13,15:44:13,"毎々、お世話になっております。
申し訳ございません。
〆切となりました🙇🏻‍♂️"
Account,内藤夏樹,2025/09/13,19:01:52,"毎々、お世話になっております。
枠が空いたのですが、御買取させていただけますでしょうか"
User,TOMO,2025/09/13,20:57:25,"お世話になります。
他の会社に売却してしまいました。"
Account,内藤夏樹,2025/09/13,22:06:51,"承知しました。
ご連絡ありがとうございました。"
