﻿アカウント名,にこにこ買取＠業界最高の買取価格宣言！
タイムゾーン,'+09:00
ダウンロード日時,2026/02/21 04:35
送信者タイプ,送信者名,送信日,送信時刻,内容
Account,応答メッセージ,2025/07/21,13:21:10,"P.E.Tさん
はじめまして！にこにこ買取＠業界最高の買取価格宣言！です。
友だち追加ありがとうございます！
にこにこ買取です(moon big smile)

ポケモンカードなどトレーディングカード全般の買取を行っております。
買取ご希望のお客様はなんでもお気軽に連絡してください(saluting man)

ご郵送買取の流れはメニューから”郵送買取の流れ”をご確認ください(sparkle)
URL→https://docs.google.com/document/d/1C26OXaKsxKKKeJA-46Uvyudph5wG-l-PZCBXFh9K5Nw/edit?usp=sharing

ご郵送買取ご希望の場合にはメニューの”申し込みフォーム”からご申請が可能となっております。

お問い合わせなどはお気にご連絡ください。"
Account,応答メッセージ,2025/07/21,13:21:10,写真を送信しました。
User,P.E.T,2025/07/21,13:32:33,買取お願いしたいです！
Account,内藤夏樹,2025/07/21,13:35:23,"毎々、お世話になっております。
ありがとうございます！
ブラホワ、151は〆切となりました。"
User,P.E.T,2025/07/21,13:38:01,ブラホワ締切ですか💦
User,P.E.T,2025/07/21,13:43:32,またの機会でお願いします🙇‍♀️
User,P.E.T,2025/08/27,12:27:48,買取お願いしたいです！
Account,内藤夏樹,2025/08/27,12:29:49,よろしくお願い申し上げます
Account,内藤夏樹,2025/08/27,12:29:54,なににしましょう
User,P.E.T,2025/08/27,12:31:40,"「①ポケモンカードメガブレイブ／②6箱／③10400円」

「①ポケモンカードメガシンフォニア／②6箱／③7400円」

「①ポケモンカードホワイトフレア／②4箱／③8000円」

「①ポケモンカードブラックボルト／②4箱／③9200円」

「①ポケモンカード超電ブレイカー／②1箱／③11300円」

「①ポケモンカードロケット団／②1箱／③9200円」

「①ポケモンカード楽園ドラゴーナ／②1箱／③9000円」"
User,P.E.T,2025/08/27,12:31:57,こちらをお願いしたいです！
Account,内藤夏樹,2025/08/27,12:33:58,"毎々、お世話になっております。  
御見積書を送付いたします。

- 買取見積書 -
・ポケモンカード　メガブレイブ　6箱　単価10,400円　小計62,400円  
・ポケモンカード　メガシンフォニア　6箱　単価7,400円　小計44,400円  
・ポケモンカード　ホワイトフレア　4箱　単価8,000円　小計32,000円  
・ポケモンカード　ブラックボルト　4箱　単価9,200円　小計36,800円  
・ポケモンカード　超電ブレイカー　1箱　単価11,300円　小計11,300円  
・ポケモンカード　ロケット団の栄光　1箱　単価9,200円　小計9,200円  
・ポケモンカード　楽園ドラゴーナ　1箱　単価9,000円　小計9,000円  

減額項目：なし  

合計：205,100円  
減額合計：0円  
最終買取金額：205,100円  

ご確認のほど、よろしくお願いいたします。"
User,P.E.T,2025/08/27,12:35:04,大丈夫です！よろしくお願いします！
Account,内藤夏樹,2025/08/27,12:35:37,"ありがとうございます。
それではメニューから申請とご発送の手続きをよろしくお願いします。"
User,P.E.T,2025/08/27,13:46:30,ヤマト運輸/3861-6090-1836/今村　悠哉
User,P.E.T,2025/08/27,13:47:22,"送らせて頂いたのですが、こちらの誤りで時間指定を抜かしてしまいました💦
翌日には着くのですが、申し訳ありません🙇‍♀️"
Account,内藤夏樹,2025/08/27,14:11:03,"大丈夫です！
有難うございます"
Account,内藤夏樹,2025/08/28,16:48:20,"'- 買取見積書 -
・ポケモンカード　メガブレイブ　6箱　単価10,400円　小計62,400円  
・ポケモンカード　メガシンフォニア　6箱　単価7,400円　小計44,400円  
・ポケモンカード　ホワイトフレア　4箱　単価8,000円　小計32,000円  
・ポケモンカード　ブラックボルト　4箱　単価9,200円　小計36,800円  
・ポケモンカード　超電ブレイカー　1箱　単価11,300円　小計11,300円  
・ポケモンカード　ロケット団の栄光　1箱　単価9,200円　小計9,200円  
・ポケモンカード　楽園ドラゴーナ　1箱　単価9,000円　小計9,000円  

減額項目：なし  

合計：205,100円  
減額合計：0円  
最終買取金額：205,100円  

ご確認のほど、よろしくお願いいたします。

こちらでお振込みをしました。"
User,P.E.T,2025/08/28,17:23:14,"ありがとございます！
またの取引宜しくお願いいたします🙇‍♀️"
User,P.E.T,2025/10/23,13:05:27,送信が取り消されたメッセージです
User,P.E.T,2025/10/23,13:38:53,写真を送信しました。
User,P.E.T,2025/10/23,13:39:08,こちらのテラスタルフェスの値段が違うのはどっちが合ってますか？
User,P.E.T,2025/10/23,13:50:16,写真を送信しました。
Account,内藤夏樹,2025/10/23,13:56:38,リストがああっております
User,P.E.T,2025/10/23,14:04:23,承知しました🙇‍♀️
User,P.E.T,2025/10/23,15:21:12,買取お願い致します。
User,P.E.T,2025/10/23,15:24:16,"「①ポケモンカードインフェルノX／②9箱／③15,500円」

「①ポケモンカードメガブレイブ／②4箱／③11,200円」

「①ポケモンカードメガシンフォニア／②2箱／③7,400円」

「①ポケモンカードロケット団の栄光／②2箱／③11,700円」

「①ポケモンカードテラスタルフェス／②1箱／③13,500円」"
Account,内藤夏樹,2025/10/23,15:34:39,"「①ポケモンカードインフェルノX／②9箱／③15,500円」

「①ポケモンカードメガブレイブ／②4箱／③11,200円」

「①ポケモンカードメガシンフォニア／②2箱／③7,400円」

「①ポケモンカードロケット団の栄光／②2箱／③11,700円」

「①ポケモンカードテラスタルフェス／②1箱／③13,500円」"
Account,内藤夏樹,2025/10/23,15:34:46,"こちらで賜りました。
申請をよろしくお願い申し上げます。"
User,P.E.T,2025/10/23,16:32:47,"ヤマト運輸
2890-1228-9086
着払い
で送らせて頂きました。"
Account,内藤夏樹,2025/10/24,21:43:14,"買取見積書 -
・ポケモンカード　インフェルノX　9箱　単価15,500円　小計139,500円
・ポケモンカード　メガブレイブ　4箱　単価11,200円　小計44,800円
・ポケモンカード　メガシンフォニア　2箱　単価7,400円　小計14,800円
・ポケモンカード　ロケット団の栄光　2箱　単価11,700円　小計23,400円
・ポケモンカード　テラスタルフェスex　1箱　単価13,500円　小計13,500円

合計：236,000円
減額合計：0円
最終買取金額：236,000円"
User,P.E.T,2025/10/24,21:48:11,"ありがとうございました🙏
またよろしくお願いします(よろしく)"
Account,内藤夏樹,2025/10/24,21:48:21,ありがとうございます。
User,P.E.T,2025/10/24,21:50:02,振込済みでしょうか？
Account,内藤夏樹,2025/10/24,21:53:41,はい、振込み実行しております。
User,P.E.T,2025/10/24,22:04:06,"確認できました！
ありがとうございます(ありがとう)"
User,P.E.T,2025/12/18,13:39:49,今日は買取されますでしょうか？
Account,内藤夏樹,2025/12/18,14:05:02,"毎々、お世話になっております。

希望の商品はなんでしょうか。"
User,P.E.T,2025/12/18,14:10:03,"値段をお聞きしたく、
テラスタルフェス
メガブレイブ
メガシンフォニア
をお聞きしたいです🙇‍♂️"
User,P.E.T,2025/12/18,14:56:21,最新価格はどうでしょうか？
User,P.E.T,2026/01/21,16:19:14,"買取よろしくお願いします🙇‍♀️

インフェルノX 4BOX
テラスタルフェス 8BOX
メガドリーム 7BOX"
User,P.E.T,2026/01/21,16:22:02,ロケット団の栄光 1BOXです！
Account,内藤夏樹,2026/01/21,16:25:59,毎々、お世話になっております。
Account,内藤夏樹,2026/01/21,16:26:19,バトルパートナーズはありませんか
User,P.E.T,2026/01/21,16:27:25,パドルパートナーズまだ所有していません💦
User,P.E.T,2026/01/21,16:28:18,"金曜日から買取でしたか💦
他のはまだ買取されていない感じでしょうか？"
User,P.E.T,2026/02/05,13:37:54,送信が取り消されたメッセージです
User,P.E.T,2026/02/05,13:39:41,"ムニキスゼロ 8Box 7500円
テラスタルフェス 5BOX 14700円
どちらもシュリンクアリです。

買取お願い出来ますか？"
User,P.E.T,2026/02/05,14:19:32,どうでしょうか？
Account,内藤夏樹,2026/02/05,14:39:39,"毎々、お世話になっております。
本日お申込み多数につき〆切となりました。"
User,P.E.T,2026/02/05,14:41:09,承知しました。
User,P.E.T,2026/02/18,14:32:19,"こんにちは。
ムニキスゼロ×7BOX 7000円
エッグクライシス×2BOX 9000円

買取お願いできますか？"
Account,内藤夏樹,2026/02/18,14:40:37,本日は郵送買取の受付が終了となりました。申し訳ございません。
