﻿アカウント名,にこにこ買取＠業界最高の買取価格宣言！
タイムゾーン,'+09:00
ダウンロード日時,2026/02/21 04:37
送信者タイプ,送信者名,送信日,送信時刻,内容
Account,応答メッセージ,2025/04/25,16:17:21,"ryuyaさん
はじめまして！にこにこ買取＠業界最高の買取価格宣言！です。
友だち追加ありがとうございます！
にこにこ買取です(moon big smile)

ポケモンカードなどトレーディングカード全般の買取を行っております。
買取ご希望のお客様はなんでもお気軽に連絡してください(saluting man)

ご郵送買取の流れは以下の”郵送買取の流れ”をご確認ください(sparkle)

お問い合わせなどはお気軽にメッセージからご連絡ください(phone)"
Account,応答メッセージ,2025/04/25,16:17:21,写真を送信しました。
Account,応答メッセージ,2025/04/25,16:17:21,写真を送信しました。
User,ryuya,2025/09/11,12:41:00,"ヒロシマセット
9箱
郵送買取希望です"
Account,内藤夏樹,2025/09/11,12:43:22,毎々、お世話になっております。
Account,内藤夏樹,2025/09/11,12:43:36,"毎々、お世話になっております。  
御見積書を送付いたします。

- 買取見積書 -
・ポケモンカード　ヒロシマ　9箱　単価31,000円　小計279,000円

合計：279,000円  
減額合計：0円  
最終買取金額：279,000円

ご確認のほど、よろしくお願いいたします。"
Account,内藤夏樹,2025/09/11,12:43:48,こちらでメニューより申請と発送手続きをよろしくお願い申し上げます。
User,ryuya,2025/09/11,12:45:42,"かしこまりました！
宜しくお願いします！"
Account,内藤夏樹,2025/09/11,12:48:29,よろしくお願い申し上げます。
User,ryuya,2025/09/11,12:52:16,"フォームの入力完了しました
確認なのですが住民票の同梱のみで大丈夫でしょうか？"
Account,内藤夏樹,2025/09/11,12:53:25,はい、大丈夫です。
User,ryuya,2025/09/11,12:55:42,かしこまりました！
Account,内藤夏樹,2025/09/11,12:56:21,よろしくお願い申し上げます。
User,ryuya,2025/09/11,17:49:41,"ヤマト運輸

330866382195

青野　流弥"
User,ryuya,2025/09/11,17:50:04,"明日9／11日
14時〜16時着です🙇‍♂️"
Account,内藤夏樹,2025/09/11,17:51:19,ありがとうございました。
Account,内藤夏樹,2025/09/12,20:44:50,"毎々、お世話になっております。
満額にてお振込みをしました。"
User,ryuya,2025/09/12,22:05:03,"確認とれました！
ありがとうございました🙇‍♂️"
