﻿アカウント名,にこにこ買取＠業界最高の買取価格宣言！
タイムゾーン,'+09:00
ダウンロード日時,2026/02/21 04:37
送信者タイプ,送信者名,送信日,送信時刻,内容
Account,応答メッセージ,2025/07/22,12:40:22,"mさん
はじめまして！にこにこ買取＠業界最高の買取価格宣言！です。
友だち追加ありがとうございます！
にこにこ買取です(moon big smile)

ポケモンカードなどトレーディングカード全般の買取を行っております。
買取ご希望のお客様はなんでもお気軽に連絡してください(saluting man)

ご郵送買取の流れはメニューから”郵送買取の流れ”をご確認ください(sparkle)

ご郵送買取ご希望の場合にはメニューの”申し込みフォーム”からご申請が可能となっております。

お問い合わせなどはお気にご連絡ください。"
User,m,2025/07/22,13:20:45,郵送買取お願いしたいのですが、まずこちらに商品名と個数記載であっておりますか？
Account,内藤夏樹,2025/07/22,13:21:55,"毎々、お世話になっております。
はい、よろしくお願い申し上げます。"
Account,内藤夏樹,2025/07/22,13:22:09,"利用方法をがメニューから参照できます。
ご確認をお願いします。"
User,m,2025/07/22,13:23:44,後こちらの151は買取可能でしょうか？画像ご確認ください。
User,m,2025/07/22,13:23:48,写真を送信しました。
User,m,2025/07/22,13:27:21,"画像の151が大丈夫でしたら下の内容お願いしたいです。

①ブラックボルト②5箱③44000
①ホワイトフレア②6箱③49200
①ロケット団の栄光②2箱③22200
①サイバージャッジ②2箱③13000
①古代の咆哮②4箱③26000
①未来の一閃②3箱③17400
①ポケモンカード151②1箱③23800
①ポケモンカード sr②20枚③6600"
Account,内藤夏樹,2025/07/22,13:28:30,"ありがとうございました。
パカパカしているという理解でしょうか。"
User,m,2025/07/22,13:30:24,完全に外れてるわけではなくて少しパカパカしてます！
Account,内藤夏樹,2025/07/22,13:42:33,問題ないかと思いますが、最終的には現物を確認させてください。
User,m,2025/07/22,13:43:13,"わかりました！
ではこちらでお願いします！"
Account,内藤夏樹,2025/07/22,13:44:04,"毎々、お世話になっております。  
御見積書を送付いたします。

- 買取見積書 -
・ポケモンカード　ブラックボルト　5箱　単価8,800円　小計44,000円  
・ポケモンカード　ホワイトフレア　6箱　単価8,200円　小計49,200円  
・ポケモンカード　ロケット団の栄光　2箱　単価11,100円　小計22,200円  
・ポケモンカード　サイバージャッジ　2箱　単価6,500円　小計13,000円  
・ポケモンカード　古代の咆哮　4箱　単価6,500円　小計26,000円  
・ポケモンカード　未来の一閃　3箱　単価5,800円　小計17,400円  
・ポケモンカード151　1箱　単価23,800円　小計23,800円  
・ポケモンカード SRカード　20枚　単価330円　小計6,600円

減額項目：なし

合計：202,200円  
減額合計：0円  
最終買取金額：202,200円

ご確認のほど、よろしくお願いいたします。"
Account,内藤夏樹,2025/07/22,13:44:11,よろしければ、ご申請と発送をよろしくお願い申し上げます。
User,m,2025/07/22,13:55:13,"申込申請しました。
発送後連絡します。"
Account,内藤夏樹,2025/07/22,14:00:14,よろしくお願い申し上げます。
User,m,2025/07/22,14:16:54,確認なのですが、免許証表裏と住民票を同梱でよろしいでしょうか？
Account,内藤夏樹,2025/07/22,14:34:33,はい、よろしくお願いします
User,m,2025/07/22,15:31:09,"ヤマト運輸
3303-6452-4232

発送完了しました。
よろしくお願いします。"
Account,内藤夏樹,2025/07/22,16:25:17,ありがとうございます。
User,m,2025/07/23,18:18:24,"お世話になっております。
午前指定で届いたかと思うのですが荷物の確認は取れましたでしょうか？"
Account,内藤夏樹,2025/07/23,18:43:19,"毎々、お世話になっております。
到着しています。

本日遅くか、明日の査定となる予定です。"
User,m,2025/07/23,19:32:36,かしこまりました。よろしくお願いします。
Account,内藤夏樹,2025/07/23,22:33:31,"毎々、お世話になっております。
夜分遅くに失礼します。

査定及びお振込みは明日の計画です。
遅くなり申し訳ございませんが、何卒ご容赦頂けますと幸甚に存じます。"
User,m,2025/07/23,22:39:49,"こんばんは。
かしこまりました。よろしくお願いします。"
Account,内藤夏樹,2025/07/24,19:50:53,"毎々、お世話になっております。
満額査定となります。
お振込みを行います。"
User,m,2025/07/24,22:42:09,"こんばんは、お世話になっております。
振り込み確認しました。
ありがとうございました。"
User,m,2025/08/10,12:01:19,"郵送買取希望です。
①マクドナルドプロモカード
②78
③202800
お願いします。"
Account,内藤夏樹,2025/08/10,13:01:08,"毎々、お世話になっております。

規定数となりました。
ありがとうございました。"
Account,内藤夏樹,2025/08/10,13:01:14,申し訳ございません。
User,m,2025/08/10,13:11:08,かしこまりました。
User,m,2025/09/11,14:37:01,こんにちは、郵送買取お願いします。
User,m,2025/09/11,14:39:01,"①ブラックボルト②6③60600
①ホワイトフレア②6③52800
①ワイルドフォース②4③29600
①サイバージャッジ②2③14000
①未来②5③32500
①古代②4③29600
①スノーハザード②3③22800
①トリプレットビート②5③55500
①スカーレット②3③26100
①パラダイムトリガー②2③26200
①ステラミラクル②1③6400
①ナイトワンダラー②1③6200"
User,m,2025/09/11,14:39:31,"こちらの内容可能でしょうか？
あとお聞きしたいのですがsrポケモンの買取の再会はありますか？"
Account,内藤夏樹,2025/09/11,14:43:01,"毎々、お世話になっております。
本日ありがたいことにたくさんのお申し込みをいただきましたので、また後日よろしくお願い申し上げます。"
Account,内藤夏樹,2025/09/11,14:43:18,いずれは復活したいとおもいます。
User,m,2025/09/11,14:49:51,かしこまりました。
