﻿アカウント名,にこにこ買取＠業界最高の買取価格宣言！
タイムゾーン,'+09:00
ダウンロード日時,2026/02/21 04:37
送信者タイプ,送信者名,送信日,送信時刻,内容
Account,応答メッセージ,2025/09/03,20:12:57,"NGUYEN MINH SANGさん
はじめまして！にこにこ買取＠業界最高の買取価格宣言！です。
友だち追加ありがとうございます！
にこにこ買取です(moon big smile)

ポケモンカードなどトレーディングカード全般の買取を行っております。
買取ご希望のお客様はなんでもお気軽に連絡してください(saluting man)

ご郵送買取の流れはメニューから”郵送買取の流れ”をご確認ください(sparkle)

ご郵送買取ご希望の場合にはメニューの”申し込みフォーム”からご申請が可能となっております。

お問い合わせなどはお気にご連絡ください。"
User,NGUYEN MINH SANG,2025/09/03,20:13:58,写真を送信しました。
User,NGUYEN MINH SANG,2025/09/03,20:14:41,"30 ボックス　です
260000円ですか"
Account,内藤夏樹,2025/09/03,20:25:38,こんにちは
Account,内藤夏樹,2025/09/03,20:25:45,はい、26000円
User,NGUYEN MINH SANG,2025/09/03,20:50:08,今は16ボックス残ります
User,NGUYEN MINH SANG,2025/09/03,20:50:11,大丈夫ですか
Account,内藤夏樹,2025/09/03,23:08:22,はい、大丈夫です。ありがとうございます
User,NGUYEN MINH SANG,2025/09/10,17:45:06,テラスタル　13500円ですか
Account,内藤夏樹,2025/09/10,18:29:14,今は停止しております
User,NGUYEN MINH SANG,2025/09/10,18:30:30,12500円　どう？
Account,内藤夏樹,2025/09/10,21:13:01,何箱ありますでしょうか
