﻿アカウント名,にこにこ買取＠業界最高の買取価格宣言！
タイムゾーン,'+09:00
ダウンロード日時,2026/02/21 04:37
送信者タイプ,送信者名,送信日,送信時刻,内容
Account,応答メッセージ,2024/11/27,20:51:13,"はづきさん
はじめまして！にこにこ買取＠業界最高の買取価格宣言！です。
友だち追加ありがとうございます！
にこにこ買取です(moon big smile)

ポケモンカードなどトレーディングカード全般の買取を行っております。
買取ご希望のお客様はなんでもお気軽に連絡してください(saluting man)

ご郵送買取の流れは以下の”郵送買取の流れ”をご確認ください(sparkle)

お問い合わせなどはお気軽にメッセージからご連絡ください(phone)"
Account,応答メッセージ,2024/11/27,20:51:13,写真を送信しました。
Account,応答メッセージ,2024/11/27,20:51:13,写真を送信しました。
User,はづき,2024/11/27,20:58:52,"ご連絡失礼致します
買取査定お願いしたいのです
が、米沢市に住んでいまして
新潟県内まで行けば対面で査定して頂く事はご可能なのでしょうか？"
Account,内藤夏樹,2024/11/27,22:08:38,"毎々、お世話になっております。
ご連絡ありがとうございます！

山形からですか！
もちろん可能です。

しかし遠いですよね。"
User,はづき,2024/11/27,22:11:58,"ご返信ありがとう
ございます
村上市辺りだと遠いでしょうか…？(かなり県北ですみません)"
Account,内藤夏樹,2024/11/28,19:53:29,"毎々、お世話になっております。
返信が遅れてしまい申し訳ございません。

村上までは申し訳ございませんが、遠いです、、、。"
User,はづき,2024/11/28,20:10:06,"ご返信ありがとうございます
お願いしようかと思いましたが、価格表で買取停止になっておりましたので今回は見送らせて頂きます
次ご縁がございましたらどうぞよろしくお願い申し上げます🙇‍♂️"
Account,内藤夏樹,2024/11/28,20:34:02,"失礼しました。

ちなみに何をご希望でしたでしょうか？"
User,はづき,2024/11/28,20:39:52,"151を2カートンでした
再シュリ品等の流動が酷いので、現物を見て確認、査定して頂こうかと思いました
急なご連絡で失礼しました"
Account,内藤夏樹,2024/11/28,20:40:16,"なるほどですね！
お見積もりしましょうか？"
Account,内藤夏樹,2024/11/28,20:40:29,いずれにしても新潟には来ていただくことになりますが、、、
User,はづき,2024/11/28,20:46:14,"都合が合えば、一度お会いして商品確認して頂きたく思います
因みになのですが、しっかりとした正規品で買取して頂ける場合2カートンでどのくらいになりますでしょうか？
11/20？に更新されていたTwitterを見てご連絡させて頂きました"
Account,内藤夏樹,2024/11/28,20:49:44,"現在は
1カートン、130000円となります"
Account,応答メッセージ,2025/09/07,18:37:28,"はづきさん
はじめまして！にこにこ買取＠業界最高の買取価格宣言！です。
友だち追加ありがとうございます！
にこにこ買取です(moon big smile)

ポケモンカードなどトレーディングカード全般の買取を行っております。
買取ご希望のお客様はなんでもお気軽に連絡してください(saluting man)

ご郵送買取の流れはメニューから”郵送買取の流れ”をご確認ください(sparkle)

ご郵送買取ご希望の場合にはメニューの”申し込みフォーム”からご申請が可能となっております。

お問い合わせなどはお気にご連絡ください。"
User,はづき,2025/09/08,14:00:53,"初めまして
郵送買取を利用させて頂きた
いのですが、ご対応して頂く
事は可能でしょうか？

メガシンフォニア1BOX
ロストアビス1BOX
ワイルドフォース1BOX
白熱のアルカナ1BOX"
Account,内藤夏樹,2025/09/08,14:01:15,毎々、お世話になっております。可能ですよ。
Account,内藤夏樹,2025/09/08,14:01:24,価格は価格表を参照ください
User,はづき,2025/09/08,14:06:24,送信が取り消されたメッセージです
