﻿アカウント名,にこにこ買取＠業界最高の買取価格宣言！
タイムゾーン,'+09:00
ダウンロード日時,2026/02/21 04:37
送信者タイプ,送信者名,送信日,送信時刻,内容
Account,応答メッセージ,2025/09/06,23:01:44,"よっくんさん
はじめまして！にこにこ買取＠業界最高の買取価格宣言！です。
友だち追加ありがとうございます！
にこにこ買取です(moon big smile)

ポケモンカードなどトレーディングカード全般の買取を行っております。
買取ご希望のお客様はなんでもお気軽に連絡してください(saluting man)

ご郵送買取の流れはメニューから”郵送買取の流れ”をご確認ください(sparkle)

ご郵送買取ご希望の場合にはメニューの”申し込みフォーム”からご申請が可能となっております。

お問い合わせなどはお気にご連絡ください。"
User,よっくん,2025/09/06,23:03:44,"マクドナルドハッピーセットプロモカードの現在の買取価格を教えていただきたいです。
100パックちょっとの在庫があります。
よろしくお願い致します。"
Account,内藤夏樹,2025/09/07,12:51:20,毎々、お世話になっております。
Account,内藤夏樹,2025/09/07,12:51:32,現在は買取しておりませんでした。
