﻿アカウント名,にこにこ買取＠業界最高の買取価格宣言！
タイムゾーン,'+09:00
ダウンロード日時,2026/02/21 04:37
送信者タイプ,送信者名,送信日,送信時刻,内容
Account,応答メッセージ,2025/06/26,13:36:35,"ファム　フー　コンさん
はじめまして！にこにこ買取＠業界最高の買取価格宣言！です。
友だち追加ありがとうございます！
にこにこ買取です(moon big smile)

ポケモンカードなどトレーディングカード全般の買取を行っております。
買取ご希望のお客様はなんでもお気軽に連絡してください(saluting man)

ご郵送買取の流れはメニューから”郵送買取の流れ”をご確認ください(sparkle)
URL→https://docs.google.com/document/d/1C26OXaKsxKKKeJA-46Uvyudph5wG-l-PZCBXFh9K5Nw/edit?usp=sharing

ご郵送買取ご希望の場合にはメニューの”申し込みフォーム”からご申請が可能となっております。

お問い合わせなどはお気にご連絡ください。"
Account,応答メッセージ,2025/06/26,13:36:35,写真を送信しました。
User,ファム　フー　コン,2025/06/26,13:47:27,お疲れ様です
User,ファム　フー　コン,2025/06/26,13:48:25,ポケカ買取したいですが本日発送明日到着で
User,ファム　フー　コン,2025/06/26,13:48:52,到着の日に振り込み可能でしょうか？
User,ファム　フー　コン,2025/06/26,13:53:29,２８日までに振り込み可能でしょうか？
User,ファム　フー　コン,2025/06/26,13:54:00,２７日に到着場合です
User,ファム　フー　コン,2025/06/26,14:00:26,できれば予約します
User,ファム　フー　コン,2025/06/26,14:00:49,ブラックボルトとホワイトフレアとナイトワンダラです
Account,内藤夏樹,2025/06/26,14:04:04,28まで大丈夫
Account,内藤夏樹,2025/06/26,14:04:08,何箱ありますか？
User,ファム　フー　コン,2025/06/26,14:06:32,ありがとうございます
User,ファム　フー　コン,2025/06/26,14:06:59,"ブラックボルト
ホワイトフレア
ナイトワンダラですね
"
Account,内藤夏樹,2025/06/26,14:08:29,何個？
User,ファム　フー　コン,2025/06/26,14:17:12,"ブラックボルトx15
ホワイトフレア15
ナイトワンダラx20
"
User,ファム　フー　コン,2025/06/26,14:19:27,送信が取り消されたメッセージです
User,ファム　フー　コン,2025/06/26,14:29:52,予約お願いします
Account,内藤夏樹,2025/06/26,14:32:07,"ブラホワは9400円になりました。
良いですか？"
User,ファム　フー　コン,2025/06/26,14:33:12,厳しいですね
User,ファム　フー　コン,2025/06/26,14:33:37,じゃホワイト抜きで
User,ファム　フー　コン,2025/06/26,14:35:22,"ブラックボルトx30
ナイトワンダラx20
予約お願いします"
User,ファム　フー　コン,2025/06/26,14:35:44,初めてなのでやり方教えてくださいね
Account,内藤夏樹,2025/06/26,14:43:47,はい、申請フォームから申請して発送してください
Account,内藤夏樹,2025/06/26,14:44:02,"ブラックボルト
9400×30
ナイトワンダラ
5600×20"
User,ファム　フー　コン,2025/06/26,14:47:40,ちょっと待って間違います
User,ファム　フー　コン,2025/06/26,14:48:22,"ホワイトだけ下がったと思います
ブラックも9400？😢"
Account,内藤夏樹,2025/06/26,14:48:36,そですよ
User,ファム　フー　コン,2025/06/26,15:59:32,"了解です^_^
じゃ
ナイトワンダラx20
クリムゾンヘイズx5
ブラックボルト（D）	x1
ホワイトフレア(D)x4
パラダイムトリガーx5 
予約お願いします
"
User,ファム　フー　コン,2025/06/26,16:00:08,"明日到着
28日までに振り込みですね"
Account,内藤夏樹,2025/06/26,16:01:59,"承知しました。
よろしくお願い申し上げます。

パラダイムトリガーは〆切しています。"
User,ファム　フー　コン,2025/06/26,16:04:05,了解です^_^じゃパラダイムトリガー抜きで
User,ファム　フー　コン,2025/06/26,16:11:04,"了解です^_^
じゃ
ナイトワンダラx20
クリムゾンヘイズx5
ブラックボルト（D）	x1
ホワイトフレア(D)x4
予約お願いします
"
Account,内藤夏樹,2025/06/26,16:13:23,"・ポケモンカード　ナイトワンダラー　20箱　単価5,600円　小計112,000円
・ポケモンカード　クリムゾンヘイズ　5箱　単価8,500円　小計42,500円
・ポケモンカード　ブラックボルト（デラックス）　1箱　単価12,800円　小計12,800円
・ポケモンカード　ホワイトフレア（デラックス）　4箱　単価12,800円　小計51,200円

⸻

✅ 合計： 218,500円
"
Account,内藤夏樹,2025/06/26,16:13:31,申請をお願いします
User,ファム　フー　コン,2025/06/26,16:31:58,"ありがとうございます
ちなみに初めてなので
リフォーム入れなくて大丈夫ですか？"
Account,内藤夏樹,2025/06/26,16:34:08,フォーム入れてください
User,ファム　フー　コン,2025/06/26,16:49:13,フォーム書いたけどメールに届けない
User,ファム　フー　コン,2025/06/26,16:49:21,どうすれば良い
User,ファム　フー　コン,2025/06/26,16:49:25,むずい
User,ファム　フー　コン,2025/06/26,16:49:58,この話でコーピすれば良い？
Account,内藤夏樹,2025/06/26,16:50:36,スクリーンショット
User,ファム　フー　コン,2025/06/26,17:07:32,分かりましたありがとうございます
User,ファム　フー　コン,2025/06/26,19:59:03,写真を送信しました。
User,ファム　フー　コン,2025/06/26,19:59:11,発送しますのでよろしくお願いします
User,ファム　フー　コン,2025/06/26,19:59:29,明日の午前到着です
User,ファム　フー　コン,2025/06/28,13:09:32,忘れないように^_^本日振り込みお願いします
User,ファム　フー　コン,2025/06/28,16:33:29,"ありがとうございます^_^
"
Account,内藤夏樹,2025/06/28,16:35:38,振込みしました。
User,ファム　フー　コン,2025/06/30,15:00:33,お疲れ様です
User,ファム　フー　コン,2025/06/30,15:03:32,"ブラックボルト40ボックス
ホワイトフレア(dx)x1ボックス
買取したいです"
User,ファム　フー　コン,2025/06/30,15:03:47,本日発送しますので明日到着です
User,ファム　フー　コン,2025/06/30,16:42:40,いかがでしょうか
Account,内藤夏樹,2025/06/30,16:43:10,"毎々、お世話になっております。
今日は全部終わりました。"
User,ファム　フー　コン,2025/06/30,16:47:43,"分かりました
ありがとうございます"
User,ファム　フー　コン,2025/07/01,12:54:55,お疲れ様です
User,ファム　フー　コン,2025/07/01,12:56:41,"ポケモンカード買取したいですが
本日発送して明日到着の場合は到着の日振り込み可能でしょうか？"
Account,内藤夏樹,2025/07/01,12:59:38,"毎々、お世話になっております。
ちょっと多いので約束できないです"
User,ファム　フー　コン,2025/07/01,13:01:40,じゃ7\3は？可能でしょうか？
Account,内藤夏樹,2025/07/01,13:26:33,大丈夫です。
User,ファム　フー　コン,2025/07/01,13:33:55,了解です^_^
User,ファム　フー　コン,2025/07/01,13:35:35,"ブラックボルト40ボックス
ホワイトフレア(dx)x1ボックス
予約お願いします"
Account,内藤夏樹,2025/07/01,13:35:54,ブラックボルトが8800円に変更しました
Account,内藤夏樹,2025/07/01,13:35:56,良いですか
Account,内藤夏樹,2025/07/01,13:36:00,やめときますか
User,ファム　フー　コン,2025/07/01,13:36:22,🥲
Account,内藤夏樹,2025/07/01,13:36:31,ごめんなさいね
User,ファム　フー　コン,2025/07/11,19:33:39,お疲れ様です
User,ファム　フー　コン,2025/07/11,19:34:47,まだ予約できますか？
User,ファム　フー　コン,2025/07/12,18:32:10,お疲れ様です
User,ファム　フー　コン,2025/07/12,18:33:39,"パラダイムトリガーx9
151x3
ホワイトフレアDX x1
テラスフェスx1 
全部しリンク有り　買取したいです"
User,ファム　フー　コン,2025/07/12,19:30:41,忙しいでしょうか？
User,ファム　フー　コン,2025/07/15,15:27:42,了解です
Account,内藤夏樹,2025/07/15,15:30:11,こんにちは
User,ファム　フー　コン,2025/07/15,15:30:17,"パラダイムトリガーx9
151x3
ホワイトフレアDX x1
テラスフェスx1 
全部しリンク有り　予約お願いします"
User,ファム　フー　コン,2025/07/15,15:30:28,本日発送しますので明日到着
Account,内藤夏樹,2025/07/15,15:31:02,"・ポケモンカード　パラダイムトリガー　9箱　単価11,800円　小計106,200円
・ポケモンカード　ポケモンカード151　3箱　単価21,800円　小計65,400円
・ポケモンカード　ホワイトフレア（デラックス）　1箱　単価13,600円　小計13,600円
・ポケモンカード　テラスタルフェスex　1箱　単価10,100円　小計10,100円"
Account,内藤夏樹,2025/07/15,15:31:10,こちらで申請と発送をよろしくお願い申し上げます。
User,ファム　フー　コン,2025/07/15,17:27:53,こちらこそ宜しくお願いします
Account,内藤夏樹,2025/07/15,17:38:41,申請しましたか
Account,内藤夏樹,2025/07/15,17:38:46,発送はこちらまで
Account,内藤夏樹,2025/07/15,17:39:13,"以降は以下へ発送をお願い申し上げます。

請求先および発送先
株式会社AiGIVE 内藤宛
940-0864
新潟県長岡市川崎3-2366-7-103
050-5470-3570"
User,ファム　フー　コン,2025/07/15,17:59:41,了解です^_^
User,ファム　フー　コン,2025/07/15,18:01:39,"すいませんね、良かったら16-１７日までに振り込みお願いします🙇
"
Account,内藤夏樹,2025/07/15,19:31:40,明後日になるかもです
User,ファム　フー　コン,2025/07/15,19:43:17,"ありがとうございます^_^
宜しくお願いします"
User,ファム　フー　コン,2025/07/15,20:34:10,写真を送信しました。
Account,内藤夏樹,2025/07/16,19:34:02,昨日の申請を行ってください
Account,内藤夏樹,2025/07/16,19:44:02,"ポケモンカード パラダイムトリガー	9箱	11,800円	106,200円
ポケモンカード ポケモンカード151	3箱	21,800円	65,400円
ポケモンカード ホワイトフレア（デラックス）	1箱	13,600円	13,600円
ポケモンカード テラスタルフェスex	1箱	10,100円	10,100円

合計：195,300円
減額：-1,000円（ホワイトフレアDX 大きなへこみ）
最終買取金額：194,300円"
User,ファム　フー　コン,2025/07/16,19:45:28,え？ヘコミ？
Account,内藤夏樹,2025/07/16,19:45:40,凹み
Account,内藤夏樹,2025/07/16,19:46:08,写真を送信しました。
User,ファム　フー　コン,2025/07/16,19:46:38,🤣
User,ファム　フー　コン,2025/07/16,19:46:40,🥲
User,ファム　フー　コン,2025/07/16,19:46:47,Yamato lol
Account,内藤夏樹,2025/07/16,19:46:55,lol
Account,内藤夏樹,2025/07/16,19:46:59,申請をお願いいたします。
User,ファム　フー　コン,2025/07/16,19:46:59,Fuck yamato 
Account,内藤夏樹,2025/07/16,19:47:29,上に置いていたものですね。つぶされたかもね
User,ファム　フー　コン,2025/07/16,19:47:37,ちゃんと発送するのに
Account,内藤夏樹,2025/07/16,19:51:54,わかります
Account,内藤夏樹,2025/07/16,19:51:57,申請をお願いいたします。
User,ファム　フー　コン,2025/07/16,19:53:51,了解です^_^
Account,内藤夏樹,2025/07/17,12:42:31,振り込みましたね
User,ファム　フー　コン,2025/07/17,12:59:33,ありがとうございます^_^
User,ファム　フー　コン,2025/07/21,15:12:26,どぐらい足らないでしょうか
Account,内藤夏樹,2025/07/21,15:22:36,30個くらい
Account,内藤夏樹,2025/07/21,15:22:41,シングルも欲しいです
User,ファム　フー　コン,2025/07/21,15:37:23,"🥲
了解です"
User,ファム　フー　コン,2025/08/01,09:27:31,お疲れ様です
User,ファム　フー　コン,2025/08/01,09:27:54,本日発売ポケモンカード値段出てますか？
Account,内藤夏樹,2025/08/01,09:40:44,まだです
Account,内藤夏樹,2025/08/01,09:40:48,ブラホワほしい
Account,内藤夏樹,2025/08/07,19:00:46,"ブラック
ホワイト

欲しいでふ"
User,ファム　フー　コン,2025/08/10,14:08:03,🥲お疲れ様です
User,ファム　フー　コン,2025/08/10,14:08:23,マックのバックまだ買取ですか
User,ファム　フー　コン,2025/08/10,15:13:44,125パック買取したいです
User,ファム　フー　コン,2025/08/10,15:13:49,宜しくお願いします
User,ファム　フー　コン,2025/08/22,19:38:09,お疲れ様です
User,ファム　フー　コン,2025/08/22,19:38:30,買取したいですが良いですか
Account,内藤夏樹,2025/08/22,20:55:54,なにですか
User,ファム　フー　コン,2025/09/03,18:38:44,お疲れ様です
User,ファム　フー　コン,2025/09/03,18:41:15,"ブラックボルト1 セット
ホワイト　28ボックス　買取したいですが良いですか？"
User,ファム　フー　コン,2025/09/03,18:41:31,本日発送しますので明日到着です
Account,内藤夏樹,2025/09/03,18:45:10,いいですよ
Account,内藤夏樹,2025/09/03,18:45:17,ブラックもうちょっと欲しい
User,ファム　フー　コン,2025/09/03,18:48:30,ごめんブラック今もって無いです
User,ファム　フー　コン,2025/09/03,18:48:43,一個だけある
User,ファム　フー　コン,2025/09/03,19:33:07,"ブラックホワイトセット18000x1
ホワイトフレア　8400x28個"
User,ファム　フー　コン,2025/09/03,19:33:15,宜しくお願いします
Account,内藤夏樹,2025/09/03,19:44:58,ありがとうございます
User,ファム　フー　コン,2025/09/03,20:26:08,写真を送信しました。
Account,内藤夏樹,2025/09/03,20:26:28,どうもありがとう
User,ファム　フー　コン,2025/09/03,20:26:30,明日の午前到着ですね
User,ファム　フー　コン,2025/09/03,20:26:33,宜しくお願いします
Account,内藤夏樹,2025/09/04,19:18:43,"毎々、お世話になっております。  
御見積書を送付いたします。

- 買取見積書 -
・ポケモンカード　ブラックボルトとホワイトフレア　セット　1個　単価18,000円　小計18,000円  
・ポケモンカード　ホワイトフレア　27箱　単価8,400円　小計226,800円

減額項目：
・凹み：-700円 × 3点 = -2,100円

合計：244,800円  
減額合計：-2,100円  
**最終買取金額：242,700円**

振込しました。"
Account,内藤夏樹,2025/09/04,19:18:54,1セット　＋　２７箱　でしたね
User,ファム　フー　コン,2025/09/04,19:21:06,"そうですね思い出した！
１セットと27ホワイですね！"
User,ファム　フー　コン,2025/09/04,19:21:15,ありがとうございます
Account,内藤夏樹,2025/09/04,19:21:38,OK
