﻿アカウント名,にこにこ買取＠業界最高の買取価格宣言！
タイムゾーン,'+09:00
ダウンロード日時,2026/02/21 04:38
送信者タイプ,送信者名,送信日,送信時刻,内容
Account,応答メッセージ,2025/09/02,08:25:41,"hbkさん
はじめまして！にこにこ買取＠業界最高の買取価格宣言！です。
友だち追加ありがとうございます！
にこにこ買取です(moon big smile)

ポケモンカードなどトレーディングカード全般の買取を行っております。
買取ご希望のお客様はなんでもお気軽に連絡してください(saluting man)

ご郵送買取の流れはメニューから”郵送買取の流れ”をご確認ください(sparkle)

ご郵送買取ご希望の場合にはメニューの”申し込みフォーム”からご申請が可能となっております。

お問い合わせなどはお気にご連絡ください。"
User,たけ,2025/09/02,08:31:19,はじめまして、何時から買取開始でしょうか
User,たけ,2025/09/02,08:34:35,"マクドナルド
トウホク
メガブレイブ
受け継がれる意志
の本日の価格を知りたいです😌"
Account,内藤夏樹,2025/09/02,10:16:20,"毎々、お世話になっております。

マクドナルド　3300円
トウホク　26500円
メガ　昼に出します
受け継がれる意思　74000円です"
User,たけ,2025/09/02,10:21:24,受け継がれる意志は単品買い取りされてませんか？
Account,内藤夏樹,2025/09/02,10:55:48,しています
Account,内藤夏樹,2025/09/02,10:55:54,5500円でふ
Account,内藤夏樹,2025/09/02,10:55:57,です🙇🏻‍♂️
User,たけ,2025/09/02,11:05:08,ありがとうございます
User,たけ,2025/09/02,11:05:54,"マクドナルド、3450.3500どちらかに上がりませんか、、

116投げます"
User,たけ,2025/09/02,11:06:18,現状Xでの最高が3400でして、
Account,内藤夏樹,2025/09/02,11:14:27,"3450でお願いできますか。
よろしくお願い申し上げます。"
User,たけ,2025/09/02,11:15:07,強すぎです
User,たけ,2025/09/02,11:15:09,よろしくお願いします
User,たけ,2025/09/02,11:15:17,では詳細まとめて送ります
Account,内藤夏樹,2025/09/02,11:15:44,"ありがとうございます。
頑張ります。

また、見積もり書をお送りします。"
User,たけ,2025/09/02,11:18:08,"マクドナルド116パック

メガブレイブシュリあり
3

受け継がれる意志シュリあり2

お願いします"
User,たけ,2025/09/02,11:18:14,ブレイブはお昼でしたね
Account,内藤夏樹,2025/09/02,11:22:22,メガセットになりませんでしょうか？
User,たけ,2025/09/02,11:23:30,すみません全て流して余り物でして🙏
User,たけ,2025/09/02,11:23:54,マックは二次流通挟んでないワンオーナー品です
Account,内藤夏樹,2025/09/02,11:25:17,わかりました
User,たけ,2025/09/02,11:27:59,よろしくお願いします
Account,内藤夏樹,2025/09/02,13:07:10,"本日の価格出しましたので
メガブレイブの価格はご確認ください"
