﻿アカウント名,にこにこ買取＠業界最高の買取価格宣言！
タイムゾーン,'+09:00
ダウンロード日時,2026/02/21 04:38
送信者タイプ,送信者名,送信日,送信時刻,内容
Account,応答メッセージ,2025/08/29,17:53:09,"山田 翔冴さん
はじめまして！にこにこ買取＠業界最高の買取価格宣言！です。
友だち追加ありがとうございます！
にこにこ買取です(moon big smile)

ポケモンカードなどトレーディングカード全般の買取を行っております。
買取ご希望のお客様はなんでもお気軽に連絡してください(saluting man)

ご郵送買取の流れはメニューから”郵送買取の流れ”をご確認ください(sparkle)

ご郵送買取ご希望の場合にはメニューの”申し込みフォーム”からご申請が可能となっております。

お問い合わせなどはお気にご連絡ください。"
User,Unknown,2025/08/29,17:56:51,新たなる皇帝のBOX売りたいのですが後どのくらい集めてますか？？
Account,内藤夏樹,2025/08/29,17:57:17,"毎々、お世話になっております！
沢山集めております！"
User,Unknown,2025/08/29,19:47:07,50BOXとかは流石に要らないですよね？？買取制限があるとお聞きしたのですが😀
Account,内藤夏樹,2025/08/29,19:48:32,"在庫を確認させてください。
50箱買えると思います。

ザベストや神速の拳はございませんか？
カートンです"
User,Unknown,2025/08/29,19:49:17,すいませんが、新たなる皇帝しかありません、試しに3BOX買取して欲しいです。
Account,内藤夏樹,2025/08/29,19:50:22,"もちろんです。

新たなる皇帝
3箱
5000円"
User,Unknown,2025/08/29,19:54:13,"合計で15000円でしょうか？
フォームに記入したら良いですか？？"
Account,内藤夏樹,2025/08/29,19:55:01,はい、申請をよろしくお願い申し上げます。
