﻿アカウント名,にこにこ買取＠業界最高の買取価格宣言！
タイムゾーン,'+09:00
ダウンロード日時,2026/02/21 04:38
送信者タイプ,送信者名,送信日,送信時刻,内容
Account,応答メッセージ,2025/03/21,13:03:09,"Naoki Oさん
はじめまして！にこにこ買取＠業界最高の買取価格宣言！です。
友だち追加ありがとうございます！
にこにこ買取です(moon big smile)

ポケモンカードなどトレーディングカード全般の買取を行っております。
買取ご希望のお客様はなんでもお気軽に連絡してください(saluting man)

ご郵送買取の流れは以下の”郵送買取の流れ”をご確認ください(sparkle)

お問い合わせなどはお気軽にメッセージからご連絡ください(phone)"
Account,応答メッセージ,2025/03/21,13:03:09,写真を送信しました。
Account,応答メッセージ,2025/03/21,13:03:09,写真を送信しました。
User,Naoki O,2025/03/21,13:13:39,"初めまして。
下記内容にて買取お願いいたします。

①熱風のアリーナ
②18
③13000円"
Account,内藤夏樹,2025/03/21,13:34:59,"毎々、お世話になっております。
よろしくお願い申し上げます。"
Account,内藤夏樹,2025/03/21,13:35:07,お申し込みフォームよりご申請をお願いします。
User,Naoki O,2025/03/21,13:53:38,"申請いたしました！
本日梱包いたします。"
Account,内藤夏樹,2025/03/21,13:53:50,ありがとうございました。
Account,内藤夏樹,2025/03/21,13:53:53,"お買取希望の商品は以下の住所へ発送をお願い申し上げます。
ご利用方法に記載のある梱包に関する注意事項を改めてご確認ください。

また発送は原則ヤマト運輸さんよりお願い申し上げます。

【発送先】
ヤマト運輸 北陽センター 気付
株式会社AiGIVE 内藤宛
〒940-0871
新潟県長岡市北陽1-53-61
050-5470-3570

ヤマト運輸北陽センター:

https://locations.kuronekoyamato.co.jp/p/yamato01/prt/041160/?&p_f1=1&cond22=1&jiNm=%A4%AA%B5%D2%CD%CD%A5%B5%A1%BC%A5%D3%A5%B9%A5%BB%A5%F3%A5%BF%A1%BC&kykTel=0570-200-000&jiFax=0258-46-0585

また発送されましたら以下の情報をご連絡ください。
① 追跡番号
② 発送日・到着指定時間

ご確認のほどよろしくお願い申し上げます。"
User,Naoki O,2025/03/21,14:45:46,"承知いたしました。
遅くとも明日の朝の便には乗せます。
因みにですが、箱潰れは写真のようなレベルだと減額or買取不可のどちらとなりますでしょうか？"
Account,内藤夏樹,2025/03/21,14:48:04,"毎々、お世話になっております。
価格は本日発送のみとなりますので、明日の発送の場合には改めてお見積もりをおこないます。"
User,Naoki O,2025/03/21,14:48:37,本日発送は、本日の23時59分までとなりますでしょうか？
Account,内藤夏樹,2025/03/21,14:49:37,"明日弊社到着が条件となります。
※発送元によって中1日かかることは事前連絡によって可能"
User,Naoki O,2025/03/21,14:50:59,"それですと、間に合いそうにありません。
申し訳ございませんが、キャンセルでも大丈夫でしょうか？
早くても、本日の夜発送となります。"
Account,内藤夏樹,2025/03/21,14:51:20,"ご連絡頂きありがとうございました。

また、ご利用をお願いします。"
User,Naoki O,2025/03/21,14:51:31,ありがとうございました。
Account,内藤夏樹,2025/03/21,14:52:43,"明日のご発送の際、ご利用頂けますとありがたいです。

取りに伺うこともお所によっては可能です。"
User,Naoki O,2025/03/21,14:53:19,因みにですが、明日ですと熱風は一箱当たりおいくらになりますでしょうか？
Account,内藤夏樹,2025/03/21,14:55:28,"本日かなーり集まったので
12500円でご予約はどうでしょうか？"
User,Naoki O,2025/03/21,14:57:32,"ありがとうございます！
少し検討させてください。"
Account,内藤夏樹,2025/03/21,15:00:57,"もちろんです。
ご要望があればなんなりとお申し付けください"
User,Naoki O,2025/03/21,15:01:24,スタンプを送信しました。
User,Naoki O,2025/05/20,16:31:54,"お世話になっております！
ロケット団のシュリありを7BOX買取いただきたいです。
本日中に発送し、2日後の午前には到着すると思います。"
Account,内藤夏樹,2025/05/20,16:39:50,"毎々、お世話になっております。
ご連絡ありがとうございました。

ロケット団の栄光
7箱
12800円

こちらで賜りました。"
Account,内藤夏樹,2025/05/20,16:40:10,"1. このチャンネルにて買取希望の商品名・数量・希望価格をご連絡ください。（スタッフが確認し、回答します）
2. 個人情報等をフォームより送信してください。
　 https://forms.gle/gAwrrfLYxm83u9Nr7
3. フォーム送信後は下記住所へご発送ください：
〒940-0871
新潟県長岡市北陽1-53-61
株式会社AiGIVE 内藤宛（ヤマト運輸 北陽センター気付）
TEL: 050-5470-3570"
User,Naoki O,2025/05/21,08:59:01,"お世話になっております。
事前にご連絡した通り、明日の午前着で発送完了いたしました。

お手数ですが、到着しましたら検品・ご確認のほどお願いいたします。"
User,Naoki O,2025/05/21,08:59:40,"ヤマト追跡番号
4943-1547-5231"
Account,内藤夏樹,2025/05/21,10:02:44,ありがとうございました。
Account,内藤夏樹,2025/05/22,19:55:20,"・ポケモンカード　ロケット団の栄光　7箱　単価12,800円　小計89,600円

合計：89,600円

【査定による減額】
・大きなへこみ　-1,000円 × 2点 = -2,000円
・小さなへこみ　-500円 × 2点 = -1,000円

減額合計：-3,000円
最終買取金額：86,600円"
Account,内藤夏樹,2025/05/22,19:55:28,"毎々、お世話になっております。
査定結果となります。"
User,Naoki O,2025/05/22,19:58:48,"査定いただきありがとうございます。
問題ございません。
因みにですが、郵送前は大きな凹みや小さな凹みは確認出来なかったのですが、どんな状態でしたか？
写真が見たいです。"
Account,内藤夏樹,2025/05/22,20:02:23,ご理解いただきありがとうございます。
Account,内藤夏樹,2025/05/22,20:02:28,写真を送付します。
Account,内藤夏樹,2025/05/22,20:02:48,写真を送信しました。
Account,内藤夏樹,2025/05/22,20:02:48,写真を送信しました。
Account,内藤夏樹,2025/05/22,20:03:41,"梱包箱内で動く状態の養生でした。
次回以降は十分に緩衝材を入れ、中で暴れないようにご配慮いただけますと幸いです。"
User,Naoki O,2025/05/22,20:05:37,"写真いただきありがとうございます。
確認いたしました。
これはダメですね。
いつもと同じように梱包したのですが、今度から気を付けます。"
User,Naoki O,2025/05/22,20:05:54,お手数ですが、上記金額でお振り込みのほどお願いいたします。
Account,内藤夏樹,2025/05/22,20:11:44,ご理解いただきありがとうございました。
Account,内藤夏樹,2025/05/22,20:11:58,"先ほど、お振込みを行いました。
ご確認をよろしくお願い申し上げます。"
User,Naoki O,2025/05/22,20:14:54,"この度はお世話になりました。
またよろしくお願いいたします。"
User,Naoki O,2025/08/29,11:47:30,"お世話になっております。
マックのプロモを9パック買取いただきたいです。
よろしくお願いいたします。"
Account,内藤夏樹,2025/08/29,12:06:05,"毎々、お世話になっております。
はい、よろしくお願いします"
Account,内藤夏樹,2025/08/29,12:06:12,"マクドナルドプロモ
3600×9"
User,Naoki O,2025/08/29,12:11:22,"本日発送いたします。
明後日着でも大丈夫でしょうか？"
Account,内藤夏樹,2025/08/29,12:11:43,申し訳ございません、明日到着必須の対象でした、、、。
