﻿アカウント名,にこにこ買取＠業界最高の買取価格宣言！
タイムゾーン,'+09:00
ダウンロード日時,2026/02/21 04:35
送信者タイプ,送信者名,送信日,送信時刻,内容
Account,応答メッセージ,2024/11/27,14:34:05,"ティさん
はじめまして！にこにこ買取＠業界最高の買取価格宣言！です。
友だち追加ありがとうございます！
にこにこ買取です(moon big smile)

ポケモンカードなどトレーディングカード全般の買取を行っております。
買取ご希望のお客様はなんでもお気軽に連絡してください(saluting man)

ご郵送買取の流れは以下の”郵送買取の流れ”をご確認ください(sparkle)

お問い合わせなどはお気軽にメッセージからご連絡ください(phone)"
Account,応答メッセージ,2024/11/27,14:34:05,写真を送信しました。
Account,応答メッセージ,2024/11/27,14:34:05,写真を送信しました。
User,ティ,2024/11/27,14:37:52,はじめまして。明日超電ブレイカー2カートン手に入るのですが、買取可能でしょうか？
Account,内藤夏樹,2024/11/27,14:54:02,"毎々、お世話になっております。

すでに〆切となりました。
ご連絡頂きありがとうございました。"
User,ティ,2024/11/27,15:07:40,承知しました。ご回答ありがとうございました。
User,ティ,2026/02/17,14:42:10,"ワンピースカードエッグヘッドクライシス7BOX
ワンピースカード蒼海の七傑2BOX
の買取をお願いしたいです。
よろしくお願いします。"
User,ティ,2026/02/17,15:58:40,"お世話になっております。今回は他利用いたします。
お手数をおかけして申し訳ありませんでした。
また機会があれば利用させていただきます。"
