﻿アカウント名,にこにこ買取＠業界最高の買取価格宣言！
タイムゾーン,'+09:00
ダウンロード日時,2026/02/21 04:38
送信者タイプ,送信者名,送信日,送信時刻,内容
Account,応答メッセージ,2025/07/13,13:51:36,"Shinno.さん
はじめまして！にこにこ買取＠業界最高の買取価格宣言！です。
友だち追加ありがとうございます！
にこにこ買取です(moon big smile)

ポケモンカードなどトレーディングカード全般の買取を行っております。
買取ご希望のお客様はなんでもお気軽に連絡してください(saluting man)

ご郵送買取の流れはメニューから”郵送買取の流れ”をご確認ください(sparkle)
URL→https://docs.google.com/document/d/1C26OXaKsxKKKeJA-46Uvyudph5wG-l-PZCBXFh9K5Nw/edit?usp=sharing

ご郵送買取ご希望の場合にはメニューの”申し込みフォーム”からご申請が可能となっております。

お問い合わせなどはお気にご連絡ください。"
Account,応答メッセージ,2025/07/13,13:51:36,写真を送信しました。
User,Shinno.,2025/07/21,19:44:00,すみません、ポケモンSRはレギュレーション問わずでしょうか？
Account,内藤夏樹,2025/07/21,19:44:29,"毎々、お世話になっております。

はい、問わずでございます。"
User,Shinno.,2025/07/21,19:45:35,"ありがとうございます。
明日また依頼させていただきます。"
Account,内藤夏樹,2025/07/21,20:37:42,はい、よろしくお願いいたします。
User,Shinno.,2025/07/22,13:04:15,"郵送買取依頼です。
①ポケモンカード151／②1箱／③23800円」
①シャイニートレジャーex／②3箱／③8700円」
①VSTARユニバース／②3箱／③15500円」
①パラダイムトリガー／②3箱／③11800円」
①黒炎の支配者／②2箱／③10800円」
①白熱のアルカナ／②3箱／③7500円」
①SR／②200枚/③330円」
①AR／②60枚/③180円」

以上になります。"
Account,内藤夏樹,2025/07/22,13:06:09,"毎々、お世話になっております！
今お見積もりをお送りします。"
Account,内藤夏樹,2025/07/22,13:06:39,"毎々、お世話になっております。  
御見積書を送付いたします。

- 買取見積書 -
・ポケモンカード151　1箱　単価23,800円　小計23,800円  
・シャイニートレジャーex　3箱　単価8,700円　小計26,100円  
・VSTARユニバース　3箱　単価15,500円　小計46,500円  
・パラダイムトリガー　3箱　単価11,800円　小計35,400円  
・黒炎の支配者　2箱　単価10,800円　小計21,600円  
・白熱のアルカナ　3箱　単価7,500円　小計22,500円  
・SRカード　200枚　単価330円　小計66,000円  
・ARカード　60枚　単価180円　小計10,800円

減額項目：なし

合計：252,700円  
減額合計：0円  
最終買取金額：252,700円

ご確認のほど、よろしくお願いいたします。"
Account,内藤夏樹,2025/07/22,13:06:46,ご申請と発送をよろしくお願い申し上げます。
User,Shinno.,2025/07/22,13:07:02,申し訳ありません、アルカナは2箱でした。
Account,内藤夏樹,2025/07/22,13:08:43,"毎々、お世話になっております。  
御見積書を送付いたします。

- 買取見積書 -
・ポケモンカード151　1箱　単価23,800円　小計23,800円  
・シャイニートレジャーex　3箱　単価8,700円　小計26,100円  
・VSTARユニバース　3箱　単価15,500円　小計46,500円  
・パラダイムトリガー　3箱　単価11,800円　小計35,400円  
・黒炎の支配者　2箱　単価10,800円　小計21,600円  
・白熱のアルカナ　2箱　単価7,500円　小計15,000円  
・SRカード　200枚　単価330円　小計66,000円  
・ARカード　60枚　単価180円　小計10,800円

減額項目：なし

合計：245,200円  
減額合計：0円  
最終買取金額：245,200円

ご確認のほど、よろしくお願いいたします。"
User,Shinno.,2025/07/22,13:12:11,"ありがとうございます。
ちなみに宮城から発送で明日の午前中に着かない可能性がありますがよろしいでしょうか？"
Account,内藤夏樹,2025/07/22,13:15:49,"ありがとうございます。
明日中に到着が可能でしょうか。"
User,Shinno.,2025/07/22,13:17:13,明日午後到着予定になります。
Account,内藤夏樹,2025/07/22,13:17:30,"大丈夫です。
ご確認ありがとうございました。"
User,Shinno.,2025/07/22,17:31:27,"発送完了しました。

「ヤマト運輸／503164446212／小松進之輔」

明日の午前中配達可能でしたので午前指定しました。
よろしくお願いいたします。"
Account,内藤夏樹,2025/07/22,17:58:48,ありがとうございました。
Account,内藤夏樹,2025/07/23,22:34:02,"毎々、お世話になっております。
夜分遅くに失礼します。

査定及びお振込みは明日の計画です。
遅くなり申し訳ございませんが、何卒ご容赦頂けますと幸甚に存じます。"
User,Shinno.,2025/07/23,22:34:42,"お世話になっております。
承知しました。
よろしくお願いいたします。"
Account,内藤夏樹,2025/07/24,19:48:26,"毎々、お世話になっております。
こちらは満額での査定となります。

お振込みを行います。"
User,Shinno.,2025/07/24,19:51:37,"お世話になっております。
ありがとうございます。"
User,Shinno.,2025/07/25,08:07:17,"お世話になっております。
入金確認しました。
迅速な対応ありがとうございました。"
Account,内藤夏樹,2025/07/25,08:55:58,ありがとうございました。
User,Shinno.,2025/07/28,12:12:20,"お世話になっております。
本日、もしくは明日買取の予定はありますでしょうか？"
Account,内藤夏樹,2025/07/28,12:53:30,"あります！
更新していますのでご確認をお願いします"
User,Shinno.,2025/07/28,13:11:03,"今の買取表が最新でしょうか？
7月24日有効となっているのですが🙇‍♂️"
Account,内藤夏樹,2025/07/28,13:15:37,"失礼しました。
更新します。"
User,Shinno.,2025/07/28,13:16:51,"ありがとうございます🙇‍♂️
後ほど依頼させていただきます。"
Account,内藤夏樹,2025/07/28,13:17:02,"今更新しました。
よろしくお願い申し上げます。"
User,Shinno.,2025/07/28,15:56:05,"郵送買取依頼です。
①SR／②208枚/③330円」
①AR.CHR／②84枚/③180円」

以上になります。"
Account,内藤夏樹,2025/07/28,15:56:30,"毎々、お世話になっております。
賜りました。
よろしくお願い申し上げます。"
Account,内藤夏樹,2025/07/28,15:56:43,"①SR／②208枚/③330円」
①AR.CHR／②84枚/③180円」"
User,Shinno.,2025/07/28,16:13:21,予約します。
Account,内藤夏樹,2025/07/28,16:22:40,ご申請と発送をよろしくお願い申し上げます。
User,Shinno.,2025/07/28,17:38:33,"発送完了しました。

「ヤマト運輸／469872354136／小松進之輔」

よろしくお願いいたします。"
Account,内藤夏樹,2025/07/28,19:39:38,ありがとうございました。
Account,内藤夏樹,2025/07/29,21:39:24,"毎々、お世話になっております。  
御見積書を送付いたします。

- 買取見積書 -
・ポケモンカード　SRカード　208枚　単価330円　小計68,640円  
・ポケモンカード　AR・CHRカード　84枚　単価180円　小計15,120円

減額項目：なし

合計：83,760円  
減額合計：0円  
最終買取金額：83,760円

ご確認のほど、よろしくお願いいたします。
お振込みを行います。"
User,Shinno.,2025/07/29,22:04:52,"お世話になっております。
ありがとうございます。
よろしくお願いいたします。"
User,Shinno.,2025/07/31,10:07:57,"お世話になっております。
入金確認しました。
ありがとうございました。

ちなみにこれは買取可能でしょうか？"
User,Shinno.,2025/07/31,12:14:55,すみません、これはではなく、本日の間違いでした。
User,Shinno.,2025/08/11,13:13:09,"お世話になっております。
本日買取可能でしょうか？"
User,Shinno.,2025/08/11,16:46:10,お忙しいところ申し訳ありません、返信いただけると助かります🙇‍♂️
Account,内藤夏樹,2025/08/11,18:10:52,"毎々、お世話になっております。
ご連絡が遅くなり申し訳ございません。

本日は停止しておりました。"
User,Shinno.,2025/08/11,18:59:50,"お休みのところ申し訳ありませんでした🙇‍♂️
後日お願いいたします。"
User,Shinno.,2025/08/13,12:01:58,"お世話になっております。
先日は失礼いたしました。
本日買取可能でしょうか？"
Account,内藤夏樹,2025/08/13,12:05:18,"とんでもございません。

はい、昨日と同じ価格表を用います。"
User,Shinno.,2025/08/13,16:30:31,"ありがとうございます。郵送買取依頼です。
①SR／②200枚/③330円」
①AR.CHR／②120枚/③180円」

以上になります。"
Account,内藤夏樹,2025/08/13,16:37:35,"毎々、お世話になっております。

大変申し訳ございません。
本日のシングルは〆切させていただきました。

また募集させていただきます🙇🏻‍♂️"
User,Shinno.,2025/08/13,16:38:18,承知しました。
User,Shinno.,2025/08/14,12:19:43,すみません、本日は買取可能でしょうか？
Account,内藤夏樹,2025/08/14,13:55:38,"毎々、お世話になっております。
昨日のシングルカードでしょうか？"
User,Shinno.,2025/08/14,14:00:04,はい。
User,Shinno.,2025/08/14,14:00:21,SRのみです。
Account,内藤夏樹,2025/08/14,14:02:00,"ありがとうございます。
よろしくお願い申し上げます。"
User,Shinno.,2025/08/14,14:04:39,送信が取り消されたメッセージです
User,Shinno.,2025/08/14,14:21:46,"郵送買取依頼です。
①SR／②200枚/③330円」

以上になります。"
Account,内藤夏樹,2025/08/14,14:51:05,"ありがとうございました。
よろしくお願い申し上げます。"
User,Shinno.,2025/08/14,15:51:54,"発送完了しました。

「ヤマト運輸／469873013691／小松進之輔」

よろしくお願いいたします。"
Account,内藤夏樹,2025/08/15,07:50:57,ありがとうございました。
Account,内藤夏樹,2025/08/16,20:17:39,"毎々、お世話になっております。  
御見積書を送付いたします。

- 買取見積書 -
・SRカード　200枚　単価330円　小計66,000円  

減額項目：なし  

合計：66,000円  
減額合計：0円  
最終買取金額：66,000円  

ご確認のほど、よろしくお願いいたします。
お振込みをしました。"
User,Shinno.,2025/08/16,20:47:59,"お世話になっております。
入金確認しました。
迅速な対応ありがとうございました。"
User,Shinno.,2025/08/23,15:35:24,"お世話になっております。
本日SR.AR.マクドナルドプロモ買取可能でしょうか？"
Account,内藤夏樹,2025/08/23,16:32:11,"毎々、お世話になっております。

今日と明日はお休みさせていただいております🙇🏻‍♂️"
User,Shinno.,2025/08/23,16:36:11,承知しました。
User,Shinno.,2025/08/27,15:26:03,"お世話になっております。
郵送買取依頼です。
「①クレイバースト/②2BOX/③10800円」

「①スノーハザード／②2BOX/③7100円」

「①バトルパートナーズ/②1BOX/③7500円」


以上になります。"
Account,内藤夏樹,2025/08/27,16:10:42,"毎々、お世話になっております。

クレイバーストとスノーは〆切となりました🙇🏻‍♂️"
