﻿アカウント名,にこにこ買取＠業界最高の買取価格宣言！
タイムゾーン,'+09:00
ダウンロード日時,2026/02/21 04:38
送信者タイプ,送信者名,送信日,送信時刻,内容
Account,応答メッセージ,2025/08/27,14:54:11,"さくらいさん
はじめまして！にこにこ買取＠業界最高の買取価格宣言！です。
友だち追加ありがとうございます！
にこにこ買取です(moon big smile)

ポケモンカードなどトレーディングカード全般の買取を行っております。
買取ご希望のお客様はなんでもお気軽に連絡してください(saluting man)

ご郵送買取の流れはメニューから”郵送買取の流れ”をご確認ください(sparkle)

ご郵送買取ご希望の場合にはメニューの”申し込みフォーム”からご申請が可能となっております。

お問い合わせなどはお気にご連絡ください。"
User,さくらい,2025/08/27,14:54:29,マカロンのアソート買取まだやってますでしょうか？
Account,内藤夏樹,2025/08/27,14:54:57,"毎々、お世話になっております。
やっております😊"
User,さくらい,2025/08/27,15:00:35,承知致しました。先ほど購入したもので16時に間に合わなさそうなのですが明日着必須ですよね…？
Account,内藤夏樹,2025/08/27,15:01:04,"本日出していただければ
問題ございません。"
User,さくらい,2025/08/27,15:03:45,本日追跡番号送れる状態なら大丈夫という認識でよろしいでしょうか？
Account,内藤夏樹,2025/08/27,15:04:07,はい大丈夫です。
