﻿アカウント名,にこにこ買取＠業界最高の買取価格宣言！
タイムゾーン,'+09:00
ダウンロード日時,2026/02/21 04:38
送信者タイプ,送信者名,送信日,送信時刻,内容
Account,応答メッセージ,2024/09/25,13:29:32,"こうきさん
はじめまして！にこにこ買取＠業界最高の買取価格宣言！です。
友だち追加ありがとうございます！
にこにこ買取です(moon big smile)

ポケモンカードなどトレーディングカード全般の買取を行っております。
買取ご希望のお客様はなんでもお気軽に連絡してください(saluting man)

ご郵送買取の流れは以下の”郵送買取の流れ”をご確認ください(sparkle)

お問い合わせなどはお気軽にメッセージからご連絡ください(phone)"
Account,応答メッセージ,2024/09/25,13:29:32,写真を送信しました。
Account,応答メッセージ,2024/09/25,13:29:32,写真を送信しました。
User,こうき,2024/10/05,10:56:12,"お世話になっております。
買取お願いします。

新たなる皇帝３個　@7,000
トリプレットビート２個　@4,900
PSA10（AR）５個　@3,000

宜しくお願いします。"
Account,内藤夏樹,2024/10/05,12:16:04,"毎々、お世話になっております。
昨日たくさんお持ち込みがあり、新たなる皇帝のみ受付しております。"
User,こうき,2024/10/05,12:16:28,PSAの方も無しでしょうか？
Account,内藤夏樹,2024/10/05,12:17:00,"psa10もたくさん買取させていただき、停止しております。
申し訳ございません🙇"
User,こうき,2024/10/05,12:19:21,また機会がありましたら宜しくお願いします。
Account,内藤夏樹,2024/10/05,12:34:10,はい、よろしくお願い申し上げます。
User,こうき,2024/10/12,12:12:52,送信が取り消されたメッセージです
User,こうき,2024/10/12,12:13:22,"お世話になっております。
買取お願いします。

新たなる皇帝4個　
黒炎の支配者30個
黒炎の支配者1カートン

宜しくお願いします。"
Account,内藤夏樹,2024/10/12,13:54:14,"毎々、お世話になっております。

新たなる皇帝 6300円
黒炎 4000円
となります。"
Account,内藤夏樹,2024/10/12,13:55:06,黒炎カートン 48000円
User,こうき,2024/10/12,14:26:09,すみません、また次回お願いします🙇‍♂️
User,こうき,2024/10/18,10:33:07,"クリムゾンヘイズは買取してませんでしょうか？
超電ブレイカーの価格も出ましたら教えてください🙇‍♂️"
Account,内藤夏樹,2024/10/18,11:11:29,"毎々、お世話になっております！
クリムゾン買取しています。
4100円となります。

ブレイカーは調整中です！
何個くらいありますか？"
User,こうき,2024/10/18,11:12:02,カートン1個とBOX23個です！
User,こうき,2024/10/18,11:12:19,超電ブレイカーはカートン2個です！
Account,内藤夏樹,2024/10/18,11:42:02,ブレイカーは 62000円カートン、5000円箱でどうですか？
User,こうき,2024/10/18,11:53:16,検討します🙇‍♂️
Account,内藤夏樹,2024/10/18,11:56:12,カートンご希望あれば教えてください！
Account,内藤夏樹,2024/10/23,12:29:36,"毎々、お世話になっております。

ブレイカーカートンございましたらお買取の方、よろしくお願い申し上げます。"
User,こうき,2024/10/23,15:19:57,"お世話になっております。
超電ブレイカー5,200円で宜しいでしょうか？"
User,こうき,2024/10/23,15:20:01,写真を送信しました。
User,こうき,2024/10/23,15:20:14,24BOX、本日ヤマト運輸で発送可能です。
Account,内藤夏樹,2024/10/23,15:41:49,"はい、ぜひ、よろしくお願い申し上げます。

申請も後で構いません。
よろしくお願い申し上げます。

カートンはないでしょうか？"
User,こうき,2024/10/23,15:42:11,すみません、カートンはもう無いんです😢
Account,内藤夏樹,2024/10/23,15:42:41,"残念です。
見つかれば少し高くても買いますのでおっしゃってください。"
User,こうき,2024/10/23,15:46:56,"フォーム送信しました。
宜しくお願いいたします。"
Account,内藤夏樹,2024/10/23,15:53:41,ありがとうございました。
Account,内藤夏樹,2024/10/23,15:54:00,"'

お買取希望の商品は以下の住所へ発送をお願い申し上げます(saluting man)
ご利用方法に記載のある梱包に関する注意事項を改めてご確認ください。

また発送は原則ヤマト運輸さんよりお願い申し上げます(sparkle)

【発送先】
株式会社AiGIVE 内藤宛
〒940-0081
新潟県長岡市南町1-6-13
050-5470-3570

また発送されましたら以下の情報をご連絡ください(explaining)
①　追跡番号
②　発送日・到着指定時間"
User,こうき,2024/10/23,17:53:20,"①330805909685
②10/23発送・到着10/24午前中"
User,こうき,2024/10/23,17:53:40,写真を送信しました。
Account,内藤夏樹,2024/10/23,17:55:30,ありがとうございました。
Account,内藤夏樹,2024/10/25,06:54:17,"毎々、お世話になっております。

124800円
振込み完了しました。"
User,こうき,2024/10/25,09:51:52,ありがとうございました！
Account,内藤夏樹,2024/10/25,10:16:56,また、よろしくお願い申し上げます。
User,こうき,2024/10/25,19:23:10,お聞きしたいのですが、土曜日に郵送買取を申請した場合は月曜日着でも宜しいでしょうか？
Account,内藤夏樹,2024/10/25,19:59:05,"毎々、お世話になっております。
はい！言っていただければ大丈夫ですよ！"
User,こうき,2024/10/25,20:32:58,明日の超電の値段次第で動きます😅
User,こうき,2024/10/28,16:59:53,"お世話になっております。
超電ブレイカーを出したいのですが買取表にないサイバージャッジ、ワイルドフォース、スノーハザード、PSA10は買取してませんでしょうか？
提示している買取屋さんがあるので、そちらに出す予定なのですがなるべくにこにこ買取さんに出したいなと思いまして😅"
Account,内藤夏樹,2024/10/29,07:31:25,"毎々、お世話になっております。

遅くなり、申し訳ございません！

ワイルド、スノハは買取できます。
psaは現在停止中です🙇"
User,こうき,2024/10/29,07:37:14,"おはようございます！
サイバージャッジも停止中でしょうか？"
Account,内藤夏樹,2024/10/29,07:38:28,"サイバージャッジ、ワイルドフォース、スノーハザードは買取可能です。

5箱までとなります🙏"
Account,内藤夏樹,2024/10/29,07:38:38,価格は少々お待ちください。
User,こうき,2024/10/29,07:39:10,宜しくお願いします。
Account,内藤夏樹,2024/10/29,07:39:18,"サイバー　3600
ワイルド　3700
スノハ　3400"
Account,内藤夏樹,2024/10/29,07:39:36,"また、ブレイカーは
箱　5100
カートン　63000

です。"
User,こうき,2024/10/29,11:27:51,"お世話になっております。
10/29発送→10/30着

超電ブレイカー
24BOX
宜しくお願いします🙇"
Account,内藤夏樹,2024/10/29,11:28:17,"ありがとうございました。

カートンないですか、、、？"
User,こうき,2024/10/29,11:28:39,カートンなかなか手に入らないですね😭
Account,内藤夏樹,2024/10/29,11:30:24,もしあれば、よろしくお願い申し上げます。
User,こうき,2024/10/29,11:31:24,"かしこまりました。
フォーム入力しました。"
Account,内藤夏樹,2024/10/29,11:32:14,よろしくお願い申し上げます。
User,こうき,2024/10/29,11:33:31,テラスタルフェス、全力で集めますので期待してます！
Account,内藤夏樹,2024/10/29,11:34:19,"'
お買取希望の商品は以下の住所へ発送をお願い申し上げます。
ご利用方法に記載のある梱包に関する注意事項を改めてご確認ください。

また発送は原則ヤマト運輸さんよりお願い申し上げます。

【発送先】
株式会社AiGIVE 内藤宛
〒940-0864
新潟県長岡市川崎3-2366-7-103
050-5470-3570

また発送されましたら以下の情報をご連絡ください。
①　追跡番号
②　発送日・到着指定時間"
Account,内藤夏樹,2024/10/29,11:34:36,テラスタルは前日に入手は難しいですか？
User,こうき,2024/10/29,11:35:42,"前日は厳しいですね💦
条件によっては発売日の夕方に当日持ち込みしてもいいですが💦"
Account,内藤夏樹,2024/10/29,11:37:14,"前日だと、めちゃありがたいです。
当日はもちろんです！
よろしくお願い申し上げます。"
User,こうき,2024/10/29,16:06:47,"追加買取お願いします。
10/29発送→10/30着

超電ブレイカー　18BOX
スノーハザード　4BOX
パラダイムトリガー　1BOX
トリプレッドビート　1BOX
"
Account,内藤夏樹,2024/10/29,16:32:54,ありがとうございました。
User,こうき,2024/10/29,16:41:37,"超電ブレイカー→5,100円
スノーハザード→3,400円
パラダイムトリガー→5,300円
トリプレッドビートはおいくらでしょうか？"
Account,内藤夏樹,2024/10/29,16:43:13,"トリプレットは買取しておりません、、、。
申し訳ございません。

超電は
24+18ですか？"
Account,内藤夏樹,2024/10/29,16:43:30,まとめた数を教えていただけますか？
User,こうき,2024/10/29,16:44:39,"段ボール2個で発送いたします↓

1️⃣
超電ブレイカー　24BOX

2️⃣
超電ブレイカー　18BOX
スノーハザード　4BOX
パラダイムトリガー　1BOX

以上です！"
Account,内藤夏樹,2024/10/29,16:59:52,"承知しました！
ブレイカー締め切っておりましたが、頑張ります！"
User,こうき,2024/10/29,17:05:40,ありがとうございます🙇
Account,内藤夏樹,2024/10/29,17:25:05,こちらこそありがとうございます。
User,こうき,2024/10/29,18:15:32,"①75272898665
②10/29発送・到着10/30午前中

2個口で発送しました。"
User,こうき,2024/10/29,18:15:39,写真を送信しました。
Account,内藤夏樹,2024/10/30,13:34:22,"毎々、お世話になっております。
査定は本日行います。

テラスタルは当日予約できますか？
20ケースくらいを想定しています。"
User,こうき,2024/10/30,14:15:20,今のところ確定はカートン2個とボックス20ちょいですね！
Account,内藤夏樹,2024/10/30,14:35:00,カートンはいくら買取希望とかありますか？
User,こうき,2024/10/30,14:43:30,"1個あたり5,500円なら大喜びです！"
Account,内藤夏樹,2024/10/30,14:45:23,定価ということですか？
Account,内藤夏樹,2024/10/30,14:45:55,110000円で予約してくれるならば、こちらもありがたいです。
Account,内藤夏樹,2024/10/30,14:46:03,もっと欲しいです！
Account,内藤夏樹,2024/10/30,14:46:15,当日何時頃引き受けられそうでしょうか？
User,こうき,2024/10/30,15:01:53,"カートン110,000円でいいですよ！
2個確定で大丈夫です！"
User,こうき,2024/10/30,15:02:20,"ボックスの買取、5,500円はどうですか？"
User,こうき,2024/10/30,15:02:50,引き渡しはボックスの回収もあるので長岡だと夕方〜夜かと思います🙇‍♂️
Account,内藤夏樹,2024/10/30,15:11:13,"ありがとうございました。
ボックスも合わせてもらいますね。
20箱でお願いします。

カートンはもっとお願いします！"
User,こうき,2024/10/30,15:43:13,"お願いします🤲
ボックスはもっと集めますので🙇‍♂️"
Account,内藤夏樹,2024/10/30,15:47:01,"箱はすみません！
20で一旦停止させてください。"
User,こうき,2024/10/30,15:55:38,かしこまりました！
Account,内藤夏樹,2024/10/30,16:15:21,ありがとうございました。
Account,内藤夏樹,2024/10/30,16:28:23,"テラスタル
10集まりました。

追加があるようなら相談でよろしくお願い申し上げます。"
User,こうき,2024/10/30,16:30:22,追加10行けます！
Account,内藤夏樹,2024/10/30,16:32:50,"カートンですか？
すでに集まってしまいました、、、

価格相談可能でしょうか？"
User,こうき,2024/10/30,16:33:40,すみません、箱で10でした😅
Account,内藤夏樹,2024/10/30,16:49:58,すみません、箱はもう大丈夫です😂
User,こうき,2024/10/30,16:51:05,わかりました😅
Account,内藤夏樹,2024/10/30,16:51:32,申し訳ございません。
User,こうき,2024/10/30,16:51:42,また当日お願いします！
Account,内藤夏樹,2024/10/30,19:37:17,よろしくお願い申し上げます。
Account,内藤夏樹,2024/10/31,21:20:37,"毎々、お世話になっております。

査定が遅くなり申し訳ございません。

ブレイカーのシュリンク破れの大きいものは-500円とさせてください。

2点ございました。

5100×42=214200
3400×4=13600
5300×1=5300

合計
233100-1000=232100

となります。"
Account,内藤夏樹,2024/10/31,21:20:57,写真を送信しました。
Account,内藤夏樹,2024/10/31,21:20:58,写真を送信しました。
User,こうき,2024/10/31,21:22:45,"承知いたしました。
宜しくお願いします。"
Account,内藤夏樹,2024/10/31,21:23:44,"ありがとうございました。
振込みします。"
User,こうき,2024/11/08,11:05:49,写真を送信しました。
User,こうき,2024/11/08,11:06:38,"お世話になっております！
当日盛り上がりそうでしょうか😅
全て発売日当日に、にこにこさんに持ち込む予定ですので期待してます！"
Account,内藤夏樹,2024/11/08,14:10:14,"毎々、お世話になっております。

まだ各問屋へイニシャル配分もでてないですからね、、、爆量で確実に下がります。、"
Account,内藤夏樹,2024/11/08,14:10:30,"ありがとうございます！
よろしくお願い申し上げます。"
Account,内藤夏樹,2024/11/12,22:38:41,"毎々、お世話になっております。

バラボックスもある程度取れそうです。
もしもご用命いただける場合には数量わかればありがたいです。"
User,こうき,2024/11/12,22:39:36,"お世話になっております。
50程度は追加確保しております。"
Account,内藤夏樹,2024/11/12,22:40:06,"すごいですね！
もしもよければご用命ください☺️"
User,こうき,2024/11/12,22:41:34,値段の定時はまだできないですよね？😅
Account,内藤夏樹,2024/11/12,22:42:12,"大丈夫ですよ！
定価がありがたいです！"
User,こうき,2024/11/12,22:45:27,"5,800円ならって感じで動いてました💦"
Account,内藤夏樹,2024/11/12,22:46:07,"すみません！
現時点では5800は難しいです！"
User,こうき,2024/11/12,22:46:20,承知いたしました🙇‍♂️
Account,内藤夏樹,2024/11/12,22:46:52,5600でギリです🙇🏻‍♂️
Account,内藤夏樹,2024/11/15,09:41:22,"毎々、お世話になっております。

テラスタルもう売りましたか？"
User,こうき,2024/11/15,09:42:51,"おはようございます。
割と他社で予約してしまいましたが、まだ確保分はあります。"
Account,内藤夏樹,2024/11/15,09:44:22,何箱くらいありますか。
User,こうき,2024/11/15,09:45:10,"30個は確定で残ってます。
まだ追加はできます"
Account,内藤夏樹,2024/11/15,09:45:56,"追加して欲しいです。

価格相談させてください。
当日、即現金可能です。"
User,こうき,2024/11/15,09:48:22,数が数なので当日分、もっと増やすと遅くなると思います🙇‍♂️
Account,内藤夏樹,2024/11/15,09:48:50,カートンは当日ほしいですが、バラは翌日でも可能です。
Account,内藤夏樹,2024/11/15,09:49:15,信頼しているためです☺️
User,こうき,2024/11/15,09:56:16,"帰宅したら確認いたします。
買取おいくらですか？"
Account,内藤夏樹,2024/11/15,09:56:43,"ありがとうございます。

できるだけ、ご要望に応じたいです。"
User,こうき,2024/11/16,17:03:19,"テラス、6,000円なら出します😅"
User,こうき,2024/11/16,17:03:30,写真を送信しました。
User,こうき,2024/11/16,17:03:49,151と皇帝は買取中止中でしょうか！？
Account,内藤夏樹,2024/11/16,17:09:27,"毎々、お世話になっております。

6000円は無理ですね。申し訳ございません。

151は10000円です。
皇帝は停止しています。"
User,こうき,2024/11/16,17:10:08,承知いたしました！
Account,内藤夏樹,2024/11/29,07:31:16,"毎々、お世話になっております。
整理のために送信しました。
お気になさらず🙇🏻‍♂️

12/6お持ち込み
テラスタル

2カートン
110000円

20箱
5500円"
User,こうき,2024/12/04,08:37:10,"すみません、定価で流すのバカバカしくなりまして、キャンセルさせてください。
私が悪いので今後の利用は断ってもいいです"
Account,内藤夏樹,2024/12/04,08:50:46,"ここでそうですか、とはなれないため
価格相談にしますか？

あまりこうきさんと揉めるつもりも、利益を奪うつもりもありません☺️"
Account,内藤夏樹,2024/12/04,08:58:14,"私の希望は、事前にご予約というお約束があったことから

カートンは
130000円

箱は
6200円

を希望します。
※結構頑張りました！"
User,こうき,2024/12/04,10:41:32,"わかりました。
それでお願いいたします。
12／7着の郵送ですと厳しいでしょうか？"
Account,内藤夏樹,2024/12/04,10:42:18,"大丈夫ですよ。

ご連絡を頂けたことに感謝です。"
Account,内藤夏樹,2024/12/04,10:42:31,お買取フォームの申請をよろしくお願い申し上げます。
User,こうき,2024/12/04,10:42:40,ありがとうございます。
Account,内藤夏樹,2024/12/04,10:43:12,"12/6 発送
テラスタル

2カートン
130000円

20箱
6200円"
Account,内藤夏樹,2024/12/04,10:47:35,"こちらの対応を口外はしないでください。
された場合には被害が発生しますのでご理解ください🙇🏻‍♂️"
User,こうき,2024/12/04,10:50:34,"承知いたしました。
そこは必ずお守りいたします。"
Account,内藤夏樹,2024/12/04,10:51:03,"よろしくお願い申し上げます。
ご理解に感謝します。"
User,こうき,2024/12/04,10:54:00,"フォーム入力完了いたしました。
宜しくお願いいたします。"
Account,内藤夏樹,2024/12/04,10:54:22,"ありがとうございました。
また、当日ですね。
よろしくお願い申し上げます。"
User,こうき,2024/12/06,17:22:43,"お世話になっております。
これから発送準備いたしますが、発送先はお変わりないでしょうか？"
User,こうき,2024/12/06,17:22:49,写真を送信しました。
Account,内藤夏樹,2024/12/06,17:25:02,"毎々、お世話になっております。

変更がございます。

こちらの北陽センター止めにてご発送をよろしくお願い申し上げます。

940-0871
新潟県長岡市北陽1-53-61

ヤマト運輸株式会社北陽センター

電話番号はそのままで大丈夫です。"
User,こうき,2024/12/06,17:58:55,宛名はAiGIVE様で宜しいでしょうか？
Account,内藤夏樹,2024/12/06,17:59:08,宛名は株式会社AiGIVEでよろしくお願い申し上げます。
Account,内藤夏樹,2024/12/06,17:59:14,ご確認ありがとうございました。
User,こうき,2024/12/06,18:20:34,写真を送信しました。
User,こうき,2024/12/06,18:20:44,"発送しました。
宜しくお願いいたします。"
Account,内藤夏樹,2024/12/06,18:24:59,ありがとうございました。
Account,内藤夏樹,2024/12/07,17:38:58,"毎々、お世話になっております。

振込みが完了しました。
ご確認をよろしくお願い申し上げます。"
User,こうき,2024/12/07,17:42:06,"ありがとうございます！
融通聞いて頂きありがとうございました。"
User,こうき,2025/01/10,10:41:30,"おはようございます。
テラスタルフェス買取価格教えてください🙏
シュリ有り44、シュリ無し10あります"
Account,内藤夏樹,2025/01/10,10:51:29,"おはようございます。

11200円
シュリありのみの買取となります🙇🏻‍♂️🙇🏻‍♂️"
User,こうき,2025/01/10,10:55:17,"ありがとうございます！
ワイルド、サイバー、未来の一閃は買取してますか？"
Account,内藤夏樹,2025/01/10,10:55:54,買います！
User,こうき,2025/01/10,10:56:21,"全部40近くはあります。
価格教えてください。"
Account,内藤夏樹,2025/01/10,10:56:34,"ワイルド　4000
サイバー 3800
未来 3800"
Account,内藤夏樹,2025/01/10,10:56:36,です！
User,こうき,2025/01/10,11:00:51,すみません、40では無かったです。
User,こうき,2025/01/10,11:01:33,"テラスタルフェス　44
ワイルドフォース　20
サイバージャッジ　20
未来の一閃　20"
User,こうき,2025/01/10,11:01:50,"出張買取やってますか？
郵送、持ち込みのみでしょうか？"
Account,内藤夏樹,2025/01/10,11:02:07,郵送にてお願いしております🙇🏻‍♂️
Account,内藤夏樹,2025/01/10,11:02:42,"テラスタルフェス　44 , 11200
ワイルドフォース　20, 4000
サイバージャッジ　20, 3800 
未来の一閃　20, 3800"
User,こうき,2025/01/10,11:03:00,持ち込みでも大丈夫ですか？
Account,内藤夏樹,2025/01/10,11:03:34,"あいにくなのですが、予定が流動的でして。。。

ご郵送にてお願いしております。"
User,こうき,2025/01/10,11:05:37,"承知いたしました。
では出します！"
Account,内藤夏樹,2025/01/10,11:06:20,助かります🙇🏻‍♂️
User,こうき,2025/01/10,12:30:04,フォーム、入力しました
User,こうき,2025/01/10,12:30:17,発送先教えてください🙇‍♂️
Account,内藤夏樹,2025/01/10,12:43:29,ありがとうございました。
Account,内藤夏樹,2025/01/10,12:43:39,"お買取希望の商品は以下の住所へ発送をお願い申し上げます。
ご利用方法に記載のある梱包に関する注意事項を改めてご確認ください。

また発送は原則ヤマト運輸さんよりお願い申し上げます。

【発送先】
ヤマト運輸 北陽センター 気付
株式会社AiGIVE 内藤宛
〒940-0871
新潟県長岡市北陽1-53-61
050-5470-3570

ヤマト運輸北陽センター:

https://locations.kuronekoyamato.co.jp/p/yamato01/prt/041160/?&p_f1=1&cond22=1&jiNm=%A4%AA%B5%D2%CD%CD%A5%B5%A1%BC%A5%D3%A5%B9%A5%BB%A5%F3%A5%BF%A1%BC&kykTel=0570-200-000&jiFax=0258-46-0585

また発送されましたら以下の情報をご連絡ください。
① 追跡番号
② 発送日・到着指定時間

ご確認のほどよろしくお願い申し上げます。"
User,こうき,2025/01/10,16:41:47,写真を送信しました。
User,こうき,2025/01/10,16:41:57,段ボール2個口で発送いたしました。
Account,内藤夏樹,2025/01/10,20:15:44,ありがとうございました。
Account,内藤夏樹,2025/01/11,13:37:52,"テラスタルフェス　44 , 11200
ワイルドフォース　20, 4000
サイバージャッジ　20, 3800 
未来の一閃　20, 3800
未来の一閃　2箱凹み -1000

合計 723800円

お振込みとなります。"
Account,内藤夏樹,2025/01/11,13:38:08,写真を送信しました。
User,こうき,2025/01/11,13:38:27,"わかりました！
宜しくお願いします！"
Account,内藤夏樹,2025/01/11,13:39:27,お振込みしました。
User,こうき,2025/01/11,13:42:02,ありがとうございます🙇‍♂️
User,こうき,2025/08/07,20:31:24,"お世話になっております。
今週土曜日から配布のマクドナルドピカチュウの買取予定はありますでしょうか？
今のところ100パックは入手予定です。"
Account,内藤夏樹,2025/08/07,20:31:49,"毎々、お世話になっております。
現在のところありません。"
User,こうき,2025/08/07,20:36:43,ありがとうございます
User,こうき,2025/08/21,11:32:25,"お世話になっております。
買取をお願いします。

① 新たなる皇帝
② 21
③ 5,000円"
User,こうき,2025/08/21,12:39:49,新たなる皇帝お願いします🙇‍♂️
User,こうき,2025/08/21,15:46:06,買取お願いします。
User,こうき,2025/08/22,13:28:39,昨日の買取の件の返答ください
User,こうき,2025/08/22,17:50:01,買取お願いしまーす
User,こうき,2025/08/25,16:22:52,その前に買取申請してるんだから返答してくださいよ
User,こうき,2025/08/25,19:24:16,買取の返事ください
User,こうき,2025/08/25,19:24:26,買取の返事を先にしてください
