﻿アカウント名,にこにこ買取＠業界最高の買取価格宣言！
タイムゾーン,'+09:00
ダウンロード日時,2026/02/21 04:38
送信者タイプ,送信者名,送信日,送信時刻,内容
Account,応答メッセージ,2024/11/21,17:56:47,"山田敬純。さん
はじめまして！にこにこ買取＠業界最高の買取価格宣言！です。
友だち追加ありがとうございます！
にこにこ買取です(moon big smile)

ポケモンカードなどトレーディングカード全般の買取を行っております。
買取ご希望のお客様はなんでもお気軽に連絡してください(saluting man)

ご郵送買取の流れは以下の”郵送買取の流れ”をご確認ください(sparkle)

お問い合わせなどはお気軽にメッセージからご連絡ください(phone)"
Account,応答メッセージ,2024/11/21,17:56:47,写真を送信しました。
Account,応答メッセージ,2024/11/21,17:56:47,写真を送信しました。
User,山田敬純。,2024/12/28,14:32:09,"テラスタルフェスフェス34個買取りお願いします！
申込みフォームこれから記入します！"
Account,内藤夏樹,2024/12/28,14:32:27,"ありがとうございます！
明日着にて、よろしくお願い申し上げます。"
Account,内藤夏樹,2024/12/28,14:32:37,ご入力後にご連絡ください😊
User,山田敬純。,2024/12/28,14:34:12,写真を送信しました。
User,山田敬純。,2024/12/28,14:34:24,入力しました！
Account,内藤夏樹,2024/12/28,14:36:43,ありがとうございます！
Account,内藤夏樹,2024/12/28,14:36:47,"お買取希望の商品は以下の住所へ発送をお願い申し上げます。
ご利用方法に記載のある梱包に関する注意事項を改めてご確認ください。

また発送は原則ヤマト運輸さんよりお願い申し上げます。

【発送先】
ヤマト運輸 北陽センター 気付
株式会社AiGIVE 内藤宛
〒940-0871
新潟県長岡市北陽1-53-61

ヤマト運輸北陽センター:

https://locations.kuronekoyamato.co.jp/p/yamato01/prt/041160/?&p_f1=1&cond22=1&jiNm=%A4%AA%B5%D2%CD%CD%A5%B5%A1%BC%A5%D3%A5%B9%A5%BB%A5%F3%A5%BF%A1%BC&kykTel=0570-200-000&jiFax=0258-46-0585

また発送されましたら以下の情報をご連絡ください。
① 追跡番号
② 発送日・到着指定時間

ご確認のほどよろしくお願い申し上げます。"
Account,内藤夏樹,2024/12/28,14:37:24,"電話番号は
050-5470-3570です。"
User,山田敬純。,2024/12/28,15:54:58,3箱追加でお願いします！
Account,内藤夏樹,2024/12/28,15:55:55,"はい、ありがとうございます。
合計は37箱でしょうか？"
User,山田敬純。,2024/12/28,15:56:47,はい！
Account,内藤夏樹,2024/12/28,15:57:59,ありがとうございました。
User,山田敬純。,2024/12/28,16:45:24,"5030-3886-1172

お願いします！"
Account,内藤夏樹,2024/12/28,16:48:16,ありがとうございます！
Account,内藤夏樹,2024/12/29,15:53:10,"毎々、お世話になっております。

検品が終わりました。

8000*37=296,000 

のお振込みとなります。"
Account,内藤夏樹,2024/12/29,15:55:17,振込みを行いました。ご確認をよろしくお願い申し上げます。
User,山田敬純。,2024/12/29,16:24:12,ありがとうございました！
Account,内藤夏樹,2024/12/29,16:26:47,ありがとうございました。
Account,内藤夏樹,2025/01/07,08:09:52,"毎々、お世話になっております。

テラスタルフェスexどこよりも高く買います！

お申し付けください🙇🏻‍♂️"
User,山田敬純。,2025/07/01,14:21:26,"お疲れ様です！

ブラックボルト7箱
ホワイトフレア5箱
テラスタルフェス2箱
ナイトワンダラー1箱
全てシュリンク有りです！

郵送買取お願いします！"
Account,内藤夏樹,2025/07/01,14:43:42,"毎々、お世話になっております。
本日は〆切となりました。
申し訳ございません！"
User,山田敬純。,2025/08/24,09:35:13,"おはようございます！

メガブレイブ1
メガシンフォニア1
ブラックボルト1

少ないですが買取お願いしたいです！"
Account,内藤夏樹,2025/08/24,09:35:43,"毎々、お世話になっております！

そのあたりの価格はお昼頃更新しますね！"
User,山田敬純。,2025/08/24,09:35:59,りょーかいです！
Account,内藤夏樹,2025/08/24,11:31:10,在庫過多につき、買取を一時見送ります🙇🏻‍♂️
