﻿アカウント名,にこにこ買取＠業界最高の買取価格宣言！
タイムゾーン,'+09:00
ダウンロード日時,2026/02/21 04:38
送信者タイプ,送信者名,送信日,送信時刻,内容
Account,応答メッセージ,2025/06/21,07:52:34,"なまなさん
はじめまして！にこにこ買取＠業界最高の買取価格宣言！です。
友だち追加ありがとうございます！
にこにこ買取です(moon big smile)

ポケモンカードなどトレーディングカード全般の買取を行っております。
買取ご希望のお客様はなんでもお気軽に連絡してください(saluting man)

ご郵送買取の流れはメニューから”郵送買取の流れ”をご確認ください(sparkle)

お問い合わせなどはお気軽にメッセージからご連絡ください(phone)"
Account,応答メッセージ,2025/06/21,07:52:34,写真を送信しました。
Account,応答メッセージ,2025/06/21,07:52:34,写真を送信しました。
Account,応答メッセージ,2025/06/21,07:52:34,写真を送信しました。
User,Unknown,2025/07/24,21:20:01,写真を送信しました。
User,Unknown,2025/07/24,21:20:08,発送させて頂きました。
Account,内藤夏樹,2025/07/24,21:22:57,"毎々、お世話になっております。
おそらく送信間違いかと思います。"
User,Unknown,2025/07/24,21:24:02,すいません、ご連絡ありがとうございます。
Account,内藤夏樹,2025/07/24,21:34:14,次回はぜひご利用をお願い申し上げます。
User,Unknown,2025/08/24,10:18:12,写真を送信しました。
User,Unknown,2025/08/24,10:18:12,写真を送信しました。
User,Unknown,2025/08/24,10:18:12,写真を送信しました。
User,Unknown,2025/08/24,10:18:13,こちらの品物を買取して頂きたいのですが、上記のような状態ですとどれくらいの減額されるのでしょうか？
Account,内藤夏樹,2025/08/24,10:18:51,"毎々、お世話になっております。

ありがとうございます。
気になる点は蓋が空いていることですか？"
User,Unknown,2025/08/24,10:19:54,そうです！
Account,内藤夏樹,2025/08/24,10:41:55,こちらは問題がありません。
