﻿アカウント名,にこにこ買取＠業界最高の買取価格宣言！
タイムゾーン,'+09:00
ダウンロード日時,2026/02/21 04:38
送信者タイプ,送信者名,送信日,送信時刻,内容
Account,応答メッセージ,2025/03/15,20:15:28,"さささん
はじめまして！にこにこ買取＠業界最高の買取価格宣言！です。
友だち追加ありがとうございます！
にこにこ買取です(moon big smile)

ポケモンカードなどトレーディングカード全般の買取を行っております。
買取ご希望のお客様はなんでもお気軽に連絡してください(saluting man)

ご郵送買取の流れは以下の”郵送買取の流れ”をご確認ください(sparkle)

お問い合わせなどはお気軽にメッセージからご連絡ください(phone)"
Account,応答メッセージ,2025/03/15,20:15:28,写真を送信しました。
Account,応答メッセージ,2025/03/15,20:15:28,写真を送信しました。
User,ささ,2025/04/25,15:27:26,ロケット団何個かあるのですが可能ですかね
Account,内藤夏樹,2025/04/25,15:31:02,"毎々、お世話になっております。
はい！可能です。

申請をよろしくお願い申し上げます。"
User,ささ,2025/04/25,15:31:28,日曜に持ち込んでも同じ値段ですか？
User,ささ,2025/04/25,15:32:01,日曜持ち込みでよければ35個ほどになります
Account,内藤夏樹,2025/04/25,15:32:22,本日発送の場合の価格となります。
User,ささ,2025/04/25,15:32:34,そうなんですね、、
User,ささ,2025/04/25,17:55:14,ロケット団6個お願いします
Account,内藤夏樹,2025/04/25,17:55:35,"毎々、お世話になっております。
申し訳ございません、〆切ました🙇🏻‍♂️"
User,ささ,2025/04/25,17:58:40,個数確定した連絡だったのですがだめなんですかね
Account,内藤夏樹,2025/04/25,17:59:29,"ご申請が済んだ時点で確定となります。
申し訳ございません。"
User,ささ,2025/04/26,12:53:54,今日の買取価格はどんな感じでしたか？🙄
User,ささ,2025/06/01,15:01:26,"お世話になっております

超電22
熱風2
仮面13
ステラ17
バトパ7
ナイト2

可能でしょうか"
Account,内藤夏樹,2025/06/01,15:03:57,"毎々、お世話になっております。
価格表に誤りがありました。申し訳ございません。"
User,ささ,2025/06/01,15:04:27,各々どんな感じでしたか？
Account,内藤夏樹,2025/06/01,15:06:50,今ほど価格表を更新しました。
Account,内藤夏樹,2025/06/01,15:06:56,写真を送信しました。
Account,内藤夏樹,2025/06/01,15:07:14,"今ほど価格表を更新しました。
メニューの価格表よりご確認をお願いします。"
User,ささ,2025/06/01,15:46:08,お願いします
User,ささ,2025/06/01,16:00:56,上記可能でしたか
Account,内藤夏樹,2025/06/01,16:13:08,"・ポケモンカード　超電ブレイカー　22箱　単価8,500円　小計187,000円
・ポケモンカード　熱風のアリーナ　2箱　単価7,600円　小計15,200円
・ポケモンカード　変幻の仮面　13箱　単価7,500円　小計97,500円
・ポケモンカード　ステラミラクル　17箱　単価5,700円　小計96,900円
・ポケモンカード　バトルパートナーズ　7箱　単価6,400円　小計44,800円
・ポケモンカード　ナイトワンダラー　2箱　単価5,700円　小計11,400円

合計：452,800円
"
Account,内藤夏樹,2025/06/01,16:13:17,よろしくお願い申し上げます。
User,ささ,2025/06/01,16:14:01,お願いします
Account,内藤夏樹,2025/06/01,16:22:08,申請と発送をお願いします。
User,ささ,2025/06/01,16:22:16,かしこまりました
Account,内藤夏樹,2025/06/02,20:35:48,"・ポケモンカード　超電ブレイカー　19箱　単価8,500円　小計161,500円
・ポケモンカード　熱風のアリーナ　2箱　単価7,600円　小計15,200円
・ポケモンカード　変幻の仮面　12箱　単価7,500円　小計90,000円
・ポケモンカード　ステラミラクル　17箱　単価5,700円　小計96,900円
・ポケモンカード　バトルパートナーズ　4箱　単価6,400円　小計25,600円
・ポケモンカード　ナイトワンダラー　2箱　単価5,700円　小計11,400円

再計算後 合計：400,600円

※
梱包箱の潰れによる著しい損傷が見られた以下商品は、誠に恐縮ですが買取不可（ご返却）とさせていただきます。

【買取不可一覧】
・超電ブレイカー × 3箱
・変幻の仮面 × 1箱
・バトルパートナーズ × 3箱"
User,ささ,2025/06/02,20:36:09,かしこまりました
User,ささ,2025/06/02,20:36:23,よろしくお願いします
Account,内藤夏樹,2025/06/02,20:36:23,写真を送信しました。
Account,内藤夏樹,2025/06/02,20:36:23,写真を送信しました。
Account,内藤夏樹,2025/06/02,20:36:24,写真を送信しました。
Account,内藤夏樹,2025/06/02,20:36:24,写真を送信しました。
Account,内藤夏樹,2025/06/02,20:36:24,写真を送信しました。
Account,内藤夏樹,2025/06/02,20:36:29,写真を送信しました。
Account,内藤夏樹,2025/06/02,20:37:01,"輸送箱がこのように潰れておりました。
二段目も衝撃を受けたように見えました。"
User,ささ,2025/06/02,20:37:17,あらま
User,ささ,2025/06/02,20:37:47,初めてここまで潰されました
Account,内藤夏樹,2025/06/02,20:37:54,高さがある分、輸送中に潰れてしまったのかと思います。
User,ささ,2025/06/02,20:38:17,これは、萎えますね
Account,内藤夏樹,2025/06/02,20:38:19,ヤマト運輸さんに引き取りに来させるようならば保管しておきますのでおっしゃってください。
Account,内藤夏樹,2025/06/02,20:39:06,"萎えですね。
7箱ダメになっていますから、、、。"
Account,内藤夏樹,2025/06/02,20:39:23,こちらｈお振込みを進めますね。
User,ささ,2025/06/02,20:39:49,"了解です🫡

迅速な対応ありがとうございます"
Account,内藤夏樹,2025/06/02,20:41:31,こちらこそご理解いただきありがとうございます。
Account,内藤夏樹,2025/06/03,19:47:59,4991-2250-7262
Account,内藤夏樹,2025/06/03,19:48:09,こちらでご返送します。
User,ささ,2025/06/03,20:00:15,にこにこさん
User,ささ,2025/06/03,20:00:39,"箱潰れ
クロネコで補償してくれるらしくて
明日
電話いくかもしれないです"
Account,内藤夏樹,2025/06/03,20:00:59,承知しました！では弊社で保管していたほうがよいですね。
User,ささ,2025/06/03,20:02:27,"ヤマト　潰れてたよねー？

にこにこさん　そうですねー

っていう事実確認の連絡です


写真もらってるのでそれで処理は進められるらしいです"
Account,内藤夏樹,2025/06/03,20:05:11,"承知しました。
現品指示はヤマト運輸さんに従いますね。"
User,ささ,2025/06/03,20:05:29,"かしこまりました！
よろしくお願いします🫡"
User,ささ,2025/06/04,15:03:10,補償ききませんでした笑
Account,内藤夏樹,2025/06/04,16:46:24,"ヤマト運輸さんから補償されると連絡がありました。

お荷物を引き渡ししますね。"
User,ささ,2025/06/04,16:49:26,お！ありがとうございます🙏
User,ささ,2025/06/11,16:56:19,ブラホワ19個ずつあるんですけど11500円でしたか？
User,ささ,2025/06/11,16:56:32,写真を送信しました。
Account,内藤夏樹,2025/06/11,16:59:01,"申し訳ございません。
今は 11000円となります。
よろしくお願い申し上げます。"
Account,内藤夏樹,2025/06/11,16:59:15,募集しておりませんでした。
User,ささ,2025/06/11,16:59:31,かしこまりました！🙇
User,ささ,2025/08/10,12:02:55,"お世話になっております
マクドナルド250パックお願いします"
Account,内藤夏樹,2025/08/10,13:01:35,"毎々、お世話になっております。

規定数となりました。
ありがとうございました。

申し訳ございません。
また、よろしくお願い申し上げます。"
User,ささ,2025/08/22,12:34:23,"151
6個お願いします🙇"
Account,内藤夏樹,2025/08/22,12:34:40,"毎々お世話になっております！
よろしくお願いします！"
Account,内藤夏樹,2025/08/22,12:40:23,"毎々、お世話になっております。  
御見積書を送付いたします。

- 買取見積書 -
・ポケモンカード151　6箱　単価27,000円　小計162,000円  

減額項目：なし  

合計：162,000円  
減額合計：0円  
最終買取金額：162,000円  

ご確認のほど、よろしくお願いいたします。"
User,ささ,2025/08/22,12:41:39,かしこまりました
User,ささ,2025/08/22,14:20:59,"330863064431
クロネコ

２３日着です"
Account,内藤夏樹,2025/08/22,14:47:07,ありがとうございました。
Account,内藤夏樹,2025/08/23,15:01:33,満額にてお振込みをしました。
User,ささ,2025/08/23,15:01:52,ありがとうございます🫡
