﻿アカウント名,にこにこ買取＠業界最高の買取価格宣言！
タイムゾーン,'+09:00
ダウンロード日時,2026/02/21 04:38
送信者タイプ,送信者名,送信日,送信時刻,内容
Account,応答メッセージ,2025/08/08,12:29:17,"柏木 裕太さん
はじめまして！にこにこ買取＠業界最高の買取価格宣言！です。
友だち追加ありがとうございます！
にこにこ買取です(moon big smile)

ポケモンカードなどトレーディングカード全般の買取を行っております。
買取ご希望のお客様はなんでもお気軽に連絡してください(saluting man)

ご郵送買取の流れはメニューから”郵送買取の流れ”をご確認ください(sparkle)

ご郵送買取ご希望の場合にはメニューの”申し込みフォーム”からご申請が可能となっております。

お問い合わせなどはお気にご連絡ください。"
User,柏木 裕太,2025/08/08,12:35:14,"①ブラックボルト ／②13箱／③8500
①ホワイトフレア／②8箱／③7500
①メガブレイブ／②6箱／③10600
①メガシンフォニア②7箱／③8200

買取希望です🙇‍♂️"
Account,内藤夏樹,2025/08/08,12:46:03,"毎々、お世話になっております。

メガはツイートの通り
18000円へ変更しております。"
User,柏木 裕太,2025/08/08,12:49:09,"セットのみの買取ですか？？
ブレイブ10000
シンフォ8000の認識でよろしいでしょうか？"
Account,内藤夏樹,2025/08/08,12:55:50,セットのみ買取となります。
Account,内藤夏樹,2025/08/08,12:56:12,ブラホワは記載の通り買取可能です。
User,柏木 裕太,2025/08/08,13:39:20,ではこちらでお願い致します！
Account,内藤夏樹,2025/08/08,13:42:18,"①ブラックボルト ／②13箱／③8500
①ホワイトフレア／②8箱／③7500

メガセット　18000
6セット"
Account,内藤夏樹,2025/08/08,13:42:27,こちらでご申請と発送をよろしくお願いします
User,柏木 裕太,2025/08/08,14:23:25,承知しました！
User,柏木 裕太,2025/08/08,16:23:23,"8/9(土)午前着指定で発送致しました。
送り状番号は以下のとおりです。

3303-6670-0580

ご確認よろしくお願い致します。"
Account,内藤夏樹,2025/08/08,16:46:29,ありがとうございました。
User,柏木 裕太,2025/08/09,00:30:25,"遅くに申し訳ありません。
本日ブラックボルトホワイトフレアを14箱、9箱で送付してしまいました。
発払いで1箱ずつ返送は可能でしょうか？？
発払いの分の送料は買取金額から引いて頂いて構いません。
お手隙おかけしますがよろしくお願いします。"
User,柏木 裕太,2025/08/09,00:30:58,"もしくは14.9箱にて買取頂けたら幸いです。
よろしくお願い致します。"
Account,内藤夏樹,2025/08/09,10:05:04,"毎々、お世話になっております。
数量変更にて買取させていただきたいと思います。
よろしくお願い申し上げます。"
User,柏木 裕太,2025/08/09,10:05:41,"助かります。
ご迷惑おかけ致しますがよろしくお願い致します。"
Account,内藤夏樹,2025/08/09,10:07:59,ありがとうございます。
Account,内藤夏樹,2025/08/09,11:51:58,"毎々、お世話になっております。  
御見積書を送付いたします。

- 買取見積書 -
・ポケモンカード　ブラックボルト　14箱　単価8,500円　小計119,000円  
・ポケモンカード　ホワイトフレア　9箱　単価7,500円　小計67,500円  
・メガブレイブ＆メガシンフォニア　セット　6セット　単価18,000円　小計108,000円

減額項目：なし

合計：294,500円  
減額合計：0円  
最終買取金額：294,500円

ご確認のほど、よろしくお願いいたします。
振込しました。"
User,柏木 裕太,2025/08/09,12:51:09,"イレギュラーがあるにも関わらず迅速なご対応ありがとうございました。
またありましたらよろしくお願い致します。"
Account,内藤夏樹,2025/08/09,12:52:08,またよろしくお願いいたします。
User,柏木 裕太,2025/08/09,13:23:12,"何度も申し訳ございません。
ホワイトフレアって10箱届いてましたか？？"
Account,内藤夏樹,2025/08/09,13:31:08,"毎々、お世話になっております。
弊社で確認しているものは9箱であった記録があります。

10箱送られていましたか？"
User,柏木 裕太,2025/08/09,13:51:45,"前回別のところに買取出す予定の記録が10箱で記録しておりまして
全ての箱をお送りしてしまっていたので確認させていただきました🙇‍♂️"
Account,内藤夏樹,2025/08/09,13:53:10,"従業員にも確認しています。

夜になってしまいますがカメラで記録しているものを見て確認しても良いでしょうか。"
User,柏木 裕太,2025/08/09,14:22:19,"大丈夫です！
他買取店も同時に利用していたのでそちらにも確認いたします。
お手間を増やしてしまい申し訳ありません。
よろしくお願い致します。"
Account,内藤夏樹,2025/08/09,14:30:39,"とんでもないです。
また連絡させていただきます。"
User,柏木 裕太,2025/08/09,16:49:27,よろしくお願いします。
Account,内藤夏樹,2025/08/09,21:50:55,"毎々、お世話になっております。

弊社で他のご注文の混在確認もおこないましたが多く届いているものはありませんでした。

お力になれず申し訳ございません。"
User,柏木 裕太,2025/08/09,21:58:28,"お世話になっております。

真摯なご対応頂き誠にありがとうございました。

また余計なお手間をとらせてしまい大変申し訳ございませんでした。

ありがとうございました🙇‍♂️"
Account,内藤夏樹,2025/08/09,21:59:04,"とんでもないです。
また、よろしくお願い申し上げます。"
