﻿アカウント名,にこにこ買取＠業界最高の買取価格宣言！
タイムゾーン,'+09:00
ダウンロード日時,2026/02/21 04:35
送信者タイプ,送信者名,送信日,送信時刻,内容
Account,応答メッセージ,2026/02/09,12:38:42,"谷田光さん
はじめまして！にこにこ買取＠業界最高の買取価格宣言！です。
友だち追加ありがとうございます！
にこにこ買取です(moon big smile)

ポケモンカードなどトレーディングカード全般の買取を行っております。
買取ご希望のお客様はなんでもお気軽に連絡してください(saluting man)

ご郵送買取の流れはメニューから”郵送買取の流れ”をご確認ください(sparkle)

ご郵送買取ご希望の場合にはメニューの”申し込みフォーム”からご申請が可能となっております。

お問い合わせなどはお気にご連絡ください。"
User,谷田光,2026/02/17,13:50:19,"THE BEST vol.2
1カートン買取をお願いいたします。"
User,谷田光,2026/02/17,13:50:32,送料無料キャンペーンに該当しますでしょうか？
Account,内藤夏樹,2026/02/17,13:53:29,"毎々、お世話になっております。
該当します。
詳細は利用方法をご参照ください。"
User,谷田光,2026/02/17,13:55:42,買取値段は、116000円でお間違いないでしょうか？
Account,内藤夏樹,2026/02/17,14:07:56,"はい、間違いありません。
お見積もりを作成してもよろしいでしょうか。"
User,谷田光,2026/02/17,14:08:11,お願いいたします
Account,内藤夏樹,2026/02/17,14:08:40,"毎々、お世話になっております。御見積書を送付いたします。
受付ID: W4G9P2
	∙	買取見積書 -
・ワンピースカード　THE BEST vol.21カートン　単価116,000円　小計116,000円
合計箱数：12箱合計：116,000円減額合計：0円最終買取金額：116,000円
【注意事項】
	∙	段ボールの外側に受付ID（W4G9P2）を大きく記載してください。
	∙	この見積もりを印刷して商品に同梱してください。
	∙	1枚の印刷が難しい場合は、スクリーンショットの分割でも可能です。
	∙	同梱がない場合、査定が遅れることがあります。
	∙	同梱物などの詳細は、メニューの「ご利用方法」を確認してください。
	∙	メニューから申請と発送を行い、発送後は必ず追跡番号を連絡してください。
ご確認のほど、よろしくお願いいたします。​​​​​​​​​​​​​​​​"
User,谷田光,2026/02/17,14:55:18,"発送しました。
ヤマト運輸
2890-1768-9181"
Account,内藤夏樹,2026/02/17,14:56:24,ありがとうございました。
