﻿アカウント名,にこにこ買取＠業界最高の買取価格宣言！
タイムゾーン,'+09:00
ダウンロード日時,2026/02/21 04:38
送信者タイプ,送信者名,送信日,送信時刻,内容
Account,応答メッセージ,2025/08/09,11:54:16,"よーさん
はじめまして！にこにこ買取＠業界最高の買取価格宣言！です。
友だち追加ありがとうございます！
にこにこ買取です(moon big smile)

ポケモンカードなどトレーディングカード全般の買取を行っております。
買取ご希望のお客様はなんでもお気軽に連絡してください(saluting man)

ご郵送買取の流れはメニューから”郵送買取の流れ”をご確認ください(sparkle)

ご郵送買取ご希望の場合にはメニューの”申し込みフォーム”からご申請が可能となっております。

お問い合わせなどはお気にご連絡ください。"
User,AAよー,2025/08/09,11:55:32,こんにちは
User,AAよー,2025/08/09,11:57:21,本日の価格はまだ更新されていないようですが、
User,AAよー,2025/08/09,11:57:26,"①ブラックボルトホワイトフレアカードファイルセット　11個
②ロケット団の栄光　シュリなし　3個
③メガブレイブ　シュリあり　2個"
User,AAよー,2025/08/09,12:20:42,どうですか？
User,AAよー,2025/08/09,12:20:53,返信いただけませんか？
Account,内藤夏樹,2025/08/09,12:22:37,"毎々、お世話になっております。
シュリンクなしは買取しておりませんでした申し訳ございません。"
Account,内藤夏樹,2025/08/09,12:23:11,"メガブレイブも現段階ではメガシンフォニアとのセットを募集しております。

カードファイルセットは買取させていただけたらありがたく思います。"
User,AAよー,2025/08/09,12:26:49,カードファイルセットは本日いくらでしょうか？
Account,内藤夏樹,2025/08/09,12:33:27,4200円となります！
