﻿アカウント名,にこにこ買取＠業界最高の買取価格宣言！
タイムゾーン,'+09:00
ダウンロード日時,2026/02/21 04:38
送信者タイプ,送信者名,送信日,送信時刻,内容
Account,応答メッセージ,2024/10/22,15:02:18,"根本　翼さん
はじめまして！にこにこ買取＠業界最高の買取価格宣言！です。
友だち追加ありがとうございます！
にこにこ買取です(moon big smile)

ポケモンカードなどトレーディングカード全般の買取を行っております。
買取ご希望のお客様はなんでもお気軽に連絡してください(saluting man)

ご郵送買取の流れは以下の”郵送買取の流れ”をご確認ください(sparkle)

お問い合わせなどはお気軽にメッセージからご連絡ください(phone)"
Account,応答メッセージ,2024/10/22,15:02:18,写真を送信しました。
Account,応答メッセージ,2024/10/22,15:02:18,写真を送信しました。
User,根本　翼,2025/01/15,08:59:00,"ONE PIECE(ワンピース) カードゲーム エクストラブースター Anime25th collection(EB-02)
カートンの価格はおいくらになりますでしょうか・・？"
Account,内藤夏樹,2025/01/15,09:07:45,"毎々、お世話になっております。

75,000円

発売日発送でご相談できればありがたいです。"
User,根本　翼,2025/01/15,09:10:47,"ご回答ありがとうございます。
ちなみに、発売日前日発送（発売日着）の場合は価格変わりますでしょうか？"
Account,内藤夏樹,2025/01/15,09:24:18,"こちらこそ有難うございます。

もちろん価格を上昇させます！
77000円でいかがでしょうか？"
User,根本　翼,2025/01/15,09:26:03,ありがとうございます、検討いたします！
Account,内藤夏樹,2025/01/15,09:29:16,"有難うございます。

価格の相談などお気軽にお声掛けください。"
User,根本　翼,2025/08/08,15:32:49,"下記買取をお願いいたします。

「①ポケモンカード　メガブレイブ／②2箱／③10,600円」
「①ポケモンカード　メガシンフォニア／②4箱／③8,200円」"
Account,内藤夏樹,2025/08/08,15:34:12,"毎々、お世話になっております。
ツイートの通りこちらは18000円に変更となってしまいました。"
User,根本　翼,2025/08/08,15:42:10,今はセットのみですかね、承知いたしました、検討いたします🙇
Account,内藤夏樹,2025/08/08,15:42:24,はい、申し訳ございません。
