﻿アカウント名,にこにこ買取＠業界最高の買取価格宣言！
タイムゾーン,'+09:00
ダウンロード日時,2026/02/21 04:38
送信者タイプ,送信者名,送信日,送信時刻,内容
Account,応答メッセージ,2025/05/27,14:30:09,"松島一彦さん
はじめまして！にこにこ買取＠業界最高の買取価格宣言！です。
友だち追加ありがとうございます！
にこにこ買取です(moon big smile)

ポケモンカードなどトレーディングカード全般の買取を行っております。
買取ご希望のお客様はなんでもお気軽に連絡してください(saluting man)

ご郵送買取の流れは以下の”郵送買取の流れ”をご確認ください(sparkle)

お問い合わせなどはお気軽にメッセージからご連絡ください(phone)"
Account,応答メッセージ,2025/05/27,14:30:09,写真を送信しました。
Account,応答メッセージ,2025/05/27,14:30:09,写真を送信しました。
User,松島一彦,2025/07/31,10:50:51,"お世話になっております。

ポケモンカードゲームMEGA ポケモンセンターセット「メガブレイブ」
ポケモンカードゲームMEGA ポケモンセンターセット「メガシンフォニア」
各25boxの50boxの買取をお願いできますでしょうか？"
User,松島一彦,2025/07/31,10:50:55,写真を送信しました。
User,松島一彦,2025/07/31,10:50:56,写真を送信しました。
User,松島一彦,2025/08/01,13:34:36,"お世話になっております。

ポケモンカードゲームMEGA ポケモンセンターセット「メガブレイブ」
ポケモンカードゲームMEGA ポケモンセンターセット「メガシンフォニア」
各25boxの50boxの買取をお願いできますでしょうか？
22000円/1box"
User,松島一彦,2025/08/01,13:35:13,写真を送信しました。
User,松島一彦,2025/08/01,13:35:14,写真を送信しました。
User,松島一彦,2025/08/01,13:37:55,見積もりが来てないです。。
Account,内藤夏樹,2025/08/01,13:46:33,"毎々、お世話になっております。
大変申し訳ございません。
終了しました。"
User,松島一彦,2025/08/06,10:54:35,"お世話になっております。

テラスタルフェスexシュリンク付き✖️47boxの買取希望です。
よろしくお願いいたします。"
Account,内藤夏樹,2025/08/06,11:21:37,"毎々、お世話になっております。
現在出張中につき停止しております。

再開時はご連絡いたします。"
Account,内藤夏樹,2025/08/06,13:08:38,"毎々、お世話になっております。

査定が土曜日になってしまいますが、それでもよろしかったら

ぜひ買取させていただけないでしょうか。"
Account,内藤夏樹,2025/08/06,13:09:06,"価格は
10500円

でいかがでしょうか。"
