﻿アカウント名,にこにこ買取＠業界最高の買取価格宣言！
タイムゾーン,'+09:00
ダウンロード日時,2026/02/21 04:38
送信者タイプ,送信者名,送信日,送信時刻,内容
Account,応答メッセージ,2024/10/21,19:22:59,"ramさん
はじめまして！にこにこ買取＠業界最高の買取価格宣言！です。
友だち追加ありがとうございます！
にこにこ買取です(moon big smile)

ポケモンカードなどトレーディングカード全般の買取を行っております。
買取ご希望のお客様はなんでもお気軽に連絡してください(saluting man)

ご郵送買取の流れは以下の”郵送買取の流れ”をご確認ください(sparkle)

お問い合わせなどはお気軽にメッセージからご連絡ください(phone)"
Account,応答メッセージ,2024/10/21,19:22:59,写真を送信しました。
Account,応答メッセージ,2024/10/21,19:22:59,写真を送信しました。
User,RUM,2025/03/04,12:49:09,おいくらですか？
Account,内藤夏樹,2025/03/04,12:49:21,"毎々、お世話になっております。

アーコレでしょうか？"
User,RUM,2025/03/04,12:50:21,"アーコレ
ワンピースです"
Account,内藤夏樹,2025/03/04,12:51:34,"アーコレは160000円

ワンピースは12500円"
Account,内藤夏樹,2025/03/04,12:51:36,です。
Account,内藤夏樹,2025/03/04,16:53:25,いかがでしょう？
User,RUM,2025/06/03,13:56:58,"熱風のアリーナ
¥8000
20ボックスお願いいたします！"
Account,内藤夏樹,2025/06/03,14:04:49,"毎々、お世話になっております。
よろしくお願い申し上げます。"
Account,内藤夏樹,2025/06/03,14:05:00,"熱風のアリーナ
¥8000
20箱"
User,RUM,2025/06/03,14:44:31,"ありがとうございます。

免許証コピーは大丈夫なのですが、住民票は同封しなくても大丈夫ですか？"
Account,内藤夏樹,2025/06/03,14:59:13,"初めてのお取引である場合には必要です。
それ以外は不要でございます。"
User,RUM,2025/06/03,16:19:48,"承知いたしました。

最初の同封に必要なもの教えていただけませんでしょうか？"
Account,内藤夏樹,2025/06/03,16:23:26,商品と住民票の写しが必要になります。
User,RUM,2025/06/03,16:29:40,"承知いたしました。

明日発送

明後日着で用意しますので8000×24ボックスよろしいでしょうか？"
Account,内藤夏樹,2025/06/03,16:56:33,明日到着のみが価格保証対象となります。
User,RUM,2025/06/03,17:06:22,"承知いたしました、、
まだ出先で間に合わなかったら大変申し訳ありません。"
Account,内藤夏樹,2025/06/03,17:26:44,よろしくお願い申し上げます。
User,RUM,2025/06/03,17:29:43,"発送できなければあらためてまたお願いします！
すいません！"
User,RUM,2025/06/03,17:30:05,明日も熱風8000の可能性ありますか？
Account,内藤夏樹,2025/06/03,17:30:07,"またその時の価格で相談させてください。
あんまり変わらないと思います！"
User,RUM,2025/06/04,12:48:04,"今日発送で熱風24ボックス
シュリンク付き
¥8000でお願いできますか？"
User,RUM,2025/06/04,12:48:20,ちなみにお振込みは検品後何日ぐらいでしょうか？
Account,内藤夏樹,2025/06/04,13:03:17,"毎々、お世話になっております。
7900円にてよろしくお願いします。

通常はその日から翌日程度です。
規約では3営業日以内としています。

新作もありますのでご理解いただけるとありがたいです。"
User,RUM,2025/06/04,13:45:38,"承知いたしました。
ありがとうございます

申請後はキャンセル不可でしょうか？"
Account,内藤夏樹,2025/06/04,13:49:03,どういったキャンセルでしょうか？
User,RUM,2025/06/04,15:24:57,申し込みフォーム申請後のキャンセルです！
Account,内藤夏樹,2025/06/04,16:34:40,申し込み後はキャンセルができなくなっております。
User,RUM,2025/06/06,14:11:56,"エックス見ました。

熱風のアリーナ24ボックスよろしくお願いいたします。

住民票はコピーではなく原本じゃないといけませんか？"
Account,内藤夏樹,2025/06/06,14:14:12,"毎々、お世話になっております。
ありがとうございます。

熱風のアリーナ
24箱
8000円"
Account,内藤夏樹,2025/06/06,14:14:34,原本にてお願いしております。
User,RUM,2025/06/06,14:16:04,"ありがとうございます。
ご準備します。

先にフォーム申請した方がいいですか？"
Account,内藤夏樹,2025/06/06,14:18:06,ぜひ、よろしくお願い申し上げます。
User,RUM,2025/06/06,14:22:58,スクショはどれを撮影したらいいですか？
Account,内藤夏樹,2025/06/06,14:23:25,"こちらを撮影してください。
ありがとうございます。"
User,RUM,2025/06/06,14:23:52,写真を送信しました。
User,RUM,2025/06/06,14:23:57,これでよろしいですか？
Account,内藤夏樹,2025/06/06,14:24:00,ありがとうございます
Account,内藤夏樹,2025/06/06,14:24:05,間違いありません。
User,RUM,2025/06/06,14:30:31,一緒に撮影する写真は撮影しないといけないですか？
User,RUM,2025/06/06,14:30:36,自分の顔です
Account,内藤夏樹,2025/06/06,14:30:47,はい、古物商で必要となります。
User,RUM,2025/06/06,14:32:47,こちらには特になにも影響ありませんよね？
Account,内藤夏樹,2025/06/06,14:33:09,"はい、ありません。
ご安心ください。"
User,RUM,2025/06/06,14:34:19,"承知いたしました。

ブラックホワイトは5ボックスずつありますが明日発送で12500で約束してもらえませんでしょうか？"
User,RUM,2025/06/06,14:39:57,撮影する身分証は保険証でもよろしいですか？
Account,内藤夏樹,2025/06/06,14:48:09,ブラックホワイトは〆切となりました。
Account,内藤夏樹,2025/06/06,14:48:24,アップロードしたものと同じものでお願い申し上げます。
User,RUM,2025/06/06,14:50:11,"送信しました。
ご確認お願いします。"
Account,内藤夏樹,2025/06/06,14:51:37,確認します。
User,RUM,2025/06/06,14:51:47,すいません。発送先のご住所や宛名教えていただけませんか？
Account,内藤夏樹,2025/06/06,14:54:02,"1. 買取希望の商品名・数量・希望価格をご連絡ください。（スタッフが確認し、回答します）
2. 個人情報等をフォームより送信してください。
　 https://forms.gle/gAwrrfLYxm83u9Nr7
3. フォーム送信後は下記住所へご発送ください：
〒940-0871
新潟県長岡市北陽1-53-61
株式会社AiGIVE 内藤宛（ヤマト運輸 北陽センター気付）
TEL: 050-5470-3570"
User,RUM,2025/06/06,14:55:29,"ありがとうございます！

明日午前中着で発送します！

振込口座の入力はどうすればよろしいですか？"
Account,内藤夏樹,2025/06/06,15:28:04,ゆうちょのお振込み口座をご入力いただいております。
User,RUM,2025/06/06,15:41:43,"ありがとうございます。

どちらにフォームございますか？"
Account,内藤夏樹,2025/06/06,15:44:46,"こちらのGoogleフォームでございます。

すでに頂いてるかと思います。、"
User,RUM,2025/06/06,16:41:59,"ありがとうございます。

フォーム確認して頂けましたでしょうか？"
Account,内藤夏樹,2025/06/06,16:42:49,"確認できました。
発送をよろしくお願い申し上げます。"
Account,内藤夏樹,2025/06/06,17:37:02,発送できましたら追跡番号のご連絡をよろしくお願い申し上げます。
User,RUM,2025/06/06,17:50:04,"今ヤマトに持ち込んでおります。

ご連絡いたします。"
Account,内藤夏樹,2025/06/06,17:50:31,"ありがとうございます。
よろしくお願い申し上げます。"
User,RUM,2025/06/06,18:07:00,"最後にご質問すいません。

元払いですよね？"
Account,内藤夏樹,2025/06/06,18:11:48,はい、元払いにてお願いします。
User,RUM,2025/06/06,18:27:29,写真を送信しました。
User,RUM,2025/06/06,18:27:39,279055014523
User,RUM,2025/06/06,18:27:50,"お問い合わせ番号です。
よろしくお願いいたします。"
User,RUM,2025/06/06,18:28:08,写真を送信しました。
Account,内藤夏樹,2025/06/06,18:40:32,ありがとうございました。
User,RUM,2025/06/06,19:02:30,"続いて明日発送明後日着でブラック10
ホワイト10
買取お願いできますか？"
Account,内藤夏樹,2025/06/06,19:07:59,価格は明日のものでご検討ください。
User,RUM,2025/06/06,19:28:14,承知いたしました。
Account,内藤夏樹,2025/06/06,20:55:53,ありがとうございます。
User,RUM,2025/06/07,10:54:56,"今日ブラックホワイト
通常シュリンク付き買取おいくらですか？"
Account,内藤夏樹,2025/06/07,11:07:14,"毎々、お世話になっております。
お昼頃に開催する予定です。"
User,RUM,2025/06/07,14:17:36,"ありがとうございます。

昨日の商品到着しましたか？"
User,RUM,2025/06/07,14:18:27,"続けて熱風のアリーナ24ボックスお願いします。

2回目の取引は住民票のコピー同封でしょうか？"
Account,内藤夏樹,2025/06/07,14:19:44,"毎々、お世話になっております。
届いております！
夜に査定させていただきます！

熱風は8,000となります。
よろしくお願い申し上げます。

コピーの同封も不要でございます。"
User,RUM,2025/06/07,15:18:39,"承知いたしました！

ありがとうございます

月曜日午前中着でも同じでしょうか？"
Account,内藤夏樹,2025/06/07,15:21:57,本日の出荷をお願いしております🙇🏻‍♂️
Account,内藤夏樹,2025/06/07,17:41:33,"・ポケモンカード　熱風のアリーナ　24箱　単価8,000円　小計192,000円

合計：192,000円

【査定による減額】
・凹み、シュリンク破れ　-700円 × 2点 = -1,400円

減額合計：-1,400円
最終買取金額：190,600円

※今後も丁寧な査定を行い、毎回査定結果をご報告させていただきます。
何卒よろしくお願いいたします。"
User,RUM,2025/06/07,17:45:10,"承知いたしました。
凹みシュリンク破れのご状態は写真いただけませんでしょうか？"
Account,内藤夏樹,2025/06/07,17:47:46,ご理解頂きありがとうございます。
Account,内藤夏樹,2025/06/07,17:47:56,写真を送信しました。
Account,内藤夏樹,2025/06/07,17:47:57,写真を送信しました。
User,RUM,2025/06/07,17:57:18,"承知いたしました。
大変申し訳ありません。"
User,RUM,2025/06/07,17:57:54,"今、申し込みフォーム申請しました！

熱風アリーナ×24"
Account,内藤夏樹,2025/06/07,17:58:26,"謝らないでください。

ありがとうございました。

今後とも、よろしくお願い申し上げます。"
User,RUM,2025/06/07,17:58:39,身分証のコピーいりませんか？
Account,内藤夏樹,2025/06/07,17:58:50,はい、不要です。
User,RUM,2025/06/07,18:02:34,"ありがとうございます！

商品だけでよろしいということですね？

承知いたしました！

今から発送しますので明日午前中に着で送ります！"
User,RUM,2025/06/07,18:03:03,送信が取り消されたメッセージです
User,RUM,2025/06/07,18:03:08,こちらと明日着の分はお振込み分けていただけますか？
User,RUM,2025/06/07,18:03:29,"あと本日の
ブラックホワイト
通常シュリンク付き買取おいくらですか？"
Account,内藤夏樹,2025/06/07,18:03:51,本日分は今ほどお振込みしました。
Account,内藤夏樹,2025/06/07,18:04:04,本日は 各 8800円となります。
User,RUM,2025/06/07,18:05:40,"承知いたしました！

ひとまず熱風のみよろしくお願いします！"
Account,内藤夏樹,2025/06/07,18:27:22,はい、よろしくお願い申し上げます。
User,RUM,2025/06/07,18:48:28,279055158454
User,RUM,2025/06/07,18:48:51,写真を送信しました。
User,RUM,2025/06/07,18:49:02,よろしくお願いします。
User,RUM,2025/06/07,19:38:26,"クリムゾンヘイズ12ボックス

8500×12でお買取りしていただけませんか？"
Account,内藤夏樹,2025/06/07,19:46:27,"毎々、お世話になっております。
可能です。
よろしくお願い申し上げます。"
User,RUM,2025/06/07,19:54:05,"ありがとうございます。

現在、クリムゾンヘイズの
買取額最高額
おいくらでしょうか？"
Account,内藤夏樹,2025/06/07,20:49:05,8400円が我々の買取価格です。
User,RUM,2025/06/07,21:04:15,"ありがとうございます。
明日元払いで発送しますので8500×12でお願いできますか？"
Account,内藤夏樹,2025/06/07,21:07:05,はい、よろしくお願い申し上げます。
Account,内藤夏樹,2025/06/07,21:07:08,テラスタルフェスexはありませんか
User,RUM,2025/06/07,21:25:17,"テラスタル少しだけありますが
9500であれば10ボックス出したいのですが難しいですか？"
Account,内藤夏樹,2025/06/07,21:26:02,9500はごめんなさい
User,RUM,2025/06/07,21:30:49,"9400はいかがですか？

それ以下だともう少し残しておこうと思います。

すいません。"
User,RUM,2025/06/07,21:36:57,"変幻の仮面
バトルパートナーズはMAXいくらでしょうか？"
User,RUM,2025/06/07,22:36:08,"ロケット団も
12300あたりであれば5ボックス程出したいです。"
Account,内藤夏樹,2025/06/07,22:52:06,"買取価格表の通りとなります。
よろしくお願い申し上げます。"
User,RUM,2025/06/08,02:06:58,"承知いたしました。

ひとまずクリムゾンヘイズ12ボックスでよろしくお願いいたします。"
User,RUM,2025/06/08,09:08:18,写真を送信しました。
User,RUM,2025/06/08,09:08:31,こちらフォーム申請いたします！
Account,内藤夏樹,2025/06/08,09:08:31,よろしくお願い申し上げます🙇
User,RUM,2025/06/08,09:45:13,"申請いたしました。

シュリンクなしは買取していませんか？"
User,RUM,2025/06/08,09:51:41,"クリムゾン×12
送り状番号
279055175571"
User,RUM,2025/06/08,09:54:54,"本日
ブラックホワイト
通常
シュリンク付き
シュリンクなし
おいくらですか？"
Account,内藤夏樹,2025/06/08,10:49:51,ありがとうございました。
User,RUM,2025/06/08,17:40:20,シュリンクなしのペリペリ付きの買取ってされてますか？
Account,内藤夏樹,2025/06/08,17:45:40,しておりませんでした。
User,RUM,2025/06/08,17:46:59,"承知いたしました。

また検品後お振込みお願いします！"
Account,内藤夏樹,2025/06/08,17:47:13,承知しました。
User,RUM,2025/06/08,18:47:22,"ロケット団
12000×12ボックス
明日発送
6/10火曜日午前中着で買取お願いします！"
Account,内藤夏樹,2025/06/08,18:47:45,"ロケット団は現在買取しておりません。
申し訳ございません。"
User,RUM,2025/06/08,18:47:50,承知いたしました。
User,RUM,2025/06/08,18:47:57,買取停止中ですか？
Account,内藤夏樹,2025/06/08,18:48:10,現在はそうです。
User,RUM,2025/06/08,18:48:42,"承知いたしました。

熱風最後の24ボックスになるのですが8200で対応していただけませんでしょうか？"
Account,内藤夏樹,2025/06/08,18:49:08,"8000円以上は難しいです。
よろしくお願い申し上げます。"
Account,内藤夏樹,2025/06/08,18:49:18,ご提案に感謝します。
User,RUM,2025/06/08,18:49:32,"承知いたしました。

8100お願いできませんか？泣"
User,RUM,2025/06/08,18:52:04,送信が取り消されたメッセージです
User,RUM,2025/06/08,19:20:10,"矢継ぎ早にすいません。
熱風のアリーナ
あと残り24ボックスありますので、お願いいたします。
明日発送、明後日朝に到着で発送します！"
User,RUM,2025/06/09,09:53:32,申請してもよろしいですか？
Account,内藤夏樹,2025/06/09,09:54:28,"毎々、お世話になっております。
申し訳ございません。
〆切させていただきました。"
User,RUM,2025/06/09,09:55:47,"承知いたしました。

また再開しましたらよろしくお願いします。"
User,RUM,2025/06/09,10:41:57,今日、高価買取中の商品なにがありますか？
Account,内藤夏樹,2025/06/09,10:55:41,"今週私が不在のため、現在は買取停止させていただいております。

白黒とデラックスバージョンは買取したいなと思っています。"
User,RUM,2025/06/09,10:59:24,送信が取り消されたメッセージです
User,RUM,2025/06/09,10:59:32,"承知いたしました。
買取金額は担当者様がお戻りになるまで待ちます！

ブラックホワイトももし少しでも集められれば申請させていただきます！"
Account,内藤夏樹,2025/06/09,21:44:46,こちら１０２０００円をお振込みしました。
User,RUM,2025/06/09,21:48:27,ありがとうございます。
User,RUM,2025/06/09,21:49:06,こちらも検品とお振込みお願いできますか？
User,RUM,2025/06/09,21:49:52,送信が取り消されたメッセージです
User,RUM,2025/06/09,21:49:56,"6/7土曜日発送
6/8日曜日午前中着のものです。
熱風×24"
Account,内藤夏樹,2025/06/09,21:52:02,写真を送信しました。
Account,内藤夏樹,2025/06/09,21:52:17,昨日振込済でございます。
User,RUM,2025/06/09,21:54:13,"迅速なご対応ありがとうございます。
今後ともよろしくお願いします。"
Account,内藤夏樹,2025/06/09,22:00:26,"よろしくお願い申し上げます。
ありがとうございました。"
User,RUM,2025/06/09,22:02:32,今、新弾以外で買取強化中のものございますか？
Account,内藤夏樹,2025/06/09,22:03:25,"ありがとうございます。
あるのですが、明日から出張でして、、、申し訳ございません。"
User,RUM,2025/06/09,22:05:10,またお戻りになりましたらよろしくお願いします！
User,RUM,2025/06/12,16:37:44,"ご提案ありがとうございます！

ブラックホワイト
本日発送
明日着で12ボックスずつ発送できますが単価11500はもう終了していますか？"
Account,内藤夏樹,2025/06/12,16:46:34,"毎々、お世話になっております。
はい、終了しています。"
User,RUM,2025/06/12,17:01:21,"承知いたしました。

またよろしくお願いいたします。"
User,RUM,2025/06/15,19:34:21,"いつもお世話になります。

ブラックホワイト
12ボックスずつありますが
単価10000でしょうか？"
Account,内藤夏樹,2025/06/15,22:28:37,"毎々、お世話になっております。
明日お話しできたら嬉しいです。"
User,RUM,2025/06/15,22:37:41,よろしくお願いいたします。
User,RUM,2025/06/16,11:40:53,"お世話になります。

ブラックホワイト24ボックス買取金額いかがでしょうか？"
Account,内藤夏樹,2025/06/16,12:07:50,"毎々、お世話になっております。
10200円でいかがでしょうか？"
User,RUM,2025/06/16,12:09:47,"ありがとうございます。
まとめて本日中に発送しますので10500×24
お願いできませんか。"
Account,内藤夏樹,2025/06/16,12:10:20,承知しました。
Account,内藤夏樹,2025/06/16,12:10:27,ご申請をよろしくお願い申し上げます。
User,RUM,2025/06/16,12:10:38,本当にありがとうございます。
User,RUM,2025/06/16,12:10:44,いますぐ申請します。
User,RUM,2025/06/16,12:15:56,"申請いたしました。

〒940-0871
新潟県長岡市北陽1-53-61
株式会社AiGIVE 内藤様宛（ヤマト運輸 北陽センター気付）
TEL: 050-5470-3570"
User,RUM,2025/06/16,12:19:25,"すいません。
まだ変更可能であれば

15ボックスずつでお願いできますか。
合計30ボックスです。"
User,RUM,2025/06/16,12:19:31,10500×30
User,RUM,2025/06/16,12:50:21,カードファイルセットは買取していますか。
Account,内藤夏樹,2025/06/16,12:58:10,はい、よろしくお願い申し上げます。
Account,内藤夏樹,2025/06/16,12:58:23,4200でやらせてください！
User,RUM,2025/06/16,13:00:06,"ありがとうございます。
もう一度フォーム申請し直した方がいいですか？"
User,RUM,2025/06/16,13:00:13,スクショの部分です。
Account,内藤夏樹,2025/06/16,13:00:55,大丈夫ですよ！
Account,内藤夏樹,2025/06/16,13:01:20,"黒白通常
15箱ずつ
10500円"
User,RUM,2025/06/16,13:05:40,"ブラック 単価10500×15
ホワイト 単価10500×15
ファイルセット 4200×3

こちらでお願いします！"
User,RUM,2025/06/16,13:06:22,合計　¥327600
User,RUM,2025/06/16,18:11:55,今から発送いたします！
User,RUM,2025/06/16,18:12:23,写真を送信しました。
User,RUM,2025/06/16,18:12:44,"画像だけこちらでお願いします。
すいません！"
User,RUM,2025/06/16,18:25:33,写真を送信しました。
User,RUM,2025/06/16,18:25:53,"279056310842

明日午前中にそちらに着きます！"
Account,内藤夏樹,2025/06/16,18:26:05,"ありがとうございました。
助かります。"
Account,内藤夏樹,2025/06/16,18:26:19,"ブラック 単価10500×15
ホワイト 単価10500×15
ファイルセット 4200×3

こちらで確認しました。"
User,RUM,2025/06/16,19:04:37,"よろしくお願いします。

今、ほかに強化買取中のものございますか？"
User,RUM,2025/06/17,13:02:02,"ご提案なのですが

リーリエファイル　8個

Nファイル　4個あるのですが

よろしければお買取していただけませんか？"
User,RUM,2025/06/17,13:02:43,あとバトルパートナーズは熱風アリーナや買取金額上げていただくのは厳しいでしょうか...？
Account,内藤夏樹,2025/06/17,13:20:29,"毎々、お世話になっております。
リーリエファイルは買取していませんでした。申し訳ございません。"
Account,内藤夏樹,2025/06/17,13:20:50,キリンさんに100円増しでいかがでしょうか？
User,RUM,2025/06/17,13:51:58,"承知しました。

ご提案ありがとうございます。

熱風のアリーナは8200〜ならどうかなと思ったのですが残り数少なくなってきたので再度検討いたします。

バトルパートナーズ7400〜ならと思いましたが難しいですよね？"
User,RUM,2025/06/17,13:52:42,にこにこさんが1番ご対応速いので無理言ってすいませんm(_ _)m
User,RUM,2025/06/17,13:59:57,ちなみにブラックホワイトが8ボックスずつ追加で出てきたのですが昨日と同じ条件でお願いできたりしますか？
Account,内藤夏樹,2025/06/17,14:06:48,"熱風などは承知しました。

ブラホワは本日出荷いただき、昨日の分と合わせて査定、お振込みでよろしいでしょうか？"
User,RUM,2025/06/17,14:08:37,"ありがとうございます！

別々の査定で別のお振込みでも構いませんがどちらがよろしいでしょうか？

まとめての方がよろしいなら合わせます！"
User,RUM,2025/06/17,14:10:11,送信が取り消されたメッセージです
User,RUM,2025/06/17,14:13:59,"バトルパートナーズはMAXでいくらまで大丈夫ですか？

スニダンが少しずつ戻ってきてるのでよかったらどうかなと思いまして。

今、24ボックスございます。"
User,RUM,2025/06/17,14:27:07,またバトルパートナーズ次第で申請フォーム入力させていただきますのでよろしくお願いします。
Account,内藤夏樹,2025/06/17,14:27:46,7200でいかがでしょうか？
Account,内藤夏樹,2025/06/17,14:27:55,熱風は8000です！
User,RUM,2025/06/17,14:32:11,"すいません！
熱風は少ししかないので考えさせてください。m(_ _)m

バトルパートナーズ7200だと悩みましたが残しときます。。
無茶言ってすいません。m(_ _)m"
Account,内藤夏樹,2025/06/17,14:32:52,了解です！
User,RUM,2025/06/17,14:33:21,"ブラホワはどうしましょうか？

こちらは一応10500×16で別々振込でも構いません！"
Account,内藤夏樹,2025/06/17,14:40:14,"一緒にお振込みさせていただけますとありがたいです。
発送をよろしくお願い申し上げます。"
User,RUM,2025/06/17,14:41:47,送信が取り消されたメッセージです
User,RUM,2025/06/17,14:43:27,あとロケット団は買取金額の限界値はございますか？
Account,内藤夏樹,2025/06/17,14:53:20,11800となります
User,RUM,2025/06/17,15:13:14,"ありがとうございます。

そちらはまたもう少し検討して明日以降にお願いします！"
User,RUM,2025/06/17,15:23:38,ブラホワのシュリンクつき8個ずつの申請フォームは追加分した方がよろしいでしょうか？
User,RUM,2025/06/17,15:23:48,写真を送信しました。
User,RUM,2025/06/17,15:24:07,一応昨日と合わせて計算するとこれになると思います！
Account,内藤夏樹,2025/06/17,15:51:58,追加で申請をよろしくお願い申し上げます。
User,RUM,2025/06/17,16:03:08,"追加
ブラック8ボックス×10500

ホワイト8ボックス×10500

の申請フォーム完了しました。"
Account,内藤夏樹,2025/06/17,16:12:46,ありがとうございました。
User,RUM,2025/06/17,16:17:18,"昨日からの合計数が

ブラック×23 ¥10500

ホワイト×23 ¥10500

ファイルセット×3 ¥4200

です！"
Account,内藤夏樹,2025/06/17,16:34:32,ありがとうございます。
User,RUM,2025/06/17,18:27:52,"279056414210

明日午前中にそちらに着きます！"
Account,内藤夏樹,2025/06/18,11:56:45,ありがとうございました。
User,RUM,2025/06/18,17:45:36,ご提案なのですが、ロケット団12ボックス12000円可能でしょうか？
User,RUM,2025/06/18,17:45:43,単価12000です。
Account,内藤夏樹,2025/06/18,17:46:58,ごめんなさい！難しいです！
User,RUM,2025/06/18,17:52:14,"承知いたしました！

昨日仰られていた11800×12でお願いできますか？"
User,RUM,2025/06/18,19:15:01,お返事次第で発送できますのでよろしくお願いします！
Account,内藤夏樹,2025/06/18,20:46:58,"毎々、お世話になっております。
明日以降長期で不在になります。
またその時によろしくお願いいたします。"
Account,内藤夏樹,2025/06/18,20:48:10,"・ポケモンカード　ブラック　23個　単価10,500円　小計241,500円
・ポケモンカード　ホワイト　23個　単価10,500円　小計241,500円
・ポケモンカード　ファイルセット　3個　単価4,200円　小計12,600円

合計：495,600円

【査定による減額】
・凹み　-700円 × 2点 = -1,400円

減額合計：-1,400円
最終買取金額：494,200円"
User,RUM,2025/06/18,20:52:39,"承知いたしました。
お戻りになったときはお願いします。"
User,RUM,2025/06/18,20:53:12,"ご入金よろしくお願いいたします。

凹み部分写真見せてもらったりできませんでしょうか？"
Account,内藤夏樹,2025/06/18,20:54:32,はい、お送りします。
Account,内藤夏樹,2025/06/18,20:54:58,写真を送信しました。
Account,内藤夏樹,2025/06/18,20:55:29,アクエリアスの箱は潰れやすく、湿気に弱いので次回以降は使用しない方が良いかもしれないです。
User,RUM,2025/06/18,20:58:05,"承知いたしました。
本当にすいません。"
User,RUM,2025/06/18,20:58:49,次回以降使わないようにします。
User,RUM,2025/06/19,14:29:23,"毎度お世話になります。

担当者様お戻りされてからで構いませんのでテラスタルもし40個出すとしたら、単価9800〜10000あたりは難しいでしょうか？"
Account,内藤夏樹,2025/06/19,15:12:01,"毎々、お世話になっております。
今は9500で2,000個買いましたので
厳しいですね、、、。"
User,RUM,2025/06/19,15:12:44,2000個ですか。すごいですね。💦
User,RUM,2025/06/19,15:13:09,"ごめんなさい。恐縮です。

一般の方で2000個ですか？"
User,RUM,2025/06/19,15:14:23,"もし買取していただきたいものあれば今後もにこにこさんに出させていただきます！
いつも柔軟な対応ありがとうございます。"
Account,内藤夏樹,2025/06/19,15:19:12,正確には転売屋さんだとおもいます。
Account,内藤夏樹,2025/06/19,15:19:20,こちらこそ、いつも有難うございます
User,RUM,2025/06/20,09:02:37,"お世話になっています！
拝見いたしました。

ロケット団11600×12ボックス可能でしょうか？

あと超電ブレイカーも12ボックスありますがMAXいくらまで可能でしょうか？"
Account,内藤夏樹,2025/06/20,09:04:07,"毎々、お世話になっております。
他店で高いところがある場合には対抗とさせていただきます。

それ以外はかなり強気の設定となります。
ご検討いただけますと有難いです。"
User,RUM,2025/06/20,09:07:43,"承知いたしました。
すいません。
検討いたします。

バトルパートナーズ
お気持ち100円だけ上積みしていただけませんか？"
Account,内藤夏樹,2025/06/20,09:14:36,"大丈夫です。
よろしくお願い申し上げます。"
User,RUM,2025/06/20,11:29:35,"ありがとうございます。

申し訳ありません。
ボックス数確定させてから申請フォーム入力させていただきます。

今日中に発送いたします。"
User,RUM,2025/06/20,12:17:29,送信が取り消されたメッセージです
Account,内藤夏樹,2025/06/20,13:25:41,"毎々お世話になっております。
本日の買取はすべて終了しました。
また再開しましたらご連絡いたします。"
User,RUM,2025/06/20,13:43:06,"先程は申し訳ありませんでした。

数量確認して20個準備しましたので申請してもよろしいでしょうか？
明日着で発送いたします。"
Account,内藤夏樹,2025/06/20,13:44:31,"もちろんです。
よろしくお願い申し上げます。

バトルパートナーズ
20箱
7400円"
User,RUM,2025/06/20,13:57:00,"申請フォーム送信いたしました。
すいません。
携帯番号を間違えたかもしれません。

ただしくは07022266428になります。"
Account,内藤夏樹,2025/06/20,16:34:02,ありがとうございました。
User,RUM,2025/06/20,17:59:54,写真を送信しました。
User,RUM,2025/06/20,18:00:05,"送り状番号
279056723061"
User,RUM,2025/06/20,18:00:09,よろしくお願いします！
Account,内藤夏樹,2025/06/20,20:08:26,"ありがとうございました。
日曜日に検品となります。"
User,RUM,2025/06/21,11:07:00,"承知しました。
よろしくお願いいたします。"
Account,内藤夏樹,2025/06/22,11:35:20,送信が取り消されたメッセージです
Account,内藤夏樹,2025/06/22,11:35:23,送信が取り消されたメッセージです
Account,内藤夏樹,2025/06/22,11:36:08,"・ポケモンカード　バトルパートナーズ　20箱　単価7,400円　小計148,000円

合計：148,000円

【査定による減額】
・凹み　-700円 × 2点 = -1,400円

減額合計：-1,400円
最終買取金額：146,600円"
Account,内藤夏樹,2025/06/22,11:36:26,お振込みしました。
Account,内藤夏樹,2025/06/22,11:36:42,写真を送信しました。
User,RUM,2025/06/22,12:38:50,"申し訳ありません。

検品あらためて気をつけます。"
Account,内藤夏樹,2025/06/22,15:52:36,ありがとうございます。よろしくお願いいたします。
User,RUM,2025/06/22,17:00:13,本日、ロケット団おいくらになりますか？
User,RUM,2025/06/22,17:00:30,価格次第で12個〜24個まで発送できます。
Account,内藤夏樹,2025/06/22,17:01:16,"ありがとうございます。

10800円です"
User,RUM,2025/06/23,16:17:02,"昨日は返信できず申し訳ありませんでした。

ご検討させていただきます。"
Account,内藤夏樹,2025/06/23,16:52:37,ありがとうございました。
User,RUM,2025/06/23,21:23:45,"お世話になります。

ブラック10ボックス
ブラックシュリンクなし2ボックス
ホワイト10ボックス
ホワイトシュリンクなし2ボックス

明日の夜発送でよければご準備できますが、現在買取金額おいくらでしょうか？"
User,RUM,2025/06/24,23:58:23,"ご提案失礼します。

ブラック
12ボックス

ホワイト
12ボックス

明日発送明後日着で¥9700で買取していただけないでしょうか？"
Account,内藤夏樹,2025/06/25,07:22:11,"毎々、お世話になっております。
9700は難しいですね。
申し訳ございません。"
User,RUM,2025/06/25,11:16:05,"承知いたしました。

9500お願いできますか？"
Account,内藤夏樹,2025/06/25,12:41:24,"はい、大丈夫です。
よろしくお願い申し上げます。"
User,RUM,2025/06/25,18:39:10,"大変申し訳ありません。

今日は発送できなくなりました。
本当にすいません。

明日あらためてほかの商品も含めて申請させていただければと思います。"
Account,内藤夏樹,2025/06/25,18:40:08,"ご連絡ありがとうございました。
承知しました。
明日の発送をよろしくお願い申し上げます。"
User,RUM,2025/06/26,14:21:53,"今から申請いたします。

確認ですが
ブラック12
ホワイト12
本日の価格9700×24でよろしいでしょうか？"
Account,内藤夏樹,2025/06/26,14:30:52,昨日、9500円でお約束したはずですが、、、
Account,内藤夏樹,2025/06/26,14:31:16,本日分のお買取は〆切となりました。
User,RUM,2025/06/26,14:42:58,"申し訳ありません。

9500×24ボックス

よろしくお願いします。"
Account,内藤夏樹,2025/06/26,14:43:07,"はい、ありがとうございました。
よろしくお願い申し上げます。"
User,RUM,2025/06/26,15:13:01,フォーム申請しました。
Account,内藤夏樹,2025/06/26,15:13:59,"ありがとうございました。
よろしくお願い申し上げます。"
Account,内藤夏樹,2025/06/26,15:15:18,"今回以降こちらまで発送をお願いします。


請求先および発送先
株式会社AiGIVE 内藤宛
940-0864
新潟県長岡市川崎3-2366-7-103
050-5470-3570"
User,RUM,2025/06/26,15:20:16,"ありがとうございます。

承知いたしました。

建物名などありますか？

時間指定は午前中でしょうか？"
Account,内藤夏樹,2025/06/26,15:24:44,"はい、午前中指定でよろしくお願い申し上げます。

建物名は省いていただいて大丈夫です。"
User,RUM,2025/06/26,15:27:04,"ありがとうございます。

承知いたしました。"
Account,内藤夏樹,2025/06/26,15:48:41,よろしくお願い申し上げます。
User,RUM,2025/06/26,18:40:50,"請求先および発送先

株式会社AiGIVE 内藤様

940-0864
新潟県長岡市川崎3-2366-7-103

050-5470-3570"
Account,内藤夏樹,2025/06/26,18:41:43,よろしくお願い申し上げます。
User,RUM,2025/06/26,18:47:33,写真を送信しました。
User,RUM,2025/06/26,18:47:54,"度々すいません。

新住所
こちらでお間違いないでしょうか？"
User,RUM,2025/06/26,18:48:12,"送り状番号
279057420202

明日午前中着です。"
Account,内藤夏樹,2025/06/26,18:58:24,合っております！
User,RUM,2025/06/26,19:01:13,よろしくお願いします。
Account,内藤夏樹,2025/06/28,15:25:18,"ホワイトフレア
大きく凹んでいます。"
Account,内藤夏樹,2025/06/28,15:25:23,写真を送信しました。
Account,内藤夏樹,2025/06/28,15:25:38,'-1500させていただくか、返送可能です。
User,RUM,2025/06/28,15:48:33,"そのままでお願いします。
今回は注意したつもりだったのですが申し訳ありません。"
Account,内藤夏樹,2025/06/28,15:49:17,"上に置いてある1箱でした。
緩衝材が大きすぎて潰された印象です。"
User,RUM,2025/06/28,15:51:20,"本当に気をつけます。

すいません。"
Account,内藤夏樹,2025/06/28,16:37:22,"・ポケモンカード　ブラックボルト　12箱　単価9,500円　小計114,000円
・ポケモンカード　ホワイトフレア　12箱　単価9,500円　小計114,000円

合計：228,000円

【査定による減額】
・ホワイトフレア　大きなへこみ　-1,500円 × 1点 = -1,500円

減額合計：-1,500円
最終買取金額：226,500円"
User,RUM,2025/06/28,16:53:50,よろしくお願いいたします。
User,RUM,2025/07/02,15:44:15,"いつもお世話になります。

ブラック
ホワイト　12ボックスずつ

各9200でご買取可能でしょうか？"
User,RUM,2025/07/02,15:44:26,本日発送します。
Account,内藤夏樹,2025/07/02,15:50:37,毎々、お世話になっております。難しいです！
User,RUM,2025/07/02,15:52:44,今日おいくらでしょうか？
Account,内藤夏樹,2025/07/02,15:54:26,"ブラック8900
ホワイト8700です"
User,RUM,2025/07/02,15:55:50,"承知いたしました。

またお願いします。"
User,RUM,2025/07/02,15:56:43,"熱風のアリーナ

今日中に24ボックス発送で単価8600〜8700にしていただけたりしませんか...？"
Account,内藤夏樹,2025/07/02,15:57:37,難しいですね！
User,RUM,2025/07/02,16:02:57,"承知いたしました。

熱風のアリーナ

8500×24ボックス

ご買取よろしくお願いします。"
Account,内藤夏樹,2025/07/02,16:05:42,"ブラック　9000
ホワイト   8800

一緒にご検討ください"
User,RUM,2025/07/02,16:14:55,"ご提案ありがとうございます。

ブラックホワイトどちらも9000は現状どうしても難しいですか？"
Account,内藤夏樹,2025/07/02,16:25:02,はい！難しいです😓
User,RUM,2025/07/02,16:30:15,"いつもお世話になっていますのでお願いします！

ですが段ボールがいっぱいのため別口で2口発送でお願いしたいです。"
Account,内藤夏樹,2025/07/02,16:30:32,ありがとうございます😊
Account,内藤夏樹,2025/07/02,16:30:37,よろしくお願い申し上げます。
Account,内藤夏樹,2025/07/02,16:30:45,ご申請と発送をよろしくお願い申し上げます。
Account,内藤夏樹,2025/07/02,16:31:07,"熱風
8500×24
ブラック
9000×12
ホワイト
8800×12"
User,RUM,2025/07/02,16:38:51,"本当にいつもありがとうございます！

数確認したところホワイトこれで残り数0になりまして8900ではダメですか？"
User,RUM,2025/07/02,16:38:57,申し訳ありません。
Account,内藤夏樹,2025/07/02,16:40:18,いいですよ！わかりました
User,RUM,2025/07/02,16:44:16,ありがとうございます！
User,RUM,2025/07/02,16:44:54,"熱風
8500×24
ブラック
9000×12
ホワイト
8900×12"
User,RUM,2025/07/02,16:45:04,こちらでよろしいですか？
Account,内藤夏樹,2025/07/02,16:45:26,"熱風
8500×24
ブラック
9000×12
ホワイト
8900×12"
Account,内藤夏樹,2025/07/02,16:45:30,はい、よろしくお願いします
User,RUM,2025/07/02,16:54:32,"ありがとうございます。

段ボールの中には身分証コピーなどの書類は必要ありませんよね？"
Account,内藤夏樹,2025/07/02,17:02:23,"ありがとうございました。
アップロードいただいたおりますので不要です！"
User,RUM,2025/07/02,17:03:19,"ありがとうございます。

申請しました。"
User,RUM,2025/07/02,17:11:05,"送り状番号
75114494431"
User,RUM,2025/07/02,17:11:05,2口同時に発送しております。
User,RUM,2025/07/02,17:11:05,写真を送信しました。
Account,内藤夏樹,2025/07/03,21:00:23,"・ポケモンカード　熱風のアリーナ　24箱　単価8,500円　小計204,000円
・ポケモンカード　ブラックボルト　12箱　単価9,000円　小計108,000円
・ポケモンカード　ホワイトフレア　12箱　単価8,900円　小計106,800円

合計：418,800円"
Account,内藤夏樹,2025/07/03,21:00:29,満額での査定となります。
Account,内藤夏樹,2025/07/03,21:00:33,お振込みをしました。
User,RUM,2025/07/03,21:01:32,"迅速な対応ありがとうございます。

引き続き検品に注意して発送させていただきます。"
User,RUM,2025/07/03,21:01:38,またよろしくお願いします！
Account,内藤夏樹,2025/07/03,21:02:44,よろしくお願いいたします。
User,RUM,2025/07/07,12:38:00,"毎度お世話になっております。

ロケット団
24ボックス
11300で買取していただけませんでしょうか？

ご検討よろしくお願いします。"
Account,内藤夏樹,2025/07/07,12:40:00,申し訳ございません。
User,RUM,2025/07/07,12:42:20,"承知いたしました。

11200×24ボックス
よろしくお願いいたします。"
Account,内藤夏樹,2025/07/07,12:48:15,よろしくお願い申し上げます。
Account,内藤夏樹,2025/07/07,12:48:21,ご申請と発送をよろしくお願い申し上げます。
User,RUM,2025/07/07,12:57:57,"申請しました。

本日中に発送させていただきます。"
Account,内藤夏樹,2025/07/07,13:17:30,よろしくお願い申し上げます。
User,RUM,2025/07/07,21:11:09,写真を送信しました。
User,RUM,2025/07/07,21:11:28,"279058691424

明日着になります。"
Account,内藤夏樹,2025/07/08,06:31:14,ありがとうございました。
Account,内藤夏樹,2025/07/09,19:26:44,268800円をお振込みしました。
User,RUM,2025/07/09,19:29:56,"ありがとうございます。

またよろしくお願いいたします。"
Account,内藤夏樹,2025/07/09,19:31:24,ありがとうございました。
Account,内藤夏樹,2025/07/09,19:31:26,また、よろしくお願いいたします。
User,RUM,2025/07/12,16:51:10,"お世話になります。

ブラック9500

ホワイト9100は難しいでしょうか？"
Account,内藤夏樹,2025/07/12,16:53:45,はい、難しいです。
User,RUM,2025/07/12,16:57:05,"今日は出先でどうしても今日中の発送は難しいため

明日発送

明後日午前中着でよければ

ブラックホワイト12ボックスずつ発送できるのですがお願いできませんか？"
Account,内藤夏樹,2025/07/12,17:05:11,明日また相談させてくださいね
User,RUM,2025/07/12,17:06:43,わかりました。
User,RUM,2025/07/13,10:22:15,"お世話になります。

今日発送でご買取よろしいですか？"
Account,内藤夏樹,2025/07/13,11:52:31,"毎々、お世話になっております。

はい、昨日と同じ価格でよろしくお願い申し上げます。"
Account,内藤夏樹,2025/07/13,11:53:01,"ブラックボルト　9400
ホワイトフレア　9000"
User,RUM,2025/07/13,11:55:19,"ありがとうございます。

大変恐縮なのですがどちらでもよろしいので片方100円のみあげていただけませんか？"
Account,内藤夏樹,2025/07/13,11:56:12,難しいです
User,RUM,2025/07/13,11:57:44,"承知いたしました。

ご無理お伝えしてしまいすいません

9400
9000
よろしくお願いします。"
Account,内藤夏樹,2025/07/13,13:13:30,各12箱でよろしくお願いいたします。
User,RUM,2025/07/13,13:14:57,承知いたしました。
Account,内藤夏樹,2025/07/13,13:18:16,よろしくお願いいたします。
User,RUM,2025/07/13,14:16:57,申請いたしました。
Account,内藤夏樹,2025/07/13,14:53:37,ありがとうございました。
User,RUM,2025/07/13,22:18:41,"送り状番号

2790-5928-8351になります。

よろしくお願いします。"
Account,内藤夏樹,2025/07/14,07:42:44,ありがとうございました。
Account,内藤夏樹,2025/07/14,19:39:20,"・ポケモンカード　ブラックボルト　12箱　単価9,400円　小計112,800円
・ポケモンカード　ホワイトフレア　12箱　単価9,000円　小計108,000円

合計：220,800円"
Account,内藤夏樹,2025/07/14,19:39:24,振り込みしました。
User,RUM,2025/07/14,19:42:35,"ありがとうございます。

またよろしくお願いいたします。"
User,RUM,2025/07/14,19:43:08,"現時点で

ブラック
ホワイト
ロケット団
買取金額変わらずでしょうか？"
Account,内藤夏樹,2025/07/15,11:27:23,"毎々、お世話になっております。
本日また提案します。"
User,RUM,2025/07/15,12:47:57,"お世話になります。

追加で

ブラック12

ホワイト12ボックス集めましたので買取をお願いしたいのですが、ご提案なのですが

ホワイトを単価9100にしていただけませんか？"
Account,内藤夏樹,2025/07/15,12:49:45,ブラックボルトとホワイトフレアも〆切ました
Account,内藤夏樹,2025/07/15,12:49:54,価格交渉はありがたいのですが
Account,内藤夏樹,2025/07/15,12:50:05,弊社はいつも買取価格トップに近いです
User,RUM,2025/07/15,12:50:13,"承知いたしました。💦
すいません間に合わなかったです
ここから先はおいくらになりますか？"
User,RUM,2025/07/15,12:50:43,"もし9600
9000でしていただけるなら今日中になんとか出そうと思いましたがごめんなさい💦"
Account,内藤夏樹,2025/07/15,12:50:58,9100 / 9100 ならば対応可能です
Account,内藤夏樹,2025/07/15,12:51:12,あとは無理です！
Account,内藤夏樹,2025/07/15,12:51:17,ごめんなさい！
Account,内藤夏樹,2025/07/15,12:52:02,ソムリエさんも締め切った感ありますね！
User,RUM,2025/07/15,12:55:18,"申し訳ありません。

また明日検討させていただきます。"
User,RUM,2025/07/15,12:55:30,本当に間に合わずすいません。
User,RUM,2025/07/15,12:55:47,送信が取り消されたメッセージです
User,RUM,2025/07/15,13:04:03,送信が取り消されたメッセージです
User,RUM,2025/07/16,12:21:50,"本日のブラックホワイト
おいくらでしょうか？"
User,RUM,2025/07/29,17:37:58,"お世話になります。

新たなる皇帝　カートン

バトルパートナーズ

現在の買取額おいくらでしょうか？"
User,RUM,2025/07/31,22:57:45,送信が取り消されたメッセージです
User,RUM,2025/07/31,22:58:59,送信が取り消されたメッセージです
User,RUM,2025/08/01,16:34:02,送信が取り消されたメッセージです
User,RUM,2025/08/01,16:58:40,送信が取り消されたメッセージです
User,RUM,2025/08/01,18:51:31,送信が取り消されたメッセージです
User,RUM,2025/08/01,18:52:54,送信が取り消されたメッセージです
User,RUM,2025/08/01,20:56:48,送信が取り消されたメッセージです
User,RUM,2025/08/01,21:09:51,送信が取り消されたメッセージです
User,RUM,2025/08/02,12:57:08,"ありがとうございます！

数量いくつ以上からセットのお値段交渉可能でしょうか？"
User,RUM,2025/08/02,14:09:14,送信が取り消されたメッセージです
User,RUM,2025/08/02,14:09:30,送信が取り消されたメッセージです
User,RUM,2025/08/02,14:46:41,送信が取り消されたメッセージです
User,RUM,2025/08/02,17:59:33,送信が取り消されたメッセージです
User,RUM,2025/08/02,18:49:38,送信が取り消されたメッセージです
User,RUM,2025/08/02,20:18:28,送信が取り消されたメッセージです
User,RUM,2025/08/03,14:14:35,送信が取り消されたメッセージです
User,RUM,2025/08/03,15:42:38,送信が取り消されたメッセージです
Account,応答メッセージ,2026/02/04,23:54:06,"RUMさん
はじめまして！にこにこ買取＠業界最高の買取価格宣言！です。
友だち追加ありがとうございます！
にこにこ買取です(moon big smile)

ポケモンカードなどトレーディングカード全般の買取を行っております。
買取ご希望のお客様はなんでもお気軽に連絡してください(saluting man)

ご郵送買取の流れはメニューから”郵送買取の流れ”をご確認ください(sparkle)

ご郵送買取ご希望の場合にはメニューの”申し込みフォーム”からご申請が可能となっております。

お問い合わせなどはお気にご連絡ください。"
Account,応答メッセージ,2026/02/04,23:54:29,"RUMさん
はじめまして！にこにこ買取＠業界最高の買取価格宣言！です。
友だち追加ありがとうございます！
にこにこ買取です(moon big smile)

ポケモンカードなどトレーディングカード全般の買取を行っております。
買取ご希望のお客様はなんでもお気軽に連絡してください(saluting man)

ご郵送買取の流れはメニューから”郵送買取の流れ”をご確認ください(sparkle)

ご郵送買取ご希望の場合にはメニューの”申し込みフォーム”からご申請が可能となっております。

お問い合わせなどはお気にご連絡ください。"
