﻿アカウント名,にこにこ買取＠業界最高の買取価格宣言！
タイムゾーン,'+09:00
ダウンロード日時,2026/02/21 04:34
送信者タイプ,送信者名,送信日,送信時刻,内容
Account,応答メッセージ,2025/06/09,15:07:46,"Hikariさん
はじめまして！にこにこ買取＠業界最高の買取価格宣言！です。
友だち追加ありがとうございます！
にこにこ買取です(moon big smile)

ポケモンカードなどトレーディングカード全般の買取を行っております。
買取ご希望のお客様はなんでもお気軽に連絡してください(saluting man)

ご郵送買取の流れはメニューから”郵送買取の流れ”をご確認ください(sparkle)

お問い合わせなどはお気軽にメッセージからご連絡ください(phone)"
Account,応答メッセージ,2025/06/09,15:07:46,写真を送信しました。
Account,応答メッセージ,2025/06/09,15:07:46,写真を送信しました。
Account,応答メッセージ,2025/06/09,15:07:46,写真を送信しました。
User,Hikari,2026/01/27,17:49:55,こんにちは
User,Hikari,2026/01/27,17:50:09,今買取予約できますか？
Account,内藤夏樹,2026/01/27,17:56:40,"毎々、お世話になっております。
本日は終了となりました。"
User,Hikari,2026/01/27,17:57:02,分かりました。
User,Hikari,2026/01/28,12:14:47,こんにちは
User,Hikari,2026/01/28,12:14:53,写真を送信しました。
Account,内藤夏樹,2026/01/28,12:15:06,こんにちは
User,Hikari,2026/01/28,12:15:49,"EB -02 x9 + 1caton
OP-13 x21
OP-06 x6"
User,Hikari,2026/01/28,12:16:04,予約したいです。
User,Hikari,2026/01/28,12:16:17,今日は発送明日は到着です。
Account,内藤夏樹,2026/01/28,12:17:24,ありがたいです。
Account,内藤夏樹,2026/01/28,12:17:55,"毎々、お世話になっております。
御見積書を送付いたします。

買取見積書 -

・ワンピースカード　Anime 25th collection
9箱　単価11,000円　小計99,000円
・ワンピースカード　Anime 25th collection
1カートン　単価130,000円　小計130,000円
・ワンピースカード　受け継がれる意志
21箱　単価14,200円　小計298,200円
・ワンピースカード　双璧の覇者
6箱　単価12,100円　小計72,600円
合計箱数：48箱
合計：599,800円
減額合計：0円
最終買取金額：599,800円
【注意事項】

この見積もりを印刷して商品に同梱してください。
1枚の印刷が難しい場合は、スクリーンショットの分割でも可能です。
同梱がない場合、査定が遅れることがあります。
同梱物などの詳細は、メニューの「ご利用方法」を確認してください。
メニューから申請と発送を行い、発送後は必ず追跡番号を連絡してください。"
User,Hikari,2026/01/28,12:18:32,早いですね。ありがとうございます。
Account,内藤夏樹,2026/01/28,12:19:03,EB-04の予約できますか？
User,Hikari,2026/01/28,12:20:09,まだ手に入りませんですね。
User,Hikari,2026/01/28,12:21:46,これは着払い可能ですか？
Account,内藤夏樹,2026/01/28,12:25:41,着払いでお送りください。
Account,内藤夏樹,2026/01/28,12:25:55,詳細はご利用方法に記載しておりますのでご確認してください
User,Hikari,2026/01/28,12:25:59,ありがとうございます。
User,Hikari,2026/01/28,14:23:24,あれ　EB-02の単品はカートンより高いですか？
Account,内藤夏樹,2026/01/28,14:24:17,"合わせます。
カートンは132000円です。"
User,Hikari,2026/01/28,14:24:46,はい
User,Hikari,2026/01/28,14:24:50,(pleading Moon)
Account,内藤夏樹,2026/01/28,14:25:39,"ありがとうございました。
よろしくお願い申し上げます。"
User,Hikari,2026/01/29,11:17:26,既に発送しましたので到着したら訂正してお願いします。
User,Hikari,2026/01/29,11:17:30,写真を送信しました。
User,Hikari,2026/01/29,11:17:36,追加番号です。
Account,内藤夏樹,2026/01/29,15:56:03,送信が取り消されたメッセージです
Account,内藤夏樹,2026/01/29,15:57:52,"・ワンピースカード　Anime 25th collection
9箱　単価11,000円　小計99,000円
・ワンピースカード　Anime 25th collection
1カートン　単価132,000円　小計132,000円
・ワンピースカード　受け継がれる意志
21箱　単価14,200円　小計298,200円
・ワンピースカード　双璧の覇者
6箱　単価12,100円　小計72,600円
減額項目：
・買取不可（返却）Anime 25th collection：-11,000円 × 2点 = -22,000円
・買取不可（返却）受け継がれる意志：-14,200円 × 1点 = -14,200円
・買取不可（返却）双璧の覇者：-12,100円 × 1点 = -12,100円
合計箱数：48箱
合計：601,800円
減額合計：48,300円
最終買取金額：553,500円
買取不可商品（ご返送）：
・Anime 25th collection 2箱
・受け継がれる意志 1箱
・双璧の覇者 1箱"
User,Hikari,2026/01/29,16:32:01,買取不可の理由は教えて頂けるでしょうか？
Account,内藤夏樹,2026/01/29,16:40:52,損傷です。
User,Hikari,2026/01/29,16:43:32,詳しく写真を見せて頂けるでしょうか？
User,Hikari,2026/01/29,16:43:45,減額も検討していますか？
Account,内藤夏樹,2026/01/29,16:44:13,"写真の提供はしておりません。
減額範囲を超えるものでした。"
User,Hikari,2026/01/29,16:45:14,せっかくんlでご検討をよろしくお願いします。
Account,内藤夏樹,2026/01/29,16:54:24,"すでに返送手続き済みです。
ご了承いただけますと幸いです。"
User,Hikari,2026/01/29,17:15:19,分かりました。
User,Hikari,2026/01/29,17:16:11,ダンボールの箱に損がありますか？
Account,内藤夏樹,2026/01/29,18:28:08,ないです
User,Hikari,2026/01/29,18:35:29,明日はOB-03 80boxがあります。
Account,内藤夏樹,2026/01/29,19:30:49,？？？
Account,内藤夏樹,2026/01/30,11:25:46,もしもし
User,Hikari,2026/01/30,11:26:08,こんにちは
Account,内藤夏樹,2026/01/30,11:26:17,OB-03 80box
Account,内藤夏樹,2026/01/30,11:26:21,EB-03ですか？
Account,内藤夏樹,2026/01/30,11:26:27,これはほしいです。
User,Hikari,2026/01/30,11:26:36,そうです。
Account,内藤夏樹,2026/01/30,11:26:56,"¥11,600"
User,Hikari,2026/01/30,11:27:01,EB-03 ですね。
Account,内藤夏樹,2026/01/30,11:27:18,買わせてくださいね
Account,内藤夏樹,2026/01/30,11:27:21,カートンはありますか
User,Hikari,2026/01/30,11:27:56,開けた箱があります。未開封カートンがないです
Account,内藤夏樹,2026/01/30,11:29:41,OKですよ。
Account,内藤夏樹,2026/01/30,11:32:30,見積送ってもいいですか。
Account,内藤夏樹,2026/01/30,11:32:47,"毎々、お世話になっております。  
御見積書を送付いたします。

- 買取見積書 -

・ワンピースカード　Heroines Edition  
80箱　単価11,600円　小計928,000円

合計箱数：80箱  
合計：928,000円  
減額合計：0円  
最終買取金額：928,000円

【注意事項】
* この見積もりを印刷して商品に同梱してください。
* 1枚の印刷が難しい場合は、スクリーンショットの分割でも可能です。
* 同梱がない場合、査定が遅れることがあります。
* 同梱物などの詳細は、メニューの「ご利用方法」を確認してください。
* メニューから申請と発送を行い、発送後は必ず追跡番号を連絡してください。

ご確認のほど、よろしくお願いいたします。"
User,Hikari,2026/01/30,11:39:14,写真を送信しました。
User,Hikari,2026/01/30,11:39:35,白シール貼られてます。大丈夫ですか？
Account,内藤夏樹,2026/01/30,11:41:38,いいです。
User,Hikari,2026/01/30,12:09:34,こんにちは　今日は全部　届かなかったので　48個を買取希望します。
Account,内藤夏樹,2026/01/30,12:14:24,明日揃いますか？
User,Hikari,2026/01/30,12:14:45,はい明日は買取やっていますか？
Account,内藤夏樹,2026/01/30,12:14:55,本日４８箱送ってください
User,Hikari,2026/01/30,12:15:01,オッケーです
User,Hikari,2026/01/30,12:15:39,見積はもう一度送ってください。
Account,内藤夏樹,2026/01/30,12:24:47,"毎々、お世話になっております。  
御見積書を送付いたします。

- 買取見積書 -

・ワンピースカード　Heroines Edition  
48箱　単価11,600円　小計556,800円

合計箱数：48箱  
合計：556,800円  
減額合計：0円  
最終買取金額：556,800円

【注意事項】
* この見積もりを印刷して商品に同梱してください。
* 1枚の印刷が難しい場合は、スクリーンショットの分割でも可能です。
* 同梱がない場合、査定が遅れることがあります。
* 同梱物などの詳細は、メニューの「ご利用方法」を確認してください。
* メニューから申請と発送を行い、発送後は必ず追跡番号を連絡してください。

ご確認のほど、よろしくお願いいたします。"
User,Hikari,2026/01/30,12:25:14,ありがとうございます。
User,Hikari,2026/01/31,09:40:42,おはようございます。
User,Hikari,2026/01/31,09:40:49,写真を送信しました。
User,Hikari,2026/01/31,09:41:29,昨日発送した追加番号です。
User,Hikari,2026/01/31,09:42:11,今日はEB-04 28個あります。
User,Hikari,2026/01/31,09:43:59,EB-03 32個
User,Hikari,2026/01/31,09:44:12,カートンOP-14 20個
Account,内藤夏樹,2026/01/31,09:46:05,"EB-03 32個
は同じ価格でお願いします。"
Account,内藤夏樹,2026/01/31,09:46:12,EB-04はお昼に相談しましょう。
Account,内藤夏樹,2026/01/31,09:46:16,全部買いますため。
Account,内藤夏樹,2026/01/31,10:11:19,写真を送信しました。
Account,内藤夏樹,2026/01/31,10:11:28,"'-800円します。
3個だけ"
User,Hikari,2026/01/31,10:12:09,丁寧に梱包したのに
User,Hikari,2026/01/31,10:12:22,分かりました。ありがとうございます。
Account,内藤夏樹,2026/01/31,10:18:49,カートゥーンケースに入れてくれている方はすごくきれいでした。逆にプチプチに入ってる方は窮屈になってしまって凹んだ可能性があります。プチプチには次は入れてこないでください。
User,Hikari,2026/01/31,10:21:53,分かりました。
Account,内藤夏樹,2026/01/31,10:48:55,"・ワンピースカード　Heroines Edition
48箱　単価11,600円　小計556,800円
減額項目：
・Heroines Edition：-800円 × 3点 = -2,400円
合計箱数：48箱
合計：556,800円
減額合計：2,400円
最終買取金額：554,400円"
User,Hikari,2026/01/31,10:52:01,はい
Account,内藤夏樹,2026/01/31,11:34:34,"EGGHEAD CRISIS	EB-04	¥8,000	115,000"
User,Hikari,2026/01/31,11:34:58,写真を送信しました。
Account,内藤夏樹,2026/01/31,11:35:05,素敵です。
Account,内藤夏樹,2026/01/31,11:35:08,全部買いますので。
User,Hikari,2026/01/31,11:35:54,いい値段を付けて頂くと嬉しいです
Account,内藤夏樹,2026/01/31,11:40:07,"もちろんですよ。
何個なのか教えてくださいね"
User,Hikari,2026/01/31,11:40:28,20カートンです。
Account,内藤夏樹,2026/01/31,12:44:27,"こんにちは。カートン110,000円"
Account,内藤夏樹,2026/01/31,12:44:32,こちらでいかがでしょうか？
User,Hikari,2026/01/31,12:51:57,いいです。
User,Hikari,2026/01/31,12:52:41,カートンのままで梱包せずに発送しても大丈夫ですか？
Account,内藤夏樹,2026/01/31,12:53:24,それは困るので、梱包していただけると助かります
Account,内藤夏樹,2026/01/31,12:53:40,"20カートン110,000円で本日お送りください。明日到着こちらがルールとなっております。"
User,Hikari,2026/01/31,12:53:54,オッケーです。
Account,内藤夏樹,2026/01/31,12:54:22,ありがとうございます。よろしくお願いします。
User,Hikari,2026/01/31,12:54:43,"ヤマトダンボールの経験がありますか？
なんのサイズでなんカートン入れられるか分かりますか？"
Account,内藤夏樹,2026/01/31,13:18:12,"傷つかないように
2-3カートンずつで送ってください"
User,Hikari,2026/01/31,13:31:20,分かりました。
User,Hikari,2026/01/31,13:39:04,OP-13 いくらですか？
Account,内藤夏樹,2026/01/31,13:51:33,今日はやっていまけん
User,Hikari,2026/01/31,14:12:30,OP14 20カートンの見積を書いて貰っていいですか？
Account,内藤夏樹,2026/01/31,14:15:53,eb-04ですか？
User,Hikari,2026/01/31,14:20:39,OP-14ですよ。
User,Hikari,2026/01/31,14:21:25,これです。
User,Hikari,2026/01/31,14:21:43,今からフォーム申請するのと発送に行くでづ
Account,内藤夏樹,2026/01/31,14:22:03,"eb-04
が11万です"
Account,内藤夏樹,2026/01/31,14:22:09,op-14はいりません
User,Hikari,2026/01/31,14:22:13,あれ
User,Hikari,2026/01/31,14:22:18,スタンプを送信しました。
User,Hikari,2026/01/31,14:22:31,勘違いしたですか？
Account,内藤夏樹,2026/01/31,14:22:39,したですね
User,Hikari,2026/01/31,14:22:39,写真はOP-14ですよ
Account,内藤夏樹,2026/01/31,14:22:48,わかりにくいです、、、
Account,内藤夏樹,2026/01/31,14:23:00,この会話の流れですから、、、
User,Hikari,2026/01/31,14:23:06,まじですか
User,Hikari,2026/01/31,14:36:12,OP-14 カートンはいくらですか？
User,Hikari,2026/01/31,14:47:41,?
User,Hikari,2026/01/31,14:47:58,あとはEB-03
User,Hikari,2026/01/31,14:48:01,EB-04
Account,内藤夏樹,2026/01/31,14:57:19,"EGGHEAD CRISIS	EB-04	¥8,000	112,000"
User,Hikari,2026/01/31,14:58:05,今回は見送りします。
Account,内藤夏樹,2026/01/31,14:58:13,OK
Account,内藤夏樹,2026/02/01,19:07:23,ヒロインズ10箱を送ってきましたか？
User,Hikari,2026/02/01,19:34:03,"EB-03 10個
OP-13 3個　友達がを送ってもらいました。今日申請する予定だったが買取やっていませんのですみません。"
User,Hikari,2026/02/01,19:40:46,一応置いて頂き来週はまた買取やっていれば一緒に申請しても大丈夫ですか？
User,Hikari,2026/02/01,19:41:30,こちらもなん種類か持っていますので。
Account,内藤夏樹,2026/02/01,19:51:22,"見つかってよかったです。
"
User,Hikari,2026/02/01,19:51:53,すみませんでした。
Account,内藤夏樹,2026/02/02,08:32:57,"お世話になります。

ブラックボルトとホワイトフレアは買えますか？

50セットくらいです。"
User,Hikari,2026/02/02,10:23:06,"お世話になっております。
おいくら買取するのといつ頃までですか？"
Account,内藤夏樹,2026/02/02,20:30:20,"ブラック　14200
ホワイト　12200です"
Account,内藤夏樹,2026/02/03,07:28:40,"EB-04欲しいです。
OP-05も集めることできますか？
ムニキスゼロも欲しいです。"
Account,内藤夏樹,2026/02/03,07:30:05,"EB-04 9300円 140000円
OP05 30000円
ムニキスゼロ "
User,Hikari,2026/02/04,12:30:55,こんにちは
User,Hikari,2026/02/04,12:31:01,"そちらにに預かって頂いている(EB03 x10個、OP-13 x3個) と合わせた　下の買取希望です。
EB-03 x31
OP-13 x4
OP-5 x2"
Account,内藤夏樹,2026/02/04,12:31:15,承知しました。
Account,内藤夏樹,2026/02/04,12:31:37,すべての合計ですか？
User,Hikari,2026/02/04,12:31:47,そうです
Account,内藤夏樹,2026/02/04,12:31:54,"EB-03 x31
OP-13 x4
OP-5 x2

これは弊社の預かりも含んでいますか"
User,Hikari,2026/02/04,12:32:10,含まれます
Account,内藤夏樹,2026/02/04,12:32:37,OP-05もう少しないですか
User,Hikari,2026/02/04,12:32:46,今日発送するのはeb-03 x21. op13 x1. op5 x2
User,Hikari,2026/02/04,12:33:04,あれしかないですね。申し訳ありません。
User,Hikari,2026/02/04,12:33:37,eb-01 eb-04 30個ずつありますが、後日で売ります
User,Hikari,2026/02/04,12:34:21,ポケモンboxもこれから売るかと思います。
User,Hikari,2026/02/04,12:34:25,よろしくお願いします。
Account,内藤夏樹,2026/02/04,12:35:08,"毎々、お世話になっております。  
御見積書を送付いたします。

- 買取見積書 -

・ワンピースカード　Heroines Edition  
31箱　単価13,500円　小計418,500円

・ワンピースカード　受け継がれる意志  
4箱　単価14,500円　小計58,000円

・ワンピースカード　新時代の主役  
2箱　単価30,000円　小計60,000円

合計箱数：37箱  
合計：536,500円  
減額合計：0円  
最終買取金額：536,500円

【注意事項】
* この見積もりを印刷して商品に同梱してください。
* 1枚の印刷が難しい場合は、スクリーンショットの分割でも可能です。
* 同梱がない場合、査定が遅れることがあります。
* 同梱物などの詳細は、メニューの「ご利用方法」を確認してください。
* メニューから申請と発送を行い、発送後は必ず追跡番号を連絡してください。

ご確認のほど、よろしくお願いいたします。"
User,Hikari,2026/02/04,12:35:30,ありがとうございます。
Account,内藤夏樹,2026/02/04,12:41:43,"OP-05
他に変えたら探してください
あと30個くらい探しています"
Account,内藤夏樹,2026/02/04,14:03:06,"ブラックボルトとホワイトフレア
27300円で買取しています。"
Account,内藤夏樹,2026/02/05,10:05:44,"今日は
ブラックボルトとホワイトフレア
27500円で買取しています。"
User,Hikari,2026/02/05,11:35:06,EB-04 上がっていますか？今日は40個あります。
Account,内藤夏樹,2026/02/05,11:39:29,買いますよ、昼に相談しましょう
Account,内藤夏樹,2026/02/05,11:39:37,op-13はありますか
User,Hikari,2026/02/05,11:41:10,ありますが、相場が上がっているようで。ちょっと置いてます。
Account,内藤夏樹,2026/02/05,11:43:45,売れないか
User,Hikari,2026/02/05,11:44:02,まだです。
Account,内藤夏樹,2026/02/05,11:44:14,わかりました
Account,内藤夏樹,2026/02/05,11:44:23,これはどうでしょうか
User,Hikari,2026/02/05,11:59:05,あまりないですね。夜は確認します。
User,Hikari,2026/02/05,12:21:42,"5/2
EB-04 x40
OP-09 x7
OP-07 x1"
User,Hikari,2026/02/05,12:21:58,買取希望です。
Account,内藤夏樹,2026/02/05,12:23:12,"毎々、お世話になっております。  
御見積書を送付いたします。

- 買取見積書 -

・ワンピースカード　EGGHEAD CRISIS  
40箱　単価11,500円　小計460,000円

・ワンピースカード　新たなる皇帝  
7箱　単価9,200円　小計64,400円

・ワンピースカード　500年後の未来  
1箱　単価8,200円　小計8,200円

合計箱数：48箱  
合計：532,600円  
減額合計：0円  
最終買取金額：532,600円

【注意事項】
* この見積もりを印刷して商品に同梱してください。
* 1枚の印刷が難しい場合は、スクリーンショットの分割でも可能です。
* 同梱がない場合、査定が遅れることがあります。
* 同梱物などの詳細は、メニューの「ご利用方法」を確認してください。
* メニューから申請と発送を行い、発送後は必ず追跡番号を連絡してください。

ご確認のほど、よろしくお願いいたします。"
User,Hikari,2026/02/05,12:23:50,ありがとうございます。
User,Hikari,2026/02/05,12:24:18,昨日発送した分は傷とか無かったらでしょうか？
Account,内藤夏樹,2026/02/05,12:24:28,まだ検査中です。
User,Hikari,2026/02/05,12:24:37,はい
Account,内藤夏樹,2026/02/05,12:44:20,メガブレイブはありますか
Account,内藤夏樹,2026/02/05,17:02:59,新時代の凹みだけ -1000円です。
User,Hikari,2026/02/05,17:28:45,へええ、カートンを入れてまた別のダンボールに入れたんでした。なんで
Account,内藤夏樹,2026/02/05,18:35:45,写真を送信しました。
User,Hikari,2026/02/05,18:48:23,出来るだけ傷をされないように梱包しましたが毎回マイナスされてしまい泣く泣く
Account,内藤夏樹,2026/02/05,18:49:58,"こればかりは申し訳ございません。
小さいのはなしにしています"
User,Hikari,2026/02/06,12:44:09,こんにちは
Account,内藤夏樹,2026/02/06,12:44:23,お世話になります
User,Hikari,2026/02/06,12:44:25,OP-14 10カートンを買取します。
Account,内藤夏樹,2026/02/06,12:45:58,はい、承知しました。
Account,内藤夏樹,2026/02/06,12:46:32,"毎々、お世話になっております。御見積書を送付いたします。
	∙	買取見積書 -
・ワンピースカード　蒼海の七傑10カートン　単価111,000円　小計1,110,000円
合計箱数：120箱合計：1,110,000円減額合計：0円最終買取金額：1,110,000円
【注意事項】
	∙	この見積もりを印刷して商品に同梱してください。
	∙	1枚の印刷が難しい場合は、スクリーンショットの分割でも可能です。
	∙	同梱がない場合、査定が遅れることがあります。
	∙	同梱物などの詳細は、メニューの「ご利用方法」を確認してください。
	∙	メニューから申請と発送を行い、発送後は必ず追跡番号を連絡してください。
ご確認のほど、よろしくお願いいたします。​​​​​​​​​​​​​​​​"
User,Hikari,2026/02/06,12:46:52,ありがとうございます。
User,Hikari,2026/02/06,18:39:04,お世話になります。昨日の分は確認出来ていますか？
Account,内藤夏樹,2026/02/06,19:42:42,お世話になります。検品をしております。エッグヘッドクライシス、こちらが5個ご返送になる予定です。
Account,内藤夏樹,2026/02/06,19:42:47,写真を送信しました。
User,Hikari,2026/02/06,19:43:43,まじですか？この箱ですか？
User,Hikari,2026/02/06,19:43:53,どの箱
User,Hikari,2026/02/06,19:44:47,開封のビデオありますか？
Account,内藤夏樹,2026/02/06,19:50:35,大きな段ボールのほうに入っていたものがほとんどです。ビデオは撮影しておりますが、提出はしておりません。もし提出求めるようであれば警察に届け出てください。
User,Hikari,2026/02/06,19:51:52,ダンボールは二つが同じサイズヤマト100サイズのダンボールです。どちらかが
Account,内藤夏樹,2026/02/06,19:53:43,小さい箱に入っていない方です
User,Hikari,2026/02/06,19:56:03,小さい箱の方が無事でしたか？
Account,内藤夏樹,2026/02/06,19:56:20,そちらのほうは全て無事でした
Account,内藤夏樹,2026/02/06,19:56:30,"📋 買取査定結果
この度は買取査定のご依頼をいただき、誠にありがとうございます。
査定結果をお知らせいたします。

【査定明細】
■ ワンピースカード
・EGGHEAD CRISIS：35箱 × 11,500円 = 402,500円
・新たなる皇帝：7箱 × 9,200円 = 64,400円
・500年後の未来：1箱 × 8,200円 = 8,200円
小計：475,100円

【減額内容】
減額なし
減額合計：0円

💰 最終買取金額：475,100円
合計箱数：43箱

【返送対象】
・EGGHEAD CRISIS：5箱(損傷のため)
返送商品につきましては、別途ご連絡させていただきます。"
User,Hikari,2026/02/06,19:56:56,分かりました。今後そのような梱包方法をやります。
User,Hikari,2026/02/06,19:57:14,出来れば減額して欲しい。
User,Hikari,2026/02/06,19:58:30,1個マイナス1000円でよろしいですか？
Account,内藤夏樹,2026/02/06,19:58:47,売れないので無理です。ごめんね。
User,Hikari,2026/02/06,19:59:24,返品以外方法はないですか？
Account,内藤夏樹,2026/02/07,13:42:56,"ありませんです。
申し訳ございません。"
User,Hikari,2026/02/07,17:07:42,OP14カートンの方は無事ですか？
Account,内藤夏樹,2026/02/07,17:48:53,"無事です。
今回は問題ないです。"
User,Hikari,2026/02/07,17:49:14,良かった。
User,Hikari,2026/02/12,12:28:39,こんにちは
Account,内藤夏樹,2026/02/12,12:28:53,はい、こんにちは
User,Hikari,2026/02/12,12:29:04,"EB-01 24個
OP-14 24個
買取希望です。"
Account,内藤夏樹,2026/02/12,12:31:45,eb-03はありませんですか
User,Hikari,2026/02/12,12:34:18,ないです。
Account,内藤夏樹,2026/02/12,12:36:39,"毎々、お世話になっております。御見積書を送付いたします。
受付ID: N4W8T2
	∙	買取見積書 -
・ワンピースカード　メモリアルコレクション24箱　単価13,400円　小計321,600円
・ワンピースカード　蒼海の七傑24箱　単価8,700円　小計208,800円
合計箱数：48箱合計：530,400円減額合計：0円最終買取金額：530,400円
【注意事項】
	∙	段ボールの外側に受付ID（N4W8T2）を大きく記載してください。
	∙	この見積もりを印刷して商品に同梱してください。
	∙	1枚の印刷が難しい場合は、スクリーンショットの分割でも可能です。
	∙	同梱がない場合、査定が遅れることがあります。
	∙	同梱物などの詳細は、メニューの「ご利用方法」を確認してください。
	∙	メニューから申請と発送を行い、発送後は必ず追跡番号を連絡してください。
ご確認のほど、よろしくお願いいたします。​​​​​​​​​​​​​​​​"
User,Hikari,2026/02/12,12:37:00,ありがとうございます。
Account,内藤夏樹,2026/02/12,12:37:54,よろしくお願い申し上げます。
Account,内藤夏樹,2026/02/12,18:52:36,"op-12は持っていますか？
50箱くらい"
User,Hikari,2026/02/13,12:29:19,こんにちは
User,Hikari,2026/02/13,12:29:26,"eb-04 x18
eb-01 x6
op-14 x12
op-07 x10
op-08 x2
買取希望です。"
User,Hikari,2026/02/13,12:49:55,(heart eyes Moon)
Account,内藤夏樹,2026/02/13,13:25:23,"毎々、お世話になっております。御見積書を送付いたします。
受付ID: G8M5R3
	∙	買取見積書 -
・ワンピースカード　EGGHEAD CRISIS18箱　単価9,300円　小計167,400円
・ワンピースカード　メモリアルコレクション6箱　単価13,700円　小計82,200円
・ワンピースカード　蒼海の七傑12箱　単価8,800円　小計105,600円
・ワンピースカード　500年後の未来10箱　単価8,700円　小計87,000円
・ワンピースカード　二つの伝説2箱　単価5,800円　小計11,600円
合計箱数：48箱合計：453,800円減額合計：0円最終買取金額：453,800円
【注意事項】
	∙	段ボールの外側に受付ID（G8M5R3）を大きく記載してください。
	∙	この見積もりを印刷して商品に同梱してください。
	∙	1枚の印刷が難しい場合は、スクリーンショットの分割でも可能です。
	∙	同梱がない場合、査定が遅れることがあります。
	∙	同梱物などの詳細は、メニューの「ご利用方法」を確認してください。
	∙	メニューから申請と発送を行い、発送後は必ず追跡番号を連絡してください。
ご確認のほど、よろしくお願いいたします。​​​​​​​​​​​​​​​​"
User,Hikari,2026/02/13,14:02:39,ありがとうございます。
User,Hikari,2026/02/19,12:24:46,"インフェルノ x28
ステラミラクル　x10
ナイトワンダラー x10
買取希望です。"
Account,内藤夏樹,2026/02/19,12:25:52,"有り難うございます！
メガブレイブとメガシンフォニアはないでしょうか？？"
User,Hikari,2026/02/19,12:27:14,後日でします。
Account,内藤夏樹,2026/02/19,12:34:43,"毎々、お世話になっております。  
御見積書を送付いたします。

受付ID: A4T9P7

- 買取見積書 -

・ポケモンカード　インフェルノX  
28箱　単価14,600円　小計408,800円

・ポケモンカード　ステラミラクル  
10箱　単価9,000円　小計90,000円

・ポケモンカード　ナイトワンダラー  
10箱　単価9,000円　小計90,000円

合計箱数：48箱  
合計：588,800円  
減額合計：0円  
最終買取金額：588,800円

【注意事項】
* 段ボールの外側に受付ID（A4T9P7）を大きく記載してください。
* この見積もりを印刷して商品に同梱してください。
* 1枚の印刷が難しい場合は、スクリーンショットの分割でも可能です。
* 同梱がない場合、査定が遅れることがあります。
* 同梱物などの詳細は、メニューの「ご利用方法」を確認してください。
* メニューから申請と発送を行い、発送後は必ず追跡番号を連絡してください。

ご確認のほど、よろしくお願いいたします。"
Account,内藤夏樹,2026/02/20,19:16:14,"いつも当店をご利用いただき、誠にありがとうございます。

お預かりしておりましたお品物の検品が完了いたしましたので、ご指定の口座へお振り込みの手続きをさせていただきました。 併せてご確認いただけますと幸いです。

この度はご利用いただき、重ねて御礼申し上げます。 またの機会がございましたら、ぜひお手伝いをさせていただけますと幸いです。

もしよろしければ、X（旧Twitter）にてご利用の感想や口コミを投稿していただけますと、スタッフ一同大変励みになります。

なお、万が一サービス内容にご満足いただけなかった点や、お気づきの点がございましたら、誠意を持って対応させていただきます。 大変お手数ですが、投稿の前に一度ダイレクトメッセージ等でご連絡いただけますと助かります。

今後ともよろしくお願い申し上げます。"
