﻿アカウント名,にこにこ買取＠業界最高の買取価格宣言！
タイムゾーン,'+09:00
ダウンロード日時,2026/02/21 04:35
送信者タイプ,送信者名,送信日,送信時刻,内容
Account,応答メッセージ,2025/04/25,16:28:57,"パンプキン（釜石）さん
はじめまして！にこにこ買取＠業界最高の買取価格宣言！です。
友だち追加ありがとうございます！
にこにこ買取です(moon big smile)

ポケモンカードなどトレーディングカード全般の買取を行っております。
買取ご希望のお客様はなんでもお気軽に連絡してください(saluting man)

ご郵送買取の流れは以下の”郵送買取の流れ”をご確認ください(sparkle)

お問い合わせなどはお気軽にメッセージからご連絡ください(phone)"
Account,応答メッセージ,2025/04/25,16:28:57,写真を送信しました。
Account,応答メッセージ,2025/04/25,16:28:57,写真を送信しました。
User,パンプキン（釜石）,2025/06/09,12:49:59,"通常版
ブラックボルト 5BOX 9800
ホワイトフレア 5BOX 9800
買取お願いします。"
Account,内藤夏樹,2025/06/09,12:57:11,"毎々、お世話になっております。
以下にて買取申請を賜りました。

	•	買取見積書 -

・ポケモンカード　ブラックボルト　5箱　単価9,800円　小計49,000円
・ポケモンカード　ホワイトフレア　5箱　単価9,800円　小計49,000円

合計：98,000円"
Account,内藤夏樹,2025/06/09,12:57:22,申請と発送をよろしくお願い申し上げます。
User,パンプキン（釜石）,2025/06/09,13:02:36,"距離の都合により翌々日になる場合があります。
よろしくお願いします。"
Account,内藤夏樹,2025/06/09,13:07:10,"毎々、お世話になっております。
ご連絡ありがとうございます。

こちらの商品は明日新潟に午前中着が条件となっております。

難しい場合にはまたの機会によろしくお願い申し上げます。"
User,パンプキン（釜石）,2025/06/09,13:51:33,"了解しました。
一旦やめておきます。"
Account,内藤夏樹,2025/06/09,13:51:56,"承知しました。
よろしくお願い申し上げます。"
User,パンプキン（釜石）,2025/12/16,12:32:53,"MEGAドリームex シュリンク付き98BOX、シュリなし7BOX
買取お願いします。"
Account,内藤夏樹,2025/12/16,12:34:16,"毎々お世話になっております。
ありがとうございます。"
Account,内藤夏樹,2025/12/16,12:34:21,今お見積りを送付します。
Account,内藤夏樹,2025/12/16,12:34:41,"毎々、お世話になっております。  
御見積書を送付いたします。

- 買取見積書 -
・ポケモンカード　メガドリームex（シュリンク付き）　98箱　単価11,000円　小計1,078,000円  
・ポケモンカード　メガドリームex（シュリンク無し）　7箱　単価9,700円　小計67,900円

合計箱数：105箱
合計：1,145,900円  
減額合計：0円  
最終買取金額：1,145,900円

20箱以上のため、送料は弊社負担でお送りください。

ご確認のほど、よろしくお願いいたします。"
User,パンプキン（釜石）,2025/12/16,12:59:51,すみません、個数間違えていて確認するので、一旦キャンセルでお願いします🙏
Account,内藤夏樹,2025/12/16,13:05:12,わかりました。
User,パンプキン（釜石）,2026/01/10,12:53:51,"蒼海17BOX,王族12BOX,the best2 43BOX
買取お願いします。"
User,パンプキン（釜石）,2026/01/10,13:37:29,"こちらお早めのご確認よろしくお願いします。

蒼海17BOX 6500×17 110500円
王族12BOX 5000×12 60000円
the best2 43BOX 4600×43 197800円
合計 368300円
買取お願いします。"
Account,内藤夏樹,2026/01/10,14:11:59,"毎々、お世話になっております。
PRB-02が締め切りとなってしまいました。"
User,パンプキン（釜石）,2026/01/10,14:43:09,では蒼海と王族お願いします。
Account,内藤夏樹,2026/01/10,14:56:10,承知しました。
Account,内藤夏樹,2026/01/10,14:56:32,"毎々、お世話になっております。
御見積書を送付いたします。

- 買取見積書 -

・ワンピースカード
蒼海の七傑 BOX
17箱
単価6,500円
小計110,500円

・ワンピースカード
王族の血統 BOX
12箱
単価5,000円
小計60,000円

減額項目：
・該当なし

合計：170,500円
減額合計：-0円
最終買取金額：170,500円

※20箱以上の分量のため、送料は弊社負担（着払い）でお送りください。

【注意事項】
こちらのお見積もりを印刷して商品に同梱してください。
同梱がない場合には査定が遅れる場合がございます。
ご確認のほど、よろしくお願いいたします。"
User,パンプキン（釜石）,2026/01/10,15:19:00,フォームの送信完了しました。
Account,内藤夏樹,2026/01/10,15:37:17,発送をよろしくお願い申し上げます。
User,パンプキン（釜石）,2026/01/10,16:03:05,写真を送信しました。
User,パンプキン（釜石）,2026/01/10,16:03:06,"発送が完了しました。
ヤマト運輸、467714353794
よろしくお願いします。"
User,パンプキン（釜石）,2026/01/15,14:24:00,"神速の拳 1カートン
二つの伝説 1カートン
買取お願いします。

緑のテープのカートンでも買取可能でしょうか。"
Account,内藤夏樹,2026/01/15,14:39:27,"毎々、お世話になっております。
緑は申し訳ございませんが、買取不可です。"
User,パンプキン（釜石）,2026/01/15,14:58:29,了解しました。
Account,内藤夏樹,2026/01/15,15:08:42,申し訳ございません
User,パンプキン（釜石）,2026/02/17,12:51:19,写真を送信しました。
User,パンプキン（釜石）,2026/02/17,12:51:20,"質問失礼します。
公式のプレバン購入品のカートンはカートンで買取可能でしょうか。
おそらく個数確認のために中身確認後、新たにテープをしたため側面が一部開いている+二重テープ"
Account,内藤夏樹,2026/02/17,12:53:12,毎々お世話になっております。こちらの商品はカートン単位での買取が難しいです。
Account,内藤夏樹,2026/02/17,12:53:14,申し訳ございません。
User,パンプキン（釜石）,2026/02/17,12:53:51,了解しました。
