﻿アカウント名,にこにこ買取＠業界最高の買取価格宣言！
タイムゾーン,'+09:00
ダウンロード日時,2026/02/21 04:35
送信者タイプ,送信者名,送信日,送信時刻,内容
Account,応答メッセージ,2025/06/24,15:17:16,"髙橋博英さん
はじめまして！にこにこ買取＠業界最高の買取価格宣言！です。
友だち追加ありがとうございます！
にこにこ買取です(moon big smile)

ポケモンカードなどトレーディングカード全般の買取を行っております。
買取ご希望のお客様はなんでもお気軽に連絡してください(saluting man)

ご郵送買取の流れはメニューから”郵送買取の流れ”をご確認ください(sparkle)
URL→https://docs.google.com/document/d/1C26OXaKsxKKKeJA-46Uvyudph5wG-l-PZCBXFh9K5Nw/edit?usp=sharing

ご郵送買取ご希望の場合にはメニューの”申し込みフォーム”からご申請が可能となっております。

お問い合わせなどはお気にご連絡ください。"
Account,応答メッセージ,2025/06/24,15:17:16,写真を送信しました。
User,髙橋博英,2025/06/24,15:22:19,"こんにちは
質問なんですが
ロケット団の栄光
カートンでの場合でも特に単価アップとかはないですか？"
Account,内藤夏樹,2025/06/24,15:25:40,"大変申し訳ございません。
ありません。"
User,髙橋博英,2025/06/24,15:33:28,"承知しました。




ブラックボルト6
ホワイトフレア6
ステラミラクル3
ナイトワンダラー3
ロケット団7
クレイバースト1
バトルパートナーズ1
テラステルフェス1
郵送で買取希望です"
Account,内藤夏樹,2025/06/24,15:39:13,"・ポケモンカード　ブラックボルト　6箱　単価9,500円　小計57,000円
・ポケモンカード　ホワイトフレア　6箱　単価9,500円　小計57,000円
・ポケモンカード　ステラミラクル　3箱　単価5,600円　小計16,800円
・ポケモンカード　ナイトワンダラー　3箱　単価5,600円　小計16,800円
・ポケモンカード　ロケット団の栄光　7箱　単価10,800円　小計75,600円
・ポケモンカード　クレイバースト　1箱　単価9,800円　小計9,800円
・ポケモンカード　バトルパートナーズ　1箱　単価7,300円　小計7,300円
・ポケモンカード　テラスタルフェスex　1箱　単価9,700円　小計9,700円"
Account,内藤夏樹,2025/06/24,15:39:19,こちらにて、よろしくお願いします
User,髙橋博英,2025/06/24,15:40:32,"承知しました。
このあとは申し込みフォーム記入で大丈夫ですか？"
Account,内藤夏樹,2025/06/24,15:47:10,はい、申し込みフォームをよろしくお願い申し上げます。
User,髙橋博英,2025/06/24,15:53:23,"送信しました
商品と身分証のコピー同封で発送で大丈夫ですか？"
Account,内藤夏樹,2025/06/24,15:59:07,初回のお取引にあたりましては住民票のコピーが必要となります。
User,髙橋博英,2025/06/24,15:59:55,"承知しました。
住民票を追加で発送で大丈夫ですか？"
Account,内藤夏樹,2025/06/24,16:05:06,はい、よろしくお願い申し上げます。
User,髙橋博英,2025/06/24,16:32:14,"やまと
3308-5254-0292
高橋博英
よろしくお願いします"
Account,内藤夏樹,2025/06/24,17:22:45,ありがとうございました。
Account,内藤夏樹,2025/06/25,20:18:45,"・ポケモンカード　ブラックボルト　6箱 × 9,500円 = 57,000円
・ポケモンカード　ホワイトフレア　6箱 × 9,500円 = 57,000円
・ポケモンカード　ステラミラクル　3箱 × 5,600円 = 16,800円
・ポケモンカード　ナイトワンダラー　3箱 × 5,600円 = 16,800円
・ポケモンカード　ロケット団の栄光　7箱 × 10,800円 = 75,600円
・ポケモンカード　クレイバースト　1箱 × 9,800円 = 9,800円
・ポケモンカード　バトルパートナーズ　1箱 × 7,300円 = 7,300円
・ポケモンカード　テラスタルフェスex　1箱 × 9,700円 = 9,700円

合計：250,000円

【査定による減額】
・ステラミラクル　凹み　-700円 × 1点 = -700円

最終買取金額：250,000円 − 700円 = 249,300円"
Account,内藤夏樹,2025/06/25,20:18:47,査定結果となります。
User,髙橋博英,2025/06/25,20:28:12,"承知しました。
よろしくお願いします。"
Account,内藤夏樹,2025/06/26,11:15:12,"毎々お世話になっております。
お振込を実行しておりますのでご確認をよろしくお願いいたします。"
User,髙橋博英,2025/06/26,11:16:37,"確認取れました
ありがとうございました
またよろしくお願いします"
User,髙橋博英,2025/06/30,12:59:41,"お世話になります。
ブラックボルト5
ホワイトフレア5
バトルパートナーズ2
ナイトワンダラー1
ステラミラクル1
発送でお願いします"
Account,内藤夏樹,2025/06/30,13:17:31,毎々、お世話になっております。
Account,内藤夏樹,2025/06/30,13:18:15,"・ポケモンカード　ブラックボルト　5箱　単価9,200円　小計46,000円
・ポケモンカード　ホワイトフレア　5箱　単価9,000円　小計45,000円
・ポケモンカード　バトルパートナーズ　2箱　単価7,300円　小計14,600円
・ポケモンカード　ナイトワンダラー　1箱　単価5,500円　小計5,500円
・ポケモンカード　ステラミラクル　1箱　単価5,500円　小計5,500円

合計：116,600円

ご発送お待ちしております。"
User,髙橋博英,2025/06/30,15:53:48,"すみません
追加できますか？"
User,髙橋博英,2025/06/30,15:55:11,"ナイトワンダラー5
ステラミラクル5
ドラゴーな5
超電1
クリムゾン1
追加です"
Account,内藤夏樹,2025/06/30,16:18:41,"毎々、お世話になっております。
追加可能です。"
Account,内藤夏樹,2025/06/30,16:19:54,"・ポケモンカード　ナイトワンダラー　5箱　単価5,500円　小計27,500円
・ポケモンカード　ステラミラクル　5箱　単価5,500円　小計27,500円
・ポケモンカード　楽園ドラゴーナ　5箱　単価7,300円　小計36,500円
・ポケモンカード　クリムゾンヘイズ　1箱　単価8,500円　小計8,500円"
Account,内藤夏樹,2025/06/30,16:20:02,超電は買取していません。
User,髙橋博英,2025/06/30,16:59:29,"3308-5355-6154
高橋博英
よろしくお願いします"
Account,内藤夏樹,2025/06/30,17:44:06,ありがとうございました。
User,髙橋博英,2025/07/01,20:09:54,"お世話になります。
査定、振込は明日になりますか？"
Account,内藤夏樹,2025/07/01,20:27:43,"毎々、お世話になっております。

ご申請がまだのようですのでお願いできますでしょうか。"
User,髙橋博英,2025/07/01,20:31:40,"申し訳ありません
ただいま完了しました"
Account,内藤夏樹,2025/07/01,20:43:41,"商品名	数量	単価	小計
ポケモンカード ブラックボルト	5箱	9,200円	46,000円
ポケモンカード ホワイトフレア	5箱	9,000円	45,000円
ポケモンカード バトルパートナーズ	2箱	7,300円	14,600円
ポケモンカード ナイトワンダラー	5箱	5,500円	27,500円
ポケモンカード ステラミラクル	5箱	5,500円	27,500円
ポケモンカード 楽園ドラゴーナ	5箱	7,300円	36,500円
ポケモンカード クリムゾンヘイズ	1箱	8,500円	8,500円

合計：205,600円

【査定による減額】
・ナイトワンダラー 凹み -500円 × 2点 = -1,000円

最終買取金額：204,600円"
Account,内藤夏樹,2025/07/01,20:43:43,査定結果となります。
User,髙橋博英,2025/07/01,21:18:49,よろしくお願いします
Account,内藤夏樹,2025/07/01,21:19:02,"ありがとうございました。
お振込みを行います。"
User,髙橋博英,2025/07/07,13:30:25,"お世話になってます。

ブラックボルト12
ホワイトフレア13
熱風のアリーナ10
バトルパートナーズ2
ステラミラクル1
郵送でお願いします"
Account,内藤夏樹,2025/07/07,13:45:09,毎々、お世話になっております。
Account,内藤夏樹,2025/07/07,13:45:48,"・ポケモンカード　ブラックボルト　12箱　単価8,900円　小計106,800円
・ポケモンカード　ホワイトフレア　13箱　単価8,900円　小計115,700円
・ポケモンカード　熱風のアリーナ　10箱　単価8,700円　小計87,000円
・ポケモンカード　バトルパートナーズ　2箱　単価7,300円　小計14,600円
・ポケモンカード　ステラミラクル　1箱　単価5,500円　小計5,500"
Account,内藤夏樹,2025/07/07,13:46:08,"以降は以下へ発送をお願い申し上げます。

請求先および発送先
株式会社AiGIVE 内藤宛
940-0864
新潟県長岡市川崎3-2366-7-103
050-5470-3570"
User,髙橋博英,2025/07/07,14:35:42,"ありがとうございます。
同封する物って商品以外にありましたっけ"
Account,内藤夏樹,2025/07/07,14:36:08,2回目は特段必要ありません。
User,髙橋博英,2025/07/07,15:00:25,"3308-5470-5801
高橋博英
よろしくお願いします"
Account,内藤夏樹,2025/07/07,15:28:22,ありがとうございました。
User,髙橋博英,2025/07/08,13:22:51,"すみません
また申請忘れてました
送りましたのでよろしくお願いします"
User,髙橋博英,2025/07/08,14:44:39,本日お休みですか？
Account,内藤夏樹,2025/07/08,16:45:34,ありがとうございました。
User,髙橋博英,2025/07/08,16:55:12,"本日振込ですか？
急かすようで申し訳ないです"
Account,内藤夏樹,2025/07/08,16:55:58,"申し訳ございません。
明日の予定です。"
User,髙橋博英,2025/07/09,18:24:25,"お世話になります。
何時くらいになりますか？"
Account,内藤夏樹,2025/07/09,19:05:28,"毎々、お世話になっております。
今検品しております！

間も無くです。"
Account,内藤夏樹,2025/07/09,19:26:09,"・ポケモンカード　ブラックボルト　12箱　単価8,900円　小計106,800円
・ポケモンカード　ホワイトフレア　13箱　単価8,900円　小計115,700円
・ポケモンカード　熱風のアリーナ　10箱　単価8,700円　小計87,000円
・ポケモンカード　バトルパートナーズ　2箱　単価7,300円　小計14,600円
・ポケモンカード　ステラミラクル　1箱　単価5,500円　小計5,500

合計: 329,600円"
User,髙橋博英,2025/07/09,19:26:44,"問題ないです。
よろしくお願いします"
Account,内藤夏樹,2025/07/09,19:31:13,振込みを行いました。
Account,内藤夏樹,2025/07/09,19:31:16,またよろしくお願いいたします。
User,髙橋博英,2025/07/09,19:32:30,ありがとうございました。
User,髙橋博英,2025/07/14,16:41:57,"お世話になります。
本日お休みですか？"
Account,内藤夏樹,2025/07/15,11:27:13,"毎々、お世話になっております。
昨日はお休みをいただいておりました、"
User,髙橋博英,2025/07/15,11:46:20,本日はやってますか？
Account,内藤夏樹,2025/07/15,12:24:22,掲載しました。ご確認をお願い申し上げます。
User,髙橋博英,2025/07/15,13:56:43,"お世話になります。
ブラックボルト3
ホワイトフレア3
ステラミラクル1
ブラックボルトdx1
テラスタルフェス1
クリムゾンヘイズ1
ロケット団2
バトルパートナーズ12
郵送でよろしくお願いします"
Account,内藤夏樹,2025/07/15,14:10:05,"毎々、お世話になっております。
ブラホワ終わっちゃました。
申し訳ございません。"
User,髙橋博英,2025/07/15,14:13:08,"承知しました。
ではそれ以外でお願いします"
Account,内藤夏樹,2025/07/15,14:14:51,"ありがとうございます
今お見積もりします。"
Account,内藤夏樹,2025/07/15,14:15:42,"・ポケモンカード　ステラミラクル　1箱　単価5,600円　小計5,600円
・ポケモンカード　ブラックボルト（デラックス）　1箱　単価13,600円　小計13,600円
・ポケモンカード　テラスタルフェスex　1箱　単価10,100円　小計10,100円
・ポケモンカード　クリムゾンヘイズ　1箱　単価8,600円　小計8,600円
・ポケモンカード　ロケット団の栄光　2箱　単価11,200円　小計22,400円
・ポケモンカード　バトルパートナーズ　12箱　単価7,500円　小計90,000円"
Account,内藤夏樹,2025/07/15,14:15:55,こちらまでお願いします。
Account,内藤夏樹,2025/07/15,14:16:00,以降もこちらとなります。
User,髙橋博英,2025/07/15,14:16:51,承知しました。
Account,内藤夏樹,2025/07/15,14:19:55,ご申請をよろしくお願い申し上げます。
User,髙橋博英,2025/07/15,16:19:54,"3308-5604-8165
高橋博英
よろしくお願いします"
Account,内藤夏樹,2025/07/15,17:38:37,ありがとうございます。
Account,内藤夏樹,2025/07/16,19:45:14,"ポケモンカード ステラミラクル: 1箱 × 5,600円 = 5,600円

ポケモンカード ブラックボルト（デラックス）: 1箱 × 13,600円 = 13,600円

ポケモンカード テラスタルフェスex: 1箱 × 10,100円 = 10,100円

ポケモンカード クリムゾンヘイズ: 1箱 × 8,600円 = 8,600円

ポケモンカード ロケット団の栄光: 2箱 × 11,200円 = 22,400円

ポケモンカード バトルパートナーズ: 12箱 × 7,500円 = 90,000円

これらの小計を合計すると、

5,600円 + 13,600円 + 10,100円 + 8,600円 + 22,400円 + 90,000円 = 150,300円

お振込みを行います。"
User,髙橋博英,2025/07/16,19:45:35,よろしくお願いします
Account,内藤夏樹,2025/07/16,19:50:16,ありがとうございました。
User,髙橋博英,2025/07/27,13:31:26,本日お休みですか？
Account,内藤夏樹,2025/07/27,14:54:01,お休みでした。
User,髙橋博英,2025/07/27,14:55:44,再開はいつですか？
Account,内藤夏樹,2025/07/27,15:08:02,"明日の予定です。
何がご希望でしたか？"
User,髙橋博英,2025/07/27,15:08:31,"ステラミラクル40
ナイトワンダラー40
売りたかったです"
Account,内藤夏樹,2025/07/27,15:08:51,"ありがとうございます！

今価格出しても良いですか？"
User,髙橋博英,2025/07/27,15:09:04,"お願いします！
今日発送しちゃいます"
Account,内藤夏樹,2025/07/27,15:09:09,5600円でとらせてください！
Account,内藤夏樹,2025/07/27,15:09:18,よろしければ申請をよろしくお願い申し上げます。
User,髙橋博英,2025/07/27,15:12:11,"5700は厳しいですか？
前の買取表だと5700でしたので😭"
Account,内藤夏樹,2025/07/27,15:14:03,はい、大丈夫です。よろしくお願い申し上げます。
User,髙橋博英,2025/07/27,17:07:15,"3308-5810-8335
高橋博英
よろしくお願いします"
Account,内藤夏樹,2025/07/27,20:17:32,ありがとうございました。
User,髙橋博英,2025/07/28,13:38:45,"いつもお世話になります。
振込は本日できそうですか？
貧乏なのでお金が回らなくて🥲"
Account,内藤夏樹,2025/07/28,13:39:28,"夜の予定です！
頑張りますね！"
User,髙橋博英,2025/07/28,13:46:17,いつも感謝です🥲
User,髙橋博英,2025/07/28,18:51:23,"急かすようで大変申し訳ありません
何時ごろの予定でしょうか🙇"
Account,内藤夏樹,2025/07/28,18:52:02,まだ追いついていませんので今夜中という回答となります。
User,髙橋博英,2025/07/28,18:52:30,"承知致しました。
よろしくお願いします。"
Account,内藤夏樹,2025/07/28,19:33:00,"'- 買取見積書 -
・ポケモンカード　ステラミラクル　40箱　単価5,700円　小計228,000円  
・ポケモンカード　ナイトワンダラー　40箱　単価5,700円　小計228,000円

減額項目：なし

合計：456,000円  
減額合計：0円  
最終買取金額：456,000円

ご確認のほど、よろしくお願いいたします。
お振込みを行います。"
User,髙橋博英,2025/07/28,19:33:20,よろしくお願いします🙇
User,髙橋博英,2025/08/01,12:55:47,"お世話になります。

ブレイブシンフォニアセット
20お願いします🙇"
Account,内藤夏樹,2025/08/01,12:56:50,"申し訳ございません。
終了となりました。"
User,髙橋博英,2025/08/01,12:57:32,Oh my gosh
User,髙橋博英,2025/08/08,12:13:01,"お世話になります
ブレイブシンフォニア
20セットお願いします"
Account,内藤夏樹,2025/08/08,12:16:16,"毎々、お世話になっております。
ご連絡ありがとうございました。

500セット申し込みがあり、締め切りとなりました！

また明日募集するかと思います！"
User,髙橋博英,2025/08/08,12:16:34,スタンプを送信しました。
User,髙橋博英,2025/08/08,12:16:36,スタンプを送信しました。
Account,内藤夏樹,2025/08/08,12:16:52,いつも申し訳ございません🙇🏻‍♂️
User,髙橋博英,2025/08/08,12:17:16,スタンプを送信しました。
User,髙橋博英,2025/08/21,15:02:59,"お世話になります。
メガブレイブ27
メガシンフォニア20
郵送でお願いします"
Account,内藤夏樹,2025/08/21,15:05:58,送信が取り消されたメッセージです
Account,内藤夏樹,2025/08/21,15:06:51,"毎々、お世話になっております。  
御見積書を送付いたします。

- 買取見積書 -
・メガブレイブ　27箱　単価10,400円　小計280,800円  
・メガシンフォニア　20箱　単価7,400円　小計148,000円  

減額項目：なし  

合計：428,800円  
減額合計：0円  
最終買取金額：428,800円  

ご確認のほど、よろしくお願いいたします。"
User,髙橋博英,2025/08/21,15:10:28,"お願いします
申請します"
User,髙橋博英,2025/08/21,16:08:19,"3308-6293-0576
タカハシヒロヒデ
よろしくお願いします"
User,髙橋博英,2025/08/22,15:02:24,神速の拳2カートンあります
Account,内藤夏樹,2025/08/22,15:05:29,"毎々、お世話になっております。

ぜひ売ってください🙇🏻‍♂️"
User,髙橋博英,2025/08/22,15:19:05,"了解です！
送ります！"
Account,内藤夏樹,2025/08/22,15:29:01,"ありがとうございます！
60500円に単価を上昇させました。"
Account,内藤夏樹,2025/08/22,21:18:29,"毎々、お世話になっております。  
御見積書を送付いたします。

- 買取見積書 -
・メガブレイブ　27箱　単価10,400円　小計280,800円  
・メガシンフォニア　20箱　単価7,400円　小計148,000円  

減額項目：  
・メガブレイブ 凹み -500円 × 2点 = -1,000円  
・メガシンフォニア 凹み -500円 × 1点 = -500円  

合計：428,800円  
減額合計：-1,500円  
最終買取金額：427,300円  

ご確認のほど、よろしくお願いいたします。"
User,髙橋博英,2025/08/22,21:19:07,承知しました。
Account,内藤夏樹,2025/08/22,21:21:12,振込みをしました。
User,髙橋博英,2025/08/22,21:23:38,"3308-6312-0464
今日の神速の拳です
タカハシヒロヒデ
よろしくお願いします"
User,髙橋博英,2025/08/24,11:40:29,受け継がれる意思2カートン郵送でお願いします
Account,内藤夏樹,2025/08/24,12:33:01,"毎々、お世話になっております。
承知しました。"
Account,内藤夏樹,2025/08/24,12:33:11,"ありがとうございました。

67000×2"
Account,内藤夏樹,2025/08/24,14:15:36,"毎々、お世話になっております。  
御見積書を送付いたします。

- 買取見積書 -
・ワンピースカード　神速の拳（カートン）　2カートン　単価60,500円　小計121,000円  

減額項目：なし  

合計：121,000円  
減額合計：0円  
最終買取金額：121,000円  

ご確認のほど、よろしくお願いいたします。
お振込みをしました。"
User,髙橋博英,2025/08/24,14:16:13,ありがとうございます！
User,髙橋博英,2025/08/25,21:10:30,"すみません
忘れてました
3308-6346-9742
タカハシヒロヒデ
"
Account,内藤夏樹,2025/08/25,21:10:49,ありがとうございました。
User,髙橋博英,2025/08/25,21:11:02,今申込します
Account,内藤夏樹,2025/08/26,18:04:37,"毎々、お世話になっております。  
御見積書を送付いたします。

- 買取見積書 -
・ワンピースカード　受け継がれる意思（カートン）　2カートン　単価67,000円　小計134,000円  

減額項目：なし  

合計：134,000円  
減額合計：0円  
最終買取金額：134,000円  

ご確認のほど、よろしくお願いいたします。"
User,髙橋博英,2025/08/26,18:04:53,よろしくお願いします
User,髙橋博英,2025/09/04,11:00:17,今日やってますか？
Account,内藤夏樹,2025/09/04,11:00:47,"はい！やっていますよ！
募集は告知しないと思いますので商品教えていただけたらと思います"
User,髙橋博英,2025/09/04,11:03:14,"マック　プロモ150
受け継がれる意思　box 22
トウホク1
です"
Account,内藤夏樹,2025/09/04,11:08:45,"すごい！
ありがとうございます！

マクド
3200

受け継がれる
6300

トウホク
26000"
User,髙橋博英,2025/09/04,11:13:12,マック3300になりませんか🥺
Account,内藤夏樹,2025/09/04,11:14:24,いいですよ😊もちろんです！
User,髙橋博英,2025/09/04,11:42:10,"ありがとうございます！
後ほど申請して発送します！"
Account,内藤夏樹,2025/09/04,11:49:15,よろしくお願い申し上げます。
User,髙橋博英,2025/09/04,14:19:08,"3308-6519-6561
タカハシヒロヒデ
よろしくお願いします"
Account,内藤夏樹,2025/09/04,14:19:28,ありがとうございました。
User,髙橋博英,2025/09/04,15:38:25,"土曜日のお昼ぐらいまでにお金が必要なので
それまでに振り込めたら助かります😭"
Account,内藤夏樹,2025/09/04,15:40:08,頑張ります🙇🏻‍♂️
User,髙橋博英,2025/09/05,20:32:16,よろしくお願いします🙇
Account,内藤夏樹,2025/09/05,20:33:21,はい、明日の午前中までにはお振込みします！ご安心ください！
User,髙橋博英,2025/09/05,20:33:28,ありがとうございます😭
Account,内藤夏樹,2025/09/05,20:33:39,とんでもないです！
Account,内藤夏樹,2025/09/06,09:13:16,"毎々、お世話になっております。  
御見積書を送付いたします。

- 買取見積書 -
・マクドナルドプロモ　150個　単価3,300円　小計495,000円  
・受け継がれる意思　22個　単価6,300円　小計138,600円  
・トウホクスペシャルボックス　1個　単価26,000円　小計26,000円

減額項目：
・凹み：-500円 × 1点 = -500円  
・値札シール：-100円 × 2点 = -200円

合計：659,600円  
減額合計：-700円  
最終買取金額：658,900円

ご確認のほど、よろしくお願いいたします。"
User,髙橋博英,2025/09/06,09:13:44,よろしくお願いします！
User,髙橋博英,2025/09/16,16:02:59,"こんにちは！
今日まで買取できますか？
ロケット団17
受け継がれる意思2
the best 1 box1
ヒロシマ1
シンフォニア2
"
Account,内藤夏樹,2025/09/16,16:06:30,"毎々、お世話になっております。
受け継がれる意思は2箱でしょうか？"
User,髙橋博英,2025/09/16,16:06:38,はい！
Account,内藤夏樹,2025/09/16,16:07:05,"今お見積もりしますね。
今日はヒロシマ含んでおりますので着払いでお送りください🔥"
Account,内藤夏樹,2025/09/16,16:08:33,"毎々、お世話になっております。  
御見積書を送付いたします。

- 買取見積書 -
  ・ポケモンカード　ロケット団の栄光　17箱　単価9,400円　小計159,800円  
  ・ワンピースカード　受け継がれる意思　2箱　単価7,000円　小計14,000円  
  ・ワンピースカード　THE BEST vol.2　1箱　単価4,000円　小計4,000円  
  ・ポケモンカード　ヒロシマ　1箱　単価37,000円　小計37,000円  
  ・ポケモンカード　メガシンフォニア　2箱　単価7,200円　小計14,400円

合計：229,200円  
減額合計：0円  
最終買取金額：229,200円

ご確認のほど、よろしくお願いいたします。​​​​​​​​​​​​​​​​"
User,髙橋博英,2025/09/16,16:09:30,写真を送信しました。
User,髙橋博英,2025/09/16,16:09:52,"すみません
the bestは4000になりますか？😭🙏"
Account,内藤夏樹,2025/09/16,16:10:03,"ザベストが誤りありました。
修正します。
申し訳ございません🙇🏻‍♂️"
User,髙橋博英,2025/09/16,16:10:13,あと受け継がれる意思1追加の3でお願いします！
Account,内藤夏樹,2025/09/16,16:11:15,"毎々、お世話になっております。  
御見積書を送付いたします。

- 買取見積書 -
  ・ポケモンカード　ロケット団の栄光　17箱　単価9,400円　小計159,800円  
  ・ワンピースカード　受け継がれる意思　3箱　単価7,000円　小計21,000円  
  ・ワンピースカード　THE BEST vol.1　1箱　単価4,800円　小計4,800円  
  ・ポケモンカード　ヒロシマ　1箱　単価37,000円　小計37,000円  
  ・ポケモンカード　メガシンフォニア　2箱　単価7,200円　小計14,400円

合計：237,000円  
減額合計：0円  
最終買取金額：237,000円

ご確認のほど、よろしくお願いいたします。​​​​​​​​​​​​​​​​"
User,髙橋博英,2025/09/16,16:45:52,"度々すみません
ブラックボルト5
メガブレイブも2追加でお願いしたいです、、"
Account,内藤夏樹,2025/09/16,17:20:33,"ありがとうございました！
バタバタしておりまして、追って見積もりをお送りします🙇🏻‍♂️"
Account,内藤夏樹,2025/09/16,17:20:40,発送を先にしていただけますでしょうか。
User,髙橋博英,2025/09/16,17:21:19,承知です！
User,髙橋博英,2025/09/16,17:57:17,"'
4677-0572-3940
タカハシヒロヒデ
よろしくお願いします！"
Account,内藤夏樹,2025/09/17,19:26:58,"毎々、お世話になっております。  
御見積書を送付いたします。

- 買取見積書 -
・ポケモンカード　ロケット団の栄光　17箱　単価9,400円　小計159,800円  
・ワンピースカード　受け継がれる意思　3箱　単価7,000円　小計21,000円  
・ワンピースカード　THE BEST vol.1　1箱　単価4,800円　小計4,800円  
・ポケモンカード　ヒロシマ　1箱　単価37,000円　小計37,000円  
・ポケモンカード　メガシンフォニア　2箱　単価7,200円　小計14,400円  
・ポケモンカード　ブラックボルト　5箱　単価9,700円　小計48,500円  
・ポケモンカード　メガブレイブ　2箱　単価10,000円　小計20,000円

合計：305,500円  
減額合計：0円  
最終買取金額：305,500円

お振込みをしました。"
User,髙橋博英,2025/09/17,19:27:26,ありがとうございました😭
User,髙橋博英,2025/09/22,15:28:18,"ワンピース
受け継がれる意思11box
お願いします！

ロケット団は買い取ってますか？"
Account,内藤夏樹,2025/09/22,15:50:08,受け継がれる意思は終了しました🙇🏻‍♂️
Account,内藤夏樹,2025/09/22,15:50:24,本日の買取お申し込みは〆切となりました🙇🏻‍♂️
User,髙橋博英,2025/09/29,16:14:30,"お世話になります。
本日買取やってますか？"
Account,内藤夏樹,2025/09/29,16:14:56,フクオカとインフェルノだけでした☺️
User,髙橋博英,2025/09/29,16:15:13,インフェルノいくらですか？
Account,内藤夏樹,2025/09/29,16:20:02,12700です！
Account,内藤夏樹,2025/09/29,16:20:07,ぜひ！よろしくお願い申し上げます🥺
User,髙橋博英,2025/09/29,16:27:39,"了解です！
32個でお願いしたいです！"
Account,内藤夏樹,2025/09/29,16:29:10,よろしくお願い申し上げます。
Account,内藤夏樹,2025/09/29,16:29:15,12700×32
User,髙橋博英,2025/09/29,21:17:42,"3308-6964-1572
タカハシヒロヒデ
よろしくお願いします"
User,髙橋博英,2025/09/30,15:18:36,本日のお振込可能でしょうか😭😭
Account,内藤夏樹,2025/09/30,16:35:43,"振込みします！
406400"
User,髙橋博英,2025/09/30,16:43:23,"ありがとうございます😭！
いつも感謝です！！"
User,髙橋博英,2025/09/30,20:50:06,いけそうですか？🥲
Account,内藤夏樹,2025/09/30,20:54:40,振込みしました！
User,髙橋博英,2025/09/30,21:00:00,ありがとうございます！
User,髙橋博英,2025/09/30,21:22:34,送信が取り消されたメッセージです
User,髙橋博英,2025/10/01,11:13:26,"お世話になります。
お振込がまだないですが
どんな感じですか？"
Account,内藤夏樹,2025/10/01,11:48:23,至急確認します。
Account,内藤夏樹,2025/10/01,11:50:14,"エラーで戻っておりました。
今お振込みを再度行いましたのでご確認をよろしくお願いします。"
Account,内藤夏樹,2025/10/01,11:50:20,写真を送信しました。
Account,内藤夏樹,2025/10/02,07:06:34,"おはようございます。
ありがとうございます！

メガブレイブとメガシンフォニア100箱ずつ欲しいのですが、集めることできたりしますか・・・？"
User,髙橋博英,2025/10/03,14:42:11,"お世話になります。
本日まだ買取やってますか？"
Account,内藤夏樹,2025/10/03,14:50:49,やってますよ！
User,髙橋博英,2025/10/03,14:53:04,"'
フクオカ1
ヒロシマ1
インフェルノ9
ブラックボルト5
ホワイトフレア5
テラスタルフェス1
v maxクライマックス1
郵送でお願いします"
Account,内藤夏樹,2025/10/03,14:59:09,"本日はテラス、ブイクラは買取停止となります🙇
申し訳ございません🙇"
User,髙橋博英,2025/10/03,14:59:29,"承知しました！
残りをお願いします！"
Account,内藤夏樹,2025/10/03,14:59:36,"毎々、お世話になっております。
御見積書を送付いたします。
現在の買取単価に基づき、以下の通り計算いたしました。
 * 買取見積書 -
   ・ポケモンカード　ポケモンセンターフクオカ　1箱　単価43,000円　小計43,000円
   ・ポケモンカード　ポケモンセンターヒロシマ　1箱　単価36,500円　小計36,500円
   ・ポケモンカード　インフェルノX　9箱　単価13,000円　小計117,000円
   ・ポケモンカード　ブラックボルト　5箱　単価8,700円　小計43,500円
   ・ポケモンカード　ホワイトフレア　5箱　単価8,000円　小計40,000円
減額項目（ある場合）：
・減額項目：-円 × 点 = -円
合計：280,000円
減額合計：0円
最終買取金額：280,000円
ご確認のほど、よろしくお願いいたします。
"
User,髙橋博英,2025/10/03,16:01:37,"すみません
インフェルノx
11個に変更できますか？"
User,髙橋博英,2025/10/03,16:02:19,あとシュリなしが2個あるんですが買取不可ですか？
Account,内藤夏樹,2025/10/03,16:02:45,インフェルノ承知しました。
Account,内藤夏樹,2025/10/03,16:02:51,シュリなしはごめんなさい🙇‍♀️
User,髙橋博英,2025/10/03,16:19:00,"3308-7031-2662
高橋博英
よろしくお願いします"
Account,内藤夏樹,2025/10/03,16:19:10,ありがとうございました。
User,髙橋博英,2025/10/05,13:27:43,"恐れ入ります。
お振込金額が上記のインフェルノ9個分の金額でして
11個のはずです🙏"
Account,内藤夏樹,2025/10/05,13:29:00,"毎々、お世話になっております。
大変失礼しました。
確認して、不足分を支給振込みします。"
Account,内藤夏樹,2025/10/05,13:37:27,不足分の 39000円をお振込みをしました。
User,髙橋博英,2025/10/12,12:29:23,"こんにちは
本日は買取やってますか？"
Account,内藤夏樹,2025/10/12,14:21:50,"毎々、お世話になっております！
やってますよ！"
User,髙橋博英,2025/10/12,14:50:52,"インフェルノ
フクオカ
それぞれいくらですか？"
Account,内藤夏樹,2025/10/12,14:51:29,"インフェルノは14200円
フクオカは36000円"
Account,内藤夏樹,2025/10/12,14:51:30,です
Account,内藤夏樹,2025/10/12,14:54:39,インフェルノは14300です。
User,髙橋博英,2025/10/12,14:55:12,"インフェルノ20
フクオカ1
お願いします"
Account,内藤夏樹,2025/10/12,15:05:46,よろしくお願い申し上げます。
Account,内藤夏樹,2025/10/12,15:05:53,今回からこちらは発送をよろしくお願い申し上げます。
Account,内藤夏樹,2025/10/12,15:06:04,"株式会社AiGIVE 内藤宛
940-0833
新潟県長岡市笹崎1-8-22 1階
090-2445-4864"
Account,内藤夏樹,2025/10/13,10:20:22,"毎々、お世話になっております。
御見積書を送付いたします。

買取見積書 -
・ポケモンカード　インフェルノX　20箱　単価14,300円　小計286,000円
・ポケモンカード　フクオカ　1箱　単価36,000円　小計36,000円

合計：322,000円
減額合計：0円
最終買取金額：322,000円
ご確認のほど、よろしくお願いいたします。"
Account,内藤夏樹,2025/10/13,10:22:36,ご申請を宜しくお願い致します。
User,髙橋博英,2025/10/13,13:51:44,"申請致しました。
よろしくお願いします。"
Account,内藤夏樹,2025/10/14,06:34:20,"ありがとうございます。
お振込いたします。"
User,髙橋博英,2025/10/17,17:02:16,"こんにちは！
インフェルノx
まだ買取してますか？"
Account,内藤夏樹,2025/10/17,17:25:57,今は16000です😍
User,髙橋博英,2025/10/17,17:52:29,"インフェルノ一旦保留にします🥲

ブラックボルト6
ホワイトフレア5
メガシンフォニア2
ナイトワンダラ1
ステラミラクル1

郵送でお願い致します"
Account,内藤夏樹,2025/10/17,17:54:43,もう少しあげましょうか？？
Account,内藤夏樹,2025/10/17,17:54:52,せっかくなので！
Account,内藤夏樹,2025/10/17,17:55:05,何箱ございますか？
User,髙橋博英,2025/10/17,17:55:30,12箱しかないですが上がりますか？🥺
Account,内藤夏樹,2025/10/17,17:55:41,"もちろんです！
16200でどうです？"
Account,内藤夏樹,2025/10/17,17:56:21,"毎々、お世話になっております。  
御見積書を送付いたします。

- 買取見積書 -
  ・ポケモンカード　インフェルノX　12箱　単価16,200円　小計194,400円  
  ・ポケモンカード　ブラックボルト　6箱　単価9,600円　小計57,600円  
  ・ポケモンカード　ホワイトフレア　5箱　単価8,700円　小計43,500円  
  ・ポケモンカード　メガシンフォニア　2箱　単価7,600円　小計15,200円  
  ・ポケモンカード　ナイトワンダラー　1箱　単価6,700円　小計6,700円  
  ・ポケモンカード　ステラミラクル　1箱　単価6,700円　小計6,700円

合計：324,100円  
減額合計：0円  
最終買取金額：324,100円

ご確認のほど、よろしくお願いいたします。​​​​​​​​​​​​​​​​"
Account,内藤夏樹,2025/10/17,17:56:36,よろしければ発送をよろしくお願いします
User,髙橋博英,2025/10/17,17:57:21,"わかりました！
それでお願い致します！
いつもありがとうございます！"
User,髙橋博英,2025/10/17,17:58:35,"ごめんなさい
追加でシンフォニア1
ブレイブ1
お願い致します！
"
Account,内藤夏樹,2025/10/17,17:59:39,"承知しました！
よろしくお願い申し上げます。"
Account,内藤夏樹,2025/10/17,17:59:46,追って見積もり送ります！
Account,内藤夏樹,2025/10/17,18:00:01,発送は先にしていただけますと嬉しいです
User,髙橋博英,2025/10/17,18:00:23,"はい！
今日の便で送ります！"
Account,内藤夏樹,2025/10/17,18:11:40,よろしくお願い申し上げます。❤️
Account,内藤夏樹,2025/10/17,18:11:48,いつもありがとうございます
User,髙橋博英,2025/10/17,18:29:08,"メガブレイブも追加で2個入れました！！


3308-7295-1592
タカハシヒロヒデ
よろしくお願いします！"
Account,内藤夏樹,2025/10/17,18:33:57,ありがとうございました。
Account,内藤夏樹,2025/10/18,11:24:54,"毎々、お世話になっております。
御見積書を送付いたします。

買取見積書 -
・ポケモンカード　インフェルノX　12箱　単価16,200円　小計194,400円
・ポケモンカード　ブラックボルト　6箱　単価9,600円　小計57,600円
・ポケモンカード　ホワイトフレア　5箱　単価8,700円　小計43,500円
・ポケモンカード　メガシンフォニア　3箱　単価7,600円　小計22,800円
・ポケモンカード　メガブレイブ　3箱　単価11,000円　小計33,000円
・ポケモンカード　ナイトワンダラー　1箱　単価6,700円　小計6,700円
・ポケモンカード　ステラミラクル　1箱　単価6,700円　小計6,700円

合計：364,700円
減額合計：0円
最終買取金額：364,700円"
User,髙橋博英,2025/10/18,11:30:09,よろしくお願いします！
User,髙橋博英,2025/10/22,12:51:06,"お世話になります。


インフェルノx 7
ブラックボルト4
ホワイトフレア5
メガブレイブ2
メガインフェルノ2

郵送でよろしくお願いします"
Account,内藤夏樹,2025/10/22,12:52:45,"毎々、お世話になっております。  
御見積書を送付いたします。

- 買取見積書 -
・ポケモンカード　インフェルノX　7箱　単価15,600円　小計109,200円  
・ポケモンカード　ブラックボルト　4箱　単価9,500円　小計38,000円  
・ポケモンカード　ホワイトフレア　5箱　単価8,700円　小計43,500円  
・ポケモンカード　メガブレイブ　2箱　単価11,200円　小計22,400円  
・ポケモンカード　メガシンフォニア　2箱　単価7,600円　小計15,200円

合計：228,300円  
減額合計：0円  
最終買取金額：228,300円

ご確認のほど、よろしくお願いいたします。"
Account,内藤夏樹,2025/10/22,12:52:47,よろしくお願い申し上げます。
User,髙橋博英,2025/10/22,18:59:31,"4677-0826-4962
タカハシヒロヒデ
よろしくお願いします

申し訳ありません
従業員が間違えてインフェルノ9個入れてしまった可能性があります

同額でも大丈夫なのであればそのままお願いしたいです"
Account,内藤夏樹,2025/10/22,21:15:34,"毎々、お世話になっております。

大丈夫です。"
Account,内藤夏樹,2025/10/22,21:15:46,従業員に驚きました！笑
User,髙橋博英,2025/10/22,21:37:01,"小さい会社です笑

ポケカの買取屋も始める予定です
たくさん買い取ってたくさんにこにこさんに流します☺️"
Account,内藤夏樹,2025/10/22,21:38:46,"そうだったんですね☺️

ありがたいです。
何が必要なら言ってくださいね。"
Account,内藤夏樹,2025/10/23,21:13:59,"買取見積書 -
・ポケモンカード　インフェルノX　9箱　単価15,500円　小計139,500円
・ポケモンカード　ブラックボルト　4箱　単価9,400円　小計37,600円
・ポケモンカード　ホワイトフレア　5箱　単価8,500円　小計42,500円
・ポケモンカード　メガブレイブ　2箱　単価11,200円　小計22,400円
・ポケモンカード　メガシンフォニア　2箱　単価7,400円　小計14,800円

合計：256,800円
減額合計：0円
最終買取金額：256,800円"
Account,内藤夏樹,2025/10/23,21:14:05,ご申請を宜しくお願い致します。
User,髙橋博英,2025/10/23,21:14:22,夕方に申請させていただきました！
User,髙橋博英,2025/10/23,21:14:24,よろしくお願いします！
Account,内藤夏樹,2025/10/23,21:14:47,"確認します。
ありがとうございます！"
Account,内藤夏樹,2025/10/23,22:47:18,"毎々、お世話になっております。
遅くに申し訳ございません。

お振込みを完了しております。
ありがとうございました。"
User,髙橋博英,2025/10/23,22:53:37,"ありがとうございます😭
またよろしくお願いします！"
User,髙橋博英,2025/11/19,13:02:11,"こんにちは
ワンピース
まだ買取やってますか？"
Account,内藤夏樹,2025/11/19,13:37:38,"毎々、お世話になっております。
終わってしまいました。。。"
User,髙橋博英,2025/11/25,23:25:42,"いつもお世話になってます

メガドリーム
29日　午前中　着では
予約価格厳しいでしょうか🥲
50個あります"
Account,内藤夏樹,2025/11/26,07:33:35,"毎々、お世話になっております。
現在は当日までのものを探しておりました！"
Account,内藤夏樹,2025/11/26,07:33:39,申し訳ございません🙇🏻‍♂️
User,髙橋博英,2025/11/30,11:08:59,"おはようございます！
本日メガドリーム価格何時に出ますか？"
Account,内藤夏樹,2025/11/30,13:36:09,"毎々、お世話になっております。
これから更新します。"
User,髙橋博英,2025/12/01,16:12:36,"お世話になります
まだメガドリーム買取してますか？"
Account,AIチャットボット(β),2025/12/01,16:12:37,情報利用許可のお願い
Account,内藤夏樹,2025/12/01,16:13:30,"毎々、お世話になっております！
〆切となりました！"
User,髙橋博英,2025/12/02,16:39:16,"こんにちは！
まだメガドリ買取やってますか？"
Account,AIチャットボット(β),2025/12/02,16:39:17,"お問い合わせありがとうございます！
適切な回答が見つかりませんでした。ほかの聞き方をお試しください。"
Account,内藤夏樹,2025/12/02,16:41:46,"毎々、お世話になっております！
本日は〆切してしまいました🙇🏻‍♂️"
User,髙橋博英,2025/12/03,13:45:14,メガドリーム買取やってますか？
Account,AIチャットボット(β),2025/12/03,13:45:16,"お問い合わせありがとうございます！
適切な回答が見つかりませんでした。ほかの聞き方をお試しください。"
Account,内藤夏樹,2025/12/03,13:48:20,"毎々、お世話になっております！
本日は在庫整理のため買取を停止しております。"
User,髙橋博英,2025/12/04,14:40:59,本日は営業しますか？
Account,AIチャットボット(β),2025/12/04,14:41:01,"ご利用方法の詳細は、当サイトの**メニューにある「ご利用方法」**をご参照いただけますと幸いです。

ご不明な点がございましたら、LINEにてお気軽にお問い合わせください。"
User,髙橋博英,2025/12/05,13:39:38,本日もお休みですか？
Account,AIチャットボット(β),2025/12/05,13:39:40,"お問い合わせありがとうございます！
適切な回答が見つかりませんでした。ほかの聞き方をお試しください。"
Account,内藤夏樹,2025/12/05,13:47:11,"毎々、お世話になっております。
お返事が遅くなり申し訳ございません。

今週はお休みの予定です。"
Account,内藤夏樹,2025/12/05,13:47:17,メガドリームでしょうか？
User,髙橋博英,2025/12/05,13:57:49,はい！
Account,内藤夏樹,2025/12/05,14:54:25,本日は12400円でご案内しております。
User,髙橋博英,2025/12/05,14:57:48,8boxお願いしたいです(crying Moon)
User,髙橋博英,2025/12/05,14:57:54,80です
Account,内藤夏樹,2025/12/05,14:58:13,"はい、わかりました。
申請をよろしくお願い申し上げます。"
Account,内藤夏樹,2025/12/05,14:58:22,"12400×80箱
メガドリームex"
User,髙橋博英,2025/12/05,16:01:29,"すみません
もう20追加してもいいですか？"
Account,AIチャットボット(β),2025/12/05,16:01:32,"お問い合わせありがとうございます！
適切な回答が見つかりませんでした。ほかの聞き方をお試しください。"
Account,内藤夏樹,2025/12/05,16:06:58,大丈夫です🙆
User,髙橋博英,2025/12/05,17:26:13,"4677-1156-8866
よろしくお願いします！"
Account,AIチャットボット(β),2025/12/05,17:26:15,"お問い合わせありがとうございます！
適切な回答が見つかりませんでした。ほかの聞き方をお試しください。"
User,髙橋博英,2025/12/07,09:21:31,"おはようございます！

お振込いつになりそうですか？"
Account,AIチャットボット(β),2025/12/07,09:21:34,"お問い合わせありがとうございます！
適切な回答が見つかりませんでした。ほかの聞き方をお試しください。"
Account,内藤夏樹,2025/12/07,09:47:24,"毎々、お世話になっております。
本日夕方までにはお振込みの予定です。

先日到着が遅くなり対応が遅れており、申し訳ございません。"
User,髙橋博英,2025/12/07,09:54:58,よろしくお願いします！
User,髙橋博英,2025/12/11,15:34:32,"お世話になります。
メガドリーム買取やってますか？"
Account,内藤夏樹,2025/12/11,15:39:55,"毎々、お世話になっております。
本日は買取終了となりました。
またよろしくお願いいたします。"
User,髙橋博英,2025/12/13,17:10:10,本日もう終了ですか？
Account,内藤夏樹,2025/12/14,14:29:36,"ご連絡が遅くなり申し訳ございません。

本日は買取終了となりました。
また、よろしくお願い申し上げます。"
User,髙橋博英,2025/12/22,14:02:06,本日ブラホワのみですか？
Account,内藤夏樹,2025/12/22,14:14:47,"本日は
スタートデッキ
ブラック
ホワイト

が主となります！"
User,髙橋博英,2025/12/22,14:56:31,"メガドリ
メガブレ
メガシンは無しですか?(crying Moon)"
Account,内藤夏樹,2025/12/22,15:00:55,"やってます！
価格表の通りですが、メガドリームは〆切しました😚"
User,髙橋博英,2025/12/22,15:03:43,スタートデッキは単品は無しですか？
Account,内藤夏樹,2025/12/22,15:07:16,単品はすみません、今は停止中です🙇🏻‍♂️
User,髙橋博英,2025/12/22,15:08:09,"メガドリ27
インフェルノ1

郵送でお願いします！"
Account,内藤夏樹,2025/12/22,15:24:21,"申し訳ございません。
メガドリームは〆切となりました🙇🏻‍♂️"
User,髙橋博英,2025/12/22,15:24:48,あ、見間違えましたすみません
Account,内藤夏樹,2025/12/22,15:28:46,申し訳ございません。
User,髙橋博英,2026/01/02,12:02:56,"お世話になります。
蒼海カートン1
蒼海バラ7
Heroes バラ3
The best1 box 8
郵送でお願いします"
Account,内藤夏樹,2026/01/02,12:14:35,"毎々、お世話になっております。
御見積書を送付いたします。

- 買取見積書 -
・ワンピースカード　蒼海の七傑 カートン　1カートン　単価65,000円　小計65,000円
・ワンピースカード　蒼海の七傑 BOX　7箱　単価5,400円　小計37,800円
・ワンピースカード　Heroines Edition BOX　3箱　単価5,600円　小計16,800円
・ワンピースカード　THE BEST vol.1 BOX　8箱　単価6,200円　小計49,600円

減額項目（ある場合）：
・該当なし

合計：169,200円
減額合計：-0円
最終買取金額：169,200円

20箱以上のため、送料は弊社負担でお送りください。

【注意事項】
こちらのお見積もりを印刷して商品に同梱してください。
同梱がない場合には査定が遅れる場合がございますので、ご協力をお願いいたします。
ご確認のほど、よろしくお願いいたします。"
User,髙橋博英,2026/01/02,12:37:21,"ありがとうございます
メガドリームは買取してますか？"
Account,内藤夏樹,2026/01/02,12:37:38,はい、本日買取しております。
User,髙橋博英,2026/01/02,12:38:16,いくら買取ですか？
Account,内藤夏樹,2026/01/02,12:58:20,"メガドリームex	M2a	¥9,300
です。"
User,髙橋博英,2026/01/02,13:04:52,11個お願いしたいです！
Account,内藤夏樹,2026/01/02,13:29:09,"毎々、お世話になっております。
御見積書を送付いたします。

- 買取見積書 -
・ワンピースカード　蒼海の七傑 カートン　1カートン　単価65,000円　小計65,000円
・ワンピースカード　蒼海の七傑 BOX　7箱　単価5,400円　小計37,800円
・ワンピースカード　Heroines Edition BOX　3箱　単価5,600円　小計16,800円
・ワンピースカード　THE BEST vol.1 BOX　8箱　単価6,200円　小計49,600円
・ポケモンカード　メガドリームex BOX　11箱　単価9,300円　小計102,300円

減額項目（ある場合）：
・該当なし

合計：271,500円
減額合計：-0円
最終買取金額：271,500円

20箱以上のため、送料は弊社負担でお送りください。

【注意事項】
こちらのお見積もりを印刷して商品に同梱してください。
同梱がない場合には査定が遅れる場合がございますので、ご協力をお願いいたします。
ご確認のほど、よろしくお願いいたします。"
User,髙橋博英,2026/01/02,14:41:59,見積書はこの文章をスクショで大丈夫ですか？
Account,内藤夏樹,2026/01/02,14:42:14,"大丈夫です。
よろしくお願い申し上げます。"
User,髙橋博英,2026/01/02,15:08:42,"ホワイトフレア1
メガシンフォニア1
追加したいのと
ワンピはboxまだ追加可能ですか？"
Account,内藤夏樹,2026/01/02,15:32:51,"もちろん大丈夫です。
また、追加の分を教えていただけると助かります。"
User,髙橋博英,2026/01/02,16:11:31,"すみません
近くの福袋で出たやつをお願いしようと思ってて
またご連絡します
締め切ってたら全然また後日で
"
Account,内藤夏樹,2026/01/02,16:15:59,"申し訳ございません。
福袋からのものですと買取できかねます。。。"
Account,内藤夏樹,2026/01/02,16:16:39,出所を記載しないで頂ければお見積もりします☺️
User,髙橋博英,2026/01/02,16:16:43,"承知しました！
では上記の物でお願いします！"
Account,内藤夏樹,2026/01/02,16:17:25,こちらにホワイトフレアとメガシンフォニアを1箱ずつですね。
Account,内藤夏樹,2026/01/02,16:18:17,"毎々、お世話になっております。
御見積書を送付いたします。

- 買取見積書 -
・ワンピースカード　蒼海の七傑 カートン　1カートン　単価65,000円　小計65,000円
・ワンピースカード　蒼海の七傑 BOX　7箱　単価5,400円　小計37,800円
・ワンピースカード　Heroines Edition BOX　3箱　単価5,600円　小計16,800円
・ワンピースカード　THE BEST vol.1 BOX　8箱　単価6,200円　小計49,600円
・ポケモンカード　メガドリームex BOX　11箱　単価9,300円　小計102,300円
・ポケモンカード　ホワイトフレア BOX　1箱　単価9,200円　小計9,200円
・ポケモンカード　メガシンフォニア BOX　1箱　単価6,600円　小計6,600円

減額項目（ある場合）：
・該当なし

合計：287,300円
減額合計：-0円
最終買取金額：287,300円

20箱以上のため、送料は弊社負担でお送りください。

【注意事項】
こちらのお見積もりを印刷して商品に同梱してください。
同梱がない場合には査定が遅れる場合がございますので、ご協力をお願いいたします。
ご確認のほど、よろしくお願いいたします。"
User,髙橋博英,2026/01/02,17:56:30,"すみません
追加で
ブラックボルト1
Anime 25th 1
王族の血統1
Heroes 1

お願いします
"
Account,内藤夏樹,2026/01/02,17:58:53,"わかりました。
今お見積もりを更新できないので、後でお送りします。"
User,髙橋博英,2026/01/02,18:10:53,"了解です
古いやつ見積書だけ入れて先に発送しちゃいます"
Account,内藤夏樹,2026/01/02,18:42:11,有難うございます
Account,内藤夏樹,2026/01/02,20:59:46,"毎々、お世話になっております。
御見積書を送付いたします。

- 買取見積書 -
・ワンピースカード　蒼海の七傑 カートン　1カートン　単価65,000円　小計65,000円
・ワンピースカード　蒼海の七傑 BOX　7箱　単価5,400円　小計37,800円
・ワンピースカード　Heroines Edition BOX　4箱　単価5,600円　小計22,400円
・ワンピースカード　THE BEST vol.1 BOX　8箱　単価6,200円　小計49,600円
・ワンピースカード　Anime 25th collection BOX　1箱　単価6,300円　小計6,300円
・ワンピースカード　王族の血統 BOX　1箱　単価3,500円　小計3,500円
・ポケモンカード　メガドリームex BOX　11箱　単価9,300円　小計102,300円
・ポケモンカード　ホワイトフレア BOX　1箱　単価9,200円　小計9,200円
・ポケモンカード　メガシンフォニア BOX　1箱　単価6,600円　小計6,600円
・ポケモンカード　ブラックボルト BOX　1箱　単価9,900円　小計9,900円

減額項目（ある場合）：
・該当なし

合計：312,600円
減額合計：-0円
最終買取金額：312,600円

20箱以上のため、送料は弊社負担でお送りください。

【注意事項】
こちらのお見積もりを印刷して商品に同梱してください。
同梱がない場合には査定が遅れる場合がございますので、ご協力をお願いいたします。
ご確認のほど、よろしくお願いいたします。"
Account,内藤夏樹,2026/01/03,10:28:35,"毎々、お世話になっております。
さきほどお振込みを行いました。
この度はご利用ありがとうございました。"
User,髙橋博英,2026/02/03,13:12:12,"お世話になります。


受け継がれる意思47

EB-03 2

インフェルノx 17

メガドリーム　6

郵送でお願いします
"
Account,内藤夏樹,2026/02/03,13:28:07,"毎々、お世話になっております。
承知しました。"
Account,内藤夏樹,2026/02/03,13:28:41,"毎々、お世話になっております。御見積書を送付いたします。
	∙	買取見積書 -
・ワンピースカード　受け継がれる意志47箱　単価14,500円　小計681,500円
・ワンピースカード　Heroines Edition2箱　単価13,500円　小計27,000円
・ポケモンカード　インフェルノX17箱　単価12,600円　小計214,200円
・ポケモンカード　メガドリームex6箱　単価9,300円　小計55,800円
合計箱数：72箱合計：978,500円減額合計：0円最終買取金額：978,500円
【注意事項】
	∙	この見積もりを印刷して商品に同梱してください。
	∙	1枚の印刷が難しい場合は、スクリーンショットの分割でも可能です。
	∙	同梱がない場合、査定が遅れることがあります。
	∙	同梱物などの詳細は、メニューの「ご利用方法」を確認してください。
	∙	メニューから申請と発送を行い、発送後は必ず追跡番号を連絡してください。
ご確認のほど、よろしくお願いいたします。​​​​​​​​​​​​​​​​"
User,髙橋博英,2026/02/03,13:29:38,"すみません
インフェルノとメガドリ値段下がりましたか？"
Account,内藤夏樹,2026/02/03,13:30:54,"失礼しました。
誤記がございます。"
Account,内藤夏樹,2026/02/03,13:31:35,"また、誠に申し訳ございません。
受け継がれる意思が〆切となっておりました。"
User,髙橋博英,2026/02/03,13:34:54,承知しました
Account,内藤夏樹,2026/02/03,13:35:21,他のもののみお見積もりが必要でしょうか。
User,髙橋博英,2026/02/03,13:37:58,インフェルノとドリームはxとは異なりますか？
Account,内藤夏樹,2026/02/03,13:38:10,"受け継がれる意思も一度お見積もり送った事実がありますため、14500円で買取させて頂けたらと考えております。

もう一度お見積もりを送らせていただいてもよろしいでしょうか。"
Account,内藤夏樹,2026/02/03,13:39:37,"毎々、お世話になっております。御見積書を送付いたします。
	∙	買取見積書 -
・ワンピースカード　受け継がれる意志47箱　単価14,500円　小計681,500円
・ワンピースカード　Heroines Edition2箱　単価13,500円　小計27,000円
・ポケモンカード　インフェルノX17箱　単価13,300円　小計226,100円
・ポケモンカード　メガドリームex6箱　単価9,900円　小計59,400円
合計箱数：72箱合計：994,000円減額合計：0円最終買取金額：994,000円
【注意事項】
	∙	この見積もりを印刷して商品に同梱してください。
	∙	1枚の印刷が難しい場合は、スクリーンショットの分割でも可能です。
	∙	同梱がない場合、査定が遅れることがあります。
	∙	同梱物などの詳細は、メニューの「ご利用方法」を確認してください。
	∙	メニューから申請と発送を行い、発送後は必ず追跡番号を連絡してください。
ご確認のほど、よろしくお願いいたします。​​​​​​​​​​​​​​​​"
User,髙橋博英,2026/02/03,13:44:58,こちらでお願いします
Account,内藤夏樹,2026/02/03,13:46:42,"有難うございます。
よろしくお願い申し上げます。"
User,髙橋博英,2026/02/03,18:25:10,"4677-1608-5406
タカハシヒロヒデ
よろしくお願いします！"
Account,内藤夏樹,2026/02/03,22:23:57,ありがとうございます。
User,髙橋博英,2026/02/16,16:32:55,"お世話になります。
ムニキスゼロ
25個
郵送でお願いします"
Account,内藤夏樹,2026/02/16,16:33:53,"毎々、お世話になっております。
大変申し訳ございません。
本日は〆切となりました🙇🏻‍♂️"
