﻿アカウント名,にこにこ買取＠業界最高の買取価格宣言！
タイムゾーン,'+09:00
ダウンロード日時,2026/02/21 04:35
送信者タイプ,送信者名,送信日,送信時刻,内容
Account,応答メッセージ,2025/09/22,10:45:41,"いくひろさん
はじめまして！にこにこ買取＠業界最高の買取価格宣言！です。
友だち追加ありがとうございます！
にこにこ買取です(moon big smile)

ポケモンカードなどトレーディングカード全般の買取を行っております。
買取ご希望のお客様はなんでもお気軽に連絡してください(saluting man)

ご郵送買取の流れはメニューから”郵送買取の流れ”をご確認ください(sparkle)

ご郵送買取ご希望の場合にはメニューの”申し込みフォーム”からご申請が可能となっております。

お問い合わせなどはお気にご連絡ください。"
User,いくひろ,2025/09/22,11:45:02,X上、受け継がれる意志のカートンが9万円となっておりますが、こちらにて買取可能でしょうか？
User,いくひろ,2025/09/22,11:49:12,受け継がれるのボックスも5箱ありますので、こちらもご確認いただければ幸いです！
Account,内藤夏樹,2025/09/22,11:57:41,"毎々、お世話になっております！
はい，可能です。"
Account,内藤夏樹,2025/09/22,11:57:49,何カートンにしましょうか？
User,いくひろ,2025/09/22,11:58:35,"ワンカートンでございます。
伝票貼った跡等あっても問題ございませんか？"
User,いくひろ,2025/09/22,11:58:48,また、こちらについてもご確認いただければ幸いです。
Account,内藤夏樹,2025/09/22,11:58:48,問題ございません。
User,いくひろ,2025/09/22,11:59:15,"X上の、カートン9万円
ボックス7千円でしょうか？"
Account,内藤夏樹,2025/09/22,12:00:26,"毎々、お世話になっております。
御見積書を送付いたします。

買取見積書 -
・ワンピースカード　受け継がれる意思　1カートン　単価90,000円　小計90,000円
・ワンピースカード　受け継がれる意思　5箱　単価7,000円　小計35,000円

減額項目（ある場合）：
・減額項目：-円 × 点 = -円

合計：125,000円
減額合計：0円
最終買取金額：125,000円

ご確認のほど、よろしくお願いいたします。"
Account,内藤夏樹,2025/09/22,12:00:58,こちらのお見積もりでよろしければ、メニューですよりご申請と発送手続きをよろしくお願い申し上げます。
User,いくひろ,2025/09/22,12:04:23,住民票はすぐには取得できないのですが、必ず必要でしょうか？
Account,内藤夏樹,2025/09/22,12:05:10,追って郵送していただければ問題ございません。
Account,内藤夏樹,2025/09/22,12:05:21,価格の保証をさせていただきます。
User,いくひろ,2025/09/22,12:15:59,"ありがとうございます。
申請させて頂きました。"
Account,内藤夏樹,2025/09/22,12:27:40,"有り難うございます。
発送をよろしくお願い申し上げます。

明日到着でよろしくお願い申し上げます。"
Account,内藤夏樹,2025/09/22,14:23:31,"発送できましたでしょうか。
よろしければ追跡番号を通知のほどよろしくお願い申し上げます。"
User,いくひろ,2025/09/22,16:04:48,7474-0488-7784
Account,内藤夏樹,2025/09/22,16:04:56,ありがとうございました。
User,いくひろ,2025/09/22,16:04:58,ゆうパックにて発送しております。
User,いくひろ,2025/09/22,16:05:01,よろしくお願い致します。
User,いくひろ,2025/09/22,16:05:35,流れをわかっておらず、入金は中身確認後その日にされる流れでしょうか？
Account,内藤夏樹,2025/09/22,18:12:08,"ありがとうございました。
査定は明日か明後日の計画です。

お振込みには住民票の写しが必要となりますので、写真で送付していただければお振込み可能です。
原本は別途ご郵送頂けますようにお願い申し上げます。
※初回取引の場合には義務付けられておりますのでご理解頂けますと幸甚に存じます。"
User,いくひろ,2025/09/23,16:47:13,不在のため持ち帰りになっておりますがいかがでしょうか。
Account,内藤夏樹,2025/09/23,17:07:13,今検品終わりました。
Account,内藤夏樹,2025/09/23,17:07:25,振込みには住民票の写しが必要です。
User,いくひろ,2025/09/23,17:07:40,取得しましたので送付させて頂きます。
Account,内藤夏樹,2025/09/23,17:09:48,"宜しくお願い致します。
写真で送付いただければ、まずはお振込みができます。"
User,いくひろ,2025/09/23,17:13:30,写真を送信しました。
User,いくひろ,2025/09/23,17:13:37,こちらで問題ございませんか？
Account,内藤夏樹,2025/09/23,17:16:12,"はい、問題ないのでお送りをおねがいします。
今お振込みを行います。"
User,いくひろ,2025/09/23,17:18:55,"ありがとうございます。
振り込みされましたらご教示ください！"
Account,内藤夏樹,2025/09/23,17:22:47,振込みを行いました。
Account,内藤夏樹,2025/09/23,17:23:02,大変お手数をおかけしますが、原本の郵送をお願い致します。
User,いくひろ,2025/09/25,13:22:04,"ありがとうございました！
明日には発送できる見込みです！"
User,いくひろ,2025/09/25,13:22:19,また、プロフィールにある、皇帝の買取は今カートンいくらでしょうか？
Account,内藤夏樹,2025/09/25,13:33:11,よろしくお願い申し上げます🥺
Account,内藤夏樹,2025/09/25,13:33:38,皇帝は67000です
User,いくひろ,2025/09/25,13:37:40,"承知いたしました。
ありがとうございます。
検討いたします。"
Account,内藤夏樹,2025/09/25,15:59:01,よろしくお願い申し上げます。
User,いくひろ,2025/09/29,15:57:38,いま受け継がれる意志カートンはおいくら買取でしょうか？
Account,内藤夏樹,2025/09/29,16:20:24,"毎々、お世話になっております。
買取停止しておりました🙇🏻‍♂️"
User,いくひろ,2025/09/29,16:21:04,承知いたしました！
User,いくひろ,2025/10/05,13:22:35,"お世話になります。
ONE PIECE magazine 
付録のルフィ20枚ほど用意できますが、いくらになりますでしょうか？"
Account,内藤夏樹,2025/10/05,13:25:28,買取しておりませんでした🙇🏻‍♂️🙇🏻‍♂️
User,いくひろ,2025/10/05,13:27:44,承知いたしました！
User,いくひろ,2025/11/04,13:05:37,ヒロインズエディションのカートンはいくらになりますでしょうか？
Account,内藤夏樹,2025/11/04,13:08:31,"毎々、お世話になっております。
少々お待ちください。"
Account,内藤夏樹,2025/11/04,13:09:05,76000円になります🙇🏻‍♂️
User,いくひろ,2025/11/04,13:09:39,"承知いたしました😭
検討させて頂きます！"
Account,内藤夏樹,2025/11/04,13:14:48,よろしくお願いします
User,いくひろ,2025/11/15,11:33:47,買取停止中ですか？
Account,内藤夏樹,2025/11/15,17:00:54,"毎々、お世話になっております！
出張につき、停止中となります🙇🏻‍♂️🙇🏻‍♂️"
User,いくひろ,2025/11/18,18:21:26,"フォロワー様、限定強化買取。
よろしくお願い申し上げます🙇

🔥本日の推し商品🔥
■ EB-03 Heroines Edition 未開封カートン  : 71,000円
※箱は5,500円

**送料無料条件をご確認ください
*只今はご郵送のみ受付
*上限に達し次第〆切

→こちら現状いくらでしょうか？検討しております！"
Account,内藤夏樹,2025/11/18,20:23:59,"毎々、お世話になっております。
〆切しまして、現在は買取しておりませんでした🙇🏻‍♂️"
User,いくひろ,2026/01/02,13:19:10,"いつもお世話になってます！
メガドリームのシュリンクなしの買取は可能でしょうか？
また、ワンピのカートンを売る場合、送料無料の条件に12箱換算なのか1箱換算なのか教えて欲しいです！"
Account,内藤夏樹,2026/01/02,13:29:25,"毎々、お世話になっております。
シュリンクなしも受付しております。"
Account,内藤夏樹,2026/01/02,13:29:34,ワンピースカートンは12箱で計算されます。
Account,内藤夏樹,2026/01/02,13:34:32,"メガドリームex	M2a	¥9,300
メガドリームex（なし）	M2a	¥7,500"
User,いくひろ,2026/01/02,14:33:54,"ご丁寧にありがとうございます！
検討させて頂きます！"
Account,内藤夏樹,2026/01/02,14:38:43,"ぜひ、よろしくお願い申し上げます。

価格も相談可能です。
よろしくお願い申し上げます。"
User,いくひろ,2026/01/02,15:16:58,本日発送作業ができないため、明日また改めてご相談させていただいた方がよろしいでしょうか？
User,いくひろ,2026/01/02,15:17:26,また、メガドリームシュリンクなし6箱ありまして、50000円は可能でしょうか？
Account,内藤夏樹,2026/01/02,15:33:25,また明日ご連絡をお待ちしております。
User,いくひろ,2026/01/02,18:50:19,ちなみにですが、シュリンクなしペリ無しは可能でしょうか？
Account,内藤夏樹,2026/01/02,21:00:04,ペリペリなしの買取はしておりません。
User,いくひろ,2026/01/02,21:05:20,"承知しました！
遅くまでありがとうございます。

また明日先ほどの売りたいものの連絡しますが何時ごろが良いでしょうか？"
Account,内藤夏樹,2026/01/02,21:21:31,"こちらこそありがとうございます。
価格はお昼頃に更新の予定です。"
User,いくひろ,2026/01/03,12:24:23,"昨日はありがとうございました！

メガドリームシュリなし6箱
受け継がれるカートン1
蒼海の七傑
ワンピデイ2025
おいくらなりますでしょうか？"
Account,内藤夏樹,2026/01/03,12:25:15,"こちらこそありがとうございました。

それぞれの個数を教えていただけますでしょうか。
お見積もりを作成します。"
User,いくひろ,2026/01/03,12:25:54,"ありがとうございます！

メガドリームシュリなし6箱
受け継がれる1カートン
蒼海の七傑 2箱
ワンピデイ2025 10個

ご確認よろしくお願いします。"
Account,内藤夏樹,2026/01/03,12:34:45,"毎々、お世話になっております。
御見積書を送付いたします。

- 買取見積書 -
・ポケモンカード　メガドリームex (シュリンクなし)　6箱　単価8,100円　小計48,600円
・ワンピースカード　受け継がれる意志 カートン　1カートン　単価101,000円　小計101,000円
・ワンピースカード　蒼海の七傑 BOX　2箱　単価5,400円　小計10,800円
・ワンピースカード　ワンピースDAY2025　10個　単価9,000円　小計90,000円

減額項目（ある場合）：
・該当なし

合計：250,400円
減額合計：-0円
最終買取金額：250,400円

20箱以上のため、送料は弊社負担でお送りください。

【注意事項】
こちらのお見積もりを印刷して商品に同梱してください。
同梱がない場合には査定が遅れる場合がございますので、ご協力をお願いいたします。
ご確認のほど、よろしくお願いいたします。"
User,いくひろ,2026/01/03,12:37:10,"ありがとうございます。
また、申し訳ございません。

ワンピースDAY2024の誤りでございました。

210400円になるかと思いますが、キリよく220,000に相談は可能でしょうか？"
Account,内藤夏樹,2026/01/03,12:41:08,"承知しました。
こちらの商品は値上げ不可となります🙇🏻‍♂️"
Account,内藤夏樹,2026/01/03,12:41:48,"毎々、お世話になっております。
御見積書を送付いたします。

- 買取見積書 -
・ポケモンカード　メガドリームex (シュリンクなし)　6箱　単価8,100円　小計48,600円
・ワンピースカード　受け継がれる意志 カートン　1カートン　単価101,000円　小計101,000円
・ワンピースカード　蒼海の七傑 BOX　2箱　単価5,400円　小計10,800円
・ワンピースカード　ワンピースDAY2024　10個　単価5,000円　小計50,000円

減額項目（ある場合）：
・該当なし

合計：210,400円
減額合計：-0円
最終買取金額：210,400円

20箱以上のため、送料は弊社負担でお送りください。

【注意事項】
こちらのお見積もりを印刷して商品に同梱してください。
同梱がない場合には査定が遅れる場合がございますので、ご協力をお願いいたします。
ご確認のほど、よろしくお願いいたします。
"
User,いくひろ,2026/01/03,12:49:53,"ありがとうございます🙇‍♂️
受け継がれるだけ他でカートン11万があり、そちらにしようと思うため

下記で再度見積もりいただけますでしょうか？

メガドリームシュリなし6箱
蒼海の七傑 3箱
ヒロインズエディション1箱
ワンピデイ2024 10個

ご確認よろしくお願いします。"
Account,内藤夏樹,2026/01/03,12:51:14,"承知しました。
すごいです！
どちら様か教えていただけると助かります。
可能ならば対抗します。"
User,いくひろ,2026/01/03,12:51:31,写真を送信しました。
User,いくひろ,2026/01/03,12:52:13,"こちらのお店ですね！
正直こちらも楽なので頑張っていただければ嬉しいです！"
Account,内藤夏樹,2026/01/03,12:55:56,"ありがとうございました。
こちらのお店ですと対抗は控えさせていただきます🙇🏻‍♂️
申し訳ございません。

今除いたお見積もりをお送りしますね。"
Account,内藤夏樹,2026/01/03,12:56:48,"毎々、お世話になっております。
御見積書を送付いたします。

- 買取見積書 -
・ポケモンカード　メガドリームex (シュリンクなし)　6箱　単価8,100円　小計48,600円
・ワンピースカード　蒼海の七傑 BOX　2箱　単価5,400円　小計10,800円
・ワンピースカード　ワンピースDAY2024　10個　単価5,000円　小計50,000円

減額項目（ある場合）：
・該当なし

合計：109,400円
減額合計：-0円
最終買取金額：109,400円

【注意事項】
こちらのお見積もりを印刷して商品に同梱してください。
同梱がない場合には査定が遅れる場合がございますので、ご協力をお願いいたします。
ご確認のほど、よろしくお願いいたします。
"
User,いくひろ,2026/01/03,12:57:32,こちらが最新ですがいかがでしょうか…？
Account,内藤夏樹,2026/01/03,12:59:13,失礼しました。
User,いくひろ,2026/01/03,12:59:59,ちなみにヒロインのカートンもありますがいくらでしょうか？
Account,内藤夏樹,2026/01/03,13:00:00,"毎々、お世話になっております。
御見積書を送付いたします。

- 買取見積書 -
・ポケモンカード　メガドリームex (シュリンクなし)　6箱　単価8,100円　小計48,600円
・ワンピースカード　蒼海の七傑 BOX　3箱　単価5,400円　小計16,200円
・ワンピースカード　Heroines Edition BOX　1箱　単価5,600円　小計5,600円
・ワンピースカード　ワンピースDAY2024　10個　単価5,000円　小計50,000円

減額項目（ある場合）：
・該当なし

合計：120,400円
減額合計：-0円
最終買取金額：120,400円

20箱以上のため、送料は弊社負担でお送りください。

【注意事項】
こちらのお見積もりを印刷して商品に同梱してください。
同梱がない場合には査定が遅れる場合がございますので、ご協力をお願いいたします。
ご確認のほど、よろしくお願いいたします。"
User,いくひろ,2026/01/03,13:00:26,"度々ありがとうございます！
お手数ですが、ヒロインカートンご確認よろしくお願いします！"
Account,内藤夏樹,2026/01/03,13:00:32,"Heroines Edition	EB-03	¥5,600	¥76,000"
User,いくひろ,2026/01/03,13:06:43,"'
メガドリームシュリなし6箱
蒼海の七傑 3箱
ヒロインズエディション1箱
ヒロインズエディション1カートン
ワンピデイ2024 10個

これでお願いできますか！
度々恐縮です、、

ご確認よろしくお願いします。"
Account,内藤夏樹,2026/01/03,13:08:31,"承知しました！
全然大丈夫です。

受け継がれるは
105000円まで頑張りますがいかがでしょうか。"
User,いくひろ,2026/01/03,13:11:07,"申し訳ありません。
5千円はおっきいので、受け継がれるについてはまたの機会にてお願いできればと思います。"
User,いくひろ,2026/01/03,13:27:47,こちらだけでご確認よろしくお願いします！
Account,内藤夏樹,2026/01/03,13:28:37,承知しました。
Account,内藤夏樹,2026/01/03,13:29:23,"毎々、お世話になっております。
御見積書を送付いたします。

- 買取見積書 -
・ポケモンカード　メガドリームex (シュリンクなし)　6箱　単価8,100円　小計48,600円
・ワンピースカード　蒼海の七傑 BOX　3箱　単価5,400円　小計16,200円
・ワンピースカード　Heroines Edition BOX　1箱　単価5,600円　小計5,600円
・ワンピースカード　Heroines Edition カートン　1カートン　単価76,000円　小計76,000円
・ワンピースカード　ワンピースDAY2024　10個　単価5,000円　小計50,000円

減額項目（ある場合）：
・該当なし

合計：196,400円
減額合計：-0円
最終買取金額：196,400円

20箱以上のため、送料は弊社負担でお送りください。

【注意事項】
こちらのお見積もりを印刷して商品に同梱してください。
同梱がない場合には査定が遅れる場合がございますので、ご協力をお願いいたします。
ご確認のほど、よろしくお願いいたします。
"
User,いくひろ,2026/01/03,13:57:35,"フォーム入力させて頂きます。
ありがとうございます。"
Account,内藤夏樹,2026/01/03,13:58:51,よろしくお願い申し上げます。
User,いくひろ,2026/01/03,16:02:49,発送業者がもしかしたら1日遅延するかもとのことでしたが問題ないですか？
User,いくひろ,2026/01/03,16:03:24,発送手続きは済んでいるのですが、完了後に伝えられた状況でございます。
Account,内藤夏樹,2026/01/03,16:05:11,"ご連絡有難うございます。
承知しました。"
User,いくひろ,2026/01/03,16:05:30,"年末年始のことも踏まえ確認するべきでした。
申し訳ございません。"
User,いくひろ,2026/01/04,11:31:05,"お世話になっております。
追加でシュリンクなしのメガドリーム15個・テラスタルフェスシュリンクなし2箱用意できましたが、本日おいくらでしょうか？"
User,いくひろ,2026/01/04,12:45:58,"訂正します。

お世話になっております。

シュリンクなしのメガドリーム12個・シュリなしのテラスタルフェス2箱となります。
本日おいくらでしょうか？"
Account,内藤夏樹,2026/01/04,14:31:22,"毎々、お世話になっております。
連絡が遅くなり申し訳ありません。"
Account,内藤夏樹,2026/01/04,14:31:46,"メガドリームなし：8000円
テラスタルなし：10600円"
Account,内藤夏樹,2026/01/04,14:31:47,です。
User,いくひろ,2026/01/04,14:35:05,"ありがとうございます。
今からですと発送できないため、明日またご相談させて頂きます。"
Account,内藤夏樹,2026/01/04,14:35:15,承知しました。
User,いくひろ,2026/01/04,14:35:35,受け継がれるも11万まで上げたんですね！
Account,内藤夏樹,2026/01/04,14:36:26,昨日の弊社の判断を悔やみました。。。
Account,内藤夏樹,2026/01/04,14:36:53,お荷物到着遅れており、お振込みが遅くなってしまい申し訳ございません。
User,いくひろ,2026/01/04,14:37:39,"受け継がれる力になれず申し訳ありません。。
また、荷物の件、こちらももっと素早く発送すれば良かったことですので、お気になさらず！"
Account,内藤夏樹,2026/01/04,14:38:12,いえいえ！昨日良い提案をいただいたにもかかわらず申し訳ございません。。。
User,いくひろ,2026/01/04,14:43:40,"とんでもないです！
また明日よろしくお願いします🙇"
Account,内藤夏樹,2026/01/05,11:33:35,"毎々、お世話になっております。

いまだに荷物が届かず申し訳ございませんが今しばらくお待ちいただけますようお願い申し上げます。"
User,いくひろ,2026/01/05,11:47:48,"承知いたしました！
入金等、特段急いでおりませんので、お忙しいとは思いますが、また到着次第ご確認よろしくお願いします！"
Account,内藤夏樹,2026/01/05,11:52:01,"ご確認有難うございます。
到着次第すみやかに対応します🙇🏻‍♂️"
User,いくひろ,2026/01/05,15:14:15,"5000-5748-6364
追跡番号これなんですが、何かおかしな状態ですね…"
Account,内藤夏樹,2026/01/05,15:31:15,弊社も見てみます。
Account,内藤夏樹,2026/01/05,15:32:08,見たことがない状態です、、、。
Account,内藤夏樹,2026/01/05,15:32:17,一度確認された方が良いかもしれないです。
User,いくひろ,2026/01/05,15:32:42,"私から電話いたしますね。
ご迷惑おかけして申し訳ございません。"
Account,内藤夏樹,2026/01/05,15:42:07,"とんでもないです。
何かわかれば教えていただけると助かります。"
User,いくひろ,2026/01/05,16:02:53,承知いたしました！
User,いくひろ,2026/01/05,19:03:36,"原因については言及されず、ただただ謝罪のみでした。

大至急対応希望と強く伝えております。"
Account,内藤夏樹,2026/01/05,20:07:24,わかりました。ご確認ありがとうございました。
User,いくひろ,2026/01/05,20:22:33,申し訳ございませんが、よろしくお願いします。
User,いくひろ,2026/01/06,09:17:54,"お荷物届きましたでしょうか。
到着連絡と合わせて、改めてヤマト運輸より謝罪がございました。"
Account,内藤夏樹,2026/01/06,10:54:11,"届いております！
検品は本日中に行う予定です。"
Account,内藤夏樹,2026/01/06,19:32:48,"毎々、お世話になっております。
検品が終わりました。
お振込みを行いましたのでご確認を宜しくお願い致します。"
Account,内藤夏樹,2026/01/06,19:33:56,"お荷物を確認したところ 梱包について2点 お願いがございます。

1. 梱包サイズについて
現在、送料無料キャンペーン中ですが 規定により「過剰梱包」の場合は 対象外となることがございます 。
今回、段ボールの半分以上が空いており 中身に対してサイズが大きすぎました。

送料はサイズで決まるため 次回以降、同様の状態が続く場合は キャンペーンを適用できず 「全額お客様負担」となりますので ご注意ください 。

2. 緩衝材について
配送中の破損を防ぎ 大切なお荷物を守るためにも 隙間を埋める適切な緩衝材の ご使用をお願いいたします 。
配送中のトラブルについて 弊社では責任を負いかねますので  安全な輸送のためにも ご理解いただけますと幸いです。

キャンペーン規定の補足 ：

対象: 20箱以上のお申し込み＋ヤマト運輸利用
例外: 商品量に対し大きすぎる箱（過剰梱包）や、1箱にまとめられる量を複数口に分けた場合は、送料がお客様負担となります。"
User,いくひろ,2026/01/06,19:38:52,"大変申し訳ございません。
年明けでサイズに合ったものが用意できずでした。
次回以降、差額お支払いいたします。"
Account,内藤夏樹,2026/01/06,19:45:00,ご理解頂き有難う御座います。
User,いくひろ,2026/01/06,19:56:20,とんでもないです。
User,いくひろ,2026/01/10,12:23:16,"お世話になってます！
メガドリームシュリンクなし12箱
テラスタルフェスシュリンクなし2箱
蒼海の七桀5箱
ザベスト1 →1箱
おいくらになりますでしょうか？"
Account,内藤夏樹,2026/01/10,12:25:43,ポケモンカードの価格更新がで次第ご確認をよろしくお願いします
User,いくひろ,2026/01/10,12:26:25,いつ頃更新予定でしょうか？
Account,内藤夏樹,2026/01/10,14:10:19,間もなくの予定です。
Account,内藤夏樹,2026/01/10,14:20:55,更新しました。
User,いくひろ,2026/01/10,14:22:56,"ありがとうございます。
テラスタルフェスシュリンクなしは記載がなくいくらになりますでしょうか？"
Account,内藤夏樹,2026/01/10,14:23:15,テラスタルはシュリンクのみお買取りとなります。
User,いくひろ,2026/01/10,14:23:46,承知いたしました。
Account,内藤夏樹,2026/01/10,14:24:28,少々お待ちいただけますでしょうか。
Account,内藤夏樹,2026/01/10,14:24:35,社内に確認しております。
User,いくひろ,2026/01/10,14:25:09,承知いたしました
Account,内藤夏樹,2026/01/10,14:25:29,"テラスタルフェスex（なし）		¥10,500"
Account,内藤夏樹,2026/01/10,14:25:35,こちらでいかがでしょうか。
User,いくひろ,2026/01/10,14:26:39,"申し訳ございません。
次回以降お願いします。"
Account,内藤夏樹,2026/01/10,14:28:05,承知しました。
User,いくひろ,2026/01/11,09:33:59,"お世話になってます！
メガドリームシュリンクなし12箱
テラスタルフェスシュリンクなし2箱
蒼海の七桀5箱
ザベスト1 →1箱
こちらで見積もりいただけますでしょうか。"
Account,内藤夏樹,2026/01/11,10:52:28,お世話になっております。ご連絡ありがとうございます。本日の買取価格はお昼ごろに公開予定となっております。
User,いくひろ,2026/01/11,11:16:33,"昼発表→夕方までに発送→次の日までに到着日のイメージですね。
お昼以降は発送作業ができないため念の為確認でした。"
User,いくひろ,2026/01/18,11:24:14,"お世話になります！


メガドリームシュリンクなし12箱
メガドリーム　シュリンクあり　4箱
テラスタルフェスシュリンクなし2箱
蒼海の七桀4箱

こちらでお見積もりいただけますでしょうか。"
Account,内藤夏樹,2026/01/18,11:30:08,"毎々、お世話になっております。
御見積書を送付いたします。

- 買取見積書 -

・ポケモンカード
メガドリームex（シュリンクなし） BOX
12箱
単価 8,600円
小計 103,200円

・ポケモンカード
メガドリームex BOX
4箱
単価 10,400円
小計 41,600円

・ポケモンカード
テラスタルフェスex（シュリンクなし） BOX
2箱
単価 12,500円
小計 25,000円

・ワンピースカード
蒼海の七傑 BOX
4箱
単価 6,700円
小計 26,800円

減額項目：
・該当なし

合計：196,600円
減額合計：-0円
最終買取金額：196,600円

※20箱以上の分量のため、送料は弊社負担（着払い）でお送りください。

【注意事項】
こちらのお見積もりを印刷して商品に同梱してください。
同梱がない場合には査定が遅れる場合がございます。
ご確認のほど、よろしくお願いいたします。"
User,いくひろ,2026/01/18,15:05:17,"ありがとうございます。

恐縮ですが、明日必着できる時間へ手続きが間に合いそうになく、また連絡させて頂きます。"
Account,内藤夏樹,2026/01/18,15:05:47,"承知しました。
今回の御見積書はキャンセルにて賜りました。"
User,いくひろ,2026/01/18,16:02:44,"お手数おかけいたします。
申し訳ございません。"
User,いくひろ,2026/02/02,21:47:03,送信が取り消されたメッセージです
User,いくひろ,2026/02/07,10:14:18,"お世話になっております。

お世話になります！


メガドリームシュリンクなし12箱
テラスタルフェスシュリンクなし2箱
蒼海の七桀4箱

こちらでお見積もりいただけますでしょうか。"
User,いくひろ,2026/02/07,15:10:23,いかがでしょうか。
Account,内藤夏樹,2026/02/07,15:39:43,本日と明日は在庫整理のためお休みとなります。
User,いくひろ,2026/02/07,15:40:14,承知しました。
User,いくひろ,2026/02/10,22:31:36,"お世話になっております。

お世話になります！


メガドリームシュリンクなし12箱
テラスタルフェスシュリンクなし2箱
蒼海の七桀4箱
ザベスト1       2箱

こちらでお見積もりいただけますでしょうか。"
Account,内藤夏樹,2026/02/10,22:44:55,"毎々、お世話になっております。
明日以降価格更新しますのでその際によろしくお願い申し上げます。"
User,いくひろ,2026/02/14,14:39:23,本日ワンピだけでしょうか？
Account,内藤夏樹,2026/02/14,15:11:40,"毎々、お世話になっております！
本日すでに締め切りとなってしまいました。。。"
Account,内藤夏樹,2026/02/14,15:11:42,申し訳ございません。
User,いくひろ,2026/02/14,15:11:54,"承知しました。
明日は予定ありますか？"
Account,内藤夏樹,2026/02/14,15:12:13,明日はお休みの予定です。
User,いくひろ,2026/02/14,15:26:46,承知しました。
