﻿アカウント名,にこにこ買取＠業界最高の買取価格宣言！
タイムゾーン,'+09:00
ダウンロード日時,2026/02/21 04:35
送信者タイプ,送信者名,送信日,送信時刻,内容
Account,応答メッセージ,2025/10/31,15:22:26,"166さん
はじめまして！にこにこ買取＠業界最高の買取価格宣言！です。
友だち追加ありがとうございます！
にこにこ買取です(moon big smile)

ポケモンカードなどトレーディングカード全般の買取を行っております。
買取ご希望のお客様はなんでもお気軽に連絡してください(saluting man)

ご郵送買取の流れはメニューから”郵送買取の流れ”をご確認ください(sparkle)

ご郵送買取ご希望の場合にはメニューの”申し込みフォーム”からご申請が可能となっております。

お問い合わせなどはお気にご連絡ください。"
User,166,2025/11/01,14:53:20,送信が取り消されたメッセージです
User,166,2025/11/29,14:08:32,"「①MEGAドリームEX／②12箱／③12600円」

よろしくお願いいたします"
User,166,2025/11/29,14:08:52,買取希望です
Account,内藤夏樹,2025/11/29,14:09:57,"毎々、お世話になっております。
12400円に更新となりました。"
User,166,2025/11/29,14:10:40,12400円でお願いいたします
Account,内藤夏樹,2025/11/29,14:10:52,「①MEGAドリームEX／②12箱／③12400円」
Account,内藤夏樹,2025/11/29,14:10:56,ご申請を宜しくお願い致します。
User,166,2025/11/29,14:11:50,初めての利用なのですが、住民票の写しと免許証の裏表コピーは一緒に梱包して中に入れておけば大丈夫ですか？？
Account,内藤夏樹,2025/11/29,14:12:08,はい、大丈夫です。
User,166,2025/11/29,14:12:23,かしこまりました
User,166,2025/11/29,15:03:01,写真を送信しました。
User,166,2025/11/29,15:03:14,"発送させて頂きました
明日到着予定です
よろしくお願いいたします"
Account,内藤夏樹,2025/11/29,15:04:32,ありがとうございました。
User,166,2025/12/04,12:33:05,本日のメガドリームEXの買取価格はおいくらでしょうか？
Account,AIチャットボット(β),2025/12/04,12:33:06,情報利用許可のお願い
User,166,2025/12/08,08:58:14,本日のメガドリームEXの買取価格はおいくらでしょうか？
Account,AIチャットボット(β),2025/12/08,08:58:16,"買取価格は日々変動するため、メニューより買取価格表をご確認ください。
個別見積りは、商品名・数量・単価を記載のうえご連絡ください。

商品名：
数買取希望数量：
買取単価："
Account,AIチャットボット(β),2025/12/08,08:58:16,回答内容はいかがでしたか？[Good]または[Bad]をタップして、フィードバックにご協力ください。
User,166,2025/12/08,12:04:16,本日は郵送買取は行っていらっしゃいますでしょうか
Account,AIチャットボット(β),2025/12/08,12:04:18,"送料無料キャンペーンを実施しております。

20箱以上のお申し込みをいただいた場合、着払いにて発送していただくことが可能です。

【ご注意】

発送元の地域によっては、送料無料キャンペーンの対象外となる場合がございます。恐れ入りますが、詳細についてもご利用方法のページに記載がございますので、必ずご参照ください。"
Account,内藤夏樹,2025/12/08,12:32:31,"毎々お世話になっております。
さきほど価格表を更新しました。"
User,166,2025/12/08,12:38:06,"買取希望です
① メガドリームEX② 6③ 11300円"
Account,内藤夏樹,2025/12/08,12:39:57,"毎々お世話になっております。
本日は10箱以上からお申し込みが可能です。"
User,166,2026/01/14,02:45:56,"夜分遅くに失礼します
インフェルノX ×5
メガドリームEX ×7

見積もりをお願いいたします"
Account,内藤夏樹,2026/01/14,11:40:55,"毎々、お世話になっております。
本日午後に価格表の更新をする予定です。"
User,166,2026/01/14,13:29:45,"①インフェルノX／②5箱／③11500円

①メガドリームEX／②7箱／③9600円

よろしくお願いいたします"
Account,内藤夏樹,2026/01/14,13:30:25,"毎々、お世話になっております。
今、お見積もりをお送りします。"
Account,内藤夏樹,2026/01/14,13:31:00,"毎々、お世話になっております。
御見積書を送付いたします。

- 買取見積書 -

・ポケモンカード
インフェルノX BOX
5箱
単価 11,500円
小計 57,500円

・ポケモンカード
メガドリームex BOX
7箱
単価 9,600円
小計 67,200円

減額項目：
・該当なし

合計：124,700円
減額合計：-0円
最終買取金額：124,700円

【注意事項】
こちらのお見積もりを印刷して商品に同梱してください。
同梱がない場合には査定が遅れる場合がございます。
ご確認のほど、よろしくお願いいたします。"
User,166,2026/01/14,13:35:21,印刷はLINEのスクショのでよろしいでしょうか？？
Account,内藤夏樹,2026/01/14,13:37:34,はい、よろしくお願い申し上げます。
User,166,2026/01/14,13:54:45,かしこまりました
User,166,2026/01/14,15:33:12,写真を送信しました。
User,166,2026/02/14,11:11:15,"おはようございます
本日から始まったONEPIECE CARDGAMEの一番くじプロモカードは郵送買取しますでしょうか？？"
Account,内藤夏樹,2026/02/14,11:57:57,"毎々、お世話になっております。
未定となります🙇🏻‍♂️"
User,166,2026/02/14,11:58:38,かしこまりました！
