﻿アカウント名,にこにこ買取＠業界最高の買取価格宣言！
タイムゾーン,'+09:00
ダウンロード日時,2026/02/21 04:35
送信者タイプ,送信者名,送信日,送信時刻,内容
Account,応答メッセージ,2025/10/05,12:36:36,"NGUYEN QUANG DOANさん
はじめまして！にこにこ買取＠業界最高の買取価格宣言！です。
友だち追加ありがとうございます！
にこにこ買取です(moon big smile)

ポケモンカードなどトレーディングカード全般の買取を行っております。
買取ご希望のお客様はなんでもお気軽に連絡してください(saluting man)

ご郵送買取の流れはメニューから”郵送買取の流れ”をご確認ください(sparkle)

ご郵送買取ご希望の場合にはメニューの”申し込みフォーム”からご申請が可能となっております。

お問い合わせなどはお気にご連絡ください。"
User,NGUYEN QUANG DOAN,2025/10/29,18:45:42,すみません。買取方がどうしますか
User,NGUYEN QUANG DOAN,2026/01/22,12:12:33,すみません。ポケモンボックスが買取どうやっていいですか
User,NGUYEN QUANG DOAN,2026/01/22,12:14:12,今ドリームexの値段がいくらですか
Account,内藤夏樹,2026/01/22,12:24:49,9800円です。
User,NGUYEN QUANG DOAN,2026/01/22,16:30:59,発送しても大丈夫ですか
User,NGUYEN QUANG DOAN,2026/01/22,16:33:16,明日ポケモン新しいボックスが販売するね。買取値段が決ますか
Account,内藤夏樹,2026/01/22,16:36:43,〆切ました
User,NGUYEN QUANG DOAN,2026/01/22,16:37:14,はい分かりました
User,NGUYEN QUANG DOAN,2026/01/28,18:09:00,すみません。EB-04予約受付が31発送したら2/1もらえて大丈夫ですか
Account,内藤夏樹,2026/01/28,18:09:43,なんでしょうか？？
User,NGUYEN QUANG DOAN,2026/01/28,18:11:36,遠いですから1/31発送して大丈夫ですか
User,NGUYEN QUANG DOAN,2026/01/28,18:11:46,"【リピーター様限定特別価格】
EB-04『EGGHEAD CRISIS』予約受付

いつもお取引いただきありがとうございます。
リピーター様限定の特別価格でご案内いたします。

━━━━━━━━━━━━━━━
【特別価格】
・Box: ¥9,500
・Carton (12 Boxes): ¥125,000

【条件】
✓ 20箱以上〜
✓ 発売日(1/31)当日までにお持ち込み or 対面引取
✓ 事前申請必須
━━━━━━━━━━━━━━━

ご希望数量をお知らせください。"
User,NGUYEN QUANG DOAN,2026/01/28,18:11:56,これです
Account,内藤夏樹,2026/01/28,18:12:20,どこから発送ですか？
User,NGUYEN QUANG DOAN,2026/01/28,18:12:32,愛知県です
Account,内藤夏樹,2026/01/28,18:14:32,"翌日到着可能ですか？
新潟県。"
User,NGUYEN QUANG DOAN,2026/01/28,18:15:32,翌日到着可能です
Account,内藤夏樹,2026/01/28,18:18:01,"何箱ですか？
リピーターではないため、xの募集価格です。"
User,NGUYEN QUANG DOAN,2026/01/28,18:21:23,今予約受付9000円ですか
Account,内藤夏樹,2026/01/28,18:23:38,はいその通り
Account,内藤夏樹,2026/01/28,18:23:42,やりますか
User,NGUYEN QUANG DOAN,2026/01/28,18:28:19,やります
Account,内藤夏樹,2026/01/28,18:28:32,何箱ですか？
User,NGUYEN QUANG DOAN,2026/01/28,18:28:50,予約受付は50個です
Account,内藤夏樹,2026/01/28,18:30:14,キャンセルできませんからね。
User,NGUYEN QUANG DOAN,2026/01/28,18:30:32,はい分かりました
Account,内藤夏樹,2026/01/28,18:35:44,"毎々、お世話になっております。御見積書を送付いたします。
	∙	買取見積書 -
・ワンピースカード　EB-04（予約）50箱　単価9,000円　小計450,000円
合計箱数：50箱合計：450,000円減額合計：0円最終買取金額：450,000円
発送予定日：1月31日到着予定日：2月1日
【重要事項】
※予約商品のため、キャンセル不可となります。
※1月31日発送、2月1日到着が条件となります。
【注意事項】
	∙	この見積もりを印刷して商品に同梱してください。
	∙	1枚の印刷が難しい場合は、スクリーンショットの分割でも可能です。
	∙	同梱がない場合、査定が遅れることがあります。
	∙	同梱物などの詳細は、メニューの「ご利用方法」を確認してください。
	∙	メニューから申請と発送を行い、発送後は必ず追跡番号を連絡してください。
ご確認のほど、よろしくお願いいたします。​​​​​​​​​​​​​​​​"
Account,内藤夏樹,2026/01/28,18:35:47,申請してください
Account,内藤夏樹,2026/01/28,18:35:51,カートンはないでしょうか
User,NGUYEN QUANG DOAN,2026/01/28,18:37:10,はい。分かりました
User,NGUYEN QUANG DOAN,2026/01/28,18:37:33,カートンがありません
User,NGUYEN QUANG DOAN,2026/01/31,11:18:59,すみません。今日OPEB-04の値段がどうですか
User,NGUYEN QUANG DOAN,2026/01/31,11:19:35,予約の分準備してましたから
Account,内藤夏樹,2026/01/31,11:19:48,何個ありますか。
User,NGUYEN QUANG DOAN,2026/01/31,11:21:26,50個です
Account,内藤夏樹,2026/01/31,11:21:45,＋５０箱？
User,NGUYEN QUANG DOAN,2026/01/31,11:21:54,はいそうです
Account,内藤夏樹,2026/01/31,11:22:07,"あとで決めましょう。
買いますので。"
User,NGUYEN QUANG DOAN,2026/01/31,11:22:19,はい
User,NGUYEN QUANG DOAN,2026/01/31,11:24:56,値段がまた決ませんか
Account,内藤夏樹,2026/01/31,11:31:13,"まだです。
希望は？"
User,NGUYEN QUANG DOAN,2026/01/31,11:31:57,8500円でいいですか
Account,内藤夏樹,2026/01/31,11:32:14,8000円でいかがでしょうか。
User,NGUYEN QUANG DOAN,2026/01/31,11:36:05,8200円でどうですか
Account,内藤夏樹,2026/01/31,11:39:54,8000円です。
User,NGUYEN QUANG DOAN,2026/01/31,11:44:59,はい。発送前に追加の分が教えても大丈夫ですか
Account,内藤夏樹,2026/01/31,11:54:46,"50個
8000円"
Account,内藤夏樹,2026/01/31,11:54:52,一旦こちらです。
User,NGUYEN QUANG DOAN,2026/01/31,12:06:01,はい
User,NGUYEN QUANG DOAN,2026/01/31,12:07:45,送信が取り消されたメッセージです
User,NGUYEN QUANG DOAN,2026/01/31,12:53:15,追加30個です
User,NGUYEN QUANG DOAN,2026/01/31,12:53:38,会計80個でいいですか
Account,内藤夏樹,2026/01/31,13:18:25,OKです。
Account,内藤夏樹,2026/01/31,13:18:33,"追加
30箱
8000円"
User,NGUYEN QUANG DOAN,2026/01/31,13:18:51,はい。ありがとうございます
User,NGUYEN QUANG DOAN,2026/01/31,13:19:45,発送済が報告します
User,NGUYEN QUANG DOAN,2026/01/31,13:40:00,"念の為OP12 6個　
OP13 1個
OP14 2個
買取も大丈夫ですか"
Account,内藤夏樹,2026/01/31,13:51:20,それは今回はしていません
User,NGUYEN QUANG DOAN,2026/01/31,13:51:40,はい。分かりました
User,NGUYEN QUANG DOAN,2026/01/31,14:03:12,"会計100個でいいですか
予約50個
追加50個です"
Account,内藤夏樹,2026/01/31,14:15:35,80個です
User,NGUYEN QUANG DOAN,2026/01/31,14:16:00,はい分かりました
User,NGUYEN QUANG DOAN,2026/01/31,17:09:28,"発送しました。ヤマトで50個に５０００-２４２８-0895です
30個に5000-2428-0873です"
User,NGUYEN QUANG DOAN,2026/01/31,17:10:30,お着きてよろしくお願いします
Account,内藤夏樹,2026/01/31,17:14:33,ありがとうございました。
User,NGUYEN QUANG DOAN,2026/01/31,17:16:39,写真を送信しました。
Account,内藤夏樹,2026/01/31,17:24:48,買いましょうか？
Account,内藤夏樹,2026/01/31,17:25:22,7800円
User,NGUYEN QUANG DOAN,2026/01/31,17:33:23,売リました
User,NGUYEN QUANG DOAN,2026/01/31,17:35:41,"もし何が欲しい。私に教えてね
例えば。ポケモンかOPか教えて私に探します"
Account,内藤夏樹,2026/01/31,18:05:04,はい
User,NGUYEN QUANG DOAN,2026/01/31,18:10:09,よろしくお願いします🙇🙇🙇
User,NGUYEN QUANG DOAN,2026/02/01,14:59:19,すみません。着きましたか
Account,内藤夏樹,2026/02/01,19:00:34,"・ワンピースカード　EB-04（予約）
50箱　単価9,000円　小計450,000円
減額項目：
・買取不可（返却）EB-04：-9,000円 × 4点 = -36,000円
合計箱数：50箱
合計：450,000円
減額合計：36,000円
最終買取金額：414,000円
買取不可商品（ご返送）：
・EB-04 4箱"
Account,内藤夏樹,2026/02/01,19:01:00,"買取見積書 -

・ワンピースカード　EGGHEAD CRISIS
30箱　単価8,000円　小計240,000円
合計箱数：30箱
合計：240,000円
減額合計：0円
最終買取金額：240,000円"
User,NGUYEN QUANG DOAN,2026/02/01,19:02:46,買取不可がなんでですか
Account,内藤夏樹,2026/02/01,19:06:01,凹みなどです。返送となります。
User,NGUYEN QUANG DOAN,2026/02/01,19:07:07,そうですか。返送お願いします
Account,内藤夏樹,2026/02/02,08:32:22,"お世話になります。

ブラックボルトとホワイトフレアは買えますか？

50セットくらいです。"
User,NGUYEN QUANG DOAN,2026/02/02,12:07:48,値段がいくらですか
Account,内藤夏樹,2026/02/02,20:30:28,"ブラック　14200
ホワイト　12200です"
User,NGUYEN QUANG DOAN,2026/02/02,20:32:09,難しいです
User,NGUYEN QUANG DOAN,2026/02/03,17:31:46,すみません。返送物が発送しますか
Account,内藤夏樹,2026/02/03,22:24:05,"毎々お世話になっております。
手続き中です。"
User,NGUYEN QUANG DOAN,2026/02/04,12:17:20,はい分かりました
Account,内藤夏樹,2026/02/04,14:03:11,"ブラックボルトとホワイトフレア
27300円で買取しています。"
Account,内藤夏樹,2026/02/05,10:05:36,"今日は
ブラックボルトとホワイトフレア
27500円で買取しています。"
User,NGUYEN QUANG DOAN,2026/02/05,17:30:58,はい。あったら申し込みます
User,NGUYEN QUANG DOAN,2026/02/06,13:28:22,すみません。返送が終わリましたか
Account,内藤夏樹,2026/02/06,13:28:52,"毎々、お世話になっております。
今週末の予定です。"
User,NGUYEN QUANG DOAN,2026/02/06,16:30:35,できれば早く返送してお願いします
Account,内藤夏樹,2026/02/06,16:52:51,わかりましたです。、
User,NGUYEN QUANG DOAN,2026/02/14,09:53:06,すみません。今日一番くじのカードが買取しますか
