﻿アカウント名,にこにこ買取＠業界最高の買取価格宣言！
タイムゾーン,'+09:00
ダウンロード日時,2026/02/21 04:35
送信者タイプ,送信者名,送信日,送信時刻,内容
Account,応答メッセージ,2024/11/24,10:05:28,"荒木拓海さん
はじめまして！にこにこ買取＠業界最高の買取価格宣言！です。
友だち追加ありがとうございます！
にこにこ買取です(moon big smile)

ポケモンカードなどトレーディングカード全般の買取を行っております。
買取ご希望のお客様はなんでもお気軽に連絡してください(saluting man)

ご郵送買取の流れは以下の”郵送買取の流れ”をご確認ください(sparkle)

お問い合わせなどはお気軽にメッセージからご連絡ください(phone)"
Account,応答メッセージ,2024/11/24,10:05:28,写真を送信しました。
Account,応答メッセージ,2024/11/24,10:05:28,写真を送信しました。
User,荒木拓海,2024/11/24,10:15:59,"①ポケモンカード151(シュリンクあり)
②22個
③11,500円
よろしくお願いします。"
Account,内藤夏樹,2024/11/24,10:22:57,"毎々、お世話になっております。
ご連絡ありがとうございます！

ぜひ、買取させてください。"
Account,内藤夏樹,2024/11/24,10:23:12,お申し込みフォームのご入力をお願いします。
User,荒木拓海,2024/11/24,10:25:23,"ありがとうございます。
申し込ませていただきます。"
Account,内藤夏樹,2024/11/24,10:25:36,よろしくお願い申し上げます。
User,荒木拓海,2024/11/24,16:12:54,すみません発送先ってどちらになりますか？
Account,内藤夏樹,2024/11/24,16:13:57,"お申し込みありがとうございました。

こちらになります。"
Account,内藤夏樹,2024/11/24,16:14:07,"お買取希望の商品は以下の住所へ発送をお願い申し上げます。
ご利用方法に記載のある梱包に関する注意事項を改めてご確認ください。

また発送は原則ヤマト運輸さんよりお願い申し上げます。

【発送先】
株式会社AiGIVE 内藤宛
〒940-0864
新潟県長岡市川崎3-2366-7-103
050-5470-3570

また発送されましたら以下の情報をご連絡ください。
①　追跡番号
②　発送日・到着指定時間"
User,荒木拓海,2024/11/24,16:14:22,ありがとうございます！
User,荒木拓海,2024/11/24,16:24:30,"先程発送いたしました。

追跡番号:3303-2646-5571
発送日:11月24日
到着指定時間:11月25日午前中

よろしくお願いいたします。"
Account,内藤夏樹,2024/11/24,16:50:59,ありがとうございました。
Account,内藤夏樹,2024/11/25,21:02:14,"毎々、お世話になっております。
査定が終了しました。
2個にシュリンク破れがございました。

ポケモン151 22個 11500円 = 253000円
減額 -2000円

合計
251000円

ご同意いただけた場合にはお振込みします。"
Account,内藤夏樹,2024/11/25,21:02:39,写真を送信しました。
Account,内藤夏樹,2024/11/25,21:02:39,写真を送信しました。
User,荒木拓海,2024/11/25,21:08:28,"査定ありがとうございます。
シュリンク気付かずすみませんでした。"
User,荒木拓海,2024/11/25,21:08:36,その金額で買取お願いいたします。
Account,内藤夏樹,2024/11/25,21:08:45,ありがとうございます。お振込みします。
Account,内藤夏樹,2024/11/25,21:10:45,"振り込みが完了しました。
ご確認をお願い申し上げます。"
User,荒木拓海,2024/11/25,21:16:44,"確認できました。
ありがとうございます。"
Account,内藤夏樹,2024/11/25,21:20:06,また、よろしくお願い申し上げます。
User,荒木拓海,2024/12/06,11:36:55,"いつもお世話になっております。
テラスタルフェスって買取してますか？"
Account,内藤夏樹,2024/12/06,11:37:54,"毎々、お世話になっております！
はいしております！"
User,荒木拓海,2024/12/06,11:39:35,"ありがとうございます！
いくらでしょうか？"
Account,内藤夏樹,2024/12/06,12:27:03,"箱ですか？
カートンですか"
User,荒木拓海,2024/12/06,12:28:48,箱です！
Account,内藤夏樹,2024/12/06,12:37:05,6400円でやっております☺️
User,荒木拓海,2024/12/06,13:01:39,"ありがとうございます！
6600円で買取はできないでしょうか？"
Account,内藤夏樹,2024/12/06,13:24:07,"難しいです！
また、よろしくお願い申し上げます。"
User,荒木拓海,2024/12/06,13:33:48,6500円でも難しいですか？しょうか？
Account,内藤夏樹,2024/12/06,14:01:46,はい、申し訳ございません！
User,荒木拓海,2024/12/06,14:03:16,"すみません🙇‍♂️
またよろしくお願いします！"
Account,内藤夏樹,2025/01/07,08:10:38,"毎々、お世話になっております。

テラスタルフェスexどこよりも高く買います！

お申し付けください🙇🏻‍♂️"
User,荒木拓海,2025/01/07,08:45:11,"お世話になってます！
買取いくらでしょうか？"
Account,内藤夏樹,2025/01/07,08:45:51,11500円でとります！
User,荒木拓海,2025/01/07,09:15:33,"ありがとうございます！
ちょっと考えさせてください！"
Account,内藤夏樹,2025/01/07,09:24:55,何箱ございますか？
User,荒木拓海,2025/01/07,09:31:14,30です！
Account,内藤夏樹,2025/01/07,09:34:15,11500円でよかったら買わせてください☺️
User,荒木拓海,2025/01/07,10:32:51,https://x.com/ginzanosatoshi/status/1876328695855759426?s=46&t=-jrtrMh_5-D6yRcYZS0gvw
User,荒木拓海,2025/01/07,10:33:25,ここよりも高くお願いできないですか？
Account,内藤夏樹,2025/01/07,10:37:23,"すでに終わっていると思います☺️
12000円で30箱ならどうでしょうか？"
User,荒木拓海,2025/01/07,11:09:47,"確かに返答こないですね！
12200円でお願いします🙇‍♂️"
Account,内藤夏樹,2025/01/07,11:10:25,"わかりました！

12200円
30箱

よろしくお願い申し上げます。"
User,荒木拓海,2025/01/07,11:13:49,"ありがとうございます。
予約フォームから入力します。"
Account,内藤夏樹,2025/01/07,11:17:21,"こちらこそありがとうございました。

よろしくお願い申し上げます。"
Account,内藤夏樹,2025/01/07,12:51:47,"お買取希望の商品は以下の住所へ発送をお願い申し上げます。
ご利用方法に記載のある梱包に関する注意事項を改めてご確認ください。

また発送は原則ヤマト運輸さんよりお願い申し上げます。

【発送先】
ヤマト運輸 北陽センター 気付
株式会社AiGIVE 内藤宛
〒940-0871
新潟県長岡市北陽1-53-61
050-5470-3570

ヤマト運輸北陽センター:

https://locations.kuronekoyamato.co.jp/p/yamato01/prt/041160/?&p_f1=1&cond22=1&jiNm=%A4%AA%B5%D2%CD%CD%A5%B5%A1%BC%A5%D3%A5%B9%A5%BB%A5%F3%A5%BF%A1%BC&kykTel=0570-200-000&jiFax=0258-46-0585

また発送されましたら以下の情報をご連絡ください。
① 追跡番号
② 発送日・到着指定時間

ご確認のほどよろしくお願い申し上げます。"
User,荒木拓海,2025/01/07,17:28:39,"追跡番号330337653695
発送日1月7日
到着時間1月8日午前中
遅くなり申し訳ございません。
先程発送いたしました。
よろしくお願いします。"
Account,内藤夏樹,2025/01/07,17:28:52,ありがとうございました。
User,荒木拓海,2025/01/07,19:07:00,"すみません追跡番号間違えてました。
330337563695こちらでした。"
Account,内藤夏樹,2025/01/07,19:28:24,ありがとうございます😊
Account,内藤夏樹,2025/01/08,21:27:28,"毎々、お世話になっております。

366,000

を振込みしました。
ご確認をよろしくお願い申し上げます。"
User,荒木拓海,2025/01/08,21:29:55,"ありがとうございます！
確認できました。"
User,荒木拓海,2025/01/08,21:30:04,またよろしくお願いします！
Account,内藤夏樹,2025/01/08,22:00:28,よろしくお願い申し上げます。
User,荒木拓海,2025/05/24,14:51:22,"熱風シュリ無×2
ロケット団シュリ無×2
バトルパートナーズシュリ有×4
熱風シュリ有×2
ロケット団シュリ有×2
買取お願いしたいです。"
Account,内藤夏樹,2025/05/24,16:01:22,"毎々、お世話になっております。
本日そちらの商品は買取しておりません。

申し訳ございません。"
User,荒木拓海,2025/05/24,16:05:27,"了解です！
返信ありがとうございます！"
Account,内藤夏樹,2025/05/24,16:06:37,申し訳ございません、、、。
User,荒木拓海,2025/05/24,16:09:42,またお願いします！
User,荒木拓海,2025/06/06,14:14:11,"いつもありがとうございます！
ブラックボルトのシュリンク無も買取可能ですか？"
Account,内藤夏樹,2025/06/06,14:15:04,"毎々、お世話になっております。
シュリなしはお受けしておりません🙇🏻‍♂️"
User,荒木拓海,2025/06/06,14:17:22,了解です🫡
User,荒木拓海,2025/09/23,12:56:09,"お世話になってます！
潰れてるボックスって買取可能でしょうか？"
Account,内藤夏樹,2025/09/23,13:21:17,"毎々、お世話になっております。
買取不可です🙇🏻‍♂️"
User,荒木拓海,2025/09/23,13:22:33,"了解致しました。
ありがとうございます。"
User,荒木拓海,2025/11/29,13:46:25,"いつもお世話になっております。
メガドリーム、インフェルノ、テラスタルってシュリ無買い取れますか？"
Account,内藤夏樹,2025/11/29,13:54:58,"毎々、お世話になっております。
シュリンク無しの買取は受け付けしておりません。"
User,荒木拓海,2025/11/29,14:14:09,了解です！
User,荒木拓海,2026/01/09,18:35:41,二つの伝説買取いくらでしょうか？
Account,内藤夏樹,2026/01/09,18:38:42,"毎々、お世話になっております。

5200円で集めております。"
User,荒木拓海,2026/01/09,18:46:22,ありがとうございます！
User,荒木拓海,2026/01/17,14:12:15,ワンピースマガジン買取お願いしたいです
Account,内藤夏樹,2026/01/17,14:14:03,はい、よろしくお願いいたします。
User,荒木拓海,2026/01/17,14:14:57,"ありがとうございます。
15個買取可能ですか？"
Account,内藤夏樹,2026/01/17,14:16:22,本付きでお願いできますでしょうか。
Account,内藤夏樹,2026/01/17,14:16:26,"毎々、お世話になっております。
御見積書を送付いたします。

- 買取見積書 -

・ワンピースカード
ワンピースマガジン
15個
単価 18,000円
小計 270,000円

減額項目：
・該当なし

合計：270,000円
減額合計：-0円
最終買取金額：270,000円

【注意事項】
こちらのお見積もりを印刷して商品に同梱してください。
同梱がない場合には査定が遅れる場合がございます。
ご確認のほど、よろしくお願いいたします。"
User,荒木拓海,2026/01/17,14:18:08,了解致しました
User,荒木拓海,2026/01/17,15:37:59,"ヤマト運輸
307393055885"
User,荒木拓海,2026/01/17,15:38:11,"発送いたしました。
よろしくお願いします🙇‍♂️"
Account,内藤夏樹,2026/01/17,15:44:01,ありがとうございました。
Account,内藤夏樹,2026/01/18,19:17:14,"いつもご利用いただき、ありがとうございます。

本日到着し、検品が完了したお荷物のお振り込み手続きを完了いたしました。

あいにく住信SBIネット銀行のメンテナンス作業に伴い、お客様の口座への着金は明日19日の予定となっております。

お待たせしてしまい大変恐縮ですが、何卒ご理解いただけますようお願い申し上げます。

またのご利用を心よりお待ちしております。"
User,荒木拓海,2026/01/18,19:42:03,ありがとうございます。
User,荒木拓海,2026/01/25,15:52:52,"お世話になっております。
今日ワンピースカード買い取ってるのって蒼海のみですか？"
User,荒木拓海,2026/01/30,13:05:00,"蒼海の七傑×10
王族の血統×14
二つの伝説×8
上記買取お願いします"
User,荒木拓海,2026/01/30,13:36:57,"お世話になっております。
買取不可でしょうか？"
Account,内藤夏樹,2026/01/30,13:38:50,"毎々、お世話になっております。
本日は申し込み多数につき〆切とさせていただきました。
また、よろしくお願い申し上げます。"
Account,内藤夏樹,2026/01/30,13:38:58,申し訳ございません🙇🏻‍♂️
User,荒木拓海,2026/01/30,13:39:24,"返信ありがとうございます
了解しました"
User,荒木拓海,2026/02/11,15:06:38,"お世話になっております。
蒼海の七傑×11
王族の血統×15
二つの伝説×8
師弟の絆×4
上記買取お願いします"
Account,内藤夏樹,2026/02/11,15:11:02,"毎々、お世話になっております。  
御見積書を送付いたします。

受付ID: R4G8M6

- 買取見積書 -

・ワンピースカード　蒼海の七傑  
11箱　単価8,700円　小計95,700円

・ワンピースカード　王族の血統  
15箱　単価5,800円　小計87,000円

・ワンピースカード　二つの伝説  
8箱　単価5,500円　小計44,000円

・ワンピースカード　師弟の絆  
4箱　単価6,600円　小計26,400円

合計箱数：38箱  
合計：253,100円  
減額合計：0円  
最終買取金額：253,100円

【注意事項】
* 段ボールの外側に受付ID（R4G8M6）を大きく記載してください。
* この見積もりを印刷して商品に同梱してください。
* 1枚の印刷が難しい場合は、スクリーンショットの分割でも可能です。
* 同梱がない場合、査定が遅れることがあります。
* 同梱物などの詳細は、メニューの「ご利用方法」を確認してください。
* メニューから申請と発送を行い、発送後は必ず追跡番号を連絡してください。

ご確認のほど、よろしくお願いいたします。"
User,荒木拓海,2026/02/11,15:17:34,"ありがとうございます。
了解致しました。"
User,荒木拓海,2026/02/11,17:23:13,"先程発送しました。
発送会社:ヤマト運輸
追跡番号:461591798765
よろしくお願いします。"
Account,内藤夏樹,2026/02/11,17:23:21,ありがとうございました。
Account,内藤夏樹,2026/02/12,17:12:48,"いつも当店をご利用いただき、誠にありがとうございます。

お預かりしておりましたお品物の検品が完了いたしましたので、ご指定の口座へお振り込みの手続きをさせていただきました。 併せてご確認いただけますと幸いです。

この度はご利用いただき、重ねて御礼申し上げます。 またの機会がございましたら、ぜひお手伝いをさせていただけますと幸いです。

もしよろしければ、X（旧Twitter）にてご利用の感想や口コミを投稿していただけますと、スタッフ一同大変励みになります。

なお、万が一サービス内容にご満足いただけなかった点や、お気づきの点がございましたら、誠意を持って対応させていただきます。 大変お手数ですが、投稿の前に一度ダイレクトメッセージ等でご連絡いただけますと助かります。

今後ともよろしくお願い申し上げます。"
User,荒木拓海,2026/02/12,18:03:07,"ありがとうございました！
またよろしくお願いします🙇‍♂️"
