﻿アカウント名,にこにこ買取＠業界最高の買取価格宣言！
タイムゾーン,'+09:00
ダウンロード日時,2026/02/21 04:35
送信者タイプ,送信者名,送信日,送信時刻,内容
Account,応答メッセージ,2026/01/11,13:19:07,"菊地利明さん
はじめまして！にこにこ買取＠業界最高の買取価格宣言！です。
友だち追加ありがとうございます！
にこにこ買取です(moon big smile)

ポケモンカードなどトレーディングカード全般の買取を行っております。
買取ご希望のお客様はなんでもお気軽に連絡してください(saluting man)

ご郵送買取の流れはメニューから”郵送買取の流れ”をご確認ください(sparkle)

ご郵送買取ご希望の場合にはメニューの”申し込みフォーム”からご申請が可能となっております。

お問い合わせなどはお気にご連絡ください。"
User,菊地利明,2026/01/23,13:37:37,"お世話になります。

郵送買取をお願いしたくご連絡しました。

①ポケモンカードムニキスゼロ／②2箱／③8500円」

①ワンピースカード　THE BEST vol.1　／②2箱／③7500円」

ご確認宜しくお願い致します。"
User,菊地利明,2026/01/23,13:43:26,"申し訳御座いません。
①ポケモンカードムニキスゼロ／②2箱／③8600円」
でした。

訂正させて頂きます。
宜しくお願い致します。"
Account,内藤夏樹,2026/01/23,13:57:10,ムニキスゼロは8000円に変更になっております。
Account,内藤夏樹,2026/01/23,13:57:13,ご確認をよろしくお願いします。
User,菊地利明,2026/01/23,14:04:23,"承知致しました。
買取宜しくお願い致します。"
Account,内藤夏樹,2026/01/23,14:08:22,"買取見積書 -

・ポケモンカード ムニキスゼロ BOX 2箱 単価 8,000円 小計 16,000円

減額項目： ・該当なし

合計：16,000円 減額合計：-0円 最終買取金額：16,000円"
User,菊地利明,2026/01/23,14:09:23,"申し訳御座いません。
①ワンピースカード　THE BEST vol.1　／②2箱／③7500円」

分かりにくくすみません。
こちらも追加宜しくお願い致します。"
Account,内藤夏樹,2026/01/23,14:09:59,"買取見積書 -

・ポケモンカード ムニキスゼロ BOX 2箱 単価 8,000円 小計 16,000円

・ワンピースカード THE BEST vol.1 BOX 2箱 単価 7,500円 小計 15,000円

減額項目： ・該当なし

合計：31,000円 減額合計：-0円 最終買取金額：31,000円

今回の合計数量は4点のため、現時点では送料はお客様負担となります。 あと16点追加いただけますと合計20点となり、弊社負担（着払い）が可能となります。

【注意事項】 こちらのお見積もりを印刷して商品に同梱してください。 同梱がない場合には査定が遅れる場合がございます。

ご確認のほど、よろしくお願いいたします。"
User,菊地利明,2026/01/23,14:13:05,"ありがとう御座います。

これから申込フォームの送信でよろしいでしょうか？"
Account,内藤夏樹,2026/01/23,14:13:16,はい、よろしくお願いします。
User,菊地利明,2026/01/23,14:13:22,承知致しました。
User,菊地利明,2026/01/23,14:17:59,すみません、申込フォームの方にライン見積りをアップロードと記載ありましたが、印刷同梱でなくてもいいでしょうか？
Account,内藤夏樹,2026/01/23,14:18:17,どちらもお願いしております。
User,菊地利明,2026/01/23,14:19:02,"承知致しました。
ありがとう御座います。"
User,菊地利明,2026/01/23,15:27:25,"お世話になります。

発送完了しました。

送り状情報をご連絡致します。

ヤマト運輸　
番号5033-5479-3292
菊地利明

また、雪の影響で到着遅れの可能性があるとの事でした。

申し訳御座いませんが、ご確認宜しくお願い致します。"
User,菊地利明,2026/02/07,13:34:54,"お世話になります。

郵送買取をお願いしたくご連絡しました。

①ワンピースカード　エッグヘッドクライシス　／②3箱」

買取査定宜しくお願い致します。"
Account,内藤夏樹,2026/02/07,13:36:24,本日と明日は在庫整理のためお休みとなります。
User,菊地利明,2026/02/07,14:06:15,"承知致しました。
改めて、ご相談します。

宜しくお願い致します。"
User,菊地利明,2026/02/09,15:09:33,"お世話になります。

本日、郵送買取されてますでしょうか？"
Account,内藤夏樹,2026/02/09,15:09:51,"毎々、お世話になっております。
お申込み多数につき一旦〆切となりました🙇🏻‍♂️"
User,菊地利明,2026/02/09,15:11:56,"承知致しました。

ちなみに、ワンピースカード　エッグヘッドクライシスの買取額のみ教えて頂けませんでしょうか？"
Account,内藤夏樹,2026/02/09,15:22:54,調整して明日以降にご案内したいと思います。
User,菊地利明,2026/02/09,15:41:13,"ありがとう御座います。

金額によってですが、3箱分の買取をお願いしたいと考えてますので、ご調整頂けますと幸いです。

宜しくお願い致します🙇"
