﻿アカウント名,にこにこ買取＠業界最高の買取価格宣言！
タイムゾーン,'+09:00
ダウンロード日時,2026/02/21 04:35
送信者タイプ,送信者名,送信日,送信時刻,内容
Account,応答メッセージ,2026/01/18,12:33:13,"パンアメリカさん
はじめまして！にこにこ買取＠業界最高の買取価格宣言！です。
友だち追加ありがとうございます！
にこにこ買取です(moon big smile)

ポケモンカードなどトレーディングカード全般の買取を行っております。
買取ご希望のお客様はなんでもお気軽に連絡してください(saluting man)

ご郵送買取の流れはメニューから”郵送買取の流れ”をご確認ください(sparkle)

ご郵送買取ご希望の場合にはメニューの”申し込みフォーム”からご申請が可能となっております。

お問い合わせなどはお気にご連絡ください。"
User,パンアメリカ,2026/01/18,12:33:30,ONE PIECEマガジン買取価格いくらですか？
Account,内藤夏樹,2026/01/18,13:40:31,"毎々、お世話になっております。
お申込み多数につき一旦〆切となりました🙇🏻‍♂️"
User,パンアメリカ,2026/02/07,13:51:25,"egghead  31box 単価11600着払い
本日発送可能
大丈夫ですか？
宜しくお願い申し上げます。"
Account,内藤夏樹,2026/02/07,14:29:33,本日と明日は在庫整理のためお休みとなります。
User,パンアメリカ,2026/02/07,15:25:32,また、ご縁がありましたらお願いします
User,パンアメリカ,2026/02/09,14:18:32,eb-04買取単価いくらですか？
Account,内藤夏樹,2026/02/09,14:24:24,"毎々、お世話になっております。
お申込み多数につき一旦〆切となりました🙇🏻‍♂️"
