﻿アカウント名,にこにこ買取＠業界最高の買取価格宣言！
タイムゾーン,'+09:00
ダウンロード日時,2026/02/21 04:35
送信者タイプ,送信者名,送信日,送信時刻,内容
Account,応答メッセージ,2025/10/30,05:20:38,"Hyuga Okadaさん
はじめまして！にこにこ買取＠業界最高の買取価格宣言！です。
友だち追加ありがとうございます！
にこにこ買取です(moon big smile)

ポケモンカードなどトレーディングカード全般の買取を行っております。
買取ご希望のお客様はなんでもお気軽に連絡してください(saluting man)

ご郵送買取の流れはメニューから”郵送買取の流れ”をご確認ください(sparkle)

ご郵送買取ご希望の場合にはメニューの”申し込みフォーム”からご申請が可能となっております。

お問い合わせなどはお気にご連絡ください。"
User,Hyuga Okada,2025/11/29,13:11:49,"メガドリーム　8ボックス
シュリンク付き
メガシンフォニア　1ボックス
シュリンク付き
メガブレイブ　1ボックス
シュリンク付き

いくら買取になりますか？"
Account,内藤夏樹,2025/11/29,13:13:07,"毎々、お世話になっております。
価格表を更新しました。"
User,Hyuga Okada,2025/12/09,12:46:22,"'
メガドリームex9ボックス
シュリンク付き

買取希望"
Account,AIチャットボット(β),2025/12/09,12:46:23,情報利用許可のお願い
User,Hyuga Okada,2025/12/09,12:48:29,"①メガドリームex
②9ボックス
③11500円
シュリンク付き
に

買取希望"
Account,AIチャットボット(β),2025/12/09,12:48:32,"誠に申し訳ございませんが、弊社ではシュリンク（外装フィルム）がついていない製品の買取は一切行っておりません。
ご要望にお応えできず大変恐縮ですが、シュリンク付きの製品の買取をご検討いただけますようお願い申し上げます。"
User,Hyuga Okada,2025/12/09,12:48:58,シュリンク付きです
Account,AIチャットボット(β),2025/12/09,12:49:00,"お問い合わせありがとうございます！
適切な回答が見つかりませんでした。
追って有人対応しますのでこのままお待ちいただけますようお願い申し上げます。"
User,Hyuga Okada,2025/12/09,12:59:23,"①メガドリームex
②9ボックス
③11500円
シュリンク付き
に

買取希望"
Account,AIチャットボット(β),2025/12/09,12:59:25,"誠に申し訳ございませんが、弊社ではシュリンク（外装フィルム）がついていない製品の買取は一切行っておりません。
ご要望にお応えできず大変恐縮ですが、シュリンク付きの製品の買取をご検討いただけますようお願い申し上げます。"
User,Hyuga Okada,2025/12/09,12:59:35,シュリンク付き
Account,AIチャットボット(β),2025/12/09,12:59:38,"お問い合わせありがとうございます！
適切な回答が見つかりませんでした。
追って有人対応しますのでこのままお待ちいただけますようお願い申し上げます。"
User,Hyuga Okada,2025/12/09,13:10:56,"①メガドリームex
②9ボックス
③11500円
シュリンク付き


買取希望"
Account,AIチャットボット(β),2025/12/09,13:10:57,"誠に申し訳ございませんが、弊社ではシュリンク（外装フィルム）がついていない製品の買取は一切行っておりません。
ご要望にお応えできず大変恐縮ですが、シュリンク付きの製品の買取をご検討いただけますようお願い申し上げます。"
User,Hyuga Okada,2025/12/09,13:11:09,シュリンク付きです
Account,AIチャットボット(β),2025/12/09,13:11:12,"誠に申し訳ございませんが、弊社ではシュリンク（外装フィルム）がついていない製品の買取は一切行っておりません。
ご要望にお応えできず大変恐縮ですが、シュリンク付きの製品の買取をご検討いただけますようお願い申し上げます。"
User,Hyuga Okada,2025/12/09,13:11:27,シュリンク　ついてます
Account,AIチャットボット(β),2025/12/09,13:11:29,"お問い合わせありがとうございます！
適切な回答が見つかりませんでした。
追って有人対応しますのでこのままお待ちいただけますようお願い申し上げます。"
User,Hyuga Okada,2025/12/09,14:15:40,返信よろしくお願いします
Account,AIチャットボット(β),2025/12/09,14:15:42,"お問い合わせありがとうございます！
適切な回答が見つかりませんでした。
追って有人対応しますのでこのままお待ちいただけますようお願い申し上げます。"
Account,内藤夏樹,2025/12/09,14:53:01,"毎々、お世話になっております。
メガドリームは10箱以上からお申し込みをお願いしております。"
User,Hyuga Okada,2025/12/19,11:03:32,スタートデッキは50個からの買取ですか？
Account,内藤夏樹,2025/12/19,11:18:34,はい、その内容とさせていただいております。
Account,応答メッセージ,2026/02/06,12:03:37,"Hyuga Okadaさん
はじめまして！にこにこ買取＠業界最高の買取価格宣言！です。
友だち追加ありがとうございます！
にこにこ買取です(moon big smile)

ポケモンカードなどトレーディングカード全般の買取を行っております。
買取ご希望のお客様はなんでもお気軽に連絡してください(saluting man)

ご郵送買取の流れはメニューから”郵送買取の流れ”をご確認ください(sparkle)

ご郵送買取ご希望の場合にはメニューの”申し込みフォーム”からご申請が可能となっております。

お問い合わせなどはお気にご連絡ください。"
User,Hyuga Okada,2026/02/06,12:36:54,"EGGHEAD CRISIS
25ボックス買取希望です"
Account,内藤夏樹,2026/02/06,12:41:05,"毎々、お世話になっております。  
御見積書を送付いたします。

- 買取見積書 -

・ワンピースカード　EGGHEAD CRISIS  
25箱　単価11,600円　小計290,000円

合計箱数：25箱  
合計：290,000円  
減額合計：0円  
最終買取金額：290,000円

【注意事項】
* この見積もりを印刷して商品に同梱してください。
* 1枚の印刷が難しい場合は、スクリーンショットの分割でも可能です。
* 同梱がない場合、査定が遅れることがあります。
* 同梱物などの詳細は、メニューの「ご利用方法」を確認してください。
* メニューから申請と発送を行い、発送後は必ず追跡番号を連絡してください。

ご確認のほど、よろしくお願いいたします。"
User,Hyuga Okada,2026/02/06,12:44:12,"追加
ホワイトフレア1ボックス
メガブレイブ1ボックス
ムニキスゼロ　1ボックス
"
Account,内藤夏樹,2026/02/06,12:58:18,"毎々、お世話になっております。御見積書を送付いたします。
	∙	買取見積書 -
・ポケモンカード　ホワイトフレア1箱　単価12,700円　小計12,700円
・ポケモンカード　メガブレイブ1箱　単価9,900円　小計9,900円
・ポケモンカード　ムニキスゼロ1箱　単価7,300円　小計7,300円
・ワンピースカード　EGGHEAD CRISIS25箱　単価11,600円　小計290,000円
合計箱数：28箱合計：319,900円減額合計：0円最終買取金額：319,900円
【注意事項】
	∙	この見積もりを印刷して商品に同梱してください。
	∙	1枚の印刷が難しい場合は、スクリーンショットの分割でも可能です。
	∙	同梱がない場合、査定が遅れることがあります。
	∙	同梱物などの詳細は、メニューの「ご利用方法」を確認してください。
	∙	メニューから申請と発送を行い、発送後は必ず追跡番号を連絡してください。
ご確認のほど、よろしくお願いいたします。​​​​​​​​​​​​​​​​"
User,Hyuga Okada,2026/02/06,15:06:35,"ヤマト運輸499266144753
岡田日向
"
Account,内藤夏樹,2026/02/06,15:08:04,ありがとうございました。
Account,内藤夏樹,2026/02/07,11:38:41,"この度は買取査定のご依頼をいただき、誠にありがとうございます。
査定結果をお知らせいたします。

【査定明細】
■ ポケモンカード
・ホワイトフレア：1箱 × 12,700円 = 12,700円
・メガブレイブ：1箱 × 9,900円 = 9,900円
・ムニキスゼロ：1箱 × 7,300円 = 7,300円
■ ワンピースカード
・EGGHEAD CRISIS：21箱 × 11,600円 = 243,600円
小計：273,500円

【減額内容】
減額なし
減額合計：0円

💰 最終買取金額：273,500円
合計箱数：24箱

【返送対象】
・EGGHEAD CRISIS：4箱(損傷のため)
返送商品につきましては、別途ご連絡させていただきます。
なお、輸送トラブルによる損傷の場合には、お客様からヤマト運輸様へ直接ご連絡いただきますようお願い申し上げます。
また、弊社での保管も可能ですので、ご希望の際はお申し付けください。

査定内容にご不明な点がございましたら、お気軽にお問い合わせください。
ご検討のほど、よろしくお願いいたします。"
Account,内藤夏樹,2026/02/07,11:39:11,写真を送信しました。
Account,内藤夏樹,2026/02/07,11:39:12,写真を送信しました。
Account,内藤夏樹,2026/02/07,11:39:12,写真を送信しました。
Account,内藤夏樹,2026/02/07,11:39:12,写真を送信しました。
User,Hyuga Okada,2026/02/07,11:41:41,減額で買い取りは不可ですか？
Account,内藤夏樹,2026/02/07,11:42:08,"損傷状況が厳しいので減額対応は難しいです。
申し訳ございません。"
User,Hyuga Okada,2026/02/07,11:42:23,承知しました
User,Hyuga Okada,2026/02/09,11:24:18,"商品到着しました。
ありがとうございました"
Account,内藤夏樹,2026/02/09,12:46:12,こちらこそ有難うございました🙇🏻‍♂️
