﻿アカウント名,にこにこ買取＠業界最高の買取価格宣言！
タイムゾーン,'+09:00
ダウンロード日時,2026/02/21 04:34
送信者タイプ,送信者名,送信日,送信時刻,内容
Account,応答メッセージ,2026/02/17,20:40:16,"だいきさん
はじめまして！にこにこ買取＠業界最高の買取価格宣言！です。
友だち追加ありがとうございます！
にこにこ買取です(moon big smile)

ポケモンカードなどトレーディングカード全般の買取を行っております。
買取ご希望のお客様はなんでもお気軽に連絡してください(saluting man)

ご郵送買取の流れはメニューから”郵送買取の流れ”をご確認ください(sparkle)

ご郵送買取ご希望の場合にはメニューの”申し込みフォーム”からご申請が可能となっております。

お問い合わせなどはお気にご連絡ください。"
User,だいき,2026/02/19,13:03:27,"'

以下買取をお願いいたします。

■ポケモンカード
１インフェルノX無　2BOX　13,500円
２ブラックボルト無　１BOX　13,500円
３ホワイトフレア無　１BOX   11,500円
４サイバージャッジ有　1BOX 9,000円
５ステラミラクル有　1BOX

■ワンピースカード
６EB04 8BOX 9,000円
７蒼海の七傑　１BOX 7,900円
８EB03 　1BOX  13,200円
９師弟の絆　3BOX 7,100円
10 EB02 1BOX 13,800円
11 THE BEST vol.1　1BOX 10,400円
12 二つの伝説　　9BOX 5,900円
13 500年後の未来　 2BOX 8,900円
14 双璧の覇者　1BOX 13,600円
15 新時代の主役　1BOX 30,200円
16 頂上決戦 1BOX 15,200円"
Account,内藤夏樹,2026/02/19,13:07:44,"毎々、お世話になっております。御見積書を送付いたします。
受付ID: R5M7Q4
	∙	買取見積書 -
・ポケモンカード　インフェルノX（シュリンク無し）2箱　単価13,500円　小計27,000円
・ポケモンカード　ブラックボルト（シュリンク無し）1箱　単価13,500円　小計13,500円
・ポケモンカード　ホワイトフレア（シュリンク無し）1箱　単価11,500円　小計11,500円
・ポケモンカード　サイバージャッジ1箱　単価9,000円　小計9,000円
・ポケモンカード　ステラミラクル1箱　単価9,000円　小計9,000円
・ワンピースカード　EGGHEAD CRISIS8箱　単価9,000円　小計72,000円
・ワンピースカード　蒼海の七傑1箱　単価7,900円　小計7,900円
・ワンピースカード　Heroines Edition1箱　単価13,200円　小計13,200円
・ワンピースカード　師弟の絆3箱　単価7,100円　小計21,300円
・ワンピースカード　Anime 25th collection1箱　単価13,800円　小計13,800円
・ワンピースカード　THE BEST vol.11箱　単価10,400円　小計10,400円
・ワンピースカード　二つの伝説9箱　単価5,900円　小計53,100円
・ワンピースカード　500年後の未来2箱　単価8,900円　小計17,800円
・ワンピースカード　双璧の覇者1箱　単価13,600円　小計13,600円
・ワンピースカード　新時代の主役1箱　単価30,200円　小計30,200円
・ワンピースカード　頂上決戦1箱　単価15,200円　小計15,200円
合計箱数：35箱合計：338,500円減額合計：0円最終買取金額：338,500円
【注意事項】
	∙	段ボールの外側に受付ID（R5M7Q4）を大きく記載してください。
	∙	この見積もりを印刷して商品に同梱してください。
	∙	1枚の印刷が難しい場合は、スクリーンショットの分割でも可能です。
	∙	同梱がない場合、査定が遅れることがあります。
	∙	同梱物などの詳細は、メニューの「ご利用方法」を確認してください。
	∙	メニューから申請と発送を行い、発送後は必ず追跡番号を連絡してください。
ご確認のほど、よろしくお願いいたします。​​​​​​​​​​​​​​​​"
User,だいき,2026/02/19,14:25:05,"ありがとございます。
これから申請させていただきます。

1点質問です。
初回なので、住民票を同梱しますが、申請フォームに身分証明の入力が必須になっておりますが、住民票でよろしいでしょうか？"
Account,内藤夏樹,2026/02/19,14:39:16,"よろしくお願い申し上げます。

はい、問題ありません。
よろしくお願い申し上げます。"
User,だいき,2026/02/19,14:39:33,"ありがとうございます。
申請させていただきます。"
User,だいき,2026/02/19,18:14:31,ヤマト運輸/467717161435／林大樹
Account,内藤夏樹,2026/02/19,19:13:00,ありがとうございます。
Account,内藤夏樹,2026/02/20,19:15:29,"いつも当店をご利用いただき、誠にありがとうございます。

お預かりしておりましたお品物の検品が完了いたしましたので、ご指定の口座へお振り込みの手続きをさせていただきました。 併せてご確認いただけますと幸いです。

この度はご利用いただき、重ねて御礼申し上げます。 またの機会がございましたら、ぜひお手伝いをさせていただけますと幸いです。

もしよろしければ、X（旧Twitter）にてご利用の感想や口コミを投稿していただけますと、スタッフ一同大変励みになります。

なお、万が一サービス内容にご満足いただけなかった点や、お気づきの点がございましたら、誠意を持って対応させていただきます。 大変お手数ですが、投稿の前に一度ダイレクトメッセージ等でご連絡いただけますと助かります。

今後ともよろしくお願い申し上げます。"
