﻿アカウント名,にこにこ買取＠業界最高の買取価格宣言！
タイムゾーン,'+09:00
ダウンロード日時,2026/02/21 04:35
送信者タイプ,送信者名,送信日,送信時刻,内容
Account,応答メッセージ,2026/02/05,12:49:41,"shoさん
はじめまして！にこにこ買取＠業界最高の買取価格宣言！です。
友だち追加ありがとうございます！
にこにこ買取です(moon big smile)

ポケモンカードなどトレーディングカード全般の買取を行っております。
買取ご希望のお客様はなんでもお気軽に連絡してください(saluting man)

ご郵送買取の流れはメニューから”郵送買取の流れ”をご確認ください(sparkle)

ご郵送買取ご希望の場合にはメニューの”申し込みフォーム”からご申請が可能となっております。

お問い合わせなどはお気にご連絡ください。"
User,sho,2026/02/05,14:28:53,査定お願いします
User,sho,2026/02/05,14:30:13,ムニキスゼロ　シュリあり　3箱　7500
User,sho,2026/02/05,14:30:21,写真を送信しました。
User,sho,2026/02/05,14:30:45,ムニキスゼロ　シュリなし　１箱　7000
User,sho,2026/02/05,14:31:58,師弟の絆　１箱　6000
User,sho,2026/02/05,14:32:05,写真を送信しました。
User,sho,2026/02/05,14:32:05,写真を送信しました。
User,sho,2026/02/05,14:32:31,送信が取り消されたメッセージです
User,sho,2026/02/05,14:32:37,写真を送信しました。
User,sho,2026/02/05,14:32:37,写真を送信しました。
User,sho,2026/02/05,14:33:21,EGGHEAD CRISIS 42箱　11500
User,sho,2026/02/05,14:33:38,ワンピースカードすべてテープ付きです
Account,内藤夏樹,2026/02/05,14:39:27,"毎々、お世話になっております。
本日お申込み多数につき〆切となりました。"
User,sho,2026/02/06,12:37:32,査定お願いします
User,sho,2026/02/06,12:38:06,EGGHEAD CRISIS 42箱　11600
User,sho,2026/02/06,12:38:11,写真を送信しました。
User,sho,2026/02/06,12:38:12,写真を送信しました。
User,sho,2026/02/06,12:38:48,ムニキスゼロ　シュリあり　3箱　
User,sho,2026/02/06,12:39:02,ムニキスゼロ　シュリなし　１箱　
User,sho,2026/02/06,12:39:09,写真を送信しました。
User,sho,2026/02/06,12:39:09,写真を送信しました。
Account,内藤夏樹,2026/02/06,12:41:42,"毎々、お世話になっております。  
御見積書を送付いたします。

- 買取見積書 -

・ワンピースカード　EGGHEAD CRISIS  
42箱　単価11,600円　小計487,200円

・ポケモンカード　ムニキスゼロ  
3箱　単価7,300円　小計21,900円

・ポケモンカード　ムニキスゼロ（シュリンク無し）  
1箱　単価6,800円　小計6,800円

合計箱数：46箱  
合計：515,900円  
減額合計：0円  
最終買取金額：515,900円

【注意事項】
* この見積もりを印刷して商品に同梱してください。
* 1枚の印刷が難しい場合は、スクリーンショットの分割でも可能です。
* 同梱がない場合、査定が遅れることがあります。
* 同梱物などの詳細は、メニューの「ご利用方法」を確認してください。
* メニューから申請と発送を行い、発送後は必ず追跡番号を連絡してください。

ご確認のほど、よろしくお願いいたします。"
User,sho,2026/02/06,13:03:24,身分証（マイナンバーカード）のコピーと住民票も同梱するのでしょうか？
User,sho,2026/02/06,13:03:59,郵送にてお願いする場合
Account,内藤夏樹,2026/02/06,13:12:09,初めてお取引の場合にはご本人確認資料が必要です。
User,sho,2026/02/06,13:35:42,買取お願いします
Account,内藤夏樹,2026/02/06,13:59:44,はい、ご申請と発送をよろしくお願い申し上げます。
User,sho,2026/02/06,15:31:05,"着払いにて発送させて頂きました
よろしくお願いします"
User,sho,2026/02/06,15:31:24,写真を送信しました。
Account,内藤夏樹,2026/02/06,15:37:01,ありがとうございました。
Account,内藤夏樹,2026/02/07,11:40:56,"この度は買取査定のご依頼をいただき、誠にありがとうございます。
査定結果をお知らせいたします。

【査定明細】
■ ワンピースカード
・EGGHEAD CRISIS：40箱 × 11,600円 = 464,000円
■ ポケモンカード
・ムニキスゼロ：3箱 × 7,300円 = 21,900円
・ムニキスゼロ(シュリンク無し)：1箱 × 6,800円 = 6,800円
小計：492,700円

【減額内容】
減額なし
減額合計：0円

💰 最終買取金額：492,700円
合計箱数：44箱

【返送対象】
・EGGHEAD CRISIS：2箱(損傷のため)
返送商品につきましては、別途ご連絡させていただきます。
なお、輸送トラブルによる損傷の場合には、お客様からヤマト運輸様へ直接ご連絡いただきますようお願い申し上げます。
また、弊社での保管も可能ですので、ご希望の際はお申し付けください。"
User,sho,2026/02/07,11:44:57,箱損傷2箱、減額ありで買取難しいでしょうか？
Account,内藤夏樹,2026/02/07,11:48:07,"減額対応が難しいです。
申し訳ございません。"
User,sho,2026/02/07,11:48:21,了解しました
Account,内藤夏樹,2026/02/07,11:54:00,ご了解いただきありがとうございます。
