﻿アカウント名,にこにこ買取＠業界最高の買取価格宣言！
タイムゾーン,'+09:00
ダウンロード日時,2026/02/21 04:35
送信者タイプ,送信者名,送信日,送信時刻,内容
Account,応答メッセージ,2026/01/10,23:33:49,"りゅう　IRHさん
はじめまして！にこにこ買取＠業界最高の買取価格宣言！です。
友だち追加ありがとうございます！
にこにこ買取です(moon big smile)

ポケモンカードなどトレーディングカード全般の買取を行っております。
買取ご希望のお客様はなんでもお気軽に連絡してください(saluting man)

ご郵送買取の流れはメニューから”郵送買取の流れ”をご確認ください(sparkle)

ご郵送買取ご希望の場合にはメニューの”申し込みフォーム”からご申請が可能となっております。

お問い合わせなどはお気にご連絡ください。"
User,りゅう　IRH,2026/01/16,14:19:19,"THE BEST vol.2
52個
4600円
お願いします"
Account,内藤夏樹,2026/01/16,14:26:47,"毎々、お世話になっております。
ベスト2は〆切となりました🙇🏻‍♂️"
User,りゅう　IRH,2026/01/16,15:28:30,師弟の絆カートンあります
Account,内藤夏樹,2026/01/16,15:28:41,有難うございます♪
Account,内藤夏樹,2026/01/16,15:28:48,ぜひお売りください🙇🏻‍♂️
Account,内藤夏樹,2026/01/16,15:28:53,写真を送信しました。
User,りゅう　IRH,2026/01/16,15:29:02,ベスト2買ってくれるなら
Account,内藤夏樹,2026/01/16,15:30:06,カートンはおいくつお持ちでしょうか。
User,りゅう　IRH,2026/01/16,15:30:14,1です
Account,内藤夏樹,2026/01/16,15:34:31,ザベスト2は規定数が集まりましたため、申し訳ございません🙇🏻‍♂️
Account,内藤夏樹,2026/01/16,15:34:53,"カートン単価は
1000円アップ可能です。
ご検討頂けますと幸甚に存じます。"
User,りゅう　IRH,2026/01/18,10:50:14,"THE BEST vol.2
52個
4500円
お願いします"
Account,内藤夏樹,2026/01/18,10:50:40,ありがとうございます！
Account,内藤夏樹,2026/01/18,10:50:57,師弟の絆は売ってしまいましたでしょうか。
Account,内藤夏樹,2026/01/18,10:53:00,"毎々、お世話になっております。
御見積書を送付いたします。

- 買取見積書 -

・ワンピースカード
THE BEST vol.2 BOX
52箱
単価 4,500円
小計 234,000円

減額項目：
・該当なし

合計：234,000円
減額合計：-0円
最終買取金額：234,000円

※20箱以上の分量のため、送料は弊社負担（着払い）でお送りください。

【注意事項】
こちらのお見積もりを印刷して商品に同梱してください。
同梱がない場合には査定が遅れる場合がございます。
ご確認のほど、よろしくお願いいたします。"
User,りゅう　IRH,2026/01/18,10:55:27,写真を送信しました。
User,りゅう　IRH,2026/01/18,10:56:05,イオンの人にやられたのですが減額ありますか？
User,りゅう　IRH,2026/01/18,10:57:01,写真を送信しました。
User,りゅう　IRH,2026/01/18,10:57:11,あとはきれいです
Account,内藤夏樹,2026/01/18,10:57:23,ラベル痕は問題ないです。
Account,内藤夏樹,2026/01/18,10:57:31,2枚目の写真は凹みでしょうか？
User,りゅう　IRH,2026/01/18,10:57:47,2枚目はなにもないです
Account,内藤夏樹,2026/01/18,10:58:08,問題ないです
User,りゅう　IRH,2026/01/18,11:01:20,"では送りましょうか？
ダンボール120だと入らなくて140になるのですが"
Account,内藤夏樹,2026/01/18,11:01:37,大丈夫です。
Account,内藤夏樹,2026/01/18,11:01:55,"¥74,000です。"
Account,内藤夏樹,2026/01/18,11:02:46,"毎々、お世話になっております。
御見積書を送付いたします。

- 買取見積書 -

・ワンピースカード
THE BEST vol.2 BOX
52箱
単価 4,500円
小計 234,000円

・ワンピースカード
師弟の絆 カートン
1ケース
単価 74,000円
小計 74,000円

減額項目：
・該当なし

合計：308,000円
減額合計：-0円
最終買取金額：308,000円

※20点以上の分量のため、送料は弊社負担（着払い）でお送りください。

【注意事項】
こちらのお見積もりを印刷して商品に同梱してください。
同梱がない場合には査定が遅れる場合がございます。
ご確認のほど、よろしくお願いいたします。"
User,りゅう　IRH,2026/01/18,11:50:56,写真を送信しました。
Account,内藤夏樹,2026/01/18,11:51:49,ありがとうございました。
User,りゅう　IRH,2026/01/21,12:45:32,"入金ありがとうございます
王族30お願いします"
Account,内藤夏樹,2026/01/21,12:50:18,"毎々お世話になっております！
王族の血統は大口のお申し込みにつき〆切させていただきました。
またよろしくお願いします。"
User,りゅう　IRH,2026/01/22,12:21:43,王族31 5100お願いします
Account,内藤夏樹,2026/01/22,12:23:54,"毎々お世話になっております。
承知しました！"
Account,内藤夏樹,2026/01/22,12:24:39,"買取見積書 -

・ワンピースカード 王族の血統 BOX 31箱 単価 5,100円 小計 158,100円

減額項目： ・該当なし

合計：158,100円 減額合計：-0円 最終買取金額：158,100円

※20箱以上の分量のため、送料は弊社負担（着払い）でお送りください。

【注意事項】 こちらのお見積もりを印刷して商品に同梱してください。 同梱がない場合には査定が遅れる場合がございます。 ご確認のほど、よろしくお願いいたします。"
User,りゅう　IRH,2026/01/22,12:29:23,王族カートンもありますがいりますか？
Account,内藤夏樹,2026/01/22,12:29:48,いただけたら幸いです。
User,りゅう　IRH,2026/01/22,12:30:37,では王族30boxと王族１カートンでお願いします
Account,内藤夏樹,2026/01/22,12:31:01,承知しました。
Account,内藤夏樹,2026/01/22,12:31:10,EB-02などあればご協力をお願いします。
Account,内藤夏樹,2026/01/22,12:32:33,"* 買取見積書 -

・ワンピースカード
王族の血統 BOX
30箱
単価 5,100円
小計 153,000円

・ワンピースカード
王族の血統 カートン
1ケース
単価 67,500円
小計 67,500円

減額項目：
・該当なし

合計：220,500円
減額合計：-0円
最終買取金額：220,500円

※20点以上の分量のため、送料は弊社負担（着払い）でお送りください。

【注意事項】
こちらのお見積もりを印刷して商品に同梱してください。
同梱がない場合には査定が遅れる場合がございます。
ご確認のほど、よろしくお願いいたします。"
User,りゅう　IRH,2026/01/22,16:31:47,写真を送信しました。
User,りゅう　IRH,2026/01/22,16:31:47,写真を送信しました。
Account,内藤夏樹,2026/01/22,16:36:30,ありがとうございました。
Account,内藤夏樹,2026/01/23,17:55:44,"買取見積書 -

・ワンピースカード 王族の血統 BOX 30箱 単価 5,100円 小計 153,000円

・ワンピースカード 王族の血統 カートン 1ケース 単価 67,500円 小計 67,500円

減額項目： 
・王族の血統 BOX（減額） 
1箱：-1,000円 
・王族の血統 BOX（減額）
 3箱：-2,400円

合計：220,500円 
減額合計：-3,400円 
最終買取金額：217,100円"
User,りゅう　IRH,2026/01/23,22:51:21,了解致しました
Account,内藤夏樹,2026/01/24,14:06:12,"いつも当店をご利用いただき、誠にありがとうございます。

お預かりしておりましたお品物の検品が完了いたしましたので、ご指定の口座へお振り込みの手続きをさせていただきました。 併せてご確認いただけますと幸いです。

この度はご利用いただき、重ねて御礼申し上げます。 またの機会がございましたら、ぜひお手伝いをさせていただけますと幸いです。"
User,りゅう　IRH,2026/01/30,12:54:34,"Best2 35個
王族8個お願いします"
Account,内藤夏樹,2026/01/30,12:56:11,"毎々お世話になっております。
いずれも本日は〆切となってしまいました。"
User,りゅう　IRH,2026/02/03,12:49:13,"best2 48個
EGGHEAD 1個
お願いします"
Account,内藤夏樹,2026/02/03,12:55:49,"毎々、お世話になっております。
ベスト2が〆切となっております🙇🏻‍♂️🙇🏻‍♂️"
User,りゅう　IRH,2026/02/04,12:20:12,"ベスト2は今日は買取してないのですね
王族はまだいけますか？"
Account,内藤夏樹,2026/02/04,12:21:01,"毎々お世話になっております。
ベスト2のカートンのみ買取対象とさせていただいております。"
Account,内藤夏樹,2026/02/04,12:21:09,王族はまだ大丈夫です。
User,りゅう　IRH,2026/02/04,12:21:59,では王族29とエグべ1で
User,りゅう　IRH,2026/02/04,12:22:19,数もう一度確認して連絡します
Account,内藤夏樹,2026/02/04,12:25:29,エグベとはEB-04でよろしいでしょうか・・・。
User,りゅう　IRH,2026/02/04,12:25:55,送信が取り消されたメッセージです
User,りゅう　IRH,2026/02/04,12:26:22,EGGHEAD
Account,内藤夏樹,2026/02/04,12:30:59,承知しました。
User,りゅう　IRH,2026/02/04,12:43:09,"王族26
EGGHEAD1
七海3"
User,りゅう　IRH,2026/02/04,12:43:16,これでお願いします
Account,内藤夏樹,2026/02/04,12:49:18,"毎々、お世話になっております。  
御見積書を送付いたします。

- 買取見積書 -

・ワンピースカード　王族の血統  
26箱　単価5,100円　小計132,600円

・ワンピースカード　EGGHEAD CRISIS  
1箱　単価11,000円　小計11,000円

・ワンピースカード　蒼海の七傑  
3箱　単価7,100円　小計21,300円

合計箱数：30箱  
合計：164,900円  
減額合計：0円  
最終買取金額：164,900円

【注意事項】
* この見積もりを印刷して商品に同梱してください。
* 1枚の印刷が難しい場合は、スクリーンショットの分割でも可能です。
* 同梱がない場合、査定が遅れることがあります。
* 同梱物などの詳細は、メニューの「ご利用方法」を確認してください。
* メニューから申請と発送を行い、発送後は必ず追跡番号を連絡してください。

ご確認のほど、よろしくお願いいたします。"
User,りゅう　IRH,2026/02/04,17:20:12,写真を送信しました。
User,りゅう　IRH,2026/02/05,12:22:32,"best2 48個
お願いします"
Account,内藤夏樹,2026/02/05,12:23:39,"毎々、お世話になっております。  
御見積書を送付いたします。

- 買取見積書 -

・ワンピースカード　THE BEST vol.2  
48箱　単価4,900円　小計235,200円

合計箱数：48箱  
合計：235,200円  
減額合計：0円  
最終買取金額：235,200円

【注意事項】
* この見積もりを印刷して商品に同梱してください。
* 1枚の印刷が難しい場合は、スクリーンショットの分割でも可能です。
* 同梱がない場合、査定が遅れることがあります。
* 同梱物などの詳細は、メニューの「ご利用方法」を確認してください。
* メニューから申請と発送を行い、発送後は必ず追跡番号を連絡してください。

ご確認のほど、よろしくお願いいたします。"
User,りゅう　IRH,2026/02/05,12:27:36,送信が取り消されたメッセージです
User,りゅう　IRH,2026/02/05,12:27:55,"師弟の絆 31個
受け継がれる意志　5個
heroines edition　　4個"
User,りゅう　IRH,2026/02/05,12:28:01,追加いけますか？
Account,内藤夏樹,2026/02/05,12:36:24,大丈夫です。
Account,内藤夏樹,2026/02/05,12:36:48,"毎々、お世話になっております。  
御見積書を送付いたします。

- 買取見積書 -

・ワンピースカード　THE BEST vol.2  
48箱　単価4,900円　小計235,200円

・ワンピースカード　師弟の絆  
31箱　単価6,000円　小計186,000円

・ワンピースカード　受け継がれる意志  
5箱　単価15,000円　小計75,000円

・ワンピースカード　Heroines Edition  
4箱　単価13,900円　小計55,600円

合計箱数：88箱  
合計：551,800円  
減額合計：0円  
最終買取金額：551,800円

【注意事項】
* この見積もりを印刷して商品に同梱してください。
* 1枚の印刷が難しい場合は、スクリーンショットの分割でも可能です。
* 同梱がない場合、査定が遅れることがあります。
* 同梱物などの詳細は、メニューの「ご利用方法」を確認してください。
* メニューから申請と発送を行い、発送後は必ず追跡番号を連絡してください。

ご確認のほど、よろしくお願いいたします。"
User,りゅう　IRH,2026/02/05,12:46:53,重たくてboxが潰れてしまうので2つの段ボールで発送してもよろしいでしょうか？
Account,内藤夏樹,2026/02/05,12:55:41,"はい、大丈夫です。
過剰な梱包にならないようにご配慮いただけると助かります。"
User,りゅう　IRH,2026/02/05,12:56:12,ありがとうございます
Account,内藤夏樹,2026/02/05,13:09:49,よろしくお願い申し上げます。
User,りゅう　IRH,2026/02/05,15:32:05,写真を送信しました。
Account,内藤夏樹,2026/02/06,20:03:29,"この度は買取査定のご依頼をいただき、誠にありがとうございます。
査定結果をお知らせいたします。

【査定明細】
■ ワンピースカード
・THE BEST vol.2：48箱 × 4,900円 = 235,200円
・師弟の絆：31箱 × 6,000円 = 186,000円
・受け継がれる意志：5箱 × 15,000円 = 75,000円
・Heroines Edition：4箱 × 13,900円 = 55,600円
小計：551,800円

【減額内容】
・THE BEST vol.2 損傷3点：-500円 × 3 = -1,500円
・受け継がれる意志 損傷1点：-800円 × 1 = -800円
・Heroines Edition 損傷3点：-800円 × 3 = -2,400円
減額合計：-4,700円

💰 最終買取金額：547,100円"
Account,内藤夏樹,2026/02/06,20:03:53,写真を送信しました。
Account,内藤夏樹,2026/02/06,20:03:54,写真を送信しました。
Account,内藤夏樹,2026/02/06,20:03:54,写真を送信しました。
Account,内藤夏樹,2026/02/06,20:03:54,写真を送信しました。
Account,内藤夏樹,2026/02/06,20:03:54,送信が取り消されたメッセージです
Account,内藤夏樹,2026/02/06,20:04:03,抜取り写真。
User,りゅう　IRH,2026/02/06,20:29:38,減額の理由もよく分からないですねなんの問題もなさそうにも見えますけど
Account,内藤夏樹,2026/02/06,20:33:02,"大変申し訳ございません。
ご返送も可能です。"
User,りゅう　IRH,2026/02/06,20:35:06,説明してもらえますか？
User,りゅう　IRH,2026/02/06,20:36:06,あと私インフルエンサーですのでXに投稿させていただきます
Account,内藤夏樹,2026/02/06,20:39:18,"減額の理由についてご説明いたします。
弊社ではトレーディングカード商品の買取・販売にあたり、「再販可能な状態であるか」を基準に価格を設定しております。トレーディングカードはコレクター商品としての性質上、カード本体の状態だけでなく、外箱やパッケージの状態（凹み、擦れ、破れ、汚れ等）も商品価値に直接影響いたします。
お送りいただいた商品を確認させていただいたところ、外装に状態の劣化が見られたため、通常価格からの減額とさせていただきました。
なお、先にもお伝えいたしましたとおり、減額にご納得いただけない場合にはご返送も承っておりますので、お気軽にお申し付けください。
何卒ご理解賜りますようお願い申し上げます。"
User,りゅう　IRH,2026/02/06,20:40:19,減額の10boxの写真お願いします
Account,内藤夏樹,2026/02/06,20:41:05,"承知いたしました。
少々お時間を頂けますようお願い申し上げます。"
User,りゅう　IRH,2026/02/06,20:50:50,あ、7boxですね
User,りゅう　IRH,2026/02/06,20:52:05,"わたしりゅうママと申します
このことはXに投稿させて頂いても宜しいでしょうか？"
User,りゅう　IRH,2026/02/06,20:52:35,写真を送信しました。
User,りゅう　IRH,2026/02/06,20:52:46,これが-800円だと
Account,内藤夏樹,2026/02/06,20:54:52,"投稿につきましてはお客様のご判断にお任せいたします。
弊社としましては商品状態に基づく査定を行っておりますので、ご不明な点がございましたら引き続きご説明させていただきます。

減額対象の商品写真につきましては、現在準備中ですので少々お待ちください。"
User,りゅう　IRH,2026/02/06,20:55:35,返送の場合はそちらが送料負担していただけるのですか？
Account,内藤夏樹,2026/02/06,21:09:06,"お待たせいたしました。
減額対象商品の個別写真をお送りいたします。
特に減額幅が大きい商品につきましては、高額商品であるため、外箱・パッケージの状態が再販価格に直接影響いたします。そのため、商品外装の状態を考慮した上での査定とさせていただいております。
ご不明な点がございましたらお気軽にお申し付けください。
何卒ご理解賜りますようお願い申し上げます。

返送の場合、弊社利用規約に基づき着払いにて発送させていただきます。"
Account,内藤夏樹,2026/02/06,21:09:17,写真を送信しました。
Account,内藤夏樹,2026/02/06,21:09:18,写真を送信しました。
Account,内藤夏樹,2026/02/06,21:09:18,写真を送信しました。
Account,内藤夏樹,2026/02/06,21:09:26,"ザベスト2
2箱"
Account,内藤夏樹,2026/02/06,21:09:37,写真を送信しました。
Account,内藤夏樹,2026/02/06,21:09:37,写真を送信しました。
Account,内藤夏樹,2026/02/06,21:09:37,写真を送信しました。
Account,内藤夏樹,2026/02/06,21:09:37,写真を送信しました。
Account,内藤夏樹,2026/02/06,21:10:00,"ヒロインズエディション
3箱"
Account,内藤夏樹,2026/02/06,21:10:09,写真を送信しました。
Account,内藤夏樹,2026/02/06,21:10:18,"受け継がれる意思
1箱"
User,りゅう　IRH,2026/02/06,21:10:37,写真を送信しました。
User,りゅう　IRH,2026/02/06,21:10:44,これが-500で
User,りゅう　IRH,2026/02/06,21:10:57,写真を送信しました。
User,りゅう　IRH,2026/02/06,21:11:08,これが-800ですか？
Account,内藤夏樹,2026/02/06,21:13:51,写真を送信しました。
Account,内藤夏樹,2026/02/06,21:13:53,"ご不快な思いをさせてしまい申し訳ございません。
前述の通り、高額商品につきましては再販時の価格帯が高くなるため、外装の状態が販売価格に与える影響も大きくなります。そのため、結果として減額幅も大きくなってしまう場合がございます。"
Account,内藤夏樹,2026/02/06,21:14:02,また、最初にお送りした写真が一方向からのみの撮影でわかりにくく、ご不安を与えてしまい申し訳ございませんでした。
User,りゅう　IRH,2026/02/06,21:14:44,"もういいですよ
振り込みその金額で振り込みしてください"
Account,内藤夏樹,2026/02/06,21:15:48,"承知いたしました。
それでは査定金額にてお振込みの手続きを進めさせていただきます。"
Account,内藤夏樹,2026/02/06,21:16:54,お振込みが完了いたしましたのでご確認くださいませ。
