﻿アカウント名,にこにこ買取＠業界最高の買取価格宣言！
タイムゾーン,'+09:00
ダウンロード日時,2026/02/21 04:35
送信者タイプ,送信者名,送信日,送信時刻,内容
Account,応答メッセージ,2025/10/10,11:44:59,"ジャンさん
はじめまして！にこにこ買取＠業界最高の買取価格宣言！です。
友だち追加ありがとうございます！
にこにこ買取です(moon big smile)

ポケモンカードなどトレーディングカード全般の買取を行っております。
買取ご希望のお客様はなんでもお気軽に連絡してください(saluting man)

ご郵送買取の流れはメニューから”郵送買取の流れ”をご確認ください(sparkle)

ご郵送買取ご希望の場合にはメニューの”申し込みフォーム”からご申請が可能となっております。

お問い合わせなどはお気にご連絡ください。"
User,ジャン,2025/11/06,16:00:08,"こんにちは、今日買取を予約したいです。
メガシンフォニア：41個　シュリンク付きです。
予約番号をお願いします。"
Account,内藤夏樹,2025/11/06,16:24:01,"毎々、お世話になっております。
今お見積もり送ります。"
Account,内藤夏樹,2025/11/06,16:24:35,"毎々、お世話になっております。  
御見積書を送付いたします。

- 買取見積書 -
  ・ポケモンカード　メガシンフォニア　41箱　単価7,700円　小計315,700円

合計箱数：41箱
合計：315,700円  
減額合計：0円  
最終買取金額：315,700円

20箱以上のため、送料は弊社負担でお送りください。

ご確認のほど、よろしくお願いいたします。​​​​​​​​​​​​​​​​"
User,ジャン,2025/11/06,16:34:45,はい、わかりました。
User,ジャン,2025/11/06,16:35:28,発送準備しますので、よろしくお願いいたします。
Account,内藤夏樹,2025/11/06,16:37:30,よろしくお願い申し上げます。
User,ジャン,2025/11/06,17:25:18,商品を発送されました。
User,ジャン,2025/11/06,17:25:24,写真を送信しました。
Account,内藤夏樹,2025/11/06,17:25:33,ありがとうございました。
User,ジャン,2025/11/07,18:31:22,すいません、商品を受け取りましたか？
Account,内藤夏樹,2025/11/07,19:26:51,"毎々、お世話になっております。
検品が終了し、振込みをしました。"
User,ジャン,2025/11/08,00:11:53,ありがとうございます😊
User,ジャン,2025/11/29,13:27:01,"こんにちは、今日買取を予約したいです。
バトルパートナーズ：12個シュリンク付き
ブラックボルト：12個シュリンク付きです。
予約番号をお願いします。"
Account,内藤夏樹,2025/11/29,13:27:51,"毎々、お世話になっております。  
御見積書を送付いたします。

- 買取見積書 -
・ポケモンカード　バトルパートナーズ　12箱　単価7,700円　小計92,400円  
・ポケモンカード　ブラックボルト　12箱　単価9,300円　小計111,600円

合計箱数：24箱
合計：204,000円  
減額合計：0円  
最終買取金額：204,000円

20箱以上のため、送料は弊社負担でお送りください。

ご確認のほど、よろしくお願いいたします。"
User,ジャン,2025/11/29,13:35:14,はい、発送準備します。よろしくお願いします。
User,ジャン,2025/11/29,15:08:28,写真を送信しました。
User,ジャン,2025/11/29,15:08:37,商品を発送されました。
User,ジャン,2025/12/02,12:24:20,"こんにちは、今日買取を予約したいです。
Mega ドリーム：79個シュリンク付きです。
予約番号をお願いします。"
Account,AIチャットボット(β),2025/12/02,12:24:20,情報利用許可のお願い
User,ジャン,2026/01/26,16:28:40,"こんにちは、今日買取を予約したいです。
500年後の未来Op-07 カートン：1個
500年後の未来 Op-07：4個
メモリアルコレクション
• EB-01：2個
双璧の覇者OP-06: 3個
Heroines Edition EB-03: 1個
二つの伝説Op-08: 1個
予約をお願いします。
"
User,ジャン,2026/01/26,16:54:06,買取をしませんか？
Account,内藤夏樹,2026/01/26,16:54:24,お申し込み受付は終了となりました
User,ジャン,2026/01/27,14:38:56,"こんにちは、今日買取を予約したいです。
500年後の未来Op-07 カートン：1個
500年後の未来 Op-07：4個
メモリアルコレクション
• EB-01：2個
双璧の覇者OP-06: 3個
Heroines Edition EB-03: 1個
二つの伝説Op-08: 1個
予約をお願いします。
"
Account,内藤夏樹,2026/01/27,14:42:29,お申し込み受付は終了となりました
User,ジャン,2026/01/27,14:44:09,申し込み受付は何時までですか？
User,ジャン,2026/01/28,12:31:09,"こんにちは、今日買取を予約したいです。
500年後の未来Op-07 カートン：1個
500年後の未来 Op-07：4個
メモリアルコレクション
• EB-01：2個
双璧の覇者OP-06: 3個
Heroines Edition EB-03: 1個
予約をお願いします。
"
User,ジャン,2026/01/28,12:31:51,今日は買取をしませんか？
Account,内藤夏樹,2026/01/28,12:33:00,"毎々、お世話になっております。  
御見積書を送付いたします。

- 買取見積書 -

・ワンピースカード　500年後の未来  
1カートン　単価110,000円　小計110,000円

・ワンピースカード　500年後の未来  
4箱　単価8,200円　小計32,800円

・ワンピースカード　メモリアルコレクション  
2箱　単価10,500円　小計21,000円

・ワンピースカード　双璧の覇者  
3箱　単価12,100円　小計36,300円

・ワンピースカード　Heroines Edition  
1箱　単価10,800円　小計10,800円

合計箱数：22箱  
合計：210,900円  
減額合計：0円  
最終買取金額：210,900円

【注意事項】
* この見積もりを印刷して商品に同梱してください。
* 1枚の印刷が難しい場合は、スクリーンショットの分割でも可能です。
* 同梱がない場合、査定が遅れることがあります。
* 同梱物などの詳細は、メニューの「ご利用方法」を確認してください。
* メニューから申請と発送を行い、発送後は必ず追跡番号を連絡してください。

ご確認のほど、よろしくお願いいたします。"
User,ジャン,2026/01/28,13:06:55,はい、発送準備しますので、よろしくお願いします。
Account,内藤夏樹,2026/01/28,13:09:52,よろしくお願い申し上げます。
User,ジャン,2026/01/28,16:30:18,写真を送信しました。
User,ジャン,2026/01/28,16:30:27,商品を発送されました。
User,ジャン,2026/02/05,12:34:23,"こんにちは、買取を予約したいです。
メガドリーム　：60個シュリンク付き
ムニキスゼロ：20個シュリンク付き
お願いします。"
Account,内藤夏樹,2026/02/05,12:37:24,"毎々、お世話になっております。  
御見積書を送付いたします。

- 買取見積書 -

・ポケモンカード　メガドリームex  
60箱　単価10,100円　小計606,000円

・ポケモンカード　ムニキスゼロ  
20箱　単価7,500円　小計150,000円

合計箱数：80箱  
合計：756,000円  
減額合計：0円  
最終買取金額：756,000円

【注意事項】
* この見積もりを印刷して商品に同梱してください。
* 1枚の印刷が難しい場合は、スクリーンショットの分割でも可能です。
* 同梱がない場合、査定が遅れることがあります。
* 同梱物などの詳細は、メニューの「ご利用方法」を確認してください。
* メニューから申請と発送を行い、発送後は必ず追跡番号を連絡してください。

ご確認のほど、よろしくお願いいたします。"
User,ジャン,2026/02/05,18:10:30,写真を送信しました。
User,ジャン,2026/02/05,18:10:37,商品を発送されました。
Account,内藤夏樹,2026/02/06,19:34:39,お世話になっております。検品を進めておりますが、メガドリームにほとんど凹みの破損がありますので、全てを開始させていただきます。ご了承いただけますと幸いです。またジャンさんの方からヤマト運輸にお問い合わせをする場合には弊社で保管しますので、ご指示いただけますと助かります。なお梱包段ボールの外傷はありませんでした。
Account,内藤夏樹,2026/02/06,19:34:44,写真を送信しました。
User,ジャン,2026/02/06,19:40:23,まじで、何個凹みですか？
Account,内藤夏樹,2026/02/06,19:42:22,ほとんど全てですのでそのまま返します。
User,ジャン,2026/02/06,19:44:40,ムニキスゼロは　okですか？
User,ジャン,2026/02/06,19:50:41,メガドリームは検品して、okなら買取します。不具合のboxは返品してよろしいですか？
Account,内藤夏樹,2026/02/06,19:51:00,"ムニキスはOKです。
全て不具合のため返品します。"
User,ジャン,2026/02/06,19:52:47,ごめんなさい🙇‍♀️、返品お願いしますq
