﻿アカウント名,にこにこ買取＠業界最高の買取価格宣言！
タイムゾーン,'+09:00
ダウンロード日時,2026/02/21 04:35
送信者タイプ,送信者名,送信日,送信時刻,内容
Account,応答メッセージ,2025/05/02,20:33:00,"川崎 俊博さん
はじめまして！にこにこ買取＠業界最高の買取価格宣言！です。
友だち追加ありがとうございます！
にこにこ買取です(moon big smile)

ポケモンカードなどトレーディングカード全般の買取を行っております。
買取ご希望のお客様はなんでもお気軽に連絡してください(saluting man)

ご郵送買取の流れは以下の”郵送買取の流れ”をご確認ください(sparkle)

お問い合わせなどはお気軽にメッセージからご連絡ください(phone)"
Account,応答メッセージ,2025/05/02,20:33:00,写真を送信しました。
Account,応答メッセージ,2025/05/02,20:33:00,写真を送信しました。
User,川崎 俊博,2025/08/03,14:59:55,"郵送買取お願いしたいのですが可能でしょうか？
ポケカ
熱風　12box
ロケット団 13box
ホワイトフレア　14box
ブラックボルト　9box
で考えています。
可能でしたら買取価格提示お願いします！"
Account,内藤夏樹,2025/08/03,15:42:04,"毎々、お世話になっております。

現在は買取を停止しております。
よろしくお願い申し上げます。"
User,川崎 俊博,2025/08/03,15:42:27,了解しました！
User,川崎 俊博,2025/08/12,16:32:48,"ロケット団の栄光/23/9300
メガシンフォニア/5/7300

こちら買取可能でしょうか？"
Account,内藤夏樹,2025/08/12,16:33:10,"毎々、お世話になっております。
ありがとうございました。可能です。"
Account,内藤夏樹,2025/08/12,16:33:18,今お見積もりをお送りします。
Account,内藤夏樹,2025/08/12,16:33:57,"毎々、お世話になっております。  
御見積書を送付いたします。

- 買取見積書 -
・ポケモンカード　ロケット団の栄光　23箱　単価9,300円　小計213,900円  
・メガシンフォニア　5箱　単価7,300円　小計36,500円

減額項目：なし

合計：250,400円  
減額合計：0円  
最終買取金額：250,400円

ご確認のほど、よろしくお願いいたします。"
User,川崎 俊博,2025/08/12,16:35:58,ロケット団箱軽度の潰れがあるかもしれないのですがOKかNGか判断つかないので後ほど写真送ってもいいでしょうか？
Account,内藤夏樹,2025/08/12,16:36:38,"もちろんでございます。
事前に確認が可能です。"
User,川崎 俊博,2025/08/12,16:37:51,了解致しました！後ほど写真送らせていただきます🙇‍♂️
User,川崎 俊博,2025/08/12,17:16:51,写真を送信しました。
User,川崎 俊博,2025/08/12,17:16:51,写真を送信しました。
User,川崎 俊博,2025/08/12,17:16:51,写真を送信しました。
User,川崎 俊博,2025/08/12,17:17:06,こちら3点になりますがどうでしょうか？
User,川崎 俊博,2025/08/12,17:45:37,買取厳しいでしょうか？
Account,内藤夏樹,2025/08/12,17:58:03,"3枚目の角のものだけは
-500円ほどさせていただくかなと言うような感触でございました。"
User,川崎 俊博,2025/08/12,17:58:57,大丈夫です！あとメガシンフォニアもう1box追加してもいいでしょうか？
Account,内藤夏樹,2025/08/12,17:59:08,"それ以外は問題ないように見えます。

最終的には現物を見て判断となることはご了承頂けますようにお願い申し上げます。"
User,川崎 俊博,2025/08/12,17:59:22,了解です！
Account,内藤夏樹,2025/08/12,17:59:24,大丈夫です！
User,川崎 俊博,2025/08/12,17:59:54,では急いで発送してきます🙇‍♂️
Account,内藤夏樹,2025/08/12,18:00:42,"ありがとうございました。

追ってで構いません。
買取のご申請もよろしくお願い申し上げます。"
User,川崎 俊博,2025/08/12,18:01:45,申請しました！
User,川崎 俊博,2025/08/12,18:19:46,写真を送信しました。
User,川崎 俊博,2025/08/12,18:19:48,発送完了しましたのでよろしくお願いします！
Account,内藤夏樹,2025/08/12,20:06:49,ありがとうございました。
Account,内藤夏樹,2025/08/13,18:54:48,"毎々、お世話になっております。  
御見積書を送付いたします。

- 買取見積書 -
・ポケモンカード　ロケット団の栄光　23箱　単価9,300円　小計213,900円  
・メガシンフォニア　5箱　単価7,300円　小計36,500円

減額項目：
・凹み（ロケット団の栄光）：-500円 × 1点 = -500円

合計：250,400円  
減額合計：-500円  
最終買取金額：249,900円

ご確認のほど、よろしくお願いいたします。
"
User,川崎 俊博,2025/08/13,18:58:01,お世話になってます！メガシンフォニア5箱から1箱追加して全部で6箱になっているはずですが確認できますか？
Account,内藤夏樹,2025/08/13,19:00:23,"大変申し訳ございません
追加しておりませんでした"
Account,内藤夏樹,2025/08/13,19:00:31,今すぐに不足分を振り込みします。
User,川崎 俊博,2025/08/13,19:01:53,"紛らわしくてすいませんがよろしくお願いします。
また次回お願いしたいと思いますので今後もよろしくお願いします。"
Account,内藤夏樹,2025/08/13,19:04:40,"とんでもないです。
よろしくお願いいたします。"
User,川崎 俊博,2025/08/23,10:47:51,"お世話になってます！本日もしくは明日買取の方はやってますでしょうか？
メガブレイブ60〜70box
メガシンフォニア50〜60boxぐらいで考えてます"
Account,内藤夏樹,2025/08/23,11:54:15,"毎々、お世話になっております。
未定となっております🙇🏻‍♂️"
User,川崎 俊博,2025/08/23,12:00:34,了解致しました
User,川崎 俊博,2025/08/24,13:58:08,お世話になってます。本日メガブレイブ買取は可能でしょうか？
Account,内藤夏樹,2025/08/24,14:17:00,"毎々、お世話になっております。
本日はワンピースカードのみお受けしておりました。"
User,川崎 俊博,2025/08/24,14:17:18,了解致しました
User,川崎 俊博,2025/09/03,17:50:24,"お世話になってます。メガブレイブ32box
メガシンフォニア16box買取可能でしょうか？"
User,川崎 俊博,2025/09/03,18:09:31,タイミング合わなそうですね😂本日付け発送18:30までなので明後日着でも良ければお願いしたいです🙇‍♂️
Account,内藤夏樹,2025/09/03,18:10:05,"毎々、お世話になっております。
遅くなり申し訳ございません！
買取させてください🙇🏻‍♂️"
Account,内藤夏樹,2025/09/03,18:10:25,追って見積もりしますので、発送できたらお願いします🙇🏻‍♂️
User,川崎 俊博,2025/09/03,18:10:52,ありがとうございます😭急いで発送してきます！買取申込書発送後でもいいですか？
Account,内藤夏樹,2025/09/03,18:11:24,"大丈夫です！
住所わかりますか？"
User,川崎 俊博,2025/09/03,18:11:37,わかります！
Account,内藤夏樹,2025/09/03,18:11:50,"請求先および発送先
株式会社AiGIVE 内藤宛
940-0864
新潟県長岡市川崎3-2366-7-103
070-9126-7304"
User,川崎 俊博,2025/09/03,18:28:01,写真を送信しました。
User,川崎 俊博,2025/09/03,18:28:09,ギリ間に合いました！
User,川崎 俊博,2025/09/03,18:28:14,よろしくお願いします🙇‍♂️
User,川崎 俊博,2025/09/03,19:05:11,申し込み書の書き込みあとスクショだけなのでお待ちしてます！🙏
Account,内藤夏樹,2025/09/03,19:44:22,"ありがとうございました。
少しだけお待ちください🙇🏻‍♂️"
Account,内藤夏樹,2025/09/03,20:04:05,"メガブレイブ9600×32
メガシンフォニア8400×16"
Account,内藤夏樹,2025/09/03,20:04:16,簡易的となり申し訳ございません、こちらにて申請をよろしくお願い申し上げます。
User,川崎 俊博,2025/09/03,20:04:39,了解です！
User,川崎 俊博,2025/09/03,20:07:06,"送信できてますでしょうか？
今週から来週にかけてブレイブまだ150くらい届くのでまたお願いできたらなと思います！
よろしくお願いします🙇‍♂️"
Account,内藤夏樹,2025/09/03,20:26:10,"毎々、お世話になっております。
ありがとうございました。
追って確認します。"
Account,内藤夏樹,2025/09/03,20:26:19,"すごいですね！
コンビニ回収ですか？"
User,川崎 俊博,2025/09/03,20:29:30,いえ、botです！amazonやってるのでw
Account,内藤夏樹,2025/09/03,20:37:51,"素晴らしいですね。
組織でやっているのですか。"
User,川崎 俊博,2025/09/03,20:44:41,1人でやってますよ🙆‍♂️
Account,内藤夏樹,2025/09/04,09:50:43,"素晴らしいですね。

お金払うので教えてくださいw

iPhoneにも取り組んでいますか？"
User,川崎 俊博,2025/09/04,12:29:18,"discordで情報収集してますが💡
買える時と買えない時のむらがあるので教えるほどじゃないですよw
iPhoneはamazon垢バン喰らうしAppleもむらがあるのでここ最近はamazonしかやってないです！"
Account,内藤夏樹,2025/09/04,12:53:58,"すごいですね！
もしならお金払うので教えてくださいね"
User,川崎 俊博,2025/09/04,19:08:16,bot経験ありますか？
User,川崎 俊博,2025/09/04,19:10:19,そーいえば買取してるのはポケカ、ワンピ以外何かありますか？
Account,内藤夏樹,2025/09/04,19:14:42,"今、査定が終了しましたのでご申請をお願いします。
すぐに振り込みします。"
Account,内藤夏樹,2025/09/04,19:15:01,芸術的な梱包でした。。。SNSに掲載させていただきます。。。
Account,内藤夏樹,2025/09/04,19:20:30,"毎々、お世話になっております。  
御見積書を送付いたします。

- 買取見積書 -
・ポケモンカード　メガブレイブ　32箱　単価9,600円　小計307,200円  
・ポケモンカード　メガシンフォニア　16箱　単価8,400円　小計134,400円

合計：441,600円  
減額合計：0円  
最終買取金額：441,600円

ご確認のほど、よろしくお願いいたします。"
User,川崎 俊博,2025/09/04,19:21:52,写真を送信しました。
User,川崎 俊博,2025/09/04,19:21:54,"申請しました🙏梱包大丈夫ならよかったです🙇‍♂️
続々とまた届いてるのでまたお願いします！
写真こっちで送信してしまったんですが大丈夫ですか？"
Account,内藤夏樹,2025/09/04,19:28:18,大丈夫です！
Account,内藤夏樹,2025/09/04,19:29:56,"すごく昔にあります・・・。
最近の複雑になったものはないですね。"
Account,内藤夏樹,2025/09/04,19:30:22,"ぜひ、教えてほしいです。
対価はもちろんありでかまいません。"
User,川崎 俊博,2025/09/04,19:33:43,"了解しました！botの件検討させてくださいw
煽る通り最近botも複雑なので使いこなせるまであんまりおすすめできないですw
4〜6月なんて不調でほぼ買えてませんでしたから😂
転売discordでの専属買取とか興味ありますか？
興味あれば紹介出来るかもですが聞いてみますよ💡"
Account,内藤夏樹,2025/09/04,19:40:25,"ぜひそうしてください🥰
ありがたいです。"
User,川崎 俊博,2025/09/04,19:43:13,ちょっと聞いてみますね！
Account,内藤夏樹,2025/09/04,19:48:30,ありがとうございます😊
User,川崎 俊博,2025/09/04,19:52:58,"でもオーナー自体買取してるので期待しないでください🙏
iPhoneも買取してるんですか？"
Account,内藤夏樹,2025/09/04,19:58:30,オーナー買取してたらあかんすねw
Account,内藤夏樹,2025/09/04,19:58:45,"iPhoneだけやってみたいのですよ
普通に早く欲しくて、、、笑"
User,川崎 俊博,2025/09/04,19:59:48,botですか？
User,川崎 俊博,2025/09/04,20:00:54,ちょっと前に試験的に始めたみたいで、、、w
Account,内藤夏樹,2025/09/04,20:02:17,はい
Account,内藤夏樹,2025/09/04,20:02:29,エコシステムは考えつきますよね
User,川崎 俊博,2025/09/04,20:08:32,"Appleは去年caspian aioってゆーbotがよく取れてました💡
私は持ってないですけど触りだけぐらいならアドバイス出来ると思います💡
アカウントは100〜数千アカウント作成して
プロキシも1000本〜ぐらい持たないとコンスタントにたくさん買えないよーな世界ですけどそれでもやってみたいです？w
amazonなんて私2000アカウントくらい作りましたからね😇"
Account,内藤夏樹,2025/09/04,20:12:39,やはりやばい世界でした
Account,内藤夏樹,2025/09/04,20:14:25,専門知識と、プログラム経験がないと厳しそうです。
User,川崎 俊博,2025/09/04,20:30:04,"ここ数年転売ヤー多いので買うのも大変なんですよw
supremeのハイプなんて数千タスク回さないと大量に買えません😂
販売前とかにいい商材あれば狙うので言ってください💡
狙えるやつは狙うのでw
iPhone対応出来そうなら代行しますよ💡注意点ありますがあとはpickupなので店舗受け取りになると思います💡"
Account,内藤夏樹,2025/09/04,20:37:44,"ありがとうございます

ピックアップということは新潟では厳しいですかね！"
User,川崎 俊博,2025/09/04,20:39:03,"都内に代理で受取してくれる人がいないと厳しいです💡
私は代理で受取してもらってました💡"
Account,内藤夏樹,2025/09/04,20:39:23,そんな優しい人いるんですねw
User,川崎 俊博,2025/09/04,20:47:22,代行代払ってましたけどねw
Account,内藤夏樹,2025/09/05,07:37:48,"おはようございます。

色々調べてみます。
ディスコードは秘匿性の高いものですかね"
User,川崎 俊博,2025/09/05,07:55:00,"おはようございます！discordよりbotの方が秘匿性が高いです！
本気でbotやりたいならalertsjpいいかもです💡"
Account,内藤夏樹,2025/09/05,08:32:22,"まずは川﨑さんに会いに行くことから
はじめますね！笑

直接買取できるものあれば
行きますのでお声掛けください"
User,川崎 俊博,2025/09/05,12:33:47,"私ただのおっさんですよw
その時はぜひお願いします！"
Account,内藤夏樹,2025/09/05,15:30:53,知らない世界すぎて、聞いてみたいです
User,川崎 俊博,2025/09/05,19:29:53,大したネタないと思いますw
Account,内藤夏樹,2025/09/06,11:30:26,"おはようございます。
楽しみにしています"
Account,内藤夏樹,2025/09/06,11:30:33,写真使わせていただきました🙇🏻‍♂️
User,川崎 俊博,2025/09/06,19:02:42,失敗を重ねたどり着いた箱と梱包になりますw
Account,内藤夏樹,2025/09/07,12:51:14,"感動しました。
また、よろしくお願い申し上げます。"
User,川崎 俊博,2025/09/07,16:32:39,こちらこそお願いします！ブレイブ54box本日郵送いけますか？
Account,内藤夏樹,2025/09/07,16:33:08,シンフォニアはなしですか！？
User,川崎 俊博,2025/09/07,16:36:23,シンフォニアあった方がいいですか？
Account,内藤夏樹,2025/09/07,16:36:50,シンフォニア不足で悩んでいましたw
User,川崎 俊博,2025/09/07,16:36:54,何個かあるので確認します
Account,内藤夏樹,2025/09/07,16:37:06,助かります🙇🏻‍♂️
User,川崎 俊博,2025/09/07,16:37:34,"シンフォニア最近やってなかったので最後の在庫ですw
必要ならbot回しますよw"
Account,内藤夏樹,2025/09/07,16:38:51,回しましょうw
Account,内藤夏樹,2025/09/07,16:39:06,冗談です、ブレイブの方が利益いいので、、、
Account,内藤夏樹,2025/09/07,16:39:16,なんかあるかわかればすぐに見積もり送ります
Account,内藤夏樹,2025/09/07,16:43:08,何個か
User,川崎 俊博,2025/09/07,16:43:50,"久しぶりに垢バン食らったのでちょっとブレイブ回収しそこねてますw
とりあえずシンフォ23個あるのでブレイブ31boxシンフォ23boxで見積もりください！"
Account,内藤夏樹,2025/09/07,16:52:56,承知しました！
Account,内藤夏樹,2025/09/07,16:53:28,"毎々、お世話になっております。  
御見積書を送付いたします。

- 買取見積書 -
  ・ポケモンカード　メガブレイブ　31箱　単価10,500円　小計325,500円  
  ・ポケモンカード　メガシンフォニア　23箱　単価7,400円　小計170,200円

合計：495,700円  
減額合計：0円  
最終買取金額：495,700円

ご確認のほど、よろしくお願いいたします。​​​​​​​​​​​​​​​​"
User,川崎 俊博,2025/09/07,16:54:50,買取よろしくお願いします！
Account,内藤夏樹,2025/09/07,17:00:38,よろしくお願い申し上げます。
User,川崎 俊博,2025/09/07,17:02:28,写真を送信しました。
User,川崎 俊博,2025/09/07,17:02:37,これ買取大丈夫ですか？
Account,内藤夏樹,2025/09/07,17:03:14,他の角度も頂けますか？
User,川崎 俊博,2025/09/07,17:09:40,写真を送信しました。
User,川崎 俊博,2025/09/07,17:09:47,こんな感じですね
Account,内藤夏樹,2025/09/07,17:10:52,"大丈夫そうです！
最終的には現物見てとなりますが、この種ならば-500程度の減額範囲です。"
User,川崎 俊博,2025/09/07,17:13:24,了解です！それでお願いします！
Account,内藤夏樹,2025/09/07,17:15:33,ありがとうございます😊
User,川崎 俊博,2025/09/07,17:25:40,発送完了したらまた連絡しますのでよろしくお願いします！
Account,内藤夏樹,2025/09/07,17:27:35,ありがとうございました。
User,川崎 俊博,2025/09/07,18:00:31,写真を送信しました。
User,川崎 俊博,2025/09/07,18:00:57,発送完了しましたのでよろしくお願いします！
Account,内藤夏樹,2025/09/08,07:40:26,ありがとうございました。
Account,内藤夏樹,2025/09/08,19:00:25,満額にてお振込みをしました。
Account,内藤夏樹,2025/09/08,19:00:27,ありがとうございます。
Account,内藤夏樹,2025/09/08,19:02:04,"とりあえず AlartJP などにジョインしてみています。
Botを購入することから始まるって感じですかね。

右も左もって感じで過去ログ見ながら頑張っていますが、串とかよくわからない単語ばかりで…わら"
User,川崎 俊博,2025/09/08,19:13:27,"お世話になってます！え、満額でいいんですか？
ありがとうございます🙇‍♂️"
User,川崎 俊博,2025/09/08,19:15:25,"alerts jp情報早いし正解だと思います！
botの購入からですね💡
串はプロキシの事です！プロキシはわかりますか？"
Account,内藤夏樹,2025/09/08,19:16:33,たくさんいただいているので！
User,川崎 俊博,2025/09/08,19:17:01,ありがとうございます！まだまだお願いしますw
Account,内藤夏樹,2025/09/08,19:17:30,"なるほど🧐
なにから始めたらいいかもわからないw

プロキシは調べて理解しました。
アカウント
プロキシ
クレカ
を用意する必要があるけど、手段をこれから理解するタイミングです"
User,川崎 俊博,2025/09/08,19:23:47,"アカウントはappleですか？基本的にはアカウントを作るツールがあるのでそーゆうの使って作ってます💡
で、アカウントを作る時にプロキシを使います
なぜかというと全部同じipアドレスで作ると同一人物とみなされbanの対象になりかねないからです💡購入も一緒です。同じipアドレスで購入するとキャンセルが来たりデメリットばかりです
クレカは地道に作るなりバーチャルカードを使うなりって感じですね💡"
User,川崎 俊博,2025/09/08,19:24:30,"バーチャルカードはこれおすすめです💡
6000万人以上のユーザーに愛用されているRevolutに登録しよう。登録は以下のリンクから行なっていただけます： https://revolut.com/referral/?referral-code=toshiha2wg!AUG2-25-AR-JP-H1&geo-redirect"
Account,内藤夏樹,2025/09/08,19:25:16,"ありがとうございました。
原理はある程度理解しました。

アカウントやクレカも手作業な訳ないですよね、、、"
Account,内藤夏樹,2025/09/08,19:26:33,アカウントはまずとっつきやすそうなものから手始めにやってみるかと考えています
User,川崎 俊博,2025/09/08,19:27:47,"クレカはすごい人だと何百枚所有してると思いますw
アカウントはRaffleReaperってゆーツールがあるのでそれで作ってます💡"
Account,内藤夏樹,2025/09/08,19:29:08,"やばあ！笑
地道な努力もあるんですね、、、"
User,川崎 俊博,2025/09/08,19:31:35,そーですねwアカウント作りとプロキシ探しはまじで努力必要です！
Account,内藤夏樹,2025/09/08,20:03:09,"甘く見ていました。
それらもすべて自動化されている元の理解していました、、、"
Account,内藤夏樹,2025/09/08,20:03:11,ものと
User,川崎 俊博,2025/09/08,20:09:05,"アカウントはツールで自動化出来ますけどスムーズに作れる時と作れない時があります😅
以前bot触ったのはsupremeとかですか？"
Account,内藤夏樹,2025/09/09,08:53:29,"おはようございます！

そうです！
もう10年も前になるので何もわからないですw"
User,川崎 俊博,2025/09/09,18:38:20,"10年前だとマシモとかですかね💡そこまで行くと私もわからんですw
amazon垢ban500垢以上来ましたw"
Account,内藤夏樹,2025/09/09,21:30:55,そうですね、何も覚えていないですw
Account,内藤夏樹,2025/09/09,21:31:09,メガブレイブとメガシンフォニア１００ずつ探していますがお持ちでしょうか？
User,川崎 俊博,2025/09/09,21:33:10,"ブレイブだけあります
明日届く分入れると多分50くらいはあると思います
少し凹みがあるやつ入れれば60ぐらいあったと思いますw"
Account,内藤夏樹,2025/09/09,21:33:51,"ブレイブありがとうございます！
凹みは多少なら問題なしです。

シンフォニアなんとかなりませんかね・・・"
Account,内藤夏樹,2025/09/09,21:34:00,どうしても１００探していて
Account,内藤夏樹,2025/09/09,21:34:40,"メガブレイブ　５０　１０２００
メガシンフォニア　１２０　７４００

価格です。"
User,川崎 俊博,2025/09/09,21:34:58,ちょっと聞いてみます
Account,内藤夏樹,2025/09/09,21:35:15,すみません手間かけます。
Account,内藤夏樹,2025/09/09,21:36:02,シンフォニーがあと５０で大丈夫です。
User,川崎 俊博,2025/09/09,21:36:56,"お盆くらいに500くらい買った人居るんでw
まじでその人化け物ですw"
User,川崎 俊博,2025/09/09,21:37:20,返信来たらまた連絡します
Account,内藤夏樹,2025/09/09,21:37:49,化け物すぎる・・・
User,川崎 俊博,2025/09/09,21:39:04,"師匠的な人ですwアドバイスしかもらったことないけどw
ポケセン1000垢持ってるみたいですwww"
Account,内藤夏樹,2025/09/09,21:40:10,本物だ。
User,川崎 俊博,2025/09/09,21:41:15,まじでえぐいですよwwwだから私なんて足元にも及ばないw
Account,内藤夏樹,2025/09/09,21:41:43,いやいや私からすると神のような存在です
User,川崎 俊博,2025/09/09,21:47:47,いつまでにとかありますか？
Account,内藤夏樹,2025/09/09,21:54:19,できたら木曜日弊社着です
Account,内藤夏樹,2025/09/09,21:55:13,"集まりそうなので無理言わなくてもよくなりました。
ご協力ありがとうございます。"
User,川崎 俊博,2025/09/09,21:56:20,了解です!
Account,内藤夏樹,2025/09/09,21:56:47,ご協力に感謝です。
User,川崎 俊博,2025/09/09,21:58:02,また何かあればよろしくおねがいします！
Account,内藤夏樹,2025/09/09,21:58:18,もちろんです！
Account,内藤夏樹,2025/09/13,06:59:23,"毎々、お世話になっております。

iPhoneやりましたか？"
User,川崎 俊博,2025/09/13,07:02:39,やってないですwやりました？
Account,内藤夏樹,2025/09/13,07:04:46,"まだbot慣れなくて
参戦しましたが発売日到着を逃しました🙇🏻‍♂️"
User,川崎 俊博,2025/09/13,07:06:25,何タスクくらい組みました？
Account,内藤夏樹,2025/09/13,07:08:48,"まだ購入してないです！

色々聞いている段階でした"
User,川崎 俊博,2025/09/13,07:23:15,なるほど！botはmake aioとcaspian aioが強いと思います💡2年前makeで結構買いました💡
Account,内藤夏樹,2025/09/13,10:00:41,"GBがあるので
Caspitain でやってみようかと思います"
Account,内藤夏樹,2025/09/13,10:00:56,アカウントは手作業がいいとか、、、気が遠くなります
Account,内藤夏樹,2025/09/13,10:01:06,カード問題はまだ解決していないです
User,川崎 俊博,2025/09/13,12:43:38,"caspianになる前のbot持ってましたけどなかなかいいbotでしたよ！
トータル的に見るとmake1強ですが去年はappleいまいちでした💡
アカウントはどーなんだろ、
手作業してる時間ないので私はツール使ってます💡
この前GBあったアルカナとかラッフルリーパーでアカウント作るのが楽です！
カードはバーチャルでもいいのでたくさんあった方がいいですけど作りすぎると限度額の上限も借金と見なされて銀行お金貸してくれなくなるって聞きましたw"
Account,内藤夏樹,2025/09/15,09:29:29,"お世話になります！
色々ありがとうございました。

クレカのその件は厳しいですね、、、。笑

今年はiPhoneやりました？"
Account,内藤夏樹,2025/09/15,09:29:44,"可能なら19日に
プロマオレンジ欲しいんですよね"
User,川崎 俊博,2025/09/15,09:32:39,"バーチャルとかデビットなら大丈夫なはずです💡
今年はやってないですw
でも受取代行してくれる人いたらやろうかなって感じです💡"
Account,内藤夏樹,2025/09/15,09:33:34,"ありがとうございます！

川崎さんはAmazon何アカウント回しているんですか？"
User,川崎 俊博,2025/09/15,09:35:25,先週アカウント1300くらいbanされたので今は1000くらいです！
Account,内藤夏樹,2025/09/15,09:38:10,1000!?
Account,内藤夏樹,2025/09/15,09:38:18,もう訳わかんないです
User,川崎 俊博,2025/09/15,09:38:31,私少ない方ですよw
User,川崎 俊博,2025/09/15,09:50:10,そーいえばappleゲスト購入今の所可能なのでアカウント作らなくて大丈夫かもです💡
Account,内藤夏樹,2025/09/15,09:50:37,これは片手間では厳しい気がしてきましたw
Account,内藤夏樹,2025/09/15,09:51:04,自分のアカウントでピックアップしてもらうための購入をするってことですね
Account,内藤夏樹,2025/09/15,09:51:07,か？
User,川崎 俊博,2025/09/15,09:52:36,ツールにbotにプロキシに規模がデカくなればなるほどランニングコストもいい額になってますw
Account,内藤夏樹,2025/09/15,09:53:02,"ですよね。
興味心を持ちましたが
冷静になってきました"
User,川崎 俊博,2025/09/15,09:53:36,去年はたしかログインしないと購入できなかったんですけど今年は今の所ログインしなくても買えますね
User,川崎 俊博,2025/09/15,09:54:55,買ったらapple idに紐付けしてやる事も可能なのかなって感じです💡
User,川崎 俊博,2025/09/15,09:59:12,"やるなら
1.配送先住所をできるだけ増やす
2.クレカを増やす
3.使えるプロキシを見つけてくる

この3点が重要になってきます。
1,2は何タスク被せても大丈夫な販売先もありますけど3を見つけるのはとにかく大変な時がありますw"
Account,内藤夏樹,2025/09/15,10:14:06,"例えばAmazonの抽選品だけ絞り
10個くらい欲しいなって感じだと
500アカくらいいりますかね？

とにかく時間をあまりかけずに
できたらと甘えていましたw"
User,川崎 俊博,2025/09/15,10:22:04,"商材によると思いますけど500は余裕でいります！
シンフォニアは30/2000
ロケット団　15/2000
バトパ　1〜2/1500
switch 2 10/1500
ブレイブ応募し忘れてるかもみたいなかんじですw"
Account,内藤夏樹,2025/09/15,10:23:24,えぐいな。
Account,内藤夏樹,2025/09/15,10:23:55,"例えば慣れてない人が
この半分を実行するなら
相当の工数必要ですよね"
User,川崎 俊博,2025/09/15,10:28:21,"まずamazonアカウントの作成にはツールが必要なのでアルカナかラッフルリーパー用意してそこからですねw
で、メアド、sms認証とプロキシ代は常時かかってきます。"
User,川崎 俊博,2025/09/15,14:30:20,本日ブレイブ買取可能ですか？
Account,内藤夏樹,2025/09/15,14:46:35,"毎々、お世話になっております！
何箱ありますか！？"
User,川崎 俊博,2025/09/15,14:47:01,54boxあります！
Account,内藤夏樹,2025/09/15,14:47:35,今だいぶだぶついていまして、価格渋くなっちゃうかもです。。。
User,川崎 俊博,2025/09/15,14:48:19,1万切ります？
Account,内藤夏樹,2025/09/15,14:48:41,9600ですね、、、
User,川崎 俊博,2025/09/15,14:49:32,おぉ、でしたらまた次回お願いします🙏
Account,内藤夏樹,2025/09/15,14:49:43,よろしくお願い申し上げます🙇
User,川崎 俊博,2025/09/21,15:43:31,"シンフォニア60ぐらい買ったんですがまだ欲してますか？いらなきゃリリースしますw
ブレイブも30くらいあった気がしますが10箱少し箱潰れあります"
Account,内藤夏樹,2025/09/21,15:44:48,"毎々、お世話になっております。

欲しいです！
箱潰れは前回程度なら大丈夫です🙆"
Account,内藤夏樹,2025/09/21,15:45:48,"ブレイブ9800
シンフォニア7200"
User,川崎 俊博,2025/09/21,15:48:53,"了解致しました！シンフォニアまだ届いてないので届いたら送ります！
ブレイブ後ほど写真送ります🙏ちょっと本日&平日は仕事の関係で翌日着で発送厳しいのですが翌々日になる場合は買取してもらえますか？"
Account,内藤夏樹,2025/09/21,15:49:37,"はい！
発送だけしていただければ問題ございません🙇🏻‍♂️"
User,川崎 俊博,2025/09/21,15:50:46,"了解しました！ロケット団とかもあるので後ほど相談させてください！
iPhone買えましたか？"
Account,内藤夏樹,2025/09/21,15:51:09,"はい！
よろしくお願い申し上げます。"
Account,内藤夏樹,2025/09/21,15:51:26,iPhoneはプレ値で買いました！笑
User,川崎 俊博,2025/09/21,15:54:02,プレ値ですかw今年はbotの動き悪くなさそうですけどクレカまわりがガチガチのセキュリティでなかなか決済通すのが難しいみたいですw
User,川崎 俊博,2025/09/21,18:56:17,写真を送信しました。
User,川崎 俊博,2025/09/21,18:56:17,写真を送信しました。
User,川崎 俊博,2025/09/21,18:56:17,写真を送信しました。
User,川崎 俊博,2025/09/21,18:56:17,写真を送信しました。
User,川崎 俊博,2025/09/21,18:56:18,写真を送信しました。
User,川崎 俊博,2025/09/21,18:56:18,写真を送信しました。
User,川崎 俊博,2025/09/21,18:56:18,写真を送信しました。
User,川崎 俊博,2025/09/21,18:56:18,写真を送信しました。
User,川崎 俊博,2025/09/21,18:56:18,写真を送信しました。
User,川崎 俊博,2025/09/21,18:56:18,写真を送信しました。
User,川崎 俊博,2025/09/21,18:56:27,箱潰れこんな感じですがどーでしょうか？
Account,内藤夏樹,2025/09/21,21:25:48,"毎々、お世話になっております。

1-2枚目は厳しそうです。

その他は現物見ないとですが、最悪でも800円程度の減額範囲ないです。"
User,川崎 俊博,2025/09/21,21:30:23,"了解です！では次回お願い出来たらと思います！
よろしくお願いします🙇‍♂️"
Account,内藤夏樹,2025/09/21,21:37:35,全部なしですか？
User,川崎 俊博,2025/09/21,21:39:51,いえいえ、今週発送準備したら声かけさせて頂きます！
Account,内藤夏樹,2025/09/21,21:50:30,"申し訳ございません
今日出していただけると勘違いしました🙇🏻‍♂️

価格はまたその時に相談させてください🙇🏻‍♂️"
User,川崎 俊博,2025/09/21,21:56:06,"こちらも紛らわしくてすいません🙏さっきamazonでシンフォニア60個くらい買ったので必要ならキャンセルしないで買取してもらおうと思って聞いてみました🙇‍♂️
価格はその時の価格で大丈夫です！発送できる日また相談させてください！"
Account,内藤夏樹,2025/09/21,22:07:34,"理解しました！
全然買いますので安心してください🙇🏻‍♂️"
User,川崎 俊博,2025/09/21,23:47:05,よろしくお願いします！
Account,内藤夏樹,2025/09/23,10:36:57,"毎々、お世話になっております。
ブレイブとシンフォニアいけそうでしょうか？"
User,川崎 俊博,2025/09/23,12:36:44,"シンフォニアがまだ発送されてないので5個しかないです
今日も仕事なので間に合えば発送させていただきます🙏"
Account,内藤夏樹,2025/09/23,12:36:56,承知しました！
Account,内藤夏樹,2025/09/23,12:37:08,副業でやられているんですか、、、？
User,川崎 俊博,2025/09/23,12:38:50,転売の方は副業ですw
Account,内藤夏樹,2025/09/23,12:39:04,ヤバいっすねえ！笑
User,川崎 俊博,2025/09/23,12:42:34,いや、なかなかランニングコストもあるのできついですよw
Account,内藤夏樹,2025/09/23,12:42:49,確かにそうおっしゃってましたね、、、
Account,内藤夏樹,2025/09/23,12:43:10,結果が出なそうで、まだ取り掛かれていないです
User,川崎 俊博,2025/09/23,12:51:20,"結果出てる時と出てない時の差が激しいですw
最近抽選多いしw"
Account,内藤夏樹,2025/09/24,07:36:27,"おはようございます。
インフェルノどれくらい積めそうですか？
土曜日出荷でぜひ買わせてください。"
User,川崎 俊博,2025/09/24,07:46:54,"おはようございます！amazonの抽選参加出来ずまだ1個しか確保してません😇
私初動弱いんですw少ししたら数積めると思いますがw"
Account,内藤夏樹,2025/09/24,07:53:43,分かりました！
Account,内藤夏樹,2025/09/24,07:54:02,"もし、お知り合いで売れそうな方いたならば
お声がけいただけると嬉しいです"
User,川崎 俊博,2025/09/24,19:27:12,了解です！
User,川崎 俊博,2025/09/27,19:25:57,仕事でした🙏明日あたり買取可能でしたらインフェルノ、ブレイブ、シンフォニア、ブラックボルト、ホワイトフレアの単価教えてください💡
Account,内藤夏樹,2025/09/28,10:35:28,"毎々、お世話になっております！
可能です！

今日は一旦インフェルノだけ
やらせてください🙇🏻‍♂️🙇🏻‍♂️"
User,川崎 俊博,2025/09/28,10:36:57,インフェルノまだ数ないのでそれならまた今度でお願いします🙏
Account,内藤夏樹,2025/09/28,10:37:08,承知しました！
Account,内藤夏樹,2025/10/01,08:46:37,"毎々、お世話になっております。

おはようございます。

近々、以下購入したいです。

メガブレイブ
メガシンフォニア
ブラック
ホワイト

100箱くらいずつを想定しています。
可能でしょうか。"
User,川崎 俊博,2025/10/01,09:11:05,"おはようございます
100箱もないので厳しいです🙏"
Account,内藤夏樹,2025/10/01,09:12:02,"おはようございます。

ある分をいただけたらと思います🙇🏻‍♂️"
User,川崎 俊博,2025/10/01,09:14:42,"なるほどです！
本日でしたらいくつか発送出来ますよ💡"
Account,内藤夏樹,2025/10/01,09:15:08,"ありがとうございます😊

価格は追ってご案内しますね！

何箱くらいありますか？"
User,川崎 俊博,2025/10/01,09:20:40,まだ梱包あけてないのもあるので後で連絡します！
Account,内藤夏樹,2025/10/01,09:21:32,"わかりました。
ありがとうございます😊"
User,川崎 俊博,2025/10/01,17:38:06,"お世話になってます！
メガブレイブ22
メガシンフォニア5
ブラックボルト11
ホワイトフレア10
でお願いします！
メガブレイブ箱潰れ何点かありますので検品減額お願いします🙇‍♂️"
User,川崎 俊博,2025/10/01,17:55:49,発送して大丈夫ですか？
Account,内藤夏樹,2025/10/01,17:58:53,ありがとうございます！
Account,内藤夏樹,2025/10/01,17:58:56,よろしくお願い申し上げます。
User,川崎 俊博,2025/10/01,17:59:38,フォーム後ほど記入して送信しますね！
Account,内藤夏樹,2025/10/01,17:59:41,"メガブレイブ	M1L	¥9,700 22
メガシンフォニア	M1S	¥6,800 5
ブラックボルト	SV11	¥8,300 11
ホワイトフレア	SV12	¥7,200 10"
Account,内藤夏樹,2025/10/01,17:59:44,よろしくお願い申し上げます。
User,川崎 俊博,2025/10/01,18:05:55,写真を送信しました。
User,川崎 俊博,2025/10/01,18:06:06,よろしくお願いします🙇‍♂️
Account,内藤夏樹,2025/10/02,07:06:18,"おはようございます。
ありがとうございます！

メガブレイブとメガシンフォニア100箱ずつ欲しいのですが、集めることできたりしますか・・・？"
User,川崎 俊博,2025/10/02,07:14:00,"おはようございます！
ブレイブ販売止まってしまってるのでちょっと難しいかもです🙏
シンフォニアは60個確保してるんですが発送されない間に相場下がってて、、、て感じです😇"
Account,内藤夏樹,2025/10/02,07:15:10,ブレイブほしいんですよねw
Account,内藤夏樹,2025/10/02,07:15:25,師匠にも聞いていただけると非常に助かります
User,川崎 俊博,2025/10/02,07:20:07,あ、そーいえば広島のyutaって人から問い合わせ前来ませんでした？
Account,内藤夏樹,2025/10/02,07:22:29,来ていないかもしれないです・・・
User,川崎 俊博,2025/10/02,07:26:29,"あれ？中1日着だと断られたとか言ってましたけどw
ちょっと聞いてみます"
Account,内藤夏樹,2025/10/02,07:29:21,"うっすらと記憶があるかもです、、、
もしも川崎さんのお知り合いならそんなケチな事言いませんのでおっしゃってください"
User,川崎 俊博,2025/10/02,09:33:26,ありがとうございます！了解ですw
Account,内藤夏樹,2025/10/02,12:46:01,"毎々、お世話になっております。
御見積書を送付いたします。

買取見積書 -
・ポケモンカード　メガブレイブ　22箱　単価9,700円　小計213,400円
・ポケモンカード　メガシンフォニア　5箱　単価6,800円　小計34,000円
・ポケモンカード　ブラックボルト　11箱　単価8,300円　小計91,300円
・ポケモンカード　ホワイトフレア　10箱　単価7,200円　小計72,000円

減額項目（ある場合）：
・減額項目：-円 × 点 = -円

合計：410,700円
減額合計：0円
最終買取金額：410,700円

ご確認のほど、よろしくお願いいたします。"
User,川崎 俊博,2025/10/02,13:15:10,大丈夫です！
User,川崎 俊博,2025/10/02,13:17:31,あ、入金ありがとうございます🙏確認できました🙇‍♂️
Account,内藤夏樹,2025/10/02,13:45:17,よろしくお願い申し上げます。
User,川崎 俊博,2025/10/02,13:46:25,また減額なしにしてくれたんですね🙏ありがとうございます！
User,川崎 俊博,2025/10/02,19:30:08,"昨日ソムリエにブレイブ出しちゃったみたいですw
いっぱい買取してくれるなら再販分のトウホクとか年末のハイクラス出そうかなって言ってましたよw"
Account,内藤夏樹,2025/10/02,19:31:31,"あちゃ！笑

ぜひ！
頑張りますよ！"
User,川崎 俊博,2025/10/02,19:34:18,"問い合わせの時私の名前出してもらいますね💡
次元超えてるので再販もめっちゃ買うと思いますw"
Account,内藤夏樹,2025/10/02,19:39:47,よろしくお願い申し上げます🥺
User,川崎 俊博,2025/10/02,19:43:28,1000boxとかでもいけますか？って言ってます😂
User,川崎 俊博,2025/10/09,18:46:12,写真を送信しました。
User,川崎 俊博,2025/10/09,18:46:12,写真を送信しました。
User,川崎 俊博,2025/10/09,18:46:13,お世話になってます！ちょっとお聞きしたいのですがこのシール剥がさないで買取してもらう場合は減額になりますか？
Account,内藤夏樹,2025/10/09,21:41:40,"毎々、お世話になっております！
川崎さんの場合はしません！

通常は100円減額です。"
User,川崎 俊博,2025/10/09,21:44:39,"それは助かります🙇‍♂️インフェルノ少し集まってきたので今週あたり買取お願いしたいです💡
また連絡します！"
Account,内藤夏樹,2025/10/10,06:44:27,ぜひ！よろしくお願い申し上げます！
User,川崎 俊博,2025/10/13,15:08:35,"お世話になってます！

インフェルノ27box
ロケット団11box
メガブレイブ4box
ホワイトフレア3box
ブラックボルト3box

こちら買取可能でしょうか？"
Account,内藤夏樹,2025/10/13,15:11:03,可能です！バタバタしていて見積もりは追って作成します！
User,川崎 俊博,2025/10/13,15:11:47,了解です！よろしくお願いします！
User,川崎 俊博,2025/10/13,18:29:12,写真を送信しました。
User,川崎 俊博,2025/10/13,18:29:13,発送完了です！
Account,内藤夏樹,2025/10/14,06:35:36,"買取見積書 -
・ポケモンカード　インフェルノX　27箱　単価14,000円　小計378,000円
・ポケモンカード　ロケット団の栄光　11箱　単価10,200円　小計112,200円
・ポケモンカード　メガブレイブ　4箱　単価10,200円　小計40,800円
・ポケモンカード　ホワイトフレア　3箱　単価8,000円　小計24,000円
・ポケモンカード　ブラックボルト　3箱　単価9,200円　小計27,600円

合計：582,600円
減額合計：0円
最終買取金額：582,600円
ご確認のほど、よろしくお願いいたします。"
User,川崎 俊博,2025/10/14,06:51:28,よろしくお願いします！
Account,内藤夏樹,2025/10/14,06:54:40,ありがとうございました！
Account,内藤夏樹,2025/10/14,06:54:56,"ロケット団って集められたり
しませんか？"
User,川崎 俊博,2025/10/14,06:58:32,"ロケット団再販するタイミングじゃないと厳しいです、、、
今だとインフェルノとテラスタルフェスは比較的行けそうな気はしますが😅"
Account,内藤夏樹,2025/10/14,07:28:09,テラスは謎の大飛躍してしまい、、、笑
User,川崎 俊博,2025/10/14,07:36:40,テラスはbot設定しようとしたら寝落ちしてしまい翌日再販、、、取れてませんw
Account,内藤夏樹,2025/10/14,08:11:01,"寝落ち！笑
しないでください！笑"
Account,内藤夏樹,2025/10/14,19:15:32,"ロケット団の栄光1箱に大きめのつぶれがありましたのでこちらのみ-800円とさせていただきます。
宜しくお願い致します。"
Account,内藤夏樹,2025/10/14,19:15:58,写真を送信しました。
User,川崎 俊博,2025/10/14,19:52:51,お世話になってます！了解しました🙏よろしくお願いします🙇‍♂️
User,川崎 俊博,2025/10/14,19:54:46,今日インフェルノフィーバーしたので届いたらまたお願いします🙏
Account,内藤夏樹,2025/10/14,21:06:54,"ありがとうございました。
振込み完了しております。

フィーバー！
早く売るのが吉っぽいです。"
User,川崎 俊博,2025/10/14,21:09:28,"確認出来ました！いつもありがとうございます🙇‍♂️
抽選20ちょい当たったんですけど他にも20くらい買ったので抽選分キャンセルされなければフィーバーできますw
即売りしたいんですけど発送いつなのかまだ決まってません😅
そしてだいぶ前に買ったシンフォも未だ発送されずです😂"
Account,内藤夏樹,2025/10/14,21:21:02,"そんなにまたされるのですね、、、。

今跳ねたので売り時でした"
User,川崎 俊博,2025/10/14,21:28:02,シンフォすぐ発送されると思ったんですけどね😂
User,川崎 俊博,2025/10/23,12:26:34,写真を送信しました。
User,川崎 俊博,2025/10/23,12:26:34,"お世話になってます！熱風こちら3boxあるんですが買取可能ですか？
シュリンク破れなのですが買取可能でしたらお願いしたいです🙏"
User,川崎 俊博,2025/10/23,12:26:35,写真を送信しました。
User,川崎 俊博,2025/10/23,12:26:35,写真を送信しました。
Account,内藤夏樹,2025/10/23,12:30:58,"毎々、お世話になっております！
3つ目は買取できないです🙇🏻‍♂️

後の二つは-500円でやらせていただけないでしょうか。"
User,川崎 俊博,2025/10/23,12:34:24,"了解です！本日夜pudoでの発送でしたら可能なのですが大丈夫でしょうか？
明日付けでの発送となると思います🙏
合わせてインフェルノも結構あるのですが単価教えてもらえるとありがたいです🙇‍♂️"
Account,内藤夏樹,2025/10/23,12:46:44,"ぜひ！
よろしくお願い申し上げます。"
User,川崎 俊博,2025/10/23,12:47:46,ありがとうございます！後ほどまた連絡します！
Account,内藤夏樹,2025/10/23,12:49:32,インフェルノは本日は15500でいきます☺️
User,川崎 俊博,2025/10/23,12:50:54,でしたら40boxくらいあるのでお願いします！はっきりした数帰宅したら連絡します🙏
Account,内藤夏樹,2025/10/23,13:22:23,承知しました
User,川崎 俊博,2025/10/23,19:01:50,"インフェルノ42box
熱風　シュリンク破れ2box
でお願いします🙇‍♂️
インフェルノ3箱写真で確認しづらい程度の箱潰れありましたので検品の際対応お願いします🙏"
Account,内藤夏樹,2025/10/23,21:20:55,"毎々、お世話になっております。
御見積書を送付いたします。

買取見積書 -
・ポケモンカード　インフェルノX　42箱　単価15,500円　小計651,000円
・ポケモンカード　熱風のアリーナ　2箱　単価11,800円　小計23,600円

合計：674,600円
減額合計：0円
最終買取金額：674,600円
ご確認のほど、よろしくお願いいたします。"
Account,内藤夏樹,2025/10/23,21:21:03,ご申請もお手すきに宜しくお願い致します。
User,川崎 俊博,2025/10/23,21:23:37,申請完了しました！発送完了したら追跡番号連絡しますのでよろしくお願いします🙇‍♂️
User,川崎 俊博,2025/10/23,23:18:03,写真を送信しました。
User,川崎 俊博,2025/10/23,23:18:04,発送完了しましたのでよろしくお願いします！
Account,内藤夏樹,2025/10/25,10:55:22,"買取見積書 -
・ポケモンカード　インフェルノX　42箱　単価15,500円　小計651,000円
・ポケモンカード　熱風のアリーナ　2箱　単価11,300円　小計22,600円

減額項目：
・インフェルノX　凹み：-800円 × 4点 = -3,200円
・熱風のアリーナ　シュリンク破れ：-500円 × 1点 = -500円
合計：673,600円
減額合計：-3,700円
最終買取金額：669,900円"
Account,内藤夏樹,2025/10/25,11:03:25,"計算に誤りがありました。
熱風のアリーナの単価が 500円ずつ不足しておりますので、1,000円を追加でお振込みしました。"
User,川崎 俊博,2025/10/25,12:38:21,了解です！ありがとうございます！
Account,内藤夏樹,2025/10/25,12:40:37,"ありがとうございました！

ありがとうございました。"
User,川崎 俊博,2025/10/25,15:36:19,シンフォニア届きはじめたのでまたよろしくお願いします！
Account,内藤夏樹,2025/10/29,07:36:41,"インフェルノX	M2	¥15,800
メガブレイブ	M1L	¥11,000
メガシンフォニア	M1S	¥7,700
ブラックボルト	SV11	¥9,300
ホワイトフレア	SV12	¥8,300

メガシンフォニアは100箱ほしいです。"
Account,内藤夏樹,2025/10/29,07:36:48,"おはようございます！
シンフォニア来ましたか？"
User,川崎 俊博,2025/10/29,07:39:55,おはようございます！まだ10個くらいです😅11/4日あたりにほぼ届く予定になってます💡
Account,内藤夏樹,2025/10/29,07:40:52,"そうなんですね！
承知しました☺️"
User,川崎 俊博,2025/10/29,07:42:57,他もポツポツ集まってるので集まり次第よろしくお願いします🙇‍♂️
Account,内藤夏樹,2025/10/29,07:43:06,"もちろんです。
承知しました"
User,川崎 俊博,2025/11/09,16:15:31,"お世話になってます！本日こちら買取可能でしょうか？
シンフォニア40box
インフェルノ8box"
Account,内藤夏樹,2025/11/09,16:47:47,"毎々、お世話になっております！
大丈夫です🙇🏻‍♂️"
Account,内藤夏樹,2025/11/09,16:48:25,Amazonのシールは剥がして頂けると助かります🙇🏻‍♂️
Account,内藤夏樹,2025/11/09,16:48:32,"毎々、お世話になっております。  
御見積書を送付いたします。

- 買取見積書 -
  ・ポケモンカード　メガシンフォニア　40箱　単価7,600円　小計304,000円  
  ・ポケモンカード　インフェルノX　8箱　単価14,700円　小計117,600円

合計箱数：48箱
合計：421,600円  
減額合計：0円  
最終買取金額：421,600円

20箱以上のため、送料は弊社負担でお送りください。

ご確認のほど、よろしくお願いいたします。​​​​​​​​​​​​​​​​"
User,川崎 俊博,2025/11/09,16:49:22,ありがとうございます！
User,川崎 俊博,2025/11/09,18:31:58,写真を送信しました。
User,川崎 俊博,2025/11/09,18:32:14,発送完了しましたのでよろしくお願いします
User,川崎 俊博,2025/11/23,16:16:47,"お世話になってます！

インフェルノ　10box
メガブレイブ　29box
メガシンフォニア　6box
ブラッグボルト　1box
ホワイトフレア　2box

こちら買取可能でしょうか？"
User,川崎 俊博,2025/11/23,16:20:08,写真を送信しました。
User,川崎 俊博,2025/11/23,16:20:09,1boxだけメガブレイブ少し凹みありますので確認お願いします
Account,内藤夏樹,2025/11/24,16:26:23,"毎々、お世話になっております。
ご連絡が遅くなり申し訳ございません。

明日価格表を更新します！
よろしくお願い申し上げます。"
User,川崎 俊博,2025/11/24,16:40:46,"いえいえ、おやすみ中すいません！
了解です！さらに追加あったので数量変更＆明日問い合わせします🙇‍♂️
メガドリームも今の所50くらい確保出来たので到着したらよろしくお願いします！"
Account,内藤夏樹,2025/11/24,16:50:07,"承知しました。

メガドリームは発売日に届きそうですか？？"
User,川崎 俊博,2025/11/24,16:52:03,29日から1日になってるんですけどよく到着日変わるので当日ある程度は届きそうな気がします💡はっきりしたら連絡します！
Account,内藤夏樹,2025/11/24,16:52:43,承知しました。
User,川崎 俊博,2025/11/24,16:53:03,よろしくお願いします！
User,川崎 俊博,2025/11/25,18:13:33,お世話になってます！本日夜発送になってしまうんですがインフェルノ48box買取可能でしょうか？
Account,内藤夏樹,2025/11/25,18:15:29,"毎々、お世話になっております。
今週はメガドリームに注力するため、買取は受付終了となりました。

また来週再開します。"
User,川崎 俊博,2025/11/25,18:17:05,了解しました！それではまたよろしくお願いします！
Account,内藤夏樹,2025/11/25,18:51:21,"はい！
ご理解いただき有難うございます！"
User,川崎 俊博,2025/11/25,18:56:53,にこにこさん店舗めの買取もされてるんですか？
Account,内藤夏樹,2025/11/25,19:37:11,はい、店舗というか事務所を場所借して準備しました
User,川崎 俊博,2025/11/25,19:40:25,メガドリーム以外も買取してもらえるならタイミング合えば行こうかなと思って聞いてみました笑
Account,内藤夏樹,2025/11/25,20:24:42,川崎さんは私が会いに行きますのでご足労頂かなくて大丈夫です！
Account,内藤夏樹,2025/11/25,20:24:53,メガドリームEXは発売日持ち込みいただく必要がありますが・・・。
User,川崎 俊博,2025/11/25,20:42:46,"いちいも行きたいんですよ笑
発売日開梱して時間あれば行きます🏃‍➡️"
Account,内藤夏樹,2025/11/25,20:50:32,いちいは１５時くらいまでしかやっていないので気を付けないといけないです！
User,川崎 俊博,2025/11/25,20:55:11,"はいw仕事でよく長岡行ってたんですが行きそびれてますw
タイミング合えば奢るんで行きましょう🍜"
Account,内藤夏樹,2025/11/25,21:01:02,私が奢ります！！2杯食べてください。
User,川崎 俊博,2025/11/25,21:07:22,夜発送の買取してもらってめちゃくちゃ助かってるので今回は私が奢りますよ笑
User,川崎 俊博,2025/12/03,16:05:06,"お世話になってます！ようやくメガドリーム発送出来そうなんですが今日は可能ですか？60boxくらいあった気がします！
買取GOTCHAが13000円で出てるので同等ぐらいでしたらお願いしたいです🙇‍♂️
厳しかったら様子見します！"
Account,AIチャットボット(β),2025/12/03,16:05:07,情報利用許可のお願い
Account,内藤夏樹,2025/12/03,16:14:59,"毎々、お世話になっております。
本日は在庫整理のため買取を停止しております🙇🏻‍♂️"
User,川崎 俊博,2025/12/03,16:17:08,そうでしたか😅ではまた相場みながら声かけさせてもらいます🙏
User,川崎 俊博,2025/12/09,17:21:39,お世話になってます！本日メガドリーム60boxまだ買取可能でしょうか？
Account,AIチャットボット(β),2025/12/09,17:21:41,"現在の買取受付状況は日々変動します。
最新情報はX（旧ツイッター）をご確認ください。
再開は決まり次第、価格表ページ更新とXでご案内します。"
Account,内藤夏樹,2025/12/09,17:37:22,"毎々、お世話になっております。
〆切となりまして、、、。
また、よろしくお願い申し上げます。"
User,川崎 俊博,2025/12/09,17:37:59,了解いたしました！ではまた次回よろしくお願いします🙇‍♂️
User,川崎 俊博,2025/12/16,17:38:56,お世話になってます！メガドリーム84box買取可能ですか？
Account,内藤夏樹,2025/12/16,18:12:33,"毎々お世話になっております。
本日はすべて〆切となりました。
またよろしくお願いします。"
User,川崎 俊博,2025/12/16,18:31:24,了解です！またお願いします！
User,川崎 俊博,2025/12/25,17:34:57,本日買取やってますか？
Account,内藤夏樹,2025/12/27,19:22:10,"毎々、お世話になっております。
遅くなり申し訳ございません。

明日行う予定です。"
User,川崎 俊博,2026/01/21,15:30:22,ご無沙汰してます！メガドリーム 84box買取可能でしょうか？
Account,内藤夏樹,2026/01/21,15:36:11,"毎々、お世話になっております。
大丈夫です！
バトルパートナーズお持ちではないですか？？"
Account,内藤夏樹,2026/01/21,15:37:09,"メガドリームは本日〆切して
価格安くなってしまったので明日まで待てますか？

上がる保証はないですが、お急ぎではなければそうする方が可能性がありましたためご連絡です。

本日このままの場合は
9800円となります。"
User,川崎 俊博,2026/01/21,15:44:00,"バトパは80近くありますが9000円越えたら出そうかなと思ってました😅
メガドリーム 明日でも良いです💡埋もれてますw"
Account,内藤夏樹,2026/01/21,16:25:44,9000円出しますよ🙇🏻‍♂️
User,川崎 俊博,2026/01/21,16:31:17,"やっとバトパ上がってきたな〜と思ってて様子見てたところなんでちょっと検討させてください🙏
すぐ欲しい感じですか？"
Account,内藤夏樹,2026/01/21,16:39:36,"もちろん無理強いはしません！
10箱くらい急ぎで探していました☺️"
User,川崎 俊博,2026/01/21,16:40:16,10箱だけでしたらお譲りしますよ！
Account,内藤夏樹,2026/01/21,16:40:33,"うおー。
有難うございます♪

着払いでお願いできますか？
助かります。"
User,川崎 俊博,2026/01/21,16:41:52,"おっけーです！
着払いありがとうございます！発送したらまた連絡します💁‍♂️"
Account,内藤夏樹,2026/01/21,16:47:33,"有難うございます。
後で構いません。
申請もよろしくお願い申し上げます。"
User,川崎 俊博,2026/01/21,16:48:19,了解です！
Account,内藤夏樹,2026/01/21,16:54:02,有難うございます
User,川崎 俊博,2026/01/21,18:19:29,写真を送信しました。
User,川崎 俊博,2026/01/21,18:20:03,発送完了しました！雪の影響で遅延が発生するかもとのことですのでよろしくお願いします🙇‍♂️
Account,内藤夏樹,2026/01/21,18:26:14,"承知しました。
ありがとうございました。"
User,川崎 俊博,2026/01/22,14:28:56,お世話になってます！メガドリーム今日どんなですか？
Account,内藤夏樹,2026/01/22,14:29:32,本日、9500円になります、、、。
User,川崎 俊博,2026/01/22,14:30:42,やっぱり下がりますよね😅ちょっと検討します🙏
Account,内藤夏樹,2026/01/22,14:35:41,欲しいですが、、、笑
Account,内藤夏樹,2026/01/22,14:35:53,"ちょいとがんばりましょうか
9600円、、、"
User,川崎 俊博,2026/01/22,14:38:14,"まだ在庫200オーバーですw
めっちゃ投げたいのでお願いしますw84boxで🙏"
Account,内藤夏樹,2026/01/22,14:38:27,ありすぎますねw
Account,内藤夏樹,2026/01/22,14:38:33,ありがとうございました。
Account,内藤夏樹,2026/01/22,14:38:54,"9600×84箱
メガドリーム"
User,川崎 俊博,2026/01/22,14:39:56,"投げるタイミング失ってたまりまくりました😅
よろしくお願いします🙇‍♂️"
Account,内藤夏樹,2026/01/22,14:44:51,すっごいわかります
Account,内藤夏樹,2026/01/22,14:45:12,"eb-02をめちゃ探しています。
もしも声かけてくださるようなら、お願いしたいです。"
User,川崎 俊博,2026/01/22,14:47:40,"ワンピですか🙄多分誰も持ってないと思います😅
op-14 2/18に30個くらい届く予定なので相場もってたらお願いします！"
Account,内藤夏樹,2026/01/22,14:47:58,承知しました！
User,川崎 俊博,2026/01/22,18:24:01,写真を送信しました。
User,川崎 俊博,2026/01/22,18:24:02,発送完了しましたのでよろしくお願いします🙇‍♂️
Account,内藤夏樹,2026/01/22,20:31:37,ありがとうございます。
User,川崎 俊博,2026/01/22,21:02:50,入金ありがとうございます！
Account,内藤夏樹,2026/01/22,21:03:19,いつもありがとうございます！
User,川崎 俊博,2026/01/22,21:06:58,こちらこそです🙏またよろしくお願いします！
Account,内藤夏樹,2026/01/23,18:02:27,"・ポケモンカード メガドリームex BOX 84箱 単価 9,600円 小計 806,400円

減額項目： ・メガドリームex BOX（減額） 4箱：-2,000円

合計：806,400円 減額合計：-2,000円 最終買取金額：804,400円"
User,川崎 俊博,2026/01/23,18:09:52,了解致しました！ありがとうございます🙏
Account,内藤夏樹,2026/01/23,18:11:44,ありがとうございました。
User,川崎 俊博,2026/01/23,18:12:20,またよろしくお願いします！
Account,内藤夏樹,2026/01/23,18:22:49,"いつも当店をご利用いただき、誠にありがとうございます。

お預かりしておりましたお品物の検品が完了いたしましたので、ご指定の口座へお振り込みの手続きをさせていただきました。 併せてご確認いただけますと幸いです。

この度はご利用いただき、重ねて御礼申し上げます。 またの機会がございましたら、ぜひお手伝いをさせていただけますと幸いです。

もしよろしければ、X（旧Twitter）にてご利用の感想や口コミを投稿していただけますと、スタッフ一同大変励みになります。

なお、万が一サービス内容にご満足いただけなかった点や、お気づきの点がございましたら、誠意を持って対応させていただきます。 大変お手数ですが、投稿の前に一度ダイレクトメッセージ等でご連絡いただけますと助かります。

今後ともよろしくお願い申し上げます。"
Account,内藤夏樹,2026/01/24,19:26:20,"メガドリーム売っていただけませんか。
200箱探しています！"
User,川崎 俊博,2026/01/24,19:29:11,"すいません、ちょっと今売るタイミングじゃないなと思ってて🙏
ちなみにおいくらでしょうか？"
Account,内藤夏樹,2026/01/24,19:30:21,しょうちしました！
Account,内藤夏樹,2026/01/24,19:30:28,9200円ですね！
User,川崎 俊博,2026/01/24,19:32:49,力になれなくてすいません🙇‍♂️ちょっと他聞いてみます！
Account,内藤夏樹,2026/01/24,19:35:16,"とんでもないです！
有難うございます！"
User,川崎 俊博,2026/01/24,19:36:12,500持ってる人いるのでwww
Account,内藤夏樹,2026/01/24,19:43:53,ちなみになぜ売るタイミングではないと思うのですか？？
User,川崎 俊博,2026/01/24,19:46:53,"もうちょっと市場の数減って来てからかな〜と思ってました💡
ハイクラス結局1年後とかに上がってくるので！"
Account,内藤夏樹,2026/01/24,20:51:30,理解です☺️
User,川崎 俊博,2026/02/05,18:34:59,"お世話になってます！今週夜しか発送出来ないんですがムニキス、メガドリーム、EB-03、受け継がれる意志
ここらへん買取可能でしょうか？"
Account,内藤夏樹,2026/02/05,18:36:22,"毎々、お世話になっております。
もちろんいけますよ😚"
User,川崎 俊博,2026/02/05,18:40:11,"助かります🙏🙏🙏
まだ全部開梱しきれてないのでとりあえずメガドリーム84boxお願いしたいです！"
Account,内藤夏樹,2026/02/05,18:50:55,はい！また行ける時お願いします😚
User,川崎 俊博,2026/02/05,18:52:37,"了解です！多分毎日夜発送します！
本日メガドリーム84box大丈夫ですか？"
Account,内藤夏樹,2026/02/05,18:53:50,"本日行けるんですか！？

今日集めたので、9900円ですが
84箱いかがでしょう。"
User,川崎 俊博,2026/02/05,18:55:35,"行けますが9900円なら明日以降の相場見てまたお願いしたいです🙇‍♂️
すいません🙏"
Account,内藤夏樹,2026/02/05,18:55:48,承知しました。
User,川崎 俊博,2026/02/05,18:57:24,"とりあえず今日他の開梱も済ませるので明日の相場見て早めに問い合わせします！
よろしくお願いします！"
Account,内藤夏樹,2026/02/05,19:09:20,よろしくお願い申し上げます。
User,川崎 俊博,2026/02/06,15:15:22,本日夜発送になりますがメガドリーム84box買取可能でしょうか？
Account,内藤夏樹,2026/02/06,15:16:49,"川崎さん、
今日申込み多数で締め切りましたので
明日以降でまたお願いできますか"
User,川崎 俊博,2026/02/06,15:18:13,了解です！またお願いします！
