﻿アカウント名,にこにこ買取＠業界最高の買取価格宣言！
タイムゾーン,'+09:00
ダウンロード日時,2026/02/21 04:34
送信者タイプ,送信者名,送信日,送信時刻,内容
Account,応答メッセージ,2026/01/18,09:33:53,"久保さん
はじめまして！にこにこ買取＠業界最高の買取価格宣言！です。
友だち追加ありがとうございます！
にこにこ買取です(moon big smile)

ポケモンカードなどトレーディングカード全般の買取を行っております。
買取ご希望のお客様はなんでもお気軽に連絡してください(saluting man)

ご郵送買取の流れはメニューから”郵送買取の流れ”をご確認ください(sparkle)

ご郵送買取ご希望の場合にはメニューの”申し込みフォーム”からご申請が可能となっております。

お問い合わせなどはお気にご連絡ください。"
User,久保,2026/01/18,13:13:29,"初めまして。
買取の方を利用させて頂きたいのですが、九州からの発送だと最短でも月曜午前中になってしまいます。
買取は可能でしょうか?"
Account,内藤夏樹,2026/01/18,13:15:36,"毎々、お世話になっております。
お申込み多数につき一旦〆切となりました🙇🏻‍♂️"
User,久保,2026/01/18,13:15:58,"そうなんですか！
またよろしくお願いします🙇"
User,久保,2026/02/16,14:38:26,"①ドラゴンボール　fb-01
②10箱
"
Account,内藤夏樹,2026/02/16,14:38:40,"毎々、お世話になっております。
今お見積もりをお送りします。"
User,久保,2026/02/16,14:38:44,"①ドラゴンボール　fb-02
②10箱
"
Account,内藤夏樹,2026/02/16,14:39:04,少しお待ちします。
User,久保,2026/02/16,14:39:34,申し訳ございません、焦ってしまいました💦
Account,内藤夏樹,2026/02/16,14:42:11,"とんでもないです🙇🏻‍♂️
以上でお見積もりしてもよろしいでしょうか。"
User,久保,2026/02/16,14:42:31,こちらを20箱に増やしてもよろしいでしょうか?
Account,内藤夏樹,2026/02/16,14:42:51,送信が取り消されたメッセージです
User,久保,2026/02/16,14:42:57,九州からの発送なので到着は明後日の午前中になりますがよろしいでしょうか？
Account,内藤夏樹,2026/02/16,14:43:24,"毎々、お世話になっております。御見積書を送付いたします。
受付ID: P7W3N5
	∙	買取見積書 -
・ドラゴンボールカード　覚醒の鼓動20箱　単価5,900円　小計118,000円
・ドラゴンボールカード　烈火の闘気10箱　単価4,200円　小計42,000円
合計箱数：30箱合計：160,000円減額合計：0円最終買取金額：160,000円
【注意事項】
	∙	段ボールの外側に受付ID（P7W3N5）を大きく記載してください。
	∙	この見積もりを印刷して商品に同梱してください。
	∙	1枚の印刷が難しい場合は、スクリーンショットの分割でも可能です。
	∙	同梱がない場合、査定が遅れることがあります。
	∙	同梱物などの詳細は、メニューの「ご利用方法」を確認してください。
	∙	メニューから申請と発送を行い、発送後は必ず追跡番号を連絡してください。
ご確認のほど、よろしくお願いいたします。​​​​​​​​​​​​​​​​"
Account,内藤夏樹,2026/02/16,14:43:36,かしこまりました。問題ありません。
User,久保,2026/02/16,14:49:55,"ありがとうございます！
初めての利用なんですが、これから申込フォーム入力すればよろしいでしよわうか？"
Account,内藤夏樹,2026/02/16,14:50:33,"有難うございます。

メニューから申請と発送手続きをよろしくお願い申し上げます。"
User,久保,2026/02/16,14:51:57,"こちらをスクショでコピーして同梱すればよろしいでしょうか？
分からずで申し訳ございません。"
Account,内藤夏樹,2026/02/16,14:53:27,"はい、スクリーンショットは申請時に添付をよろしくお願い申し上げます。


こちらの画面を印刷か、別の印刷しやすいものに転記していただいても構いません。"
User,久保,2026/02/16,14:54:42,ありがとうございます！
Account,内藤夏樹,2026/02/16,14:58:54,お手間をおかけしますが、よろしくお願い申し上げます。
User,久保,2026/02/16,15:12:01,今回、30箱なので着払い可能でしょうか?
User,久保,2026/02/16,15:12:26,写真を送信しました。
User,久保,2026/02/16,15:12:50,半額負担ですね！
Account,内藤夏樹,2026/02/16,15:13:33,"ご確認有難うございます。
着払いにて送っていただき、半額は相殺させて頂きます🙇🏻‍♂️"
User,久保,2026/02/16,15:15:58,"ありがとうございます。
同梱書類としては、スクリーンショットのコピーと免許証のコピーのみでよろしかったでしょうか？
住民票は不要でしょうか?"
Account,内藤夏樹,2026/02/16,15:16:31,初回の場合にはご本人確認のため、住民票または印鑑証明の同梱をお願いします。
User,久保,2026/02/16,15:19:41,ありがとうございます。承知しました。
Account,内藤夏樹,2026/02/16,15:25:59,よろしくお願い申し上げます🙇
User,久保,2026/02/16,20:11:13,"発送しております。

クロネコヤマト着払い

467716966275

2/18
午前中着です。


よろしくお願い致します。"
Account,内藤夏樹,2026/02/16,20:24:04,ありがとうございました。
User,久保,2026/02/18,12:14:05,"①ワンピース蒼海の7傑
②2カートン
"
User,久保,2026/02/18,12:14:09,よろしくお願いします！
Account,内藤夏樹,2026/02/18,12:19:18,"毎々、お世話になっております。  
御見積書を送付いたします。

受付ID: D4T7K9

- 買取見積書 -

・ワンピースカード　蒼海の七傑  
2カートン　単価111,000円　小計222,000円

合計箱数：24箱  
合計：222,000円  
減額合計：0円  
最終買取金額：222,000円

【注意事項】
* 段ボールの外側に受付ID（D4T7K9）を大きく記載してください。
* この見積もりを印刷して商品に同梱してください。
* 1枚の印刷が難しい場合は、スクリーンショットの分割でも可能です。
* 同梱がない場合、査定が遅れることがあります。
* 同梱物などの詳細は、メニューの「ご利用方法」を確認してください。
* メニューから申請と発送を行い、発送後は必ず追跡番号を連絡してください。

ご確認のほど、よろしくお願いいたします。"
User,久保,2026/02/18,12:20:20,"ありがとうございます！
九州からの発送なので到着は明後日の午前中になりますがよろしいでしょうか？！"
User,久保,2026/02/18,12:54:09,申し込みフォーム入力してよろしいでしょうか？
Account,内藤夏樹,2026/02/18,12:54:34,申し込みフォームのご記入をよろしくお願い申し上げます。
User,久保,2026/02/18,12:55:18,ありがとうございます！こちらは問題なかったでしょうか？
Account,内藤夏樹,2026/02/18,12:57:26,"かしこまりました。
引き続きよろしくお願いします"
User,久保,2026/02/18,12:57:40,ありがとうございます！
User,久保,2026/02/18,13:11:29,"カートンなんですが、ヤマト便や店舗シールが貼ってある場合は剥がさなければいけないでしょうか？
また、着払い発送でよろしかったでしょうか？
質問ばかり申し訳ございません。"
Account,内藤夏樹,2026/02/18,13:12:18,"剥がさないで大丈夫です。

着払いで大丈夫です。
ご利用方法に準じてご利用ください。"
User,久保,2026/02/18,13:13:07,ありがとうございます、申し訳ございません。
Account,内藤夏樹,2026/02/18,13:14:24,"とんでもないです。
よろしくお願い申し上げます。"
Account,内藤夏樹,2026/02/18,17:08:09,"この度は買取査定のご依頼をいただき、誠にありがとうございます。
査定結果をお知らせいたします。
受付ID: P7W3N5

【査定明細】
■ ドラゴンボールカード
・覚醒の鼓動：20箱 × 5,900円 = 118,000円
・烈火の闘気：10箱 × 4,200円 = 42,000円
小計：160,000円

【減額内容】
・送料折半：-1,200円
減額合計：-1,200円

💰 最終買取金額：158,800円
合計箱数：30箱"
User,久保,2026/02/18,17:09:05,ありがとうございます😊
User,久保,2026/02/18,20:24:02,"発送しております。

クロネコヤマト着払い

467717099791

2/20
午前中着です。


よろしくお願い致します。"
User,久保,2026/02/19,17:12:00,"お世話になっております。
こちらのカートンなんですが、先日プレミアムバンダイで購入した物です。
発送させて頂きまして、本日購入した残りのカートンを見るとサイドにテープカットが入っていました。

発送前に動画を撮っていたので確認したのですが発送したカートンにももしかしたらサイドにテープカットが入っているかもしれません。

明日到着なんですが、検品時にテープカット入っていた場合はBOXでの買取に変更は可能でしょうか？"
User,久保,2026/02/19,17:12:14,確認せずに発送してしまい申し訳ございません。
Account,内藤夏樹,2026/02/19,17:13:45,"ご連絡有難うございます。
確認して折り返しします。

やはり、プレミアムバンダイ産は開封品ですよね、、、。"
User,久保,2026/02/19,17:17:50,"大変申し訳ございませんでした…。
まさか開封品で来るとは…。
BOXでの買取となると明日の価格になるのでしょうか？"
Account,内藤夏樹,2026/02/19,17:21:03,"そうでは無いかなと思っていました。。。

本日の価格で更新できないでしょうか。"
User,久保,2026/02/19,17:23:14,ご提案いただきありがとうございます…！！
User,久保,2026/02/19,17:23:18,写真を送信しました。
User,久保,2026/02/19,17:23:38,EXPOさんが8200円なのでこちらのお値段に合わせるのは難しいでしょうか？？
Account,内藤夏樹,2026/02/19,17:24:10,"はい、難しいです。

もしもなら受取拒否できますので、送料がかからずお戻しできるかもしれないです☺️"
User,久保,2026/02/19,17:33:04,"そうですよね…。
分かりました！！本日の7,900円で更新してください！！"
User,久保,2026/02/19,17:33:14,ご迷惑おかけしてしまい申し訳ございません…。
Account,内藤夏樹,2026/02/19,18:59:59,送信が取り消されたメッセージです
Account,内藤夏樹,2026/02/19,19:01:16,送信が取り消されたメッセージです
User,久保,2026/02/19,19:04:27,"ありがとうございます！
引き続きよろしくお願いします。"
Account,内藤夏樹,2026/02/19,19:09:04,"すみません。
送る先を間違えました。

同じようにプレミアムバンダイさん案件が多く送付先を誤りました。
申し訳ございません。"
Account,内藤夏樹,2026/02/19,19:09:41,到着後にしっかりと確認させていただきます。
Account,内藤夏樹,2026/02/19,19:10:01,なお、お約束の通り本日のレートで買取をさせていただきます。
Account,内藤夏樹,2026/02/19,19:10:07,"毎々、お世話になっております。
御見積書を送付いたします。
受付ID: C7Q2M9

買取見積書 -

・ワンピースカード　蒼海の七傑
24箱　単価7,900円　小計189,600円
合計箱数：24箱
合計：189,600円
減額合計：0円
最終買取金額：189,600円"
User,久保,2026/02/19,19:10:13,はい。ありがとうございます！
User,久保,2026/02/19,19:10:32,ご多忙のなか対応頂きありがとうございました。
Account,内藤夏樹,2026/02/19,19:13:10,"とんでもございません。
事前にご配慮いただきありがとうございます。"
Account,内藤夏樹,2026/02/20,18:47:38,"毎々お世話になります。
送料 -1200円を差し引いた

188400円をお振込み致します。"
User,久保,2026/02/20,19:00:55,この度はご対応頂きありがとうございました！
Account,内藤夏樹,2026/02/20,19:01:09,ありがとうございます。
User,久保,2026/02/20,19:01:26,またよろしくお願い致します。
