﻿アカウント名,にこにこ買取＠業界最高の買取価格宣言！
タイムゾーン,'+09:00
ダウンロード日時,2026/02/21 04:35
送信者タイプ,送信者名,送信日,送信時刻,内容
Account,応答メッセージ,2026/02/05,22:23:52,"Yu-toさん
はじめまして！にこにこ買取＠業界最高の買取価格宣言！です。
友だち追加ありがとうございます！
にこにこ買取です(moon big smile)

ポケモンカードなどトレーディングカード全般の買取を行っております。
買取ご希望のお客様はなんでもお気軽に連絡してください(saluting man)

ご郵送買取の流れはメニューから”郵送買取の流れ”をご確認ください(sparkle)

ご郵送買取ご希望の場合にはメニューの”申し込みフォーム”からご申請が可能となっております。

お問い合わせなどはお気にご連絡ください。"
User,Yu-to,2026/02/06,10:53:53,"こんにちは、
初めて利用させて頂きたいのですが、現在住民票と免許証の住所が一致していなくても大丈夫でしょうか？

免許証の住所の更新がまだできていない状況です。"
User,Yu-to,2026/02/06,12:34:37,"ワンピースヒロインコレクション3box
プレミアムカードコレクション25th 2セット
アニメ25thコレクションBOX  1box
希望です"
Account,内藤夏樹,2026/02/06,12:39:15,"毎々お世話になっております。
理由がわかれば問題ありません。"
Account,内藤夏樹,2026/02/06,12:39:37,"プレミアムカードコレクション25th 2セット
こちらの受付はしておりませんでした。"
Account,内藤夏樹,2026/02/06,12:40:26,また、大変申し訳ございませんが、本日は20箱以上からお申し込み受付とさせていただきます。
User,Yu-to,2026/02/06,12:42:00,"ありがとうございます。
いつもは20箱に満たなくても買取可能ですよね？
"
Account,内藤夏樹,2026/02/06,12:42:38,今後も数量制限がかかる可能性もございます。
