﻿アカウント名,にこにこ買取＠業界最高の買取価格宣言！
タイムゾーン,'+09:00
ダウンロード日時,2026/02/21 04:35
送信者タイプ,送信者名,送信日,送信時刻,内容
Account,応答メッセージ,2026/01/02,18:06:37,"ひろさん
はじめまして！にこにこ買取＠業界最高の買取価格宣言！です。
友だち追加ありがとうございます！
にこにこ買取です(moon big smile)

ポケモンカードなどトレーディングカード全般の買取を行っております。
買取ご希望のお客様はなんでもお気軽に連絡してください(saluting man)

ご郵送買取の流れはメニューから”郵送買取の流れ”をご確認ください(sparkle)

ご郵送買取ご希望の場合にはメニューの”申し込みフォーム”からご申請が可能となっております。

お問い合わせなどはお気にご連絡ください。"
User,ひろ,2026/01/03,13:07:10,"買取希望
ポケモンカード
メガドリーム有/2箱/9400円
メガドリーム無/6箱/8100円
メガシンフォニア/2箱/7100円
ワンピースカード
受け継がれる意思/1箱/6700円
THE BEST2/1箱/3800円
ワンピースDAY24/3つ/5000円
ワンピースマガジン/1冊/8000円"
Account,内藤夏樹,2026/01/03,13:30:05,"毎々、お世話になっております。
御見積書を送付いたします。
 * 買取見積書 -
   ・ポケモンカード　メガドリームex BOX　2箱　単価9,400円　小計18,800円
   ・ポケモンカード　メガドリームex (シュリンクなし)　6箱　単価8,100円　小計48,600円
   ・ポケモンカード　メガシンフォニア BOX　2箱　単価7,100円　小計14,200円
   ・ワンピースカード　受け継がれる意志 BOX　1箱　単価6,700円　小計6,700円
   ・ワンピースカード　THE BEST vol.2 BOX　1箱　単価3,800円　小計3,800円
   ・ワンピースカード　ワンピースDAY2024　3個　単価5,000円　小計15,000円
   ・ワンピースカード　ワンピースマガジン　1冊　単価8,000円　小計8,000円
減額項目（ある場合）：
・該当なし
合計：115,100円
減額合計：-0円
最終買取金額：115,100円
【注意事項】
こちらのお見積もりを印刷して商品に同梱してください。
同梱がない場合には査定が遅れる場合がございますので、ご協力をお願いいたします。
ご確認のほど、よろしくお願いいたします。
"
User,ひろ,2026/01/03,14:39:31,"すみません。
初回なんで住民票をコンビニで出そうとしたのですが、5日からみたいです。後日郵送で大丈夫ですか？"
Account,内藤夏樹,2026/01/03,14:41:29,"ご連絡有難うございました。
はい、後日送付で問題ありません。"
User,ひろ,2026/01/03,14:42:42,"かしこまりました。
後ほど買取品と身分証のコピーのみ発送いたします。"
Account,内藤夏樹,2026/01/03,14:44:02,よろしくお願い申し上げます。
User,ひろ,2026/01/03,17:43:34,"ヤマト運輸／330890491175／
松崎彰浩"
Account,内藤夏樹,2026/01/04,11:06:17,"毎々、お世話になっております。
さきほどお振込みを行いました。
この度はご利用ありがとうございました。"
User,ひろ,2026/02/05,12:53:14,"買取お願いします。
メガドリームシュリ無　4箱
Vユニ　シュリ有 2箱
EB-04 1箱"
Account,内藤夏樹,2026/02/05,12:56:25,"毎々、お世話になっております。御見積書を送付いたします。
	∙	買取見積書 -
・ポケモンカード　メガドリームex（シュリンク無し）4箱　単価9,000円　小計36,000円
・ポケモンカード　VSTARユニバース2箱　単価21,700円　小計43,400円
・ワンピースカード　EGGHEAD CRISIS1箱　単価11,500円　小計11,500円
合計箱数：7箱合計：90,900円減額合計：0円最終買取金額：90,900円
【注意事項】
	∙	この見積もりを印刷して商品に同梱してください。
	∙	1枚の印刷が難しい場合は、スクリーンショットの分割でも可能です。
	∙	同梱がない場合、査定が遅れることがあります。
	∙	同梱物などの詳細は、メニューの「ご利用方法」を確認してください。
	∙	メニューから申請と発送を行い、発送後は必ず追跡番号を連絡してください。
ご確認のほど、よろしくお願いいたします。​​​​​​​​​​​​​​​​"
User,ひろ,2026/02/05,18:20:32,"ヤマト運輸／330896725902／
松崎彰浩"
Account,内藤夏樹,2026/02/06,12:23:25,"いつも当店をご利用いただき、誠にありがとうございます。

お預かりしておりましたお品物の検品が完了いたしましたので、ご指定の口座へお振り込みの手続きをさせていただきました。 併せてご確認いただけますと幸いです。

この度はご利用いただき、重ねて御礼申し上げます。 またの機会がございましたら、ぜひお手伝いをさせていただけますと幸いです。

もしよろしければ、X（旧Twitter）にてご利用の感想や口コミを投稿していただけますと、スタッフ一同大変励みになります。

なお、万が一サービス内容にご満足いただけなかった点や、お気づきの点がございましたら、誠意を持って対応させていただきます。 大変お手数ですが、投稿の前に一度ダイレクトメッセージ等でご連絡いただけますと助かります。

今後ともよろしくお願い申し上げます。"
