﻿アカウント名,にこにこ買取＠業界最高の買取価格宣言！
タイムゾーン,'+09:00
ダウンロード日時,2026/02/21 04:35
送信者タイプ,送信者名,送信日,送信時刻,内容
Account,応答メッセージ,2025/12/23,22:04:56,"雄大さん
はじめまして！にこにこ買取＠業界最高の買取価格宣言！です。
友だち追加ありがとうございます！
にこにこ買取です(moon big smile)

ポケモンカードなどトレーディングカード全般の買取を行っております。
買取ご希望のお客様はなんでもお気軽に連絡してください(saluting man)

ご郵送買取の流れはメニューから”郵送買取の流れ”をご確認ください(sparkle)

ご郵送買取ご希望の場合にはメニューの”申し込みフォーム”からご申請が可能となっております。

お問い合わせなどはお気にご連絡ください。"
User,雄大,2025/12/24,10:10:24,失礼します。スタートデッキ100の未開封バラで買取してますか？
User,雄大,2026/02/05,13:02:44,"買取希望商品です。
1.ポケモンカードBOX　ドリームex×2　20200円
2.変幻の仮面　1　9200円
3.シャイニートレジャー　1　12900円
4.ホワイトフレア　1     12500円"
User,雄大,2026/02/05,13:03:18,シャイニートレジャーがやや箱折れ？みたいなのがあります。
Account,内藤夏樹,2026/02/05,13:09:45,"毎々、お世話になっております。
画像があれば確認可能です😯"
User,雄大,2026/02/05,13:10:07,写真を送信しました。
User,雄大,2026/02/05,13:10:16,こんな感じです
Account,内藤夏樹,2026/02/05,13:10:45,減額となります可能性が高いので控えていただけると助かります。
User,雄大,2026/02/05,13:18:10,分かりました。それ以外はお送りしたいです。
Account,内藤夏樹,2026/02/05,13:21:03,"毎々、お世話になっております。御見積書を送付いたします。
	∙	買取見積書 -
・ポケモンカード　メガドリームex2箱　単価10,100円　小計20,200円
・ポケモンカード　変幻の仮面1箱　単価9,200円　小計9,200円
・ポケモンカード　ホワイトフレア1箱　単価12,500円　小計12,500円
合計箱数：4箱合計：41,900円減額合計：0円最終買取金額：41,900円
【注意事項】
	∙	この見積もりを印刷して商品に同梱してください。
	∙	1枚の印刷が難しい場合は、スクリーンショットの分割でも可能です。
	∙	同梱がない場合、査定が遅れることがあります。
	∙	同梱物などの詳細は、メニューの「ご利用方法」を確認してください。
	∙	メニューから申請と発送を行い、発送後は必ず追跡番号を連絡してください。
ご確認のほど、よろしくお願いいたします。​​​​​​​​​​​​​​​​"
User,雄大,2026/02/05,15:08:11,初回買取、住民票などを同梱とありますが、取得難しい場合、他の方法はありますか？
Account,内藤夏樹,2026/02/05,16:19:02,申し訳ございませんがありません。
User,雄大,2026/02/05,16:21:17,ヤマト運輸/503615888926有山雄大
User,雄大,2026/02/05,16:21:35,書類同梱しました。
Account,内藤夏樹,2026/02/05,17:18:22,ありがとうございます。
