﻿アカウント名,にこにこ買取＠業界最高の買取価格宣言！
タイムゾーン,'+09:00
ダウンロード日時,2026/02/21 04:35
送信者タイプ,送信者名,送信日,送信時刻,内容
Account,応答メッセージ,2024/10/22,15:09:47,"ki-zu-su32さん
はじめまして！にこにこ買取＠業界最高の買取価格宣言！です。
友だち追加ありがとうございます！
にこにこ買取です(moon big smile)

ポケモンカードなどトレーディングカード全般の買取を行っております。
買取ご希望のお客様はなんでもお気軽に連絡してください(saluting man)

ご郵送買取の流れは以下の”郵送買取の流れ”をご確認ください(sparkle)

お問い合わせなどはお気軽にメッセージからご連絡ください(phone)"
Account,応答メッセージ,2024/10/22,15:09:47,写真を送信しました。
Account,応答メッセージ,2024/10/22,15:09:47,写真を送信しました。
User,鈴木,2024/10/22,15:10:02,151🔟Box可能でしょうか？
Account,内藤夏樹,2024/10/22,15:18:23,"毎々、お世話になっております。
はい、よろしくお願い申し上げます。"
User,鈴木,2024/10/22,15:19:45,買取価格いくらでしょうか？
Account,内藤夏樹,2024/10/22,15:20:35,13000円となります。
User,鈴木,2024/10/22,15:20:45,よろしくお願いします。
Account,内藤夏樹,2024/10/22,15:21:33,フォームにてお買取の申請わ、よろしくお願いします。
User,鈴木,2024/10/22,15:46:22,申請致しました。
Account,内藤夏樹,2024/10/22,15:47:39,ありがとうございました。
Account,内藤夏樹,2024/10/22,15:47:54,送信が取り消されたメッセージです
Account,内藤夏樹,2024/10/22,15:48:06,"'

お買取希望の商品は以下の住所へ発送をお願い申し上げます(saluting man)
ご利用方法に記載のある梱包に関する注意事項を改めてご確認ください。

また発送は原則ヤマト運輸さんよりお願い申し上げます(sparkle)

【発送先】
株式会社AiGIVE 内藤宛
〒940-0081
新潟県長岡市南町1-6-13
050-5470-3570

また発送されましたら以下の情報をご連絡ください(explaining)
①　追跡番号
②　発送日・到着指定時間"
User,鈴木,2024/10/22,16:00:13,明日着のみでしょうか？
Account,内藤夏樹,2024/10/22,16:00:29,はい、明日着のみとなります。
User,鈴木,2024/10/22,16:01:11,"かしこまりました！
到着時間の指定ございますか？"
Account,内藤夏樹,2024/10/22,16:01:55,"午前中となります。
可能でしょうか？"
User,鈴木,2024/10/22,16:02:40,"19時までの発送便には間に合います！
ただ、午前指定が可能かが現時点でわかりかねます🙇"
User,鈴木,2024/10/22,16:03:24,ご対応の方がよろしくお願いします🙇
Account,内藤夏樹,2024/10/22,16:06:33,"午前中到着のみとなります。
申し訳ございませんが、よろしくお願い申し上げます。"
User,鈴木,2024/10/22,16:15:51,"かしこまりました。
間に合わせます🙇"
User,鈴木,2024/10/22,16:43:34,なにか一緒に封入するものございましたか🙇
Account,内藤夏樹,2024/10/22,16:44:15,"ありがとうございました。
いいえ、ございません。
よろしくお願い申し上げます。"
User,鈴木,2024/10/22,18:57:26,"279026218973
10月22日 23日午前指定
よろしくお願いします。"
Account,内藤夏樹,2024/10/22,18:57:45,ありがとうございました。
User,鈴木,2024/10/22,19:12:55,"あっ、すいません🙇
8Boxの間違いでした🙇"
Account,内藤夏樹,2024/10/22,19:30:10,8箱で間違いありませんか？
User,鈴木,2024/10/22,19:30:39,"はい🙇
よろしくお願いします。"
Account,内藤夏樹,2024/10/22,19:30:51,承知しました。
Account,内藤夏樹,2024/10/23,20:43:51,"毎々、お世話になっております。

検品の結果、2箱に破れが認められました。

-1000円させていただきたくお願い申し上げます。

13000×6
12000×2

合計
102000円

となります。"
Account,内藤夏樹,2024/10/23,20:44:07,写真を送信しました。
Account,内藤夏樹,2024/10/23,20:44:07,写真を送信しました。
User,鈴木,2024/10/23,20:45:33,"かしこまりました。
よろしくお願いします。"
Account,内藤夏樹,2024/10/23,20:46:25,すずきともひろ様であっておりますか？
User,鈴木,2024/10/23,20:47:26,はい！
Account,内藤夏樹,2024/10/23,20:48:28,"お振込みしました。
ご確認ください。"
User,鈴木,2024/10/23,21:27:16,"確認致しました。
ありがとうございます。"
User,鈴木,2025/05/28,12:51:43,本日買取おこなっていますでしょうか？
User,鈴木,2025/07/22,13:40:01,"お世話になります、
ポケモンカード151
買取可能でしょうか？"
Account,内藤夏樹,2025/07/22,13:43:13,"毎々、お世話になっております。

はい、まだ大丈夫です。"
User,鈴木,2025/07/22,13:46:56,22Box可能でしょうか？
Account,内藤夏樹,2025/07/22,13:59:44,"毎々、お世話になっております。
10箱までとなってしまいました。

大変好評を頂いており、ご理解頂けますとありがたいです。"
User,鈴木,2025/07/22,14:02:19,残りは価格変更してというのは可能でしょうか？
Account,内藤夏樹,2025/07/22,14:34:25,明日以降また募集する予定です。
User,鈴木,2025/07/22,14:43:00,"本日でしたら
🔟Boxまででしたら
先ほどの金額で可能でしょうか？"
Account,内藤夏樹,2025/07/22,15:08:00,"はい、可能です。
よろしくお願い申し上げます。"
User,鈴木,2025/07/22,17:53:18,よろしくお願いします。
Account,内藤夏樹,2025/07/22,17:58:40,"すみません。
〆切となってしまいました。
また、明日以降でよろしくお願い申し上げます。"
User,鈴木,2025/07/22,18:11:00,予約しましたが🙇
User,鈴木,2025/07/22,18:11:44,買取フォームにも送信したのですが🙇
Account,内藤夏樹,2025/07/22,18:32:21,"承知しました。
こちらも確認が不足しており申し訳ございません。

次回以降は申請後にご連絡を頂けますと幸甚に存じます。"
Account,内藤夏樹,2025/07/22,18:32:33,それでは発送をよろしくお願い申し上げます。
Account,内藤夏樹,2025/07/22,18:33:08,発送先は申請後に表示された場所までよろしくお願い申し上げます。
User,鈴木,2025/07/22,18:38:14,"こちらこそわかりにくく申し訳ございません🙇
今回はしっかり確認とれておらず、無理だと思い
本日発送便に間に合いそうにないので、また明日以降よろしくお願いします🙇"
Account,内藤夏樹,2025/07/22,18:51:00,"とんでもございません。
また、明日以降となりますがご連絡頂けますと幸甚に存じます。"
User,鈴木,2025/08/08,17:24:58,"お世話になっております、
151可能でしょうか？"
User,鈴木,2025/08/08,17:41:06,"151  6️⃣
メガブレイブ
シンフォニア
各3️⃣Boxずつ可能でしょうか？"
Account,内藤夏樹,2025/08/08,19:00:06,"毎々、お世話になっております。
申し訳ございません。
すべて〆切となりました！"
User,鈴木,2025/08/09,09:15:38,かしこまりました。
User,鈴木,2025/10/24,14:42:54,"お世話になっております
テラスタルフェス
2️⃣カートン
シャイニートレジャー
1️⃣カートン
151
10 Box
可能でしょうか？"
Account,内藤夏樹,2025/10/24,14:43:41,"毎々、お世話になっております！
可能です。"
User,鈴木,2025/10/24,14:44:09,"金額は
おいくらになりますでしょうか🙇"
Account,内藤夏樹,2025/10/24,14:45:27,"テラスタルフェスex
273,000円

シャイニートレジャー
228,000円

151
30,000円


送料は弊社負担となります🙇🏻‍♂️"
User,鈴木,2025/10/24,15:14:53,"かしこまりました🙇
検討させていただきたいです🙇"
Account,内藤夏樹,2025/10/24,15:31:34,ぜひ、よろしくお願い申し上げます。
Account,内藤夏樹,2025/10/24,15:32:46,"ご希望あれば
よろしくお願い申し上げます。"
User,鈴木,2025/10/24,15:39:52,"テラスタルフェスcarton
 276,000円

シャイニートレジャーcarton
231,000円

151
30,000円

上記での案内になります。
こちらで他社様でいただいていたので🙇"
Account,内藤夏樹,2025/10/24,15:40:46,"ありがとうございます！
可能です☺️"
Account,内藤夏樹,2025/10/24,15:40:53,頑張らせてください☺️
User,鈴木,2025/10/24,15:42:01,"こちらの他社様と
同価格ということでしょうか？🙇"
Account,内藤夏樹,2025/10/24,15:42:25,"同じ価格でやらせていただきます☺️

送料は負担させて頂きます☺️"
User,鈴木,2025/10/24,16:16:14,"ありがとうございます、
今回は先に提示していただいていたので、先方様とお取引させていただきたいと思います🙇
次回から是非ともよろしくお願いします🙇"
Account,内藤夏樹,2025/10/24,16:17:34,ご連絡ありがとうございます😊
User,鈴木,2026/01/09,12:18:12,"お世話になっております、
インフェルノシュリ付き
59Box可能でしょうか？"
Account,内藤夏樹,2026/01/09,12:20:22,"毎々、お世話になっております。
可能です☺️"
Account,内藤夏樹,2026/01/09,12:20:51,"毎々、お世話になっております。
御見積書を送付いたします。

- 買取見積書 -

・ポケモンカード
インフェルノX BOX
59箱
単価12,300円
小計725,700円

減額項目：
・該当なし

合計：725,700円
減額合計：-0円
最終買取金額：725,700円

※20箱以上の分量のため、送料は弊社負担（着払い）でお送りください。

【注意事項】
こちらのお見積もりを印刷して商品に同梱してください。
同梱がない場合には査定が遅れる場合がございます。
ご確認のほど、よろしくお願いいたします。"
Account,内藤夏樹,2026/01/09,12:24:14,"ご確認をよろしくお願い申し上げます。
よろしければメニューから申請と発送をよろしくお願い申し上げます。"
User,鈴木,2026/01/09,13:21:59,"こちらは
申請を次にしたら
いいのでしょうか？！"
Account,内藤夏樹,2026/01/09,13:38:03,はい、申請と発送をよろしくお願い申し上げます🙇🏻‍♂️
User,鈴木,2026/01/09,13:46:28,かしこまりました！
Account,内藤夏樹,2026/01/09,13:52:12,よろしくお願い申し上げます。
User,鈴木,2026/01/09,13:58:00,"すいません、
東大阪市がメンナンス中みたいで住民票が確保できないのですが🙇"
User,鈴木,2026/01/09,13:58:04,写真を送信しました。
Account,内藤夏樹,2026/01/09,14:02:40,"ご連絡有難うございます。
買取には古物商取引のため必要となります🙇🏻‍♂️"
User,鈴木,2026/01/09,14:10:33,こちら利用したこと過去にあったのですが、その場合は大丈夫でしょうか？
Account,内藤夏樹,2026/01/09,14:11:16,お名前をお伺いしてもよろしいでしょうか、すぐに確認します。
Account,内藤夏樹,2026/01/09,14:11:29,"以前にお取引がある場合には
問題なくご利用いただけます"
Account,内藤夏樹,2026/01/09,14:12:53,"確認が取れました。

ご本人確認書類は不要となります。"
User,鈴木,2026/01/09,14:15:44,ありがとうございます😭
Account,内藤夏樹,2026/01/09,14:16:04,こちらも気が付かず申し訳ございません。
Account,内藤夏樹,2026/01/09,14:16:06,よろしくお願い申し上げます。
User,鈴木,2026/01/09,16:55:42,"こちらは
商品のみの発送で
大丈夫ということでしょうか🙇"
Account,内藤夏樹,2026/01/09,16:56:36,"こちらに記載と利用方法に記載の通り

こちらのお見積もりコピを入れていただけるとありがたいです。"
User,鈴木,2026/01/09,17:08:12,かしこまりました！
User,鈴木,2026/01/09,18:08:07,"すいません、
40と19に分けて
着払い可能でしょうか？🙇"
Account,内藤夏樹,2026/01/09,18:27:47,もちろん大丈夫です。
User,鈴木,2026/01/09,18:31:49,"ヤマト運輸
4486814293
8970562594
鈴木智大
よろしくお願いします。"
Account,内藤夏樹,2026/01/09,18:33:08,ありがとうございました。
User,鈴木,2026/01/14,13:52:43,"お世話になっております
テラスタルフェス60
レイジングサーフ20
ロケット団21
可能でしょうか？
テラスタルフェスの単価の
ご検討は可能でしょうか🙇"
Account,内藤夏樹,2026/01/14,14:11:19,"毎々、お世話になっております。
可能です。

ご希望いただけますでしょうか。"
User,鈴木,2026/01/14,14:12:36,送信が取り消されたメッセージです
User,鈴木,2026/01/14,14:14:10,希望は少しでも高いと嬉しいです🧎🏼‍➡️
Account,内藤夏樹,2026/01/14,14:18:58,少しお待ちください。
User,鈴木,2026/01/14,14:19:15,よろしくお願いします🙇
Account,内藤夏樹,2026/01/14,14:30:17,"テラスタルフェスを14600円でご案内可能です。

ライジングサーフのみ〆切となってしまいました🙇🏻‍♂️"
User,鈴木,2026/01/14,14:31:24,"かしこまりました、
よろしくお願いします🙇"
Account,内藤夏樹,2026/01/14,14:32:49,"毎々、お世話になっております。
御見積書を送付いたします。
• 買取見積書 -
・ポケモンカード
テラスタルフェスex BOX
60箱
単価 14,600円
小計 876,000円
・ポケモンカード
ロケット団の栄光 BOX
21箱
単価 14,200円
小計 298,200円
減額項目：
・該当なし
合計：1,174,200円
減額合計：-0円
最終買取金額：1,174,200円
※20箱以上の分量のため、送料は弊社負担（着払い）でお送りください。
【注意事項】
こちらのお見積もりを印刷して商品に同梱してください。
同梱がない場合には査定が遅れる場合がございます。
ご確認のほど、よろしくお願いいたします。"
User,鈴木,2026/01/14,16:13:58,写真を送信しました。
User,鈴木,2026/01/14,16:13:59,写真を送信しました。
User,鈴木,2026/01/14,16:13:59,よろしくお願いします。
Account,内藤夏樹,2026/01/14,18:09:01,ありがとうございました。
User,鈴木,2026/01/21,16:49:37,"お世話になっております、
メガドリームシュリ有14
シュリ無2
新たなる皇帝2カートン可能でしょうか？"
Account,内藤夏樹,2026/01/21,16:54:20,"毎々、お世話になっております。
本日の受付は終了となりました🙇🏻‍♂️
またよろしくお願い申し上げます。"
User,鈴木,2026/01/21,16:55:26,かしこまりました。
User,鈴木,2026/01/22,15:24:25,"お世話になっております
本日ポケモンカードは
買取していますでしょうか？"
Account,内藤夏樹,2026/01/22,15:39:53,"申し訳ございません。
本日はポケモン停止中です。"
User,鈴木,2026/01/22,15:47:00,かしこまりました。
User,鈴木,2026/01/28,17:37:47,"お世話になっております、
謀略1カートン
新たなる皇帝2カートン
可能でしょうか？"
Account,内藤夏樹,2026/01/28,19:38:40,"毎々、お世話になっております。
ご連絡が遅くなり申し訳ありません。
本日はすでに締め切りとなってしまいました。また明日よろしくお願いいたします。"
User,鈴木,2026/01/28,19:38:54,かしこまりました。
User,鈴木,2026/02/04,13:46:07,"お世話になっております、
メガドリーム14Box
クリムゾンヘイズ2カートン
ですが、
カートンはお値段おいくらでしょうか？"
User,鈴木,2026/02/04,13:46:39,"メガドリーム
シュリンク無 2Boxもお願い致します"
Account,内藤夏樹,2026/02/04,13:47:11,"毎々お世話になっております。
お申し込み多数につき一旦〆切となりました。
いつも有り難うございます。"
User,鈴木,2026/02/04,14:58:18,クリムゾンもでしょうか？
Account,内藤夏樹,2026/02/04,15:01:28,クリムゾンヘイズはご希望額ございますでしょうか。
User,鈴木,2026/02/04,15:28:21,他社様で単価13500 ございましたので、そちらより少し検討していただけたら幸いです🙇
Account,内藤夏樹,2026/02/04,15:29:05,"13600円で買取させてください。
よろしくお願い申し上げます。"
User,鈴木,2026/02/04,15:54:50,"13600✖️24
でしょうか？"
Account,内藤夏樹,2026/02/04,15:55:00,はい。よろしくお願い申し上げます。
User,鈴木,2026/02/04,17:23:12,よろしくお願いします。
User,鈴木,2026/02/04,17:23:23,フォーム入力で大丈夫でしょうか？
Account,内藤夏樹,2026/02/04,17:30:45,はい、よろしくお願いいたします。
Account,内藤夏樹,2026/02/04,17:31:19,"毎々、お世話になっております。  
御見積書を送付いたします。

- 買取見積書 -

・ポケモンカード　クリムゾンヘイズ  
24箱　単価13,600円　小計326,400円

合計箱数：24箱  
合計：326,400円  
減額合計：0円  
最終買取金額：326,400円

【注意事項】
* この見積もりを印刷して商品に同梱してください。
* 1枚の印刷が難しい場合は、スクリーンショットの分割でも可能です。
* 同梱がない場合、査定が遅れることがあります。
* 同梱物などの詳細は、メニューの「ご利用方法」を確認してください。
* メニューから申請と発送を行い、発送後は必ず追跡番号を連絡してください。

ご確認のほど、よろしくお願いいたします。"
User,鈴木,2026/02/04,17:44:47,"一緒に
楽園ドラゴーナ
単価13000
1カートン可能でしょうか🙇"
Account,内藤夏樹,2026/02/04,17:45:58,大丈夫です。いれてください。
User,鈴木,2026/02/04,17:47:52,よろしくお願いします。
Account,内藤夏樹,2026/02/04,17:50:09,"毎々、お世話になっております。  
御見積書を送付いたします。

- 買取見積書 -

・ポケモンカード　クリムゾンヘイズ  
24箱　単価13,600円　小計326,400円

・ポケモンカード　楽園ドラゴーナ  
12箱　単価13,000円　小計156,000円

合計箱数：36箱  
合計：482,400円  
減額合計：0円  
最終買取金額：482,400円

【注意事項】
* この見積もりを印刷して商品に同梱してください。
* 1枚の印刷が難しい場合は、スクリーンショットの分割でも可能です。
* 同梱がない場合、査定が遅れることがあります。
* 同梱物などの詳細は、メニューの「ご利用方法」を確認してください。
* メニューから申請と発送を行い、発送後は必ず追跡番号を連絡してください。

ご確認のほど、よろしくお願いいたします。"
User,鈴木,2026/02/04,18:12:41,写真を送信しました。
Account,内藤夏樹,2026/02/05,07:06:29,ありがとうございました。
Account,内藤夏樹,2026/02/05,17:17:57,"いつも当店をご利用いただき、誠にありがとうございます。

お預かりしておりましたお品物の検品が完了いたしましたので、ご指定の口座へお振り込みの手続きをさせていただきました。 併せてご確認いただけますと幸いです。

この度はご利用いただき、重ねて御礼申し上げます。 またの機会がございましたら、ぜひお手伝いをさせていただけますと幸いです。

もしよろしければ、X（旧Twitter）にてご利用の感想や口コミを投稿していただけますと、スタッフ一同大変励みになります。

なお、万が一サービス内容にご満足いただけなかった点や、お気づきの点がございましたら、誠意を持って対応させていただきます。 大変お手数ですが、投稿の前に一度ダイレクトメッセージ等でご連絡いただけますと助かります。

今後ともよろしくお願い申し上げます。"
