﻿アカウント名,にこにこ買取＠業界最高の買取価格宣言！
タイムゾーン,'+09:00
ダウンロード日時,2026/02/21 04:35
送信者タイプ,送信者名,送信日,送信時刻,内容
Account,応答メッセージ,2025/07/21,16:46:05,"たむらさん
はじめまして！にこにこ買取＠業界最高の買取価格宣言！です。
友だち追加ありがとうございます！
にこにこ買取です(moon big smile)

ポケモンカードなどトレーディングカード全般の買取を行っております。
買取ご希望のお客様はなんでもお気軽に連絡してください(saluting man)

ご郵送買取の流れはメニューから”郵送買取の流れ”をご確認ください(sparkle)
URL→https://docs.google.com/document/d/1C26OXaKsxKKKeJA-46Uvyudph5wG-l-PZCBXFh9K5Nw/edit?usp=sharing

ご郵送買取ご希望の場合にはメニューの”申し込みフォーム”からご申請が可能となっております。

お問い合わせなどはお気にご連絡ください。"
Account,応答メッセージ,2025/07/21,16:46:05,写真を送信しました。
User,たむら,2025/07/21,18:02:34,"①ステラミラクル②61③5,700円"
User,たむら,2025/07/21,18:03:20,お世話になります。返信早めにいただけますと助かります。
Account,内藤夏樹,2025/07/21,18:12:40,"毎々、お世話になっております。
ご連絡が遅くなり申し訳ございません。

ステラミラクル
61個
5700円

で賜りました。"
Account,内藤夏樹,2025/07/21,18:12:59,ご申請とご発送をよろしくお願い申し上げます。
User,たむら,2025/07/21,18:13:23,送料は元払いですよね？
Account,内藤夏樹,2025/07/21,18:13:32,はい、元払いとなります。
User,たむら,2025/07/21,18:41:42,"買取価格は1box5,700円ですよね？確認です"
User,たむら,2025/07/21,18:42:28,配送先情報が見れなくなったので教えていただけますか？
Account,内藤夏樹,2025/07/21,18:45:06,はい、間違いございません。
Account,内藤夏樹,2025/07/21,18:45:13,こちらまで発送をよろしくお願い申し上げます。
Account,内藤夏樹,2025/07/21,18:45:34,"株式会社AiGIVE
940-0864
新潟県長岡市川崎3-2366-7-103
050-5470-3570"
User,たむら,2025/07/21,18:57:44,ヤマト運輸　503321327132  田村真
Account,内藤夏樹,2025/07/21,19:15:36,ありがとうございました。
User,たむら,2025/07/21,20:03:20,よろしくお願いします
Account,内藤夏樹,2025/07/22,16:21:59,"毎々、お世話になっております。  
御見積書を送付いたします。

- 買取見積書 -
・ポケモンカード　ステラミラクル　61箱　単価5,700円　小計347,700円

減額項目：なし

合計：347,700円  
減額合計：0円  
最終買取金額：347,700円

ご確認のほど、よろしくお願いいたします。
お振込みを行います。"
User,たむら,2025/07/22,16:38:32,入金確認できました。ありがとうございました。
User,たむら,2025/07/30,17:38:12,"ロケット団9  9,600
ホワイト    6  7,700
ブラック　7  8,800
未来の一閃　1  5,800
ナイトワンダラー1  5,700
テラフェス1  10,300"
Account,内藤夏樹,2025/07/30,17:42:07,"毎々、お世話になっております。
本日は買取を停止しておりました。

また、よろしくお願い申し上げます。"
User,たむら,2025/07/30,17:42:28,わかりました
User,たむら,2025/09/02,15:38:50,"メガブレイブ 9  10,300
メガシンフォニア　9  7,400
ステラミラクル　1  6,000
ナイトワンダラー　1  6,000"
Account,内藤夏樹,2025/09/02,15:43:04,"毎々、お世話になっております。  
御見積書を送付いたします。

- 買取見積書 -
・メガブレイブ　9箱　単価10,300円　小計92,700円  
・メガシンフォニア　9箱　単価7,400円　小計66,600円  
・ステラミラクル　1箱　単価6,000円　小計6,000円  
・ナイトワンダラー　1箱　単価6,000円　小計6,000円  

減額項目：なし  

合計：171,300円  
減額合計：0円  
最終買取金額：171,300円

ご確認のほど、よろしくお願いいたします。"
User,たむら,2025/09/02,15:57:27,フォーム送信しました。2回目なので、同封書類はなにもいらないですね？
Account,内藤夏樹,2025/09/02,15:59:42,はい！不要でございます。
User,たむら,2025/09/02,17:21:21,ヤマト運輸　439535818945  田村真
Account,内藤夏樹,2025/09/02,17:38:19,ありがとうございました。
Account,内藤夏樹,2025/09/03,18:33:22,"毎々、お世話になっております。
満額にてお振込みをしました。"
Account,内藤夏樹,2025/09/03,18:33:24,ありがとうございます。
User,たむら,2025/09/03,19:09:49,確認できました。ありがとうございます。
Account,内藤夏樹,2025/09/03,20:02:37,ありがとうございました。
User,たむら,2025/09/20,18:03:39,お世話になります。本日は郵送買取は可能でしょうか？
Account,内藤夏樹,2025/09/20,18:23:15,"毎々、お世話になっております。
商品はなにでしょうか？

ただ今の時間は終了しておりました。"
User,たむら,2025/09/20,18:31:32,ポケカboxですが、明日は郵送買取可能ですか？
Account,内藤夏樹,2025/09/20,18:33:44,明日はお休みの予定です。
User,たむら,2025/09/20,18:36:10,わかりました。またの機会にお願いします
User,たむら,2025/09/25,18:00:45,"メガシンフォニア　5  
メガブレイブ　6  
ロケット団の栄光　6  
テラスタルフェス　1  
ホワイトフレア　1  
受け継がれる意志　4  
"
User,たむら,2025/09/25,18:26:55,返信お願いできませんでしょうか？
Account,内藤夏樹,2025/09/25,18:33:58,"毎々、お世話になっております。
本日はポストにあるもののみ買取となります🙇🏻‍♂️"
User,たむら,2025/09/25,18:35:23,Macのプロモのみですか？
Account,内藤夏樹,2025/09/25,18:37:57,本日はその通りです
User,たむら,2025/09/25,18:38:30,わかりました。
User,たむら,2025/10/01,15:07:47,"インフェルノX  7    
メガブレイブ　2
メガシンフォニア　2"
Account,内藤夏樹,2025/10/01,15:08:42,"毎々、お世話になっております。

今お見積もりします。
返信が漏れており申し訳ございませんでした。"
Account,内藤夏樹,2025/10/01,15:09:08,"毎々、お世話になっております。
御見積書を送付いたします。
 * 買取見積書 -
   ・ポケモンカード　インフェルノX　7箱　単価12,900円　小計90,300円
   ・ポケモンカード　メガブレイブ　2箱　単価9,700円　小計19,400円
   ・ポケモンカード　メガシンフォニア　2箱　単価6,800円　小計13,600円
減額項目（ある場合）：
・減額項目：-円 × 点 = -円
合計：123,300円
減額合計：0円
最終買取金額：123,300円
ご確認のほど、よろしくお願いいたします。
"
User,たむら,2025/10/01,15:09:09,お願いします
User,たむら,2025/10/01,15:48:18,ヤマト運輸問い合わせ486443168223
Account,内藤夏樹,2025/10/01,15:52:04,ありがとうございました。
User,たむら,2025/10/01,15:53:53,田村真
User,たむら,2025/10/02,18:47:36,入金確認できました。ありがとうございます
User,たむら,2025/12/03,13:55:38,お世話になります。今日は、営業されてますか？
Account,AIチャットボット(β),2025/12/03,13:55:39,情報利用許可のお願い
Account,内藤夏樹,2025/12/03,13:56:01,"毎々、お世話になっております！
本日は在庫整理のため買取を停止しております。"
User,たむら,2025/12/03,13:56:08,わかりました
User,たむら,2026/01/16,15:58:47,"お世話になります

師弟の絆　　31 BOX
受け継がれる意志　10BOX
ヒロインズエディション　2BOX
メガドリーム　7BOX
"
Account,内藤夏樹,2026/01/16,16:06:28,有難うございます
Account,内藤夏樹,2026/01/16,16:07:08,師弟のカートンお持ちでないでしょうか
User,たむら,2026/01/16,16:07:53,すいません、カートンではないんです
Account,内藤夏樹,2026/01/16,16:15:08,承知いたしました。お見積もりを用意しますので、もう少々お待ちください。
Account,内藤夏樹,2026/01/16,16:16:33,"毎々、お世話になっております。
御見積書を送付いたします。

- 買取見積書 -

・ワンピースカード
師弟の絆 BOX
31箱
単価 5,600円
小計 173,600円

・ワンピースカード
受け継がれる意志 BOX
10箱
単価 12,000円
小計 120,000円

・ワンピースカード
Heroines Edition BOX
2箱
単価 8,200円
小計 16,400円

・ポケモンカード
メガドリームex BOX
7箱
単価 10,400円
小計 72,800円

減額項目：
・該当なし

合計：382,800円
減額合計：-0円
最終買取金額：382,800円

※20箱以上の分量のため、送料は弊社負担（着払い）でお送りください。

【注意事項】
こちらのお見積もりを印刷して商品に同梱してください。
同梱がない場合には査定が遅れる場合がございます。
ご確認のほど、よろしくお願いいたします。
"
User,たむら,2026/01/16,16:35:44,"フォーム送信させていただきました
確認ですが同梱するものは、商品、身分証コピー、LINE見積り　で良いでしょうか？"
Account,内藤夏樹,2026/01/16,16:58:52,はい、間違いないです
User,たむら,2026/01/16,17:08:19,"ヤマト運輸着払い
498070787314
1/17午前着指定"
Account,内藤夏樹,2026/01/16,17:08:28,ありがとうございました。
User,たむら,2026/01/18,17:49:21,"お世話になります
メガドリーム　30BOX"
User,たむら,2026/01/18,18:10:20,発送締めの時間が近いので、早めの返信いただけたらと思います
Account,内藤夏樹,2026/01/18,19:07:16,"毎々、お世話になっております。
お申込み多数につき一旦〆切となりました🙇🏻‍♂️"
User,たむら,2026/01/22,17:43:59,"お世話になります

受け継がれる意志　　10   13,800
ヒロインズエディション　4  9,800
王族の血統  9   5,100
師弟の絆　14   5,500
アニメ25thコレクション　1  9,900
メガブレイブ　5   9,500
メガシンフォニア　5  8,500
インフェルノX 5  12,200
テラスタルフェスシュリなし　3  12,600"
Account,内藤夏樹,2026/01/22,18:24:24,"毎々、お世話になっております。
ご連絡有難うございます。

本日は〆切としましたため、また明日よろしくお願い申し上げます。"
User,たむら,2026/01/23,14:03:59,"昨日の内容でお願いします
"
Account,内藤夏樹,2026/01/23,14:06:39,"承知しました。
価格は本日のものに変更します。"
User,たむら,2026/01/23,14:06:57,はい
Account,内藤夏樹,2026/01/23,14:07:29,"買取見積書 -

・ワンピースカード 受け継がれる意志 BOX 10箱 単価 13,700円 小計 137,000円

・ワンピースカード Heroines Edition BOX 4箱 単価 9,900円 小計 39,600円

・ワンピースカード 王族の血統 BOX 9箱 単価 4,800円 小計 43,200円

・ワンピースカード 師弟の絆 BOX 14箱 単価 5,200円 小計 72,800円

・ワンピースカード Anime 25th collection BOX 1箱 単価 9,900円 小計 9,900円

・ポケモンカード メガブレイブ BOX 5箱 単価 10,200円 小計 51,000円

・ポケモンカード メガシンフォニア BOX 5箱 単価 8,600円 小計 43,000円

・ポケモンカード インフェルノX BOX 5箱 単価 12,200円 小計 61,000円

・ポケモンカード テラスタルフェスex（シュリンクなし） BOX 3箱 単価 12,200円 小計 36,600円

減額項目： ・該当なし

合計：494,100円 減額合計：-0円 最終買取金額：494,100円

※20点以上の分量のため、送料は弊社負担（着払い）でお送りください。

【注意事項】 こちらのお見積もりを印刷して商品に同梱してください。 同梱がない場合には査定が遅れる場合がございます。 ご確認のほど、よろしくお願いいたします。"
User,たむら,2026/01/23,18:14:05,"ヤマト運輸着払い498082953185
1/24午前着指定"
Account,内藤夏樹,2026/01/23,18:20:06,ありがとうございました。
Account,内藤夏樹,2026/01/24,13:46:47,"・ワンピースカード　受け継がれる意志　10箱　単価13,700円　小計137,000円
・ワンピースカード　Heroines Edition　4箱　単価9,900円　小計39,600円
・ワンピースカード　王族の血統　9箱　単価4,800円　小計43,200円
・ワンピースカード　師弟の絆　14箱　単価5,200円　小計72,800円
・ワンピースカード　Anime 25th collection　1箱　単価9,900円　小計9,900円
・ポケモンカード　メガブレイブ　5箱　単価10,200円　小計51,000円
・ポケモンカード　メガシンフォニア　5箱　単価8,600円　小計43,000円
・ポケモンカード　インフェルノX　5箱　単価12,200円　小計61,000円
・ポケモンカード　テラスタルフェスex（シュリンク無し）　3箱　単価12,200円　小計36,600円

減額項目：
・受け継がれる意志：-1,000円 × 1点 = -1,000円
・受け継がれる意志：-500円 × 2点 = -1,000円
・Anime 25th collection：-1,000円 × 1点 = -1,000円
合計箱数：56箱
合計：494,100円
減額合計：3,000円
最終買取金額：491,100円"
Account,内藤夏樹,2026/01/24,13:47:08,写真を送信しました。
Account,内藤夏樹,2026/01/24,13:47:08,写真を送信しました。
Account,内藤夏樹,2026/01/24,13:47:08,写真を送信しました。
User,たむら,2026/01/24,13:57:41,確認しました　その内容でお願いします
User,たむら,2026/02/03,16:19:07,"お世話になります

メガドリーム　15   

メガドリームシュリなし　2  

ムニキスゼロ　6    

メガブレイブ　3  

メガシンフォニア　10  

テラスタルフェスシュリなし　1  

蒼海の七傑　5   

エッグヘッドクライシス　3  

アニメ25コレクション　1  "
Account,内藤夏樹,2026/02/03,16:45:18,毎々、お世話になっております。
Account,内藤夏樹,2026/02/03,16:46:00,"毎々、お世話になっております。御見積書を送付いたします。
	∙	買取見積書 -
・ポケモンカード　メガドリームex15箱　単価9,900円　小計148,500円
・ポケモンカード　メガドリームex（シュリンク無し）2箱　単価8,500円　小計17,000円
・ポケモンカード　ムニキスゼロ6箱　単価7,200円　小計43,200円
・ポケモンカード　メガブレイブ3箱　単価9,400円　小計28,200円
・ポケモンカード　メガシンフォニア10箱　単価8,600円　小計86,000円
・ポケモンカード　テラスタルフェスex（シュリンク無し）1箱　単価13,100円　小計13,100円
・ワンピースカード　蒼海の七傑5箱　単価6,900円　小計34,500円
・ワンピースカード　EGGHEAD CRISIS3箱　単価9,500円　小計28,500円
・ワンピースカード　Anime 25th collection1箱　単価12,200円　小計12,200円
合計箱数：46箱合計：411,200円減額合計：0円最終買取金額：411,200円
【注意事項】
	∙	この見積もりを印刷して商品に同梱してください。
	∙	1枚の印刷が難しい場合は、スクリーンショットの分割でも可能です。
	∙	同梱がない場合、査定が遅れることがあります。
	∙	同梱物などの詳細は、メニューの「ご利用方法」を確認してください。
	∙	メニューから申請と発送を行い、発送後は必ず追跡番号を連絡してください。
ご確認のほど、よろしくお願いいたします。​​​​​​​​​​​​​​​​"
User,たむら,2026/02/03,17:10:17,着払いで良いんでしょうか？
Account,内藤夏樹,2026/02/03,17:15:50,大丈夫です😊
User,たむら,2026/02/03,17:17:26,"ヤマト運輸
498082953196
2/4 午前着指定"
Account,内藤夏樹,2026/02/03,17:19:31,ありがとうございました。
Account,内藤夏樹,2026/02/04,17:33:51,"OP-12
が2箱入っておりました。

いずれも損傷があるため、5000円で引取り可能です。
ご指示いただければ幸いです。
"
Account,内藤夏樹,2026/02/04,17:40:25,"📋 買取査定結果
この度は買取査定のご依頼をいただき、誠にありがとうございます。
査定結果をお知らせいたします。

【査定明細】
■ ポケモンカード
・メガドリームex：15箱 × 9,900円 = 148,500円
・メガドリームex(シュリンク無し)：2箱 × 8,500円 = 17,000円
・ムニキスゼロ：6箱 × 7,200円 = 43,200円
・メガブレイブ：3箱 × 9,400円 = 28,200円
・メガシンフォニア：10箱 × 8,600円 = 86,000円
・テラスタルフェスex(シュリンク無し)：1箱 × 13,100円 = 13,100円
■ ワンピースカード
・蒼海の七傑：5箱 × 6,900円 = 34,500円
・EGGHEAD CRISIS：3箱 × 9,500円 = 28,500円
・Anime 25th collection：1箱 × 12,200円 = 12,200円
・OP-12：2箱 × 5,000円 = 10,000円
小計：421,200円

【減額内容】
減額なし
減額合計：0円

💰 最終買取金額：421,200円
合計箱数：48箱"
User,たむら,2026/02/04,18:19:37,"お世話になります
すいません、OP12は買取停止中だったのに梱包から抜くのを忘れてました　気をつけます　
この内容でお願いします"
Account,内藤夏樹,2026/02/04,18:29:06,"有難うございます。
お振込みします🙇🏻‍♂️"
Account,内藤夏樹,2026/02/05,17:17:31,"いつも当店をご利用いただき、誠にありがとうございます。

お預かりしておりましたお品物の検品が完了いたしましたので、ご指定の口座へお振り込みの手続きをさせていただきました。 併せてご確認いただけますと幸いです。

この度はご利用いただき、重ねて御礼申し上げます。 またの機会がございましたら、ぜひお手伝いをさせていただけますと幸いです。

もしよろしければ、X（旧Twitter）にてご利用の感想や口コミを投稿していただけますと、スタッフ一同大変励みになります。

なお、万が一サービス内容にご満足いただけなかった点や、お気づきの点がございましたら、誠意を持って対応させていただきます。 大変お手数ですが、投稿の前に一度ダイレクトメッセージ等でご連絡いただけますと助かります。

今後ともよろしくお願い申し上げます。"
